DIA_SEMANA,LABORAL,FIN_DE_SEMANA,FESTIVO,PORCENTAJE_USO,NUMERO_CONEXIONES,USAGE_KB,DIA_SEMANA_lag_1,DIA_SEMANA_lag_2,DIA_SEMANA_lag_3,DIA_SEMANA_lag_4,DIA_SEMANA_lag_5,DIA_SEMANA_lag_6,DIA_SEMANA_lag_7,DIA_SEMANA_lag_8,DIA_SEMANA_lag_9,DIA_SEMANA_lag_10,LABORAL_lag_1,LABORAL_lag_2,LABORAL_lag_3,LABORAL_lag_4,LABORAL_lag_5,LABORAL_lag_6,LABORAL_lag_7,LABORAL_lag_8,LABORAL_lag_9,LABORAL_lag_10,FIN_DE_SEMANA_lag_1,FIN_DE_SEMANA_lag_2,FIN_DE_SEMANA_lag_3,FIN_DE_SEMANA_lag_4,FIN_DE_SEMANA_lag_5,FIN_DE_SEMANA_lag_6,FIN_DE_SEMANA_lag_7,FIN_DE_SEMANA_lag_8,FIN_DE_SEMANA_lag_9,FIN_DE_SEMANA_lag_10,FESTIVO_lag_1,FESTIVO_lag_2,FESTIVO_lag_3,FESTIVO_lag_4,FESTIVO_lag_5,FESTIVO_lag_6,FESTIVO_lag_7,FESTIVO_lag_8,FESTIVO_lag_9,FESTIVO_lag_10,PORCENTAJE_USO_lag_1,PORCENTAJE_USO_lag_2,PORCENTAJE_USO_lag_3,PORCENTAJE_USO_lag_4,PORCENTAJE_USO_lag_5,PORCENTAJE_USO_lag_6,PORCENTAJE_USO_lag_7,PORCENTAJE_USO_lag_8,PORCENTAJE_USO_lag_9,PORCENTAJE_USO_lag_10,NUMERO_CONEXIONES_lag_1,NUMERO_CONEXIONES_lag_2,NUMERO_CONEXIONES_lag_3,NUMERO_CONEXIONES_lag_4,NUMERO_CONEXIONES_lag_5,NUMERO_CONEXIONES_lag_6,NUMERO_CONEXIONES_lag_7,NUMERO_CONEXIONES_lag_8,NUMERO_CONEXIONES_lag_9,NUMERO_CONEXIONES_lag_10
0,0,0,1,135.44,23.0,898480.0,6,5,4,3,2,1,0,6,5,4,0,0,1,1,1,1,1,0,0,1,1,1,0,0,0,0,0,1,1,0,0,0,0,0,0,0,0,0,0,0,3.02,0.4,0.68,7.49,63.88,231.16,91.02,201.85,422.21,71.8,32.0,22.0,25.0,83.0,39.0,28.0,27.0,27.0,29.0,30.0
1,1,0,0,202.3,41.0,1477191.0,0,6,5,4,3,2,1,0,6,5,0,0,0,1,1,1,1,1,0,0,0,1,1,0,0,0,0,0,1,1,1,0,0,0,0,0,0,0,0,0,135.44,3.02,0.4,0.68,7.49,63.88,231.16,91.02,201.85,422.21,23.0,32.0,22.0,25.0,83.0,39.0,28.0,27.0,27.0,29.0
2,1,0,0,129.03,24.0,807913.0,1,0,6,5,4,3,2,1,0,6,1,0,0,0,1,1,1,1,1,0,0,0,1,1,0,0,0,0,0,1,0,1,0,0,0,0,0,0,0,0,202.3,135.44,3.02,0.4,0.68,7.49,63.88,231.16,91.02,201.85,41.0,23.0,32.0,22.0,25.0,83.0,39.0,28.0,27.0,27.0
3,1,0,0,84.71,42.0,753380.0,2,1,0,6,5,4,3,2,1,0,1,1,0,0,0,1,1,1,1,1,0,0,0,1,1,0,0,0,0,0,0,0,1,0,0,0,0,0,0,0,129.03,202.3,135.44,3.02,0.4,0.68,7.49,63.88,231.16,91.02,24.0,41.0,23.0,32.0,22.0,25.0,83.0,39.0,28.0,27.0
4,1,0,0,873.93,116.0,10807434.0,3,2,1,0,6,5,4,3,2,1,1,1,1,0,0,0,1,1,1,1,0,0,0,0,1,1,0,0,0,0,0,0,0,1,0,0,0,0,0,0,84.71,129.03,202.3,135.44,3.02,0.4,0.68,7.49,63.88,231.16,42.0,24.0,41.0,23.0,32.0,22.0,25.0,83.0,39.0,28.0
5,0,1,0,297.89,58.0,4960183.0,4,3,2,1,0,6,5,4,3,2,1,1,1,1,0,0,0,1,1,1,0,0,0,0,0,1,1,0,0,0,0,0,0,0,1,0,0,0,0,0,873.93,84.71,129.03,202.3,135.44,3.02,0.4,0.68,7.49,63.88,116.0,42.0,24.0,41.0,23.0,32.0,22.0,25.0,83.0,39.0
6,0,1,0,157.6,70.0,3053015.0,5,4,3,2,1,0,6,5,4,3,0,1,1,1,1,0,0,0,1,1,1,0,0,0,0,0,1,1,0,0,0,0,0,0,0,1,0,0,0,0,297.89,873.93,84.71,129.03,202.3,135.44,3.02,0.4,0.68,7.49,58.0,116.0,42.0,24.0,41.0,23.0,32.0,22.0,25.0,83.0
0,0,0,1,264.77,39.0,4649889.0,6,5,4,3,2,1,0,6,5,4,0,0,1,1,1,1,0,0,0,1,1,1,0,0,0,0,0,1,1,0,0,0,0,0,0,0,1,0,0,0,157.6,297.89,873.93,84.71,129.03,202.3,135.44,3.02,0.4,0.68,70.0,58.0,116.0,42.0,24.0,41.0,23.0,32.0,22.0,25.0
1,1,0,0,899.03,39.0,17184746.0,0,6,5,4,3,2,1,0,6,5,0,0,0,1,1,1,1,0,0,0,0,1,1,0,0,0,0,0,1,1,1,0,0,0,0,0,0,1,0,0,264.77,157.6,297.89,873.93,84.71,129.03,202.3,135.44,3.02,0.4,39.0,70.0,58.0,116.0,42.0,24.0,41.0,23.0,32.0,22.0
2,1,0,0,101.92,49.0,1651187.0,1,0,6,5,4,3,2,1,0,6,1,0,0,0,1,1,1,1,0,0,0,0,1,1,0,0,0,0,0,1,0,1,0,0,0,0,0,0,1,0,899.03,264.77,157.6,297.89,873.93,84.71,129.03,202.3,135.44,3.02,39.0,39.0,70.0,58.0,116.0,42.0,24.0,41.0,23.0,32.0
3,1,0,0,211.77,48.0,4065461.0,2,1,0,6,5,4,3,2,1,0,1,1,0,0,0,1,1,1,1,0,0,0,0,1,1,0,0,0,0,0,0,0,1,0,0,0,0,0,0,1,101.92,899.03,264.77,157.6,297.89,873.93,84.71,129.03,202.3,135.44,49.0,39.0,39.0,70.0,58.0,116.0,42.0,24.0,41.0,23.0
4,1,0,0,95.03,38.0,1731029.0,3,2,1,0,6,5,4,3,2,1,1,1,1,0,0,0,1,1,1,1,0,0,0,0,1,1,0,0,0,0,0,0,0,1,0,0,0,0,0,0,211.77,101.92,899.03,264.77,157.6,297.89,873.93,84.71,129.03,202.3,48.0,49.0,39.0,39.0,70.0,58.0,116.0,42.0,24.0,41.0
5,0,1,0,66.84,37.0,1230785.0,4,3,2,1,0,6,5,4,3,2,1,1,1,1,0,0,0,1,1,1,0,0,0,0,0,1,1,0,0,0,0,0,0,0,1,0,0,0,0,0,95.03,211.77,101.92,899.03,264.77,157.6,297.89,873.93,84.71,129.03,38.0,48.0,49.0,39.0,39.0,70.0,58.0,116.0,42.0,24.0
6,0,1,0,285.07,46.0,4897314.0,5,4,3,2,1,0,6,5,4,3,0,1,1,1,1,0,0,0,1,1,1,0,0,0,0,0,1,1,0,0,0,0,0,0,0,1,0,0,0,0,66.84,95.03,211.77,101.92,899.03,264.77,157.6,297.89,873.93,84.71,37.0,38.0,48.0,49.0,39.0,39.0,70.0,58.0,116.0,42.0
0,1,0,0,170.12,39.0,2734489.0,6,5,4,3,2,1,0,6,5,4,0,0,1,1,1,1,0,0,0,1,1,1,0,0,0,0,0,1,1,0,0,0,0,0,0,0,1,0,0,0,285.07,66.84,95.03,211.77,101.92,899.03,264.77,157.6,297.89,873.93,46.0,37.0,38.0,48.0,49.0,39.0,39.0,70.0,58.0,116.0
1,1,0,0,237.98,39.0,3802082.0,0,6,5,4,3,2,1,0,6,5,1,0,0,1,1,1,1,0,0,0,0,1,1,0,0,0,0,0,1,1,0,0,0,0,0,0,0,1,0,0,170.12,285.07,66.84,95.03,211.77,101.92,899.03,264.77,157.6,297.89,39.0,46.0,37.0,38.0,48.0,49.0,39.0,39.0,70.0,58.0
2,1,0,0,212.11,56.0,4047728.0,1,0,6,5,4,3,2,1,0,6,1,1,0,0,1,1,1,1,0,0,0,0,1,1,0,0,0,0,0,1,0,0,0,0,0,0,0,0,1,0,237.98,170.12,285.07,66.84,95.03,211.77,101.92,899.03,264.77,157.6,39.0,39.0,46.0,37.0,38.0,48.0,49.0,39.0,39.0,70.0
3,1,0,0,118.49,46.0,2139378.0,2,1,0,6,5,4,3,2,1,0,1,1,1,0,0,1,1,1,1,0,0,0,0,1,1,0,0,0,0,0,0,0,0,0,0,0,0,0,0,1,212.11,237.98,170.12,285.07,66.84,95.03,211.77,101.92,899.03,264.77,56.0,39.0,39.0,46.0,37.0,38.0,48.0,49.0,39.0,39.0
4,1,0,0,124.98,46.0,2523139.0,3,2,1,0,6,5,4,3,2,1,1,1,1,1,0,0,1,1,1,1,0,0,0,0,1,1,0,0,0,0,0,0,0,0,0,0,0,0,0,0,118.49,212.11,237.98,170.12,285.07,66.84,95.03,211.77,101.92,899.03,46.0,56.0,39.0,39.0,46.0,37.0,38.0,48.0,49.0,39.0
5,0,1,0,209.7,44.0,4018821.0,4,3,2,1,0,6,5,4,3,2,1,1,1,1,1,0,0,1,1,1,0,0,0,0,0,1,1,0,0,0,0,0,0,0,0,0,0,0,0,0,124.98,118.49,212.11,237.98,170.12,285.07,66.84,95.03,211.77,101.92,46.0,46.0,56.0,39.0,39.0,46.0,37.0,38.0,48.0,49.0
6,0,1,0,186.07,49.0,1377625.0,5,4,3,2,1,0,6,5,4,3,0,1,1,1,1,1,0,0,1,1,1,0,0,0,0,0,1,1,0,0,0,0,0,0,0,0,0,0,0,0,209.7,124.98,118.49,212.11,237.98,170.12,285.07,66.84,95.03,211.77,44.0,46.0,46.0,56.0,39.0,39.0,46.0,37.0,38.0,48.0
0,1,0,0,14.87,14.0,61144.0,6,5,4,3,2,1,0,6,5,4,0,0,1,1,1,1,1,0,0,1,1,1,0,0,0,0,0,1,1,0,0,0,0,0,0,0,0,0,0,0,186.07,209.7,124.98,118.49,212.11,237.98,170.12,285.07,66.84,95.03,49.0,44.0,46.0,46.0,56.0,39.0,39.0,46.0,37.0,38.0
1,1,0,0,8.01,17.0,63072.0,0,6,5,4,3,2,1,0,6,5,1,0,0,1,1,1,1,1,0,0,0,1,1,0,0,0,0,0,1,1,0,0,0,0,0,0,0,0,0,0,14.87,186.07,209.7,124.98,118.49,212.11,237.98,170.12,285.07,66.84,14.0,49.0,44.0,46.0,46.0,56.0,39.0,39.0,46.0,37.0
2,1,0,0,553.45,52.0,10748381.0,1,0,6,5,4,3,2,1,0,6,1,1,0,0,1,1,1,1,1,0,0,0,1,1,0,0,0,0,0,1,0,0,0,0,0,0,0,0,0,0,8.01,14.87,186.07,209.7,124.98,118.49,212.11,237.98,170.12,285.07,17.0,14.0,49.0,44.0,46.0,46.0,56.0,39.0,39.0,46.0
3,1,0,0,46.74,46.0,984027.0,2,1,0,6,5,4,3,2,1,0,1,1,1,0,0,1,1,1,1,1,0,0,0,1,1,0,0,0,0,0,0,0,0,0,0,0,0,0,0,0,553.45,8.01,14.87,186.07,209.7,124.98,118.49,212.11,237.98,170.12,52.0,17.0,14.0,49.0,44.0,46.0,46.0,56.0,39.0,39.0
4,1,0,0,157.84,47.0,3507860.0,3,2,1,0,6,5,4,3,2,1,1,1,1,1,0,0,1,1,1,1,0,0,0,0,1,1,0,0,0,0,0,0,0,0,0,0,0,0,0,0,46.74,553.45,8.01,14.87,186.07,209.7,124.98,118.49,212.11,237.98,46.0,52.0,17.0,14.0,49.0,44.0,46.0,46.0,56.0,39.0
5,0,1,0,155.24,56.0,3538352.0,4,3,2,1,0,6,5,4,3,2,1,1,1,1,1,0,0,1,1,1,0,0,0,0,0,1,1,0,0,0,0,0,0,0,0,0,0,0,0,0,157.84,46.74,553.45,8.01,14.87,186.07,209.7,124.98,118.49,212.11,47.0,46.0,52.0,17.0,14.0,49.0,44.0,46.0,46.0,56.0
6,0,1,0,50.47,57.0,1219780.0,5,4,3,2,1,0,6,5,4,3,0,1,1,1,1,1,0,0,1,1,1,0,0,0,0,0,1,1,0,0,0,0,0,0,0,0,0,0,0,0,155.24,157.84,46.74,553.45,8.01,14.87,186.07,209.7,124.98,118.49,56.0,47.0,46.0,52.0,17.0,14.0,49.0,44.0,46.0,46.0
0,1,0,0,22.51,35.0,469591.0,6,5,4,3,2,1,0,6,5,4,0,0,1,1,1,1,1,0,0,1,1,1,0,0,0,0,0,1,1,0,0,0,0,0,0,0,0,0,0,0,50.47,155.24,157.84,46.74,553.45,8.01,14.87,186.07,209.7,124.98,57.0,56.0,47.0,46.0,52.0,17.0,14.0,49.0,44.0,46.0
1,1,0,0,77.62,51.0,1449267.0,0,6,5,4,3,2,1,0,6,5,1,0,0,1,1,1,1,1,0,0,0,1,1,0,0,0,0,0,1,1,0,0,0,0,0,0,0,0,0,0,22.51,50.47,155.24,157.84,46.74,553.45,8.01,14.87,186.07,209.7,35.0,57.0,56.0,47.0,46.0,52.0,17.0,14.0,49.0,44.0
2,1,0,0,129.1,54.0,2981819.0,1,0,6,5,4,3,2,1,0,6,1,1,0,0,1,1,1,1,1,0,0,0,1,1,0,0,0,0,0,1,0,0,0,0,0,0,0,0,0,0,77.62,22.51,50.47,155.24,157.84,46.74,553.45,8.01,14.87,186.07,51.0,35.0,57.0,56.0,47.0,46.0,52.0,17.0,14.0,49.0
3,1,0,0,51.64,64.0,1184809.0,2,1,0,6,5,4,3,2,1,0,1,1,1,0,0,1,1,1,1,1,0,0,0,1,1,0,0,0,0,0,0,0,0,0,0,0,0,0,0,0,129.1,77.62,22.51,50.47,155.24,157.84,46.74,553.45,8.01,14.87,54.0,51.0,35.0,57.0,56.0,47.0,46.0,52.0,17.0,14.0
4,1,0,0,65.67,35.0,1476492.0,3,2,1,0,6,5,4,3,2,1,1,1,1,1,0,0,1,1,1,1,0,0,0,0,1,1,0,0,0,0,0,0,0,0,0,0,0,0,0,0,51.64,129.1,77.62,22.51,50.47,155.24,157.84,46.74,553.45,8.01,64.0,54.0,51.0,35.0,57.0,56.0,47.0,46.0,52.0,17.0
5,0,1,0,37.64,42.0,772259.0,4,3,2,1,0,6,5,4,3,2,1,1,1,1,1,0,0,1,1,1,0,0,0,0,0,1,1,0,0,0,0,0,0,0,0,0,0,0,0,0,65.67,51.64,129.1,77.62,22.51,50.47,155.24,157.84,46.74,553.45,35.0,64.0,54.0,51.0,35.0,57.0,56.0,47.0,46.0,52.0
6,0,0,1,114.77,55.0,3047902.0,5,4,3,2,1,0,6,5,4,3,0,1,1,1,1,1,0,0,1,1,1,0,0,0,0,0,1,1,0,0,0,0,0,0,0,0,0,0,0,0,37.64,65.67,51.64,129.1,77.62,22.51,50.47,155.24,157.84,46.74,42.0,35.0,64.0,54.0,51.0,35.0,57.0,56.0,47.0,46.0
0,1,0,0,86.77,41.0,2340259.0,6,5,4,3,2,1,0,6,5,4,0,0,1,1,1,1,1,0,0,1,0,1,0,0,0,0,0,1,1,0,1,0,0,0,0,0,0,0,0,0,114.77,37.64,65.67,51.64,129.1,77.62,22.51,50.47,155.24,157.84,55.0,42.0,35.0,64.0,54.0,51.0,35.0,57.0,56.0,47.0
1,1,0,0,34.09,42.0,1032390.0,0,6,5,4,3,2,1,0,6,5,1,0,0,1,1,1,1,1,0,0,0,0,1,0,0,0,0,0,1,1,0,1,0,0,0,0,0,0,0,0,86.77,114.77,37.64,65.67,51.64,129.1,77.62,22.51,50.47,155.24,41.0,55.0,42.0,35.0,64.0,54.0,51.0,35.0,57.0,56.0
2,1,0,0,253.41,54.0,7640939.0,1,0,6,5,4,3,2,1,0,6,1,1,0,0,1,1,1,1,1,0,0,0,0,1,0,0,0,0,0,1,0,0,1,0,0,0,0,0,0,0,34.09,86.77,114.77,37.64,65.67,51.64,129.1,77.62,22.51,50.47,42.0,41.0,55.0,42.0,35.0,64.0,54.0,51.0,35.0,57.0
3,1,0,0,49.31,54.0,1692169.0,2,1,0,6,5,4,3,2,1,0,1,1,1,0,0,1,1,1,1,1,0,0,0,0,1,0,0,0,0,0,0,0,0,1,0,0,0,0,0,0,253.41,34.09,86.77,114.77,37.64,65.67,51.64,129.1,77.62,22.51,54.0,42.0,41.0,55.0,42.0,35.0,64.0,54.0,51.0,35.0
4,1,0,0,50.2,54.0,1703211.0,3,2,1,0,6,5,4,3,2,1,1,1,1,1,0,0,1,1,1,1,0,0,0,0,0,1,0,0,0,0,0,0,0,0,1,0,0,0,0,0,49.31,253.41,34.09,86.77,114.77,37.64,65.67,51.64,129.1,77.62,54.0,54.0,42.0,41.0,55.0,42.0,35.0,64.0,54.0,51.0
5,0,1,0,64.18,44.0,1949498.0,4,3,2,1,0,6,5,4,3,2,1,1,1,1,1,0,0,1,1,1,0,0,0,0,0,0,1,0,0,0,0,0,0,0,0,1,0,0,0,0,50.2,49.31,253.41,34.09,86.77,114.77,37.64,65.67,51.64,129.1,54.0,54.0,54.0,42.0,41.0,55.0,42.0,35.0,64.0,54.0
6,0,1,0,44.27,59.0,1311434.0,5,4,3,2,1,0,6,5,4,3,0,1,1,1,1,1,0,0,1,1,1,0,0,0,0,0,0,1,0,0,0,0,0,0,0,0,1,0,0,0,64.18,50.2,49.31,253.41,34.09,86.77,114.77,37.64,65.67,51.64,44.0,54.0,54.0,54.0,42.0,41.0,55.0,42.0,35.0,64.0
0,1,0,0,78.02,68.0,2594572.0,6,5,4,3,2,1,0,6,5,4,0,0,1,1,1,1,1,0,0,1,1,1,0,0,0,0,0,0,1,0,0,0,0,0,0,0,0,1,0,0,44.27,64.18,50.2,49.31,253.41,34.09,86.77,114.77,37.64,65.67,59.0,44.0,54.0,54.0,54.0,42.0,41.0,55.0,42.0,35.0
1,1,0,0,103.0,53.0,3154077.0,0,6,5,4,3,2,1,0,6,5,1,0,0,1,1,1,1,1,0,0,0,1,1,0,0,0,0,0,0,1,0,0,0,0,0,0,0,0,1,0,78.02,44.27,64.18,50.2,49.31,253.41,34.09,86.77,114.77,37.64,68.0,59.0,44.0,54.0,54.0,54.0,42.0,41.0,55.0,42.0
2,1,0,0,80.4,55.0,2536827.0,1,0,6,5,4,3,2,1,0,6,1,1,0,0,1,1,1,1,1,0,0,0,1,1,0,0,0,0,0,0,0,0,0,0,0,0,0,0,0,1,103.0,78.02,44.27,64.18,50.2,49.31,253.41,34.09,86.77,114.77,53.0,68.0,59.0,44.0,54.0,54.0,54.0,42.0,41.0,55.0
3,1,0,0,106.0,37.0,3019167.0,2,1,0,6,5,4,3,2,1,0,1,1,1,0,0,1,1,1,1,1,0,0,0,1,1,0,0,0,0,0,0,0,0,0,0,0,0,0,0,0,80.4,103.0,78.02,44.27,64.18,50.2,49.31,253.41,34.09,86.77,55.0,53.0,68.0,59.0,44.0,54.0,54.0,54.0,42.0,41.0
4,1,0,0,62.2,48.0,1888384.0,3,2,1,0,6,5,4,3,2,1,1,1,1,1,0,0,1,1,1,1,0,0,0,0,1,1,0,0,0,0,0,0,0,0,0,0,0,0,0,0,106.0,80.4,103.0,78.02,44.27,64.18,50.2,49.31,253.41,34.09,37.0,55.0,53.0,68.0,59.0,44.0,54.0,54.0,54.0,42.0
5,0,1,0,123.0,53.0,3195941.0,4,3,2,1,0,6,5,4,3,2,1,1,1,1,1,0,0,1,1,1,0,0,0,0,0,1,1,0,0,0,0,0,0,0,0,0,0,0,0,0,62.2,106.0,80.4,103.0,78.02,44.27,64.18,50.2,49.31,253.41,48.0,37.0,55.0,53.0,68.0,59.0,44.0,54.0,54.0,54.0
6,0,1,0,73.0,40.0,2337421.0,5,4,3,2,1,0,6,5,4,3,0,1,1,1,1,1,0,0,1,1,1,0,0,0,0,0,1,1,0,0,0,0,0,0,0,0,0,0,0,0,123.0,62.2,106.0,80.4,103.0,78.02,44.27,64.18,50.2,49.31,53.0,48.0,37.0,55.0,53.0,68.0,59.0,44.0,54.0,54.0
0,1,0,0,65.5,38.0,1641868.0,6,5,4,3,2,1,0,6,5,4,0,0,1,1,1,1,1,0,0,1,1,1,0,0,0,0,0,1,1,0,0,0,0,0,0,0,0,0,0,0,73.0,123.0,62.2,106.0,80.4,103.0,78.02,44.27,64.18,50.2,40.0,53.0,48.0,37.0,55.0,53.0,68.0,59.0,44.0,54.0
1,1,0,0,101.0,34.0,2403559.0,0,6,5,4,3,2,1,0,6,5,1,0,0,1,1,1,1,1,0,0,0,1,1,0,0,0,0,0,1,1,0,0,0,0,0,0,0,0,0,0,65.5,73.0,123.0,62.2,106.0,80.4,103.0,78.02,44.27,64.18,38.0,40.0,53.0,48.0,37.0,55.0,53.0,68.0,59.0,44.0
2,0,0,1,132.0,52.0,3728371.0,1,0,6,5,4,3,2,1,0,6,1,1,0,0,1,1,1,1,1,0,0,0,1,1,0,0,0,0,0,1,0,0,0,0,0,0,0,0,0,0,101.0,65.5,73.0,123.0,62.2,106.0,80.4,103.0,78.02,44.27,34.0,38.0,40.0,53.0,48.0,37.0,55.0,53.0,68.0,59.0
3,1,0,0,163.0,33.0,4466124.0,2,1,0,6,5,4,3,2,1,0,0,1,1,0,0,1,1,1,1,1,0,0,0,1,1,0,0,0,0,0,1,0,0,0,0,0,0,0,0,0,132.0,101.0,65.5,73.0,123.0,62.2,106.0,80.4,103.0,78.02,52.0,34.0,38.0,40.0,53.0,48.0,37.0,55.0,53.0,68.0
4,1,0,0,42.6,41.0,1388990.0,3,2,1,0,6,5,4,3,2,1,1,0,1,1,0,0,1,1,1,1,0,0,0,0,1,1,0,0,0,0,0,1,0,0,0,0,0,0,0,0,163.0,132.0,101.0,65.5,73.0,123.0,62.2,106.0,80.4,103.0,33.0,52.0,34.0,38.0,40.0,53.0,48.0,37.0,55.0,53.0
5,0,1,0,143.0,35.0,3366538.0,4,3,2,1,0,6,5,4,3,2,1,1,0,1,1,0,0,1,1,1,0,0,0,0,0,1,1,0,0,0,0,0,1,0,0,0,0,0,0,0,42.6,163.0,132.0,101.0,65.5,73.0,123.0,62.2,106.0,80.4,41.0,33.0,52.0,34.0,38.0,40.0,53.0,48.0,37.0,55.0
6,0,1,0,82.4,49.0,2663563.0,5,4,3,2,1,0,6,5,4,3,0,1,1,0,1,1,0,0,1,1,1,0,0,0,0,0,1,1,0,0,0,0,0,1,0,0,0,0,0,0,143.0,42.6,163.0,132.0,101.0,65.5,73.0,123.0,62.2,106.0,35.0,41.0,33.0,52.0,34.0,38.0,40.0,53.0,48.0,37.0
0,1,0,0,56.6,31.0,1384185.0,6,5,4,3,2,1,0,6,5,4,0,0,1,1,0,1,1,0,0,1,1,1,0,0,0,0,0,1,1,0,0,0,0,0,1,0,0,0,0,0,82.4,143.0,42.6,163.0,132.0,101.0,65.5,73.0,123.0,62.2,49.0,35.0,41.0,33.0,52.0,34.0,38.0,40.0,53.0,48.0
1,1,0,0,90.9,32.0,1687737.0,0,6,5,4,3,2,1,0,6,5,1,0,0,1,1,0,1,1,0,0,0,1,1,0,0,0,0,0,1,1,0,0,0,0,0,1,0,0,0,0,56.6,82.4,143.0,42.6,163.0,132.0,101.0,65.5,73.0,123.0,31.0,49.0,35.0,41.0,33.0,52.0,34.0,38.0,40.0,53.0
2,0,0,1,40.0,36.0,591855.0,1,0,6,5,4,3,2,1,0,6,1,1,0,0,1,1,0,1,1,0,0,0,1,1,0,0,0,0,0,1,0,0,0,0,0,0,1,0,0,0,90.9,56.6,82.4,143.0,42.6,163.0,132.0,101.0,65.5,73.0,32.0,31.0,49.0,35.0,41.0,33.0,52.0,34.0,38.0,40.0
3,1,0,0,117.0,38.0,3254907.0,2,1,0,6,5,4,3,2,1,0,0,1,1,0,0,1,1,0,1,1,0,0,0,1,1,0,0,0,0,0,1,0,0,0,0,0,0,1,0,0,40.0,90.9,56.6,82.4,143.0,42.6,163.0,132.0,101.0,65.5,36.0,32.0,31.0,49.0,35.0,41.0,33.0,52.0,34.0,38.0
4,1,0,0,80.0,32.0,2129342.0,3,2,1,0,6,5,4,3,2,1,1,0,1,1,0,0,1,1,0,1,0,0,0,0,1,1,0,0,0,0,0,1,0,0,0,0,0,0,1,0,117.0,40.0,90.9,56.6,82.4,143.0,42.6,163.0,132.0,101.0,38.0,36.0,32.0,31.0,49.0,35.0,41.0,33.0,52.0,34.0
5,0,1,0,79.0,44.0,2130815.0,4,3,2,1,0,6,5,4,3,2,1,1,0,1,1,0,0,1,1,0,0,0,0,0,0,1,1,0,0,0,0,0,1,0,0,0,0,0,0,1,80.0,117.0,40.0,90.9,56.6,82.4,143.0,42.6,163.0,132.0,32.0,38.0,36.0,32.0,31.0,49.0,35.0,41.0,33.0,52.0
6,0,1,0,740.0,32.0,24218585.0,5,4,3,2,1,0,6,5,4,3,0,1,1,0,1,1,0,0,1,1,1,0,0,0,0,0,1,1,0,0,0,0,0,1,0,0,0,0,0,0,79.0,80.0,117.0,40.0,90.9,56.6,82.4,143.0,42.6,163.0,44.0,32.0,38.0,36.0,32.0,31.0,49.0,35.0,41.0,33.0
0,0,0,1,152.0,47.0,5669925.0,6,5,4,3,2,1,0,6,5,4,0,0,1,1,0,1,1,0,0,1,1,1,0,0,0,0,0,1,1,0,0,0,0,0,1,0,0,0,0,0,740.0,79.0,80.0,117.0,40.0,90.9,56.6,82.4,143.0,42.6,32.0,44.0,32.0,38.0,36.0,32.0,31.0,49.0,35.0,41.0
1,1,0,0,218.0,35.0,7221634.0,0,6,5,4,3,2,1,0,6,5,0,0,0,1,1,0,1,1,0,0,0,1,1,0,0,0,0,0,1,1,1,0,0,0,0,1,0,0,0,0,152.0,740.0,79.0,80.0,117.0,40.0,90.9,56.6,82.4,143.0,47.0,32.0,44.0,32.0,38.0,36.0,32.0,31.0,49.0,35.0
2,1,0,0,205.0,42.0,7071145.0,1,0,6,5,4,3,2,1,0,6,1,0,0,0,1,1,0,1,1,0,0,0,1,1,0,0,0,0,0,1,0,1,0,0,0,0,1,0,0,0,218.0,152.0,740.0,79.0,80.0,117.0,40.0,90.9,56.6,82.4,35.0,47.0,32.0,44.0,32.0,38.0,36.0,32.0,31.0,49.0
3,1,0,0,380.0,26.0,13233964.0,2,1,0,6,5,4,3,2,1,0,1,1,0,0,0,1,1,0,1,1,0,0,0,1,1,0,0,0,0,0,0,0,1,0,0,0,0,1,0,0,205.0,218.0,152.0,740.0,79.0,80.0,117.0,40.0,90.9,56.6,42.0,35.0,47.0,32.0,44.0,32.0,38.0,36.0,32.0,31.0
4,1,0,0,222.0,39.0,8038750.0,3,2,1,0,6,5,4,3,2,1,1,1,1,0,0,0,1,1,0,1,0,0,0,0,1,1,0,0,0,0,0,0,0,1,0,0,0,0,1,0,380.0,205.0,218.0,152.0,740.0,79.0,80.0,117.0,40.0,90.9,26.0,42.0,35.0,47.0,32.0,44.0,32.0,38.0,36.0,32.0
5,0,1,0,169.0,57.0,5779351.0,4,3,2,1,0,6,5,4,3,2,1,1,1,1,0,0,0,1,1,0,0,0,0,0,0,1,1,0,0,0,0,0,0,0,1,0,0,0,0,1,222.0,380.0,205.0,218.0,152.0,740.0,79.0,80.0,117.0,40.0,39.0,26.0,42.0,35.0,47.0,32.0,44.0,32.0,38.0,36.0
6,0,1,0,167.0,54.0,6266702.0,5,4,3,2,1,0,6,5,4,3,0,1,1,1,1,0,0,0,1,1,1,0,0,0,0,0,1,1,0,0,0,0,0,0,0,1,0,0,0,0,169.0,222.0,380.0,205.0,218.0,152.0,740.0,79.0,80.0,117.0,57.0,39.0,26.0,42.0,35.0,47.0,32.0,44.0,32.0,38.0
0,1,0,0,154.0,39.0,4632950.0,6,5,4,3,2,1,0,6,5,4,0,0,1,1,1,1,0,0,0,1,1,1,0,0,0,0,0,1,1,0,0,0,0,0,0,0,1,0,0,0,167.0,169.0,222.0,380.0,205.0,218.0,152.0,740.0,79.0,80.0,54.0,57.0,39.0,26.0,42.0,35.0,47.0,32.0,44.0,32.0
1,1,0,0,150.0,57.0,4536512.0,0,6,5,4,3,2,1,0,6,5,1,0,0,1,1,1,1,0,0,0,0,1,1,0,0,0,0,0,1,1,0,0,0,0,0,0,0,1,0,0,154.0,167.0,169.0,222.0,380.0,205.0,218.0,152.0,740.0,79.0,39.0,54.0,57.0,39.0,26.0,42.0,35.0,47.0,32.0,44.0
2,1,0,0,107.0,38.0,3085553.0,1,0,6,5,4,3,2,1,0,6,1,1,0,0,1,1,1,1,0,0,0,0,1,1,0,0,0,0,0,1,0,0,0,0,0,0,0,0,1,0,150.0,154.0,167.0,169.0,222.0,380.0,205.0,218.0,152.0,740.0,57.0,39.0,54.0,57.0,39.0,26.0,42.0,35.0,47.0,32.0
3,1,0,0,90.0,37.0,2815792.0,2,1,0,6,5,4,3,2,1,0,1,1,1,0,0,1,1,1,1,0,0,0,0,1,1,0,0,0,0,0,0,0,0,0,0,0,0,0,0,1,107.0,150.0,154.0,167.0,169.0,222.0,380.0,205.0,218.0,152.0,38.0,57.0,39.0,54.0,57.0,39.0,26.0,42.0,35.0,47.0
4,1,0,0,40.0,30.0,1224397.0,3,2,1,0,6,5,4,3,2,1,1,1,1,1,0,0,1,1,1,1,0,0,0,0,1,1,0,0,0,0,0,0,0,0,0,0,0,0,0,0,90.0,107.0,150.0,154.0,167.0,169.0,222.0,380.0,205.0,218.0,37.0,38.0,57.0,39.0,54.0,57.0,39.0,26.0,42.0,35.0
5,0,1,0,157.0,49.0,4770868.0,4,3,2,1,0,6,5,4,3,2,1,1,1,1,1,0,0,1,1,1,0,0,0,0,0,1,1,0,0,0,0,0,0,0,0,0,0,0,0,0,40.0,90.0,107.0,150.0,154.0,167.0,169.0,222.0,380.0,205.0,30.0,37.0,38.0,57.0,39.0,54.0,57.0,39.0,26.0,42.0
6,0,1,0,223.0,48.0,7224697.0,5,4,3,2,1,0,6,5,4,3,0,1,1,1,1,1,0,0,1,1,1,0,0,0,0,0,1,1,0,0,0,0,0,0,0,0,0,0,0,0,157.0,40.0,90.0,107.0,150.0,154.0,167.0,169.0,222.0,380.0,49.0,30.0,37.0,38.0,57.0,39.0,54.0,57.0,39.0,26.0
0,1,0,0,244.0,58.0,7867342.0,6,5,4,3,2,1,0,6,5,4,0,0,1,1,1,1,1,0,0,1,1,1,0,0,0,0,0,1,1,0,0,0,0,0,0,0,0,0,0,0,223.0,157.0,40.0,90.0,107.0,150.0,154.0,167.0,169.0,222.0,48.0,49.0,30.0,37.0,38.0,57.0,39.0,54.0,57.0,39.0
1,1,0,0,177.0,49.0,6361157.0,0,6,5,4,3,2,1,0,6,5,1,0,0,1,1,1,1,1,0,0,0,1,1,0,0,0,0,0,1,1,0,0,0,0,0,0,0,0,0,0,244.0,223.0,157.0,40.0,90.0,107.0,150.0,154.0,167.0,169.0,58.0,48.0,49.0,30.0,37.0,38.0,57.0,39.0,54.0,57.0
2,1,0,0,259.0,36.0,8683543.0,1,0,6,5,4,3,2,1,0,6,1,1,0,0,1,1,1,1,1,0,0,0,1,1,0,0,0,0,0,1,0,0,0,0,0,0,0,0,0,0,177.0,244.0,223.0,157.0,40.0,90.0,107.0,150.0,154.0,167.0,49.0,58.0,48.0,49.0,30.0,37.0,38.0,57.0,39.0,54.0
3,1,0,0,344.0,54.0,13769076.0,2,1,0,6,5,4,3,2,1,0,1,1,1,0,0,1,1,1,1,1,0,0,0,1,1,0,0,0,0,0,0,0,0,0,0,0,0,0,0,0,259.0,177.0,244.0,223.0,157.0,40.0,90.0,107.0,150.0,154.0,36.0,49.0,58.0,48.0,49.0,30.0,37.0,38.0,57.0,39.0
4,1,0,0,547.0,57.0,18220027.0,3,2,1,0,6,5,4,3,2,1,1,1,1,1,0,0,1,1,1,1,0,0,0,0,1,1,0,0,0,0,0,0,0,0,0,0,0,0,0,0,344.0,259.0,177.0,244.0,223.0,157.0,40.0,90.0,107.0,150.0,54.0,36.0,49.0,58.0,48.0,49.0,30.0,37.0,38.0,57.0
5,0,1,0,355.0,60.0,13177419.0,4,3,2,1,0,6,5,4,3,2,1,1,1,1,1,0,0,1,1,1,0,0,0,0,0,1,1,0,0,0,0,0,0,0,0,0,0,0,0,0,547.0,344.0,259.0,177.0,244.0,223.0,157.0,40.0,90.0,107.0,57.0,54.0,36.0,49.0,58.0,48.0,49.0,30.0,37.0,38.0
6,0,1,0,198.0,63.0,7775501.0,5,4,3,2,1,0,6,5,4,3,0,1,1,1,1,1,0,0,1,1,1,0,0,0,0,0,1,1,0,0,0,0,0,0,0,0,0,0,0,0,355.0,547.0,344.0,259.0,177.0,244.0,223.0,157.0,40.0,90.0,60.0,57.0,54.0,36.0,49.0,58.0,48.0,49.0,30.0,37.0
0,1,0,0,259.0,51.0,9803441.0,6,5,4,3,2,1,0,6,5,4,0,0,1,1,1,1,1,0,0,1,1,1,0,0,0,0,0,1,1,0,0,0,0,0,0,0,0,0,0,0,198.0,355.0,547.0,344.0,259.0,177.0,244.0,223.0,157.0,40.0,63.0,60.0,57.0,54.0,36.0,49.0,58.0,48.0,49.0,30.0
1,1,0,0,132.0,55.0,4358888.0,0,6,5,4,3,2,1,0,6,5,1,0,0,1,1,1,1,1,0,0,0,1,1,0,0,0,0,0,1,1,0,0,0,0,0,0,0,0,0,0,259.0,198.0,355.0,547.0,344.0,259.0,177.0,244.0,223.0,157.0,51.0,63.0,60.0,57.0,54.0,36.0,49.0,58.0,48.0,49.0
2,1,0,0,330.0,60.0,11970007.0,1,0,6,5,4,3,2,1,0,6,1,1,0,0,1,1,1,1,1,0,0,0,1,1,0,0,0,0,0,1,0,0,0,0,0,0,0,0,0,0,132.0,259.0,198.0,355.0,547.0,344.0,259.0,177.0,244.0,223.0,55.0,51.0,63.0,60.0,57.0,54.0,36.0,49.0,58.0,48.0
3,1,0,0,244.0,53.0,6634963.0,2,1,0,6,5,4,3,2,1,0,1,1,1,0,0,1,1,1,1,1,0,0,0,1,1,0,0,0,0,0,0,0,0,0,0,0,0,0,0,0,330.0,132.0,259.0,198.0,355.0,547.0,344.0,259.0,177.0,244.0,60.0,55.0,51.0,63.0,60.0,57.0,54.0,36.0,49.0,58.0
4,1,0,0,328.0,42.0,6051116.0,3,2,1,0,6,5,4,3,2,1,1,1,1,1,0,0,1,1,1,1,0,0,0,0,1,1,0,0,0,0,0,0,0,0,0,0,0,0,0,0,244.0,330.0,132.0,259.0,198.0,355.0,547.0,344.0,259.0,177.0,53.0,60.0,55.0,51.0,63.0,60.0,57.0,54.0,36.0,49.0
5,0,1,0,326.0,51.0,9249764.0,4,3,2,1,0,6,5,4,3,2,1,1,1,1,1,0,0,1,1,1,0,0,0,0,0,1,1,0,0,0,0,0,0,0,0,0,0,0,0,0,328.0,244.0,330.0,132.0,259.0,198.0,355.0,547.0,344.0,259.0,42.0,53.0,60.0,55.0,51.0,63.0,60.0,57.0,54.0,36.0
6,0,1,0,112.0,54.0,3796392.0,5,4,3,2,1,0,6,5,4,3,0,1,1,1,1,1,0,0,1,1,1,0,0,0,0,0,1,1,0,0,0,0,0,0,0,0,0,0,0,0,326.0,328.0,244.0,330.0,132.0,259.0,198.0,355.0,547.0,344.0,51.0,42.0,53.0,60.0,55.0,51.0,63.0,60.0,57.0,54.0
0,1,0,0,128.0,50.0,3294287.0,6,5,4,3,2,1,0,6,5,4,0,0,1,1,1,1,1,0,0,1,1,1,0,0,0,0,0,1,1,0,0,0,0,0,0,0,0,0,0,0,112.0,326.0,328.0,244.0,330.0,132.0,259.0,198.0,355.0,547.0,54.0,51.0,42.0,53.0,60.0,55.0,51.0,63.0,60.0,57.0
1,1,0,0,97.0,47.0,2723032.0,0,6,5,4,3,2,1,0,6,5,1,0,0,1,1,1,1,1,0,0,0,1,1,0,0,0,0,0,1,1,0,0,0,0,0,0,0,0,0,0,128.0,112.0,326.0,328.0,244.0,330.0,132.0,259.0,198.0,355.0,50.0,54.0,51.0,42.0,53.0,60.0,55.0,51.0,63.0,60.0
2,1,0,0,158.0,54.0,3842604.0,1,0,6,5,4,3,2,1,0,6,1,1,0,0,1,1,1,1,1,0,0,0,1,1,0,0,0,0,0,1,0,0,0,0,0,0,0,0,0,0,97.0,128.0,112.0,326.0,328.0,244.0,330.0,132.0,259.0,198.0,47.0,50.0,54.0,51.0,42.0,53.0,60.0,55.0,51.0,63.0
3,1,0,0,80.0,51.0,2161861.0,2,1,0,6,5,4,3,2,1,0,1,1,1,0,0,1,1,1,1,1,0,0,0,1,1,0,0,0,0,0,0,0,0,0,0,0,0,0,0,0,158.0,97.0,128.0,112.0,326.0,328.0,244.0,330.0,132.0,259.0,54.0,47.0,50.0,54.0,51.0,42.0,53.0,60.0,55.0,51.0
4,1,0,0,119.0,35.0,3496949.0,3,2,1,0,6,5,4,3,2,1,1,1,1,1,0,0,1,1,1,1,0,0,0,0,1,1,0,0,0,0,0,0,0,0,0,0,0,0,0,0,80.0,158.0,97.0,128.0,112.0,326.0,328.0,244.0,330.0,132.0,51.0,54.0,47.0,50.0,54.0,51.0,42.0,53.0,60.0,55.0
5,0,1,0,205.0,44.0,5495860.0,4,3,2,1,0,6,5,4,3,2,1,1,1,1,1,0,0,1,1,1,0,0,0,0,0,1,1,0,0,0,0,0,0,0,0,0,0,0,0,0,119.0,80.0,158.0,97.0,128.0,112.0,326.0,328.0,244.0,330.0,35.0,51.0,54.0,47.0,50.0,54.0,51.0,42.0,53.0,60.0
6,0,1,0,220.0,57.0,6980503.0,5,4,3,2,1,0,6,5,4,3,0,1,1,1,1,1,0,0,1,1,1,0,0,0,0,0,1,1,0,0,0,0,0,0,0,0,0,0,0,0,205.0,119.0,80.0,158.0,97.0,128.0,112.0,326.0,328.0,244.0,44.0,35.0,51.0,54.0,47.0,50.0,54.0,51.0,42.0,53.0
0,1,0,0,196.0,47.0,5156962.0,6,5,4,3,2,1,0,6,5,4,0,0,1,1,1,1,1,0,0,1,1,1,0,0,0,0,0,1,1,0,0,0,0,0,0,0,0,0,0,0,220.0,205.0,119.0,80.0,158.0,97.0,128.0,112.0,326.0,328.0,57.0,44.0,35.0,51.0,54.0,47.0,50.0,54.0,51.0,42.0
1,1,0,0,248.0,40.0,7356048.0,0,6,5,4,3,2,1,0,6,5,1,0,0,1,1,1,1,1,0,0,0,1,1,0,0,0,0,0,1,1,0,0,0,0,0,0,0,0,0,0,196.0,220.0,205.0,119.0,80.0,158.0,97.0,128.0,112.0,326.0,47.0,57.0,44.0,35.0,51.0,54.0,47.0,50.0,54.0,51.0
2,1,0,0,150.0,53.0,4942522.0,1,0,6,5,4,3,2,1,0,6,1,1,0,0,1,1,1,1,1,0,0,0,1,1,0,0,0,0,0,1,0,0,0,0,0,0,0,0,0,0,248.0,196.0,220.0,205.0,119.0,80.0,158.0,97.0,128.0,112.0,40.0,47.0,57.0,44.0,35.0,51.0,54.0,47.0,50.0,54.0
3,1,0,0,150.0,35.0,3188473.0,2,1,0,6,5,4,3,2,1,0,1,1,1,0,0,1,1,1,1,1,0,0,0,1,1,0,0,0,0,0,0,0,0,0,0,0,0,0,0,0,150.0,248.0,196.0,220.0,205.0,119.0,80.0,158.0,97.0,128.0,53.0,40.0,47.0,57.0,44.0,35.0,51.0,54.0,47.0,50.0
4,1,0,0,164.0,35.0,5470904.0,3,2,1,0,6,5,4,3,2,1,1,1,1,1,0,0,1,1,1,1,0,0,0,0,1,1,0,0,0,0,0,0,0,0,0,0,0,0,0,0,150.0,150.0,248.0,196.0,220.0,205.0,119.0,80.0,158.0,97.0,35.0,53.0,40.0,47.0,57.0,44.0,35.0,51.0,54.0,47.0
5,0,1,0,187.0,46.0,5169797.0,4,3,2,1,0,6,5,4,3,2,1,1,1,1,1,0,0,1,1,1,0,0,0,0,0,1,1,0,0,0,0,0,0,0,0,0,0,0,0,0,164.0,150.0,150.0,248.0,196.0,220.0,205.0,119.0,80.0,158.0,35.0,35.0,53.0,40.0,47.0,57.0,44.0,35.0,51.0,54.0
6,0,1,0,150.0,54.0,4547100.0,5,4,3,2,1,0,6,5,4,3,0,1,1,1,1,1,0,0,1,1,1,0,0,0,0,0,1,1,0,0,0,0,0,0,0,0,0,0,0,0,187.0,164.0,150.0,150.0,248.0,196.0,220.0,205.0,119.0,80.0,46.0,35.0,35.0,53.0,40.0,47.0,57.0,44.0,35.0,51.0
0,1,0,0,282.0,38.0,7937572.0,6,5,4,3,2,1,0,6,5,4,0,0,1,1,1,1,1,0,0,1,1,1,0,0,0,0,0,1,1,0,0,0,0,0,0,0,0,0,0,0,150.0,187.0,164.0,150.0,150.0,248.0,196.0,220.0,205.0,119.0,54.0,46.0,35.0,35.0,53.0,40.0,47.0,57.0,44.0,35.0
1,1,0,0,105.0,35.0,2956238.0,0,6,5,4,3,2,1,0,6,5,1,0,0,1,1,1,1,1,0,0,0,1,1,0,0,0,0,0,1,1,0,0,0,0,0,0,0,0,0,0,282.0,150.0,187.0,164.0,150.0,150.0,248.0,196.0,220.0,205.0,38.0,54.0,46.0,35.0,35.0,53.0,40.0,47.0,57.0,44.0
2,1,0,0,180.0,56.0,5640886.0,1,0,6,5,4,3,2,1,0,6,1,1,0,0,1,1,1,1,1,0,0,0,1,1,0,0,0,0,0,1,0,0,0,0,0,0,0,0,0,0,105.0,282.0,150.0,187.0,164.0,150.0,150.0,248.0,196.0,220.0,35.0,38.0,54.0,46.0,35.0,35.0,53.0,40.0,47.0,57.0
3,1,0,0,235.0,66.0,8289932.0,2,1,0,6,5,4,3,2,1,0,1,1,1,0,0,1,1,1,1,1,0,0,0,1,1,0,0,0,0,0,0,0,0,0,0,0,0,0,0,0,180.0,105.0,282.0,150.0,187.0,164.0,150.0,150.0,248.0,196.0,56.0,35.0,38.0,54.0,46.0,35.0,35.0,53.0,40.0,47.0
4,1,0,0,276.0,46.0,8057235.0,3,2,1,0,6,5,4,3,2,1,1,1,1,1,0,0,1,1,1,1,0,0,0,0,1,1,0,0,0,0,0,0,0,0,0,0,0,0,0,0,235.0,180.0,105.0,282.0,150.0,187.0,164.0,150.0,150.0,248.0,66.0,56.0,35.0,38.0,54.0,46.0,35.0,35.0,53.0,40.0
5,0,1,0,338.0,59.0,9612403.0,4,3,2,1,0,6,5,4,3,2,1,1,1,1,1,0,0,1,1,1,0,0,0,0,0,1,1,0,0,0,0,0,0,0,0,0,0,0,0,0,276.0,235.0,180.0,105.0,282.0,150.0,187.0,164.0,150.0,150.0,46.0,66.0,56.0,35.0,38.0,54.0,46.0,35.0,35.0,53.0
6,0,1,0,254.0,62.0,8718670.0,5,4,3,2,1,0,6,5,4,3,0,1,1,1,1,1,0,0,1,1,1,0,0,0,0,0,1,1,0,0,0,0,0,0,0,0,0,0,0,0,338.0,276.0,235.0,180.0,105.0,282.0,150.0,187.0,164.0,150.0,59.0,46.0,66.0,56.0,35.0,38.0,54.0,46.0,35.0,35.0
0,1,0,0,91.0,46.0,2214924.0,6,5,4,3,2,1,0,6,5,4,0,0,1,1,1,1,1,0,0,1,1,1,0,0,0,0,0,1,1,0,0,0,0,0,0,0,0,0,0,0,254.0,338.0,276.0,235.0,180.0,105.0,282.0,150.0,187.0,164.0,62.0,59.0,46.0,66.0,56.0,35.0,38.0,54.0,46.0,35.0
1,1,0,0,65.0,46.0,2033702.0,0,6,5,4,3,2,1,0,6,5,1,0,0,1,1,1,1,1,0,0,0,1,1,0,0,0,0,0,1,1,0,0,0,0,0,0,0,0,0,0,91.0,254.0,338.0,276.0,235.0,180.0,105.0,282.0,150.0,187.0,46.0,62.0,59.0,46.0,66.0,56.0,35.0,38.0,54.0,46.0
2,1,0,0,145.0,57.0,4005224.0,1,0,6,5,4,3,2,1,0,6,1,1,0,0,1,1,1,1,1,0,0,0,1,1,0,0,0,0,0,1,0,0,0,0,0,0,0,0,0,0,65.0,91.0,254.0,338.0,276.0,235.0,180.0,105.0,282.0,150.0,46.0,46.0,62.0,59.0,46.0,66.0,56.0,35.0,38.0,54.0
3,1,0,0,310.0,58.0,8869081.0,2,1,0,6,5,4,3,2,1,0,1,1,1,0,0,1,1,1,1,1,0,0,0,1,1,0,0,0,0,0,0,0,0,0,0,0,0,0,0,0,145.0,65.0,91.0,254.0,338.0,276.0,235.0,180.0,105.0,282.0,57.0,46.0,46.0,62.0,59.0,46.0,66.0,56.0,35.0,38.0
4,1,0,0,157.0,48.0,4426400.0,3,2,1,0,6,5,4,3,2,1,1,1,1,1,0,0,1,1,1,1,0,0,0,0,1,1,0,0,0,0,0,0,0,0,0,0,0,0,0,0,310.0,145.0,65.0,91.0,254.0,338.0,276.0,235.0,180.0,105.0,58.0,57.0,46.0,46.0,62.0,59.0,46.0,66.0,56.0,35.0
5,0,1,0,211.0,48.0,5610466.0,4,3,2,1,0,6,5,4,3,2,1,1,1,1,1,0,0,1,1,1,0,0,0,0,0,1,1,0,0,0,0,0,0,0,0,0,0,0,0,0,157.0,310.0,145.0,65.0,91.0,254.0,338.0,276.0,235.0,180.0,48.0,58.0,57.0,46.0,46.0,62.0,59.0,46.0,66.0,56.0
6,0,1,0,181.0,69.0,6141832.0,5,4,3,2,1,0,6,5,4,3,0,1,1,1,1,1,0,0,1,1,1,0,0,0,0,0,1,1,0,0,0,0,0,0,0,0,0,0,0,0,211.0,157.0,310.0,145.0,65.0,91.0,254.0,338.0,276.0,235.0,48.0,48.0,58.0,57.0,46.0,46.0,62.0,59.0,46.0,66.0
0,1,0,0,240.0,63.0,6400935.0,6,5,4,3,2,1,0,6,5,4,0,0,1,1,1,1,1,0,0,1,1,1,0,0,0,0,0,1,1,0,0,0,0,0,0,0,0,0,0,0,181.0,211.0,157.0,310.0,145.0,65.0,91.0,254.0,338.0,276.0,69.0,48.0,48.0,58.0,57.0,46.0,46.0,62.0,59.0,46.0
1,1,0,0,90.0,32.0,1993130.0,0,6,5,4,3,2,1,0,6,5,1,0,0,1,1,1,1,1,0,0,0,1,1,0,0,0,0,0,1,1,0,0,0,0,0,0,0,0,0,0,240.0,181.0,211.0,157.0,310.0,145.0,65.0,91.0,254.0,338.0,63.0,69.0,48.0,48.0,58.0,57.0,46.0,46.0,62.0,59.0
2,1,0,0,161.0,37.0,4548944.0,1,0,6,5,4,3,2,1,0,6,1,1,0,0,1,1,1,1,1,0,0,0,1,1,0,0,0,0,0,1,0,0,0,0,0,0,0,0,0,0,90.0,240.0,181.0,211.0,157.0,310.0,145.0,65.0,91.0,254.0,32.0,63.0,69.0,48.0,48.0,58.0,57.0,46.0,46.0,62.0
3,1,0,0,121.0,60.0,3775144.0,2,1,0,6,5,4,3,2,1,0,1,1,1,0,0,1,1,1,1,1,0,0,0,1,1,0,0,0,0,0,0,0,0,0,0,0,0,0,0,0,161.0,90.0,240.0,181.0,211.0,157.0,310.0,145.0,65.0,91.0,37.0,32.0,63.0,69.0,48.0,48.0,58.0,57.0,46.0,46.0
4,1,0,0,424.0,57.0,11787830.0,3,2,1,0,6,5,4,3,2,1,1,1,1,1,0,0,1,1,1,1,0,0,0,0,1,1,0,0,0,0,0,0,0,0,0,0,0,0,0,0,121.0,161.0,90.0,240.0,181.0,211.0,157.0,310.0,145.0,65.0,60.0,37.0,32.0,63.0,69.0,48.0,48.0,58.0,57.0,46.0
5,0,1,0,437.0,105.0,15087541.0,4,3,2,1,0,6,5,4,3,2,1,1,1,1,1,0,0,1,1,1,0,0,0,0,0,1,1,0,0,0,0,0,0,0,0,0,0,0,0,0,424.0,121.0,161.0,90.0,240.0,181.0,211.0,157.0,310.0,145.0,57.0,60.0,37.0,32.0,63.0,69.0,48.0,48.0,58.0,57.0
6,0,1,0,89.0,65.0,2838227.0,5,4,3,2,1,0,6,5,4,3,0,1,1,1,1,1,0,0,1,1,1,0,0,0,0,0,1,1,0,0,0,0,0,0,0,0,0,0,0,0,437.0,424.0,121.0,161.0,90.0,240.0,181.0,211.0,157.0,310.0,105.0,57.0,60.0,37.0,32.0,63.0,69.0,48.0,48.0,58.0
0,1,0,0,108.0,56.0,3735279.0,6,5,4,3,2,1,0,6,5,4,0,0,1,1,1,1,1,0,0,1,1,1,0,0,0,0,0,1,1,0,0,0,0,0,0,0,0,0,0,0,89.0,437.0,424.0,121.0,161.0,90.0,240.0,181.0,211.0,157.0,65.0,105.0,57.0,60.0,37.0,32.0,63.0,69.0,48.0,48.0
1,1,0,0,159.0,44.0,3543735.0,0,6,5,4,3,2,1,0,6,5,1,0,0,1,1,1,1,1,0,0,0,1,1,0,0,0,0,0,1,1,0,0,0,0,0,0,0,0,0,0,108.0,89.0,437.0,424.0,121.0,161.0,90.0,240.0,181.0,211.0,56.0,65.0,105.0,57.0,60.0,37.0,32.0,63.0,69.0,48.0
2,1,0,0,168.0,41.0,4976828.0,1,0,6,5,4,3,2,1,0,6,1,1,0,0,1,1,1,1,1,0,0,0,1,1,0,0,0,0,0,1,0,0,0,0,0,0,0,0,0,0,159.0,108.0,89.0,437.0,424.0,121.0,161.0,90.0,240.0,181.0,44.0,56.0,65.0,105.0,57.0,60.0,37.0,32.0,63.0,69.0
3,1,0,0,221.0,75.0,5362615.0,2,1,0,6,5,4,3,2,1,0,1,1,1,0,0,1,1,1,1,1,0,0,0,1,1,0,0,0,0,0,0,0,0,0,0,0,0,0,0,0,168.0,159.0,108.0,89.0,437.0,424.0,121.0,161.0,90.0,240.0,41.0,44.0,56.0,65.0,105.0,57.0,60.0,37.0,32.0,63.0
4,1,0,0,126.0,55.0,3727140.0,3,2,1,0,6,5,4,3,2,1,1,1,1,1,0,0,1,1,1,1,0,0,0,0,1,1,0,0,0,0,0,0,0,0,0,0,0,0,0,0,221.0,168.0,159.0,108.0,89.0,437.0,424.0,121.0,161.0,90.0,75.0,41.0,44.0,56.0,65.0,105.0,57.0,60.0,37.0,32.0
5,0,1,0,74.0,66.0,2290538.0,4,3,2,1,0,6,5,4,3,2,1,1,1,1,1,0,0,1,1,1,0,0,0,0,0,1,1,0,0,0,0,0,0,0,0,0,0,0,0,0,126.0,221.0,168.0,159.0,108.0,89.0,437.0,424.0,121.0,161.0,55.0,75.0,41.0,44.0,56.0,65.0,105.0,57.0,60.0,37.0
6,0,1,0,406.0,60.0,12572014.0,5,4,3,2,1,0,6,5,4,3,0,1,1,1,1,1,0,0,1,1,1,0,0,0,0,0,1,1,0,0,0,0,0,0,0,0,0,0,0,0,74.0,126.0,221.0,168.0,159.0,108.0,89.0,437.0,424.0,121.0,66.0,55.0,75.0,41.0,44.0,56.0,65.0,105.0,57.0,60.0
0,1,0,0,289.0,60.0,8428785.0,6,5,4,3,2,1,0,6,5,4,0,0,1,1,1,1,1,0,0,1,1,1,0,0,0,0,0,1,1,0,0,0,0,0,0,0,0,0,0,0,406.0,74.0,126.0,221.0,168.0,159.0,108.0,89.0,437.0,424.0,60.0,66.0,55.0,75.0,41.0,44.0,56.0,65.0,105.0,57.0
1,1,0,0,260.0,65.0,8579071.0,0,6,5,4,3,2,1,0,6,5,1,0,0,1,1,1,1,1,0,0,0,1,1,0,0,0,0,0,1,1,0,0,0,0,0,0,0,0,0,0,289.0,406.0,74.0,126.0,221.0,168.0,159.0,108.0,89.0,437.0,60.0,60.0,66.0,55.0,75.0,41.0,44.0,56.0,65.0,105.0
2,1,0,0,245.0,63.0,6802272.0,1,0,6,5,4,3,2,1,0,6,1,1,0,0,1,1,1,1,1,0,0,0,1,1,0,0,0,0,0,1,0,0,0,0,0,0,0,0,0,0,260.0,289.0,406.0,74.0,126.0,221.0,168.0,159.0,108.0,89.0,65.0,60.0,60.0,66.0,55.0,75.0,41.0,44.0,56.0,65.0
3,1,0,0,91.0,66.0,2815446.0,2,1,0,6,5,4,3,2,1,0,1,1,1,0,0,1,1,1,1,1,0,0,0,1,1,0,0,0,0,0,0,0,0,0,0,0,0,0,0,0,245.0,260.0,289.0,406.0,74.0,126.0,221.0,168.0,159.0,108.0,63.0,65.0,60.0,60.0,66.0,55.0,75.0,41.0,44.0,56.0
4,1,0,0,214.0,61.0,7884557.0,3,2,1,0,6,5,4,3,2,1,1,1,1,1,0,0,1,1,1,1,0,0,0,0,1,1,0,0,0,0,0,0,0,0,0,0,0,0,0,0,91.0,245.0,260.0,289.0,406.0,74.0,126.0,221.0,168.0,159.0,66.0,63.0,65.0,60.0,60.0,66.0,55.0,75.0,41.0,44.0
5,0,1,0,297.0,64.0,9020173.0,4,3,2,1,0,6,5,4,3,2,1,1,1,1,1,0,0,1,1,1,0,0,0,0,0,1,1,0,0,0,0,0,0,0,0,0,0,0,0,0,214.0,91.0,245.0,260.0,289.0,406.0,74.0,126.0,221.0,168.0,61.0,66.0,63.0,65.0,60.0,60.0,66.0,55.0,75.0,41.0
6,0,1,0,100.0,70.0,3236860.0,5,4,3,2,1,0,6,5,4,3,0,1,1,1,1,1,0,0,1,1,1,0,0,0,0,0,1,1,0,0,0,0,0,0,0,0,0,0,0,0,297.0,214.0,91.0,245.0,260.0,289.0,406.0,74.0,126.0,221.0,64.0,61.0,66.0,63.0,65.0,60.0,60.0,66.0,55.0,75.0
0,0,0,1,38.0,44.0,1542159.0,6,5,4,3,2,1,0,6,5,4,0,0,1,1,1,1,1,0,0,1,1,1,0,0,0,0,0,1,1,0,0,0,0,0,0,0,0,0,0,0,100.0,297.0,214.0,91.0,245.0,260.0,289.0,406.0,74.0,126.0,70.0,64.0,61.0,66.0,63.0,65.0,60.0,60.0,66.0,55.0
1,1,0,0,555.0,53.0,19092611.0,0,6,5,4,3,2,1,0,6,5,0,0,0,1,1,1,1,1,0,0,0,1,1,0,0,0,0,0,1,1,1,0,0,0,0,0,0,0,0,0,38.0,100.0,297.0,214.0,91.0,245.0,260.0,289.0,406.0,74.0,44.0,70.0,64.0,61.0,66.0,63.0,65.0,60.0,60.0,66.0
2,1,0,0,386.0,64.0,11952746.0,1,0,6,5,4,3,2,1,0,6,1,0,0,0,1,1,1,1,1,0,0,0,1,1,0,0,0,0,0,1,0,1,0,0,0,0,0,0,0,0,555.0,38.0,100.0,297.0,214.0,91.0,245.0,260.0,289.0,406.0,53.0,44.0,70.0,64.0,61.0,66.0,63.0,65.0,60.0,60.0
3,1,0,0,125.0,68.0,4525842.0,2,1,0,6,5,4,3,2,1,0,1,1,0,0,0,1,1,1,1,1,0,0,0,1,1,0,0,0,0,0,0,0,1,0,0,0,0,0,0,0,386.0,555.0,38.0,100.0,297.0,214.0,91.0,245.0,260.0,289.0,64.0,53.0,44.0,70.0,64.0,61.0,66.0,63.0,65.0,60.0
4,1,0,0,577.0,34.0,13932968.0,3,2,1,0,6,5,4,3,2,1,1,1,1,0,0,0,1,1,1,1,0,0,0,0,1,1,0,0,0,0,0,0,0,1,0,0,0,0,0,0,125.0,386.0,555.0,38.0,100.0,297.0,214.0,91.0,245.0,260.0,68.0,64.0,53.0,44.0,70.0,64.0,61.0,66.0,63.0,65.0
5,0,1,0,85.0,57.0,2709735.0,4,3,2,1,0,6,5,4,3,2,1,1,1,1,0,0,0,1,1,1,0,0,0,0,0,1,1,0,0,0,0,0,0,0,1,0,0,0,0,0,577.0,125.0,386.0,555.0,38.0,100.0,297.0,214.0,91.0,245.0,34.0,68.0,64.0,53.0,44.0,70.0,64.0,61.0,66.0,63.0
6,0,1,0,121.0,67.0,4231760.0,5,4,3,2,1,0,6,5,4,3,0,1,1,1,1,0,0,0,1,1,1,0,0,0,0,0,1,1,0,0,0,0,0,0,0,1,0,0,0,0,85.0,577.0,125.0,386.0,555.0,38.0,100.0,297.0,214.0,91.0,57.0,34.0,68.0,64.0,53.0,44.0,70.0,64.0,61.0,66.0
0,1,0,0,291.0,62.0,8765337.0,6,5,4,3,2,1,0,6,5,4,0,0,1,1,1,1,0,0,0,1,1,1,0,0,0,0,0,1,1,0,0,0,0,0,0,0,1,0,0,0,121.0,85.0,577.0,125.0,386.0,555.0,38.0,100.0,297.0,214.0,67.0,57.0,34.0,68.0,64.0,53.0,44.0,70.0,64.0,61.0
1,1,0,0,467.0,61.0,13042336.0,0,6,5,4,3,2,1,0,6,5,1,0,0,1,1,1,1,0,0,0,0,1,1,0,0,0,0,0,1,1,0,0,0,0,0,0,0,1,0,0,291.0,121.0,85.0,577.0,125.0,386.0,555.0,38.0,100.0,297.0,62.0,67.0,57.0,34.0,68.0,64.0,53.0,44.0,70.0,64.0
2,1,0,0,356.0,46.0,9572733.0,1,0,6,5,4,3,2,1,0,6,1,1,0,0,1,1,1,1,0,0,0,0,1,1,0,0,0,0,0,1,0,0,0,0,0,0,0,0,1,0,467.0,291.0,121.0,85.0,577.0,125.0,386.0,555.0,38.0,100.0,61.0,62.0,67.0,57.0,34.0,68.0,64.0,53.0,44.0,70.0
3,1,0,0,334.0,86.0,7270027.0,2,1,0,6,5,4,3,2,1,0,1,1,1,0,0,1,1,1,1,0,0,0,0,1,1,0,0,0,0,0,0,0,0,0,0,0,0,0,0,1,356.0,467.0,291.0,121.0,85.0,577.0,125.0,386.0,555.0,38.0,46.0,61.0,62.0,67.0,57.0,34.0,68.0,64.0,53.0,44.0
4,1,0,0,198.0,75.0,5897399.0,3,2,1,0,6,5,4,3,2,1,1,1,1,1,0,0,1,1,1,1,0,0,0,0,1,1,0,0,0,0,0,0,0,0,0,0,0,0,0,0,334.0,356.0,467.0,291.0,121.0,85.0,577.0,125.0,386.0,555.0,86.0,46.0,61.0,62.0,67.0,57.0,34.0,68.0,64.0,53.0
5,0,1,0,263.0,53.0,7144707.0,4,3,2,1,0,6,5,4,3,2,1,1,1,1,1,0,0,1,1,1,0,0,0,0,0,1,1,0,0,0,0,0,0,0,0,0,0,0,0,0,198.0,334.0,356.0,467.0,291.0,121.0,85.0,577.0,125.0,386.0,75.0,86.0,46.0,61.0,62.0,67.0,57.0,34.0,68.0,64.0
6,0,1,0,194.0,56.0,5846557.0,5,4,3,2,1,0,6,5,4,3,0,1,1,1,1,1,0,0,1,1,1,0,0,0,0,0,1,1,0,0,0,0,0,0,0,0,0,0,0,0,263.0,198.0,334.0,356.0,467.0,291.0,121.0,85.0,577.0,125.0,53.0,75.0,86.0,46.0,61.0,62.0,67.0,57.0,34.0,68.0
0,1,0,0,169.0,61.0,5427210.0,6,5,4,3,2,1,0,6,5,4,0,0,1,1,1,1,1,0,0,1,1,1,0,0,0,0,0,1,1,0,0,0,0,0,0,0,0,0,0,0,194.0,263.0,198.0,334.0,356.0,467.0,291.0,121.0,85.0,577.0,56.0,53.0,75.0,86.0,46.0,61.0,62.0,67.0,57.0,34.0
1,1,0,0,543.0,56.0,16639793.0,0,6,5,4,3,2,1,0,6,5,1,0,0,1,1,1,1,1,0,0,0,1,1,0,0,0,0,0,1,1,0,0,0,0,0,0,0,0,0,0,169.0,194.0,263.0,198.0,334.0,356.0,467.0,291.0,121.0,85.0,61.0,56.0,53.0,75.0,86.0,46.0,61.0,62.0,67.0,57.0
2,1,0,0,290.0,58.0,9263482.0,1,0,6,5,4,3,2,1,0,6,1,1,0,0,1,1,1,1,1,0,0,0,1,1,0,0,0,0,0,1,0,0,0,0,0,0,0,0,0,0,543.0,169.0,194.0,263.0,198.0,334.0,356.0,467.0,291.0,121.0,56.0,61.0,56.0,53.0,75.0,86.0,46.0,61.0,62.0,67.0
3,1,0,0,641.0,49.0,15720512.0,2,1,0,6,5,4,3,2,1,0,1,1,1,0,0,1,1,1,1,1,0,0,0,1,1,0,0,0,0,0,0,0,0,0,0,0,0,0,0,0,290.0,543.0,169.0,194.0,263.0,198.0,334.0,356.0,467.0,291.0,58.0,56.0,61.0,56.0,53.0,75.0,86.0,46.0,61.0,62.0
4,1,0,0,250.0,57.0,7318857.0,3,2,1,0,6,5,4,3,2,1,1,1,1,1,0,0,1,1,1,1,0,0,0,0,1,1,0,0,0,0,0,0,0,0,0,0,0,0,0,0,641.0,290.0,543.0,169.0,194.0,263.0,198.0,334.0,356.0,467.0,49.0,58.0,56.0,61.0,56.0,53.0,75.0,86.0,46.0,61.0
5,0,1,0,412.0,65.0,13044501.0,4,3,2,1,0,6,5,4,3,2,1,1,1,1,1,0,0,1,1,1,0,0,0,0,0,1,1,0,0,0,0,0,0,0,0,0,0,0,0,0,250.0,641.0,290.0,543.0,169.0,194.0,263.0,198.0,334.0,356.0,57.0,49.0,58.0,56.0,61.0,56.0,53.0,75.0,86.0,46.0
6,0,1,0,144.0,59.0,5047676.0,5,4,3,2,1,0,6,5,4,3,0,1,1,1,1,1,0,0,1,1,1,0,0,0,0,0,1,1,0,0,0,0,0,0,0,0,0,0,0,0,412.0,250.0,641.0,290.0,543.0,169.0,194.0,263.0,198.0,334.0,65.0,57.0,49.0,58.0,56.0,61.0,56.0,53.0,75.0,86.0
0,1,0,0,197.0,63.0,6280716.0,6,5,4,3,2,1,0,6,5,4,0,0,1,1,1,1,1,0,0,1,1,1,0,0,0,0,0,1,1,0,0,0,0,0,0,0,0,0,0,0,144.0,412.0,250.0,641.0,290.0,543.0,169.0,194.0,263.0,198.0,59.0,65.0,57.0,49.0,58.0,56.0,61.0,56.0,53.0,75.0
1,1,0,0,200.0,51.0,7659265.0,0,6,5,4,3,2,1,0,6,5,1,0,0,1,1,1,1,1,0,0,0,1,1,0,0,0,0,0,1,1,0,0,0,0,0,0,0,0,0,0,197.0,144.0,412.0,250.0,641.0,290.0,543.0,169.0,194.0,263.0,63.0,59.0,65.0,57.0,49.0,58.0,56.0,61.0,56.0,53.0
2,1,0,0,409.0,48.0,11359443.0,1,0,6,5,4,3,2,1,0,6,1,1,0,0,1,1,1,1,1,0,0,0,1,1,0,0,0,0,0,1,0,0,0,0,0,0,0,0,0,0,200.0,197.0,144.0,412.0,250.0,641.0,290.0,543.0,169.0,194.0,51.0,63.0,59.0,65.0,57.0,49.0,58.0,56.0,61.0,56.0
3,0,0,1,255.0,56.0,8520703.0,2,1,0,6,5,4,3,2,1,0,1,1,1,0,0,1,1,1,1,1,0,0,0,1,1,0,0,0,0,0,0,0,0,0,0,0,0,0,0,0,409.0,200.0,197.0,144.0,412.0,250.0,641.0,290.0,543.0,169.0,48.0,51.0,63.0,59.0,65.0,57.0,49.0,58.0,56.0,61.0
4,0,0,1,310.0,60.0,10244087.0,3,2,1,0,6,5,4,3,2,1,0,1,1,1,0,0,1,1,1,1,0,0,0,0,1,1,0,0,0,0,1,0,0,0,0,0,0,0,0,0,255.0,409.0,200.0,197.0,144.0,412.0,250.0,641.0,290.0,543.0,56.0,48.0,51.0,63.0,59.0,65.0,57.0,49.0,58.0,56.0
5,0,1,0,235.0,51.0,7759008.0,4,3,2,1,0,6,5,4,3,2,0,0,1,1,1,0,0,1,1,1,0,0,0,0,0,1,1,0,0,0,1,1,0,0,0,0,0,0,0,0,310.0,255.0,409.0,200.0,197.0,144.0,412.0,250.0,641.0,290.0,60.0,56.0,48.0,51.0,63.0,59.0,65.0,57.0,49.0,58.0
6,0,1,0,110.0,54.0,4122590.0,5,4,3,2,1,0,6,5,4,3,0,0,0,1,1,1,0,0,1,1,1,0,0,0,0,0,1,1,0,0,0,1,1,0,0,0,0,0,0,0,235.0,310.0,255.0,409.0,200.0,197.0,144.0,412.0,250.0,641.0,51.0,60.0,56.0,48.0,51.0,63.0,59.0,65.0,57.0,49.0
0,1,0,0,169.0,61.0,4933421.0,6,5,4,3,2,1,0,6,5,4,0,0,0,0,1,1,1,0,0,1,1,1,0,0,0,0,0,1,1,0,0,0,1,1,0,0,0,0,0,0,110.0,235.0,310.0,255.0,409.0,200.0,197.0,144.0,412.0,250.0,54.0,51.0,60.0,56.0,48.0,51.0,63.0,59.0,65.0,57.0
1,1,0,0,313.0,64.0,9672096.0,0,6,5,4,3,2,1,0,6,5,1,0,0,0,0,1,1,1,0,0,0,1,1,0,0,0,0,0,1,1,0,0,0,1,1,0,0,0,0,0,169.0,110.0,235.0,310.0,255.0,409.0,200.0,197.0,144.0,412.0,61.0,54.0,51.0,60.0,56.0,48.0,51.0,63.0,59.0,65.0
2,1,0,0,186.0,51.0,5475834.0,1,0,6,5,4,3,2,1,0,6,1,1,0,0,0,0,1,1,1,0,0,0,1,1,0,0,0,0,0,1,0,0,0,0,1,1,0,0,0,0,313.0,169.0,110.0,235.0,310.0,255.0,409.0,200.0,197.0,144.0,64.0,61.0,54.0,51.0,60.0,56.0,48.0,51.0,63.0,59.0
3,1,0,0,299.0,65.0,9167418.0,2,1,0,6,5,4,3,2,1,0,1,1,1,0,0,0,0,1,1,1,0,0,0,1,1,0,0,0,0,0,0,0,0,0,0,1,1,0,0,0,186.0,313.0,169.0,110.0,235.0,310.0,255.0,409.0,200.0,197.0,51.0,64.0,61.0,54.0,51.0,60.0,56.0,48.0,51.0,63.0
4,1,0,0,253.0,47.0,6178998.0,3,2,1,0,6,5,4,3,2,1,1,1,1,1,0,0,0,0,1,1,0,0,0,0,1,1,0,0,0,0,0,0,0,0,0,0,1,1,0,0,299.0,186.0,313.0,169.0,110.0,235.0,310.0,255.0,409.0,200.0,65.0,51.0,64.0,61.0,54.0,51.0,60.0,56.0,48.0,51.0
5,0,1,0,389.0,61.0,10424734.0,4,3,2,1,0,6,5,4,3,2,1,1,1,1,1,0,0,0,0,1,0,0,0,0,0,1,1,0,0,0,0,0,0,0,0,0,0,1,1,0,253.0,299.0,186.0,313.0,169.0,110.0,235.0,310.0,255.0,409.0,47.0,65.0,51.0,64.0,61.0,54.0,51.0,60.0,56.0,48.0
6,0,1,0,475.0,65.0,17519242.0,5,4,3,2,1,0,6,5,4,3,0,1,1,1,1,1,0,0,0,0,1,0,0,0,0,0,1,1,0,0,0,0,0,0,0,0,0,0,1,1,389.0,253.0,299.0,186.0,313.0,169.0,110.0,235.0,310.0,255.0,61.0,47.0,65.0,51.0,64.0,61.0,54.0,51.0,60.0,56.0
0,1,0,0,274.0,64.0,8850683.0,6,5,4,3,2,1,0,6,5,4,0,0,1,1,1,1,1,0,0,0,1,1,0,0,0,0,0,1,1,0,0,0,0,0,0,0,0,0,0,1,475.0,389.0,253.0,299.0,186.0,313.0,169.0,110.0,235.0,310.0,65.0,61.0,47.0,65.0,51.0,64.0,61.0,54.0,51.0,60.0
1,1,0,0,156.0,48.0,5092269.0,0,6,5,4,3,2,1,0,6,5,1,0,0,1,1,1,1,1,0,0,0,1,1,0,0,0,0,0,1,1,0,0,0,0,0,0,0,0,0,0,274.0,475.0,389.0,253.0,299.0,186.0,313.0,169.0,110.0,235.0,64.0,65.0,61.0,47.0,65.0,51.0,64.0,61.0,54.0,51.0
2,1,0,0,638.0,76.0,18859210.0,1,0,6,5,4,3,2,1,0,6,1,1,0,0,1,1,1,1,1,0,0,0,1,1,0,0,0,0,0,1,0,0,0,0,0,0,0,0,0,0,156.0,274.0,475.0,389.0,253.0,299.0,186.0,313.0,169.0,110.0,48.0,64.0,65.0,61.0,47.0,65.0,51.0,64.0,61.0,54.0
3,0,0,1,388.0,57.0,10611139.0,2,1,0,6,5,4,3,2,1,0,1,1,1,0,0,1,1,1,1,1,0,0,0,1,1,0,0,0,0,0,0,0,0,0,0,0,0,0,0,0,638.0,156.0,274.0,475.0,389.0,253.0,299.0,186.0,313.0,169.0,76.0,48.0,64.0,65.0,61.0,47.0,65.0,51.0,64.0,61.0
4,1,0,0,455.0,59.0,10878866.0,3,2,1,0,6,5,4,3,2,1,0,1,1,1,0,0,1,1,1,1,0,0,0,0,1,1,0,0,0,0,1,0,0,0,0,0,0,0,0,0,388.0,638.0,156.0,274.0,475.0,389.0,253.0,299.0,186.0,313.0,57.0,76.0,48.0,64.0,65.0,61.0,47.0,65.0,51.0,64.0
5,0,1,0,67.0,54.0,1675533.0,4,3,2,1,0,6,5,4,3,2,1,0,1,1,1,0,0,1,1,1,0,0,0,0,0,1,1,0,0,0,0,1,0,0,0,0,0,0,0,0,455.0,388.0,638.0,156.0,274.0,475.0,389.0,253.0,299.0,186.0,59.0,57.0,76.0,48.0,64.0,65.0,61.0,47.0,65.0,51.0
6,0,1,0,146.0,55.0,4781558.0,5,4,3,2,1,0,6,5,4,3,0,1,0,1,1,1,0,0,1,1,1,0,0,0,0,0,1,1,0,0,0,0,1,0,0,0,0,0,0,0,67.0,455.0,388.0,638.0,156.0,274.0,475.0,389.0,253.0,299.0,54.0,59.0,57.0,76.0,48.0,64.0,65.0,61.0,47.0,65.0
0,1,0,0,170.0,50.0,4370831.0,6,5,4,3,2,1,0,6,5,4,0,0,1,0,1,1,1,0,0,1,1,1,0,0,0,0,0,1,1,0,0,0,0,1,0,0,0,0,0,0,146.0,67.0,455.0,388.0,638.0,156.0,274.0,475.0,389.0,253.0,55.0,54.0,59.0,57.0,76.0,48.0,64.0,65.0,61.0,47.0
1,1,0,0,164.0,61.0,5285385.0,0,6,5,4,3,2,1,0,6,5,1,0,0,1,0,1,1,1,0,0,0,1,1,0,0,0,0,0,1,1,0,0,0,0,1,0,0,0,0,0,170.0,146.0,67.0,455.0,388.0,638.0,156.0,274.0,475.0,389.0,50.0,55.0,54.0,59.0,57.0,76.0,48.0,64.0,65.0,61.0
2,1,0,0,124.0,47.0,3332503.0,1,0,6,5,4,3,2,1,0,6,1,1,0,0,1,0,1,1,1,0,0,0,1,1,0,0,0,0,0,1,0,0,0,0,0,1,0,0,0,0,164.0,170.0,146.0,67.0,455.0,388.0,638.0,156.0,274.0,475.0,61.0,50.0,55.0,54.0,59.0,57.0,76.0,48.0,64.0,65.0
3,1,0,0,201.0,73.0,5115146.0,2,1,0,6,5,4,3,2,1,0,1,1,1,0,0,1,0,1,1,1,0,0,0,1,1,0,0,0,0,0,0,0,0,0,0,0,1,0,0,0,124.0,164.0,170.0,146.0,67.0,455.0,388.0,638.0,156.0,274.0,47.0,61.0,50.0,55.0,54.0,59.0,57.0,76.0,48.0,64.0
4,1,0,0,376.0,80.0,12376573.0,3,2,1,0,6,5,4,3,2,1,1,1,1,1,0,0,1,0,1,1,0,0,0,0,1,1,0,0,0,0,0,0,0,0,0,0,0,1,0,0,201.0,124.0,164.0,170.0,146.0,67.0,455.0,388.0,638.0,156.0,73.0,47.0,61.0,50.0,55.0,54.0,59.0,57.0,76.0,48.0
5,0,1,0,211.0,55.0,6026793.0,4,3,2,1,0,6,5,4,3,2,1,1,1,1,1,0,0,1,0,1,0,0,0,0,0,1,1,0,0,0,0,0,0,0,0,0,0,0,1,0,376.0,201.0,124.0,164.0,170.0,146.0,67.0,455.0,388.0,638.0,80.0,73.0,47.0,61.0,50.0,55.0,54.0,59.0,57.0,76.0
6,0,1,0,421.0,73.0,14267213.0,5,4,3,2,1,0,6,5,4,3,0,1,1,1,1,1,0,0,1,0,1,0,0,0,0,0,1,1,0,0,0,0,0,0,0,0,0,0,0,1,211.0,376.0,201.0,124.0,164.0,170.0,146.0,67.0,455.0,388.0,55.0,80.0,73.0,47.0,61.0,50.0,55.0,54.0,59.0,57.0
0,1,0,0,256.0,66.0,7921579.0,6,5,4,3,2,1,0,6,5,4,0,0,1,1,1,1,1,0,0,1,1,1,0,0,0,0,0,1,1,0,0,0,0,0,0,0,0,0,0,0,421.0,211.0,376.0,201.0,124.0,164.0,170.0,146.0,67.0,455.0,73.0,55.0,80.0,73.0,47.0,61.0,50.0,55.0,54.0,59.0
1,1,0,0,189.0,69.0,6545307.0,0,6,5,4,3,2,1,0,6,5,1,0,0,1,1,1,1,1,0,0,0,1,1,0,0,0,0,0,1,1,0,0,0,0,0,0,0,0,0,0,256.0,421.0,211.0,376.0,201.0,124.0,164.0,170.0,146.0,67.0,66.0,73.0,55.0,80.0,73.0,47.0,61.0,50.0,55.0,54.0
2,1,0,0,132.0,67.0,4155733.0,1,0,6,5,4,3,2,1,0,6,1,1,0,0,1,1,1,1,1,0,0,0,1,1,0,0,0,0,0,1,0,0,0,0,0,0,0,0,0,0,189.0,256.0,421.0,211.0,376.0,201.0,124.0,164.0,170.0,146.0,69.0,66.0,73.0,55.0,80.0,73.0,47.0,61.0,50.0,55.0
3,1,0,0,697.0,54.0,16347483.0,2,1,0,6,5,4,3,2,1,0,1,1,1,0,0,1,1,1,1,1,0,0,0,1,1,0,0,0,0,0,0,0,0,0,0,0,0,0,0,0,132.0,189.0,256.0,421.0,211.0,376.0,201.0,124.0,164.0,170.0,67.0,69.0,66.0,73.0,55.0,80.0,73.0,47.0,61.0,50.0
4,1,0,0,220.0,57.0,5658481.0,3,2,1,0,6,5,4,3,2,1,1,1,1,1,0,0,1,1,1,1,0,0,0,0,1,1,0,0,0,0,0,0,0,0,0,0,0,0,0,0,697.0,132.0,189.0,256.0,421.0,211.0,376.0,201.0,124.0,164.0,54.0,67.0,69.0,66.0,73.0,55.0,80.0,73.0,47.0,61.0
5,0,1,0,164.0,68.0,3969413.0,4,3,2,1,0,6,5,4,3,2,1,1,1,1,1,0,0,1,1,1,0,0,0,0,0,1,1,0,0,0,0,0,0,0,0,0,0,0,0,0,220.0,697.0,132.0,189.0,256.0,421.0,211.0,376.0,201.0,124.0,57.0,54.0,67.0,69.0,66.0,73.0,55.0,80.0,73.0,47.0
6,0,1,0,220.0,56.0,6719465.0,5,4,3,2,1,0,6,5,4,3,0,1,1,1,1,1,0,0,1,1,1,0,0,0,0,0,1,1,0,0,0,0,0,0,0,0,0,0,0,0,164.0,220.0,697.0,132.0,189.0,256.0,421.0,211.0,376.0,201.0,68.0,57.0,54.0,67.0,69.0,66.0,73.0,55.0,80.0,73.0
0,1,0,0,307.0,57.0,8530056.0,6,5,4,3,2,1,0,6,5,4,0,0,1,1,1,1,1,0,0,1,1,1,0,0,0,0,0,1,1,0,0,0,0,0,0,0,0,0,0,0,220.0,164.0,220.0,697.0,132.0,189.0,256.0,421.0,211.0,376.0,56.0,68.0,57.0,54.0,67.0,69.0,66.0,73.0,55.0,80.0
1,1,0,0,321.0,53.0,9572253.0,0,6,5,4,3,2,1,0,6,5,1,0,0,1,1,1,1,1,0,0,0,1,1,0,0,0,0,0,1,1,0,0,0,0,0,0,0,0,0,0,307.0,220.0,164.0,220.0,697.0,132.0,189.0,256.0,421.0,211.0,57.0,56.0,68.0,57.0,54.0,67.0,69.0,66.0,73.0,55.0
2,1,0,0,445.0,81.0,12547634.0,1,0,6,5,4,3,2,1,0,6,1,1,0,0,1,1,1,1,1,0,0,0,1,1,0,0,0,0,0,1,0,0,0,0,0,0,0,0,0,0,321.0,307.0,220.0,164.0,220.0,697.0,132.0,189.0,256.0,421.0,53.0,57.0,56.0,68.0,57.0,54.0,67.0,69.0,66.0,73.0
3,1,0,0,336.0,76.0,8773341.0,2,1,0,6,5,4,3,2,1,0,1,1,1,0,0,1,1,1,1,1,0,0,0,1,1,0,0,0,0,0,0,0,0,0,0,0,0,0,0,0,445.0,321.0,307.0,220.0,164.0,220.0,697.0,132.0,189.0,256.0,81.0,53.0,57.0,56.0,68.0,57.0,54.0,67.0,69.0,66.0
4,1,0,0,240.0,77.0,7395159.0,3,2,1,0,6,5,4,3,2,1,1,1,1,1,0,0,1,1,1,1,0,0,0,0,1,1,0,0,0,0,0,0,0,0,0,0,0,0,0,0,336.0,445.0,321.0,307.0,220.0,164.0,220.0,697.0,132.0,189.0,76.0,81.0,53.0,57.0,56.0,68.0,57.0,54.0,67.0,69.0
5,0,1,0,336.0,67.0,9686809.0,4,3,2,1,0,6,5,4,3,2,1,1,1,1,1,0,0,1,1,1,0,0,0,0,0,1,1,0,0,0,0,0,0,0,0,0,0,0,0,0,240.0,336.0,445.0,321.0,307.0,220.0,164.0,220.0,697.0,132.0,77.0,76.0,81.0,53.0,57.0,56.0,68.0,57.0,54.0,67.0
6,0,1,0,232.0,74.0,6998106.0,5,4,3,2,1,0,6,5,4,3,0,1,1,1,1,1,0,0,1,1,1,0,0,0,0,0,1,1,0,0,0,0,0,0,0,0,0,0,0,0,336.0,240.0,336.0,445.0,321.0,307.0,220.0,164.0,220.0,697.0,67.0,77.0,76.0,81.0,53.0,57.0,56.0,68.0,57.0,54.0
0,1,0,0,258.0,58.0,5462050.0,6,5,4,3,2,1,0,6,5,4,0,0,1,1,1,1,1,0,0,1,1,1,0,0,0,0,0,1,1,0,0,0,0,0,0,0,0,0,0,0,232.0,336.0,240.0,336.0,445.0,321.0,307.0,220.0,164.0,220.0,74.0,67.0,77.0,76.0,81.0,53.0,57.0,56.0,68.0,57.0
1,1,0,0,117.0,58.0,3303801.0,0,6,5,4,3,2,1,0,6,5,1,0,0,1,1,1,1,1,0,0,0,1,1,0,0,0,0,0,1,1,0,0,0,0,0,0,0,0,0,0,258.0,232.0,336.0,240.0,336.0,445.0,321.0,307.0,220.0,164.0,58.0,74.0,67.0,77.0,76.0,81.0,53.0,57.0,56.0,68.0
2,1,0,0,175.0,67.0,5793374.0,1,0,6,5,4,3,2,1,0,6,1,1,0,0,1,1,1,1,1,0,0,0,1,1,0,0,0,0,0,1,0,0,0,0,0,0,0,0,0,0,117.0,258.0,232.0,336.0,240.0,336.0,445.0,321.0,307.0,220.0,58.0,58.0,74.0,67.0,77.0,76.0,81.0,53.0,57.0,56.0
3,1,0,0,186.0,86.0,5649882.0,2,1,0,6,5,4,3,2,1,0,1,1,1,0,0,1,1,1,1,1,0,0,0,1,1,0,0,0,0,0,0,0,0,0,0,0,0,0,0,0,175.0,117.0,258.0,232.0,336.0,240.0,336.0,445.0,321.0,307.0,67.0,58.0,58.0,74.0,67.0,77.0,76.0,81.0,53.0,57.0
4,1,0,0,268.0,69.0,7001593.0,3,2,1,0,6,5,4,3,2,1,1,1,1,1,0,0,1,1,1,1,0,0,0,0,1,1,0,0,0,0,0,0,0,0,0,0,0,0,0,0,186.0,175.0,117.0,258.0,232.0,336.0,240.0,336.0,445.0,321.0,86.0,67.0,58.0,58.0,74.0,67.0,77.0,76.0,81.0,53.0
5,0,1,0,315.0,98.0,9686831.0,4,3,2,1,0,6,5,4,3,2,1,1,1,1,1,0,0,1,1,1,0,0,0,0,0,1,1,0,0,0,0,0,0,0,0,0,0,0,0,0,268.0,186.0,175.0,117.0,258.0,232.0,336.0,240.0,336.0,445.0,69.0,86.0,67.0,58.0,58.0,74.0,67.0,77.0,76.0,81.0
6,0,1,0,526.0,54.0,11051988.0,5,4,3,2,1,0,6,5,4,3,0,1,1,1,1,1,0,0,1,1,1,0,0,0,0,0,1,1,0,0,0,0,0,0,0,0,0,0,0,0,315.0,268.0,186.0,175.0,117.0,258.0,232.0,336.0,240.0,336.0,98.0,69.0,86.0,67.0,58.0,58.0,74.0,67.0,77.0,76.0
0,0,0,1,255.0,72.0,6053664.0,6,5,4,3,2,1,0,6,5,4,0,0,1,1,1,1,1,0,0,1,1,1,0,0,0,0,0,1,1,0,0,0,0,0,0,0,0,0,0,0,526.0,315.0,268.0,186.0,175.0,117.0,258.0,232.0,336.0,240.0,54.0,98.0,69.0,86.0,67.0,58.0,58.0,74.0,67.0,77.0
1,1,0,0,181.0,54.0,4732954.0,0,6,5,4,3,2,1,0,6,5,0,0,0,1,1,1,1,1,0,0,0,1,1,0,0,0,0,0,1,1,1,0,0,0,0,0,0,0,0,0,255.0,526.0,315.0,268.0,186.0,175.0,117.0,258.0,232.0,336.0,72.0,54.0,98.0,69.0,86.0,67.0,58.0,58.0,74.0,67.0
2,1,0,0,265.0,61.0,7375305.0,1,0,6,5,4,3,2,1,0,6,1,0,0,0,1,1,1,1,1,0,0,0,1,1,0,0,0,0,0,1,0,1,0,0,0,0,0,0,0,0,181.0,255.0,526.0,315.0,268.0,186.0,175.0,117.0,258.0,232.0,54.0,72.0,54.0,98.0,69.0,86.0,67.0,58.0,58.0,74.0
3,1,0,0,403.0,67.0,11068865.0,2,1,0,6,5,4,3,2,1,0,1,1,0,0,0,1,1,1,1,1,0,0,0,1,1,0,0,0,0,0,0,0,1,0,0,0,0,0,0,0,265.0,181.0,255.0,526.0,315.0,268.0,186.0,175.0,117.0,258.0,61.0,54.0,72.0,54.0,98.0,69.0,86.0,67.0,58.0,58.0
4,1,0,0,427.0,63.0,12439632.0,3,2,1,0,6,5,4,3,2,1,1,1,1,0,0,0,1,1,1,1,0,0,0,0,1,1,0,0,0,0,0,0,0,1,0,0,0,0,0,0,403.0,265.0,181.0,255.0,526.0,315.0,268.0,186.0,175.0,117.0,67.0,61.0,54.0,72.0,54.0,98.0,69.0,86.0,67.0,58.0
5,0,1,0,315.0,82.0,11859462.0,4,3,2,1,0,6,5,4,3,2,1,1,1,1,0,0,0,1,1,1,0,0,0,0,0,1,1,0,0,0,0,0,0,0,1,0,0,0,0,0,427.0,403.0,265.0,181.0,255.0,526.0,315.0,268.0,186.0,175.0,63.0,67.0,61.0,54.0,72.0,54.0,98.0,69.0,86.0,67.0
6,0,1,0,380.0,83.0,14438927.0,5,4,3,2,1,0,6,5,4,3,0,1,1,1,1,0,0,0,1,1,1,0,0,0,0,0,1,1,0,0,0,0,0,0,0,1,0,0,0,0,315.0,427.0,403.0,265.0,181.0,255.0,526.0,315.0,268.0,186.0,82.0,63.0,67.0,61.0,54.0,72.0,54.0,98.0,69.0,86.0
0,1,0,0,320.0,54.0,6987273.0,6,5,4,3,2,1,0,6,5,4,0,0,1,1,1,1,0,0,0,1,1,1,0,0,0,0,0,1,1,0,0,0,0,0,0,0,1,0,0,0,380.0,315.0,427.0,403.0,265.0,181.0,255.0,526.0,315.0,268.0,83.0,82.0,63.0,67.0,61.0,54.0,72.0,54.0,98.0,69.0
1,1,0,0,281.0,61.0,5345285.0,0,6,5,4,3,2,1,0,6,5,1,0,0,1,1,1,1,0,0,0,0,1,1,0,0,0,0,0,1,1,0,0,0,0,0,0,0,1,0,0,320.0,380.0,315.0,427.0,403.0,265.0,181.0,255.0,526.0,315.0,54.0,83.0,82.0,63.0,67.0,61.0,54.0,72.0,54.0,98.0
2,1,0,0,358.0,58.0,8894840.0,1,0,6,5,4,3,2,1,0,6,1,1,0,0,1,1,1,1,0,0,0,0,1,1,0,0,0,0,0,1,0,0,0,0,0,0,0,0,1,0,281.0,320.0,380.0,315.0,427.0,403.0,265.0,181.0,255.0,526.0,61.0,54.0,83.0,82.0,63.0,67.0,61.0,54.0,72.0,54.0
3,1,0,0,324.0,73.0,6309363.0,2,1,0,6,5,4,3,2,1,0,1,1,1,0,0,1,1,1,1,0,0,0,0,1,1,0,0,0,0,0,0,0,0,0,0,0,0,0,0,1,358.0,281.0,320.0,380.0,315.0,427.0,403.0,265.0,181.0,255.0,58.0,61.0,54.0,83.0,82.0,63.0,67.0,61.0,54.0,72.0
4,1,0,0,202.0,66.0,5467723.0,3,2,1,0,6,5,4,3,2,1,1,1,1,1,0,0,1,1,1,1,0,0,0,0,1,1,0,0,0,0,0,0,0,0,0,0,0,0,0,0,324.0,358.0,281.0,320.0,380.0,315.0,427.0,403.0,265.0,181.0,73.0,58.0,61.0,54.0,83.0,82.0,63.0,67.0,61.0,54.0
5,0,1,0,476.0,69.0,15366502.0,4,3,2,1,0,6,5,4,3,2,1,1,1,1,1,0,0,1,1,1,0,0,0,0,0,1,1,0,0,0,0,0,0,0,0,0,0,0,0,0,202.0,324.0,358.0,281.0,320.0,380.0,315.0,427.0,403.0,265.0,66.0,73.0,58.0,61.0,54.0,83.0,82.0,63.0,67.0,61.0
6,0,1,0,464.0,72.0,15232908.0,5,4,3,2,1,0,6,5,4,3,0,1,1,1,1,1,0,0,1,1,1,0,0,0,0,0,1,1,0,0,0,0,0,0,0,0,0,0,0,0,476.0,202.0,324.0,358.0,281.0,320.0,380.0,315.0,427.0,403.0,69.0,66.0,73.0,58.0,61.0,54.0,83.0,82.0,63.0,67.0
0,1,0,0,601.0,78.0,18566390.0,6,5,4,3,2,1,0,6,5,4,0,0,1,1,1,1,1,0,0,1,1,1,0,0,0,0,0,1,1,0,0,0,0,0,0,0,0,0,0,0,464.0,476.0,202.0,324.0,358.0,281.0,320.0,380.0,315.0,427.0,72.0,69.0,66.0,73.0,58.0,61.0,54.0,83.0,82.0,63.0
1,1,0,0,307.0,62.0,9517621.0,0,6,5,4,3,2,1,0,6,5,1,0,0,1,1,1,1,1,0,0,0,1,1,0,0,0,0,0,1,1,0,0,0,0,0,0,0,0,0,0,601.0,464.0,476.0,202.0,324.0,358.0,281.0,320.0,380.0,315.0,78.0,72.0,69.0,66.0,73.0,58.0,61.0,54.0,83.0,82.0
2,1,0,0,289.0,70.0,9936059.0,1,0,6,5,4,3,2,1,0,6,1,1,0,0,1,1,1,1,1,0,0,0,1,1,0,0,0,0,0,1,0,0,0,0,0,0,0,0,0,0,307.0,601.0,464.0,476.0,202.0,324.0,358.0,281.0,320.0,380.0,62.0,78.0,72.0,69.0,66.0,73.0,58.0,61.0,54.0,83.0
3,1,0,0,467.0,81.0,15168106.0,2,1,0,6,5,4,3,2,1,0,1,1,1,0,0,1,1,1,1,1,0,0,0,1,1,0,0,0,0,0,0,0,0,0,0,0,0,0,0,0,289.0,307.0,601.0,464.0,476.0,202.0,324.0,358.0,281.0,320.0,70.0,62.0,78.0,72.0,69.0,66.0,73.0,58.0,61.0,54.0
4,1,0,0,483.0,80.0,17586541.0,3,2,1,0,6,5,4,3,2,1,1,1,1,1,0,0,1,1,1,1,0,0,0,0,1,1,0,0,0,0,0,0,0,0,0,0,0,0,0,0,467.0,289.0,307.0,601.0,464.0,476.0,202.0,324.0,358.0,281.0,81.0,70.0,62.0,78.0,72.0,69.0,66.0,73.0,58.0,61.0
5,0,1,0,263.0,71.0,8654728.0,4,3,2,1,0,6,5,4,3,2,1,1,1,1,1,0,0,1,1,1,0,0,0,0,0,1,1,0,0,0,0,0,0,0,0,0,0,0,0,0,483.0,467.0,289.0,307.0,601.0,464.0,476.0,202.0,324.0,358.0,80.0,81.0,70.0,62.0,78.0,72.0,69.0,66.0,73.0,58.0
6,0,1,0,151.0,51.0,4107604.0,5,4,3,2,1,0,6,5,4,3,0,1,1,1,1,1,0,0,1,1,1,0,0,0,0,0,1,1,0,0,0,0,0,0,0,0,0,0,0,0,263.0,483.0,467.0,289.0,307.0,601.0,464.0,476.0,202.0,324.0,71.0,80.0,81.0,70.0,62.0,78.0,72.0,69.0,66.0,73.0
0,0,0,1,274.0,78.0,10512532.0,6,5,4,3,2,1,0,6,5,4,0,0,1,1,1,1,1,0,0,1,1,1,0,0,0,0,0,1,1,0,0,0,0,0,0,0,0,0,0,0,151.0,263.0,483.0,467.0,289.0,307.0,601.0,464.0,476.0,202.0,51.0,71.0,80.0,81.0,70.0,62.0,78.0,72.0,69.0,66.0
1,1,0,0,300.0,54.0,10933530.0,0,6,5,4,3,2,1,0,6,5,0,0,0,1,1,1,1,1,0,0,0,1,1,0,0,0,0,0,1,1,1,0,0,0,0,0,0,0,0,0,274.0,151.0,263.0,483.0,467.0,289.0,307.0,601.0,464.0,476.0,78.0,51.0,71.0,80.0,81.0,70.0,62.0,78.0,72.0,69.0
2,1,0,0,558.0,65.0,18818037.0,1,0,6,5,4,3,2,1,0,6,1,0,0,0,1,1,1,1,1,0,0,0,1,1,0,0,0,0,0,1,0,1,0,0,0,0,0,0,0,0,300.0,274.0,151.0,263.0,483.0,467.0,289.0,307.0,601.0,464.0,54.0,78.0,51.0,71.0,80.0,81.0,70.0,62.0,78.0,72.0
3,1,0,0,352.0,80.0,10698228.0,2,1,0,6,5,4,3,2,1,0,1,1,0,0,0,1,1,1,1,1,0,0,0,1,1,0,0,0,0,0,0,0,1,0,0,0,0,0,0,0,558.0,300.0,274.0,151.0,263.0,483.0,467.0,289.0,307.0,601.0,65.0,54.0,78.0,51.0,71.0,80.0,81.0,70.0,62.0,78.0
4,1,0,0,191.0,59.0,6543641.0,3,2,1,0,6,5,4,3,2,1,1,1,1,0,0,0,1,1,1,1,0,0,0,0,1,1,0,0,0,0,0,0,0,1,0,0,0,0,0,0,352.0,558.0,300.0,274.0,151.0,263.0,483.0,467.0,289.0,307.0,80.0,65.0,54.0,78.0,51.0,71.0,80.0,81.0,70.0,62.0
5,0,1,0,140.0,63.0,4650294.0,4,3,2,1,0,6,5,4,3,2,1,1,1,1,0,0,0,1,1,1,0,0,0,0,0,1,1,0,0,0,0,0,0,0,1,0,0,0,0,0,191.0,352.0,558.0,300.0,274.0,151.0,263.0,483.0,467.0,289.0,59.0,80.0,65.0,54.0,78.0,51.0,71.0,80.0,81.0,70.0
6,0,1,0,166.0,63.0,5768280.0,5,4,3,2,1,0,6,5,4,3,0,1,1,1,1,0,0,0,1,1,1,0,0,0,0,0,1,1,0,0,0,0,0,0,0,1,0,0,0,0,140.0,191.0,352.0,558.0,300.0,274.0,151.0,263.0,483.0,467.0,63.0,59.0,80.0,65.0,54.0,78.0,51.0,71.0,80.0,81.0
0,0,0,1,236.0,60.0,7609590.0,6,5,4,3,2,1,0,6,5,4,0,0,1,1,1,1,0,0,0,1,1,1,0,0,0,0,0,1,1,0,0,0,0,0,0,0,1,0,0,0,166.0,140.0,191.0,352.0,558.0,300.0,274.0,151.0,263.0,483.0,63.0,63.0,59.0,80.0,65.0,54.0,78.0,51.0,71.0,80.0
1,1,0,0,613.74,54.0,21798601.0,0,6,5,4,3,2,1,0,6,5,0,0,0,1,1,1,1,0,0,0,0,1,1,0,0,0,0,0,1,1,1,0,0,0,0,0,0,1,0,0,236.0,166.0,140.0,191.0,352.0,558.0,300.0,274.0,151.0,263.0,60.0,63.0,63.0,59.0,80.0,65.0,54.0,78.0,51.0,71.0
2,1,0,0,208.18,78.0,7391529.0,1,0,6,5,4,3,2,1,0,6,1,0,0,0,1,1,1,1,0,0,0,0,1,1,0,0,0,0,0,1,0,1,0,0,0,0,0,0,1,0,613.74,236.0,166.0,140.0,191.0,352.0,558.0,300.0,274.0,151.0,54.0,60.0,63.0,63.0,59.0,80.0,65.0,54.0,78.0,51.0
3,1,0,0,266.27,60.0,8740116.0,2,1,0,6,5,4,3,2,1,0,1,1,0,0,0,1,1,1,1,0,0,0,0,1,1,0,0,0,0,0,0,0,1,0,0,0,0,0,0,1,208.18,613.74,236.0,166.0,140.0,191.0,352.0,558.0,300.0,274.0,78.0,54.0,60.0,63.0,63.0,59.0,80.0,65.0,54.0,78.0
4,1,0,0,223.38,75.0,8059192.0,3,2,1,0,6,5,4,3,2,1,1,1,1,0,0,0,1,1,1,1,0,0,0,0,1,1,0,0,0,0,0,0,0,1,0,0,0,0,0,0,266.27,208.18,613.74,236.0,166.0,140.0,191.0,352.0,558.0,300.0,60.0,78.0,54.0,60.0,63.0,63.0,59.0,80.0,65.0,54.0
5,0,1,0,389.71,65.0,14284911.0,4,3,2,1,0,6,5,4,3,2,1,1,1,1,0,0,0,1,1,1,0,0,0,0,0,1,1,0,0,0,0,0,0,0,1,0,0,0,0,0,223.38,266.27,208.18,613.74,236.0,166.0,140.0,191.0,352.0,558.0,75.0,60.0,78.0,54.0,60.0,63.0,63.0,59.0,80.0,65.0
6,0,1,0,286.74,54.0,11085519.0,5,4,3,2,1,0,6,5,4,3,0,1,1,1,1,0,0,0,1,1,1,0,0,0,0,0,1,1,0,0,0,0,0,0,0,1,0,0,0,0,389.71,223.38,266.27,208.18,613.74,236.0,166.0,140.0,191.0,352.0,65.0,75.0,60.0,78.0,54.0,60.0,63.0,63.0,59.0,80.0
0,1,0,0,212.05,56.0,7233274.0,6,5,4,3,2,1,0,6,5,4,0,0,1,1,1,1,0,0,0,1,1,1,0,0,0,0,0,1,1,0,0,0,0,0,0,0,1,0,0,0,286.74,389.71,223.38,266.27,208.18,613.74,236.0,166.0,140.0,191.0,54.0,65.0,75.0,60.0,78.0,54.0,60.0,63.0,63.0,59.0
1,1,0,0,265.86,65.0,9869352.0,0,6,5,4,3,2,1,0,6,5,1,0,0,1,1,1,1,0,0,0,0,1,1,0,0,0,0,0,1,1,0,0,0,0,0,0,0,1,0,0,212.05,286.74,389.71,223.38,266.27,208.18,613.74,236.0,166.0,140.0,56.0,54.0,65.0,75.0,60.0,78.0,54.0,60.0,63.0,63.0
2,1,0,0,323.62,94.0,11067888.0,1,0,6,5,4,3,2,1,0,6,1,1,0,0,1,1,1,1,0,0,0,0,1,1,0,0,0,0,0,1,0,0,0,0,0,0,0,0,1,0,265.86,212.05,286.74,389.71,223.38,266.27,208.18,613.74,236.0,166.0,65.0,56.0,54.0,65.0,75.0,60.0,78.0,54.0,60.0,63.0
3,1,0,0,132.61,69.0,4679695.0,2,1,0,6,5,4,3,2,1,0,1,1,1,0,0,1,1,1,1,0,0,0,0,1,1,0,0,0,0,0,0,0,0,0,0,0,0,0,0,1,323.62,265.86,212.05,286.74,389.71,223.38,266.27,208.18,613.74,236.0,94.0,65.0,56.0,54.0,65.0,75.0,60.0,78.0,54.0,60.0
4,1,0,0,233.35,46.0,7420136.0,3,2,1,0,6,5,4,3,2,1,1,1,1,1,0,0,1,1,1,1,0,0,0,0,1,1,0,0,0,0,0,0,0,0,0,0,0,0,0,0,132.61,323.62,265.86,212.05,286.74,389.71,223.38,266.27,208.18,613.74,69.0,94.0,65.0,56.0,54.0,65.0,75.0,60.0,78.0,54.0
5,0,1,0,13.34,40.0,543462.0,4,3,2,1,0,6,5,4,3,2,1,1,1,1,1,0,0,1,1,1,0,0,0,0,0,1,1,0,0,0,0,0,0,0,0,0,0,0,0,0,233.35,132.61,323.62,265.86,212.05,286.74,389.71,223.38,266.27,208.18,46.0,69.0,94.0,65.0,56.0,54.0,65.0,75.0,60.0,78.0
6,0,1,0,116.68,67.0,4497098.0,5,4,3,2,1,0,6,5,4,3,0,1,1,1,1,1,0,0,1,1,1,0,0,0,0,0,1,1,0,0,0,0,0,0,0,0,0,0,0,0,13.34,233.35,132.61,323.62,265.86,212.05,286.74,389.71,223.38,266.27,40.0,46.0,69.0,94.0,65.0,56.0,54.0,65.0,75.0,60.0
0,1,0,0,75.21,58.0,2778363.0,6,5,4,3,2,1,0,6,5,4,0,0,1,1,1,1,1,0,0,1,1,1,0,0,0,0,0,1,1,0,0,0,0,0,0,0,0,0,0,0,116.68,13.34,233.35,132.61,323.62,265.86,212.05,286.74,389.71,223.38,67.0,40.0,46.0,69.0,94.0,65.0,56.0,54.0,65.0,75.0
1,1,0,0,81.93,65.0,3181429.0,0,6,5,4,3,2,1,0,6,5,1,0,0,1,1,1,1,1,0,0,0,1,1,0,0,0,0,0,1,1,0,0,0,0,0,0,0,0,0,0,75.21,116.68,13.34,233.35,132.61,323.62,265.86,212.05,286.74,389.71,58.0,67.0,40.0,46.0,69.0,94.0,65.0,56.0,54.0,65.0
2,1,0,0,418.98,74.0,16767536.0,1,0,6,5,4,3,2,1,0,6,1,1,0,0,1,1,1,1,1,0,0,0,1,1,0,0,0,0,0,1,0,0,0,0,0,0,0,0,0,0,81.93,75.21,116.68,13.34,233.35,132.61,323.62,265.86,212.05,286.74,65.0,58.0,67.0,40.0,46.0,69.0,94.0,65.0,56.0,54.0
3,1,0,0,154.34,71.0,5720851.0,2,1,0,6,5,4,3,2,1,0,1,1,1,0,0,1,1,1,1,1,0,0,0,1,1,0,0,0,0,0,0,0,0,0,0,0,0,0,0,0,418.98,81.93,75.21,116.68,13.34,233.35,132.61,323.62,265.86,212.05,74.0,65.0,58.0,67.0,40.0,46.0,69.0,94.0,65.0,56.0
4,1,0,0,84.37,56.0,2948469.0,3,2,1,0,6,5,4,3,2,1,1,1,1,1,0,0,1,1,1,1,0,0,0,0,1,1,0,0,0,0,0,0,0,0,0,0,0,0,0,0,154.34,418.98,81.93,75.21,116.68,13.34,233.35,132.61,323.62,265.86,71.0,74.0,65.0,58.0,67.0,40.0,46.0,69.0,94.0,65.0
5,0,1,0,63.79,42.0,2510532.0,4,3,2,1,0,6,5,4,3,2,1,1,1,1,1,0,0,1,1,1,0,0,0,0,0,1,1,0,0,0,0,0,0,0,0,0,0,0,0,0,84.37,154.34,418.98,81.93,75.21,116.68,13.34,233.35,132.61,323.62,56.0,71.0,74.0,65.0,58.0,67.0,40.0,46.0,69.0,94.0
6,0,0,1,174.62,74.0,7420687.0,5,4,3,2,1,0,6,5,4,3,0,1,1,1,1,1,0,0,1,1,1,0,0,0,0,0,1,1,0,0,0,0,0,0,0,0,0,0,0,0,63.79,84.37,154.34,418.98,81.93,75.21,116.68,13.34,233.35,132.61,42.0,56.0,71.0,74.0,65.0,58.0,67.0,40.0,46.0,69.0
0,1,0,0,219.74,71.0,7201779.0,6,5,4,3,2,1,0,6,5,4,0,0,1,1,1,1,1,0,0,1,0,1,0,0,0,0,0,1,1,0,1,0,0,0,0,0,0,0,0,0,174.62,63.79,84.37,154.34,418.98,81.93,75.21,116.68,13.34,233.35,74.0,42.0,56.0,71.0,74.0,65.0,58.0,67.0,40.0,46.0
1,1,0,0,105.73,37.0,3960333.0,0,6,5,4,3,2,1,0,6,5,1,0,0,1,1,1,1,1,0,0,0,0,1,0,0,0,0,0,1,1,0,1,0,0,0,0,0,0,0,0,219.74,174.62,63.79,84.37,154.34,418.98,81.93,75.21,116.68,13.34,71.0,74.0,42.0,56.0,71.0,74.0,65.0,58.0,67.0,40.0
2,1,0,0,246.9,71.0,8845282.0,1,0,6,5,4,3,2,1,0,6,1,1,0,0,1,1,1,1,1,0,0,0,0,1,0,0,0,0,0,1,0,0,1,0,0,0,0,0,0,0,105.73,219.74,174.62,63.79,84.37,154.34,418.98,81.93,75.21,116.68,37.0,71.0,74.0,42.0,56.0,71.0,74.0,65.0,58.0,67.0
3,1,0,0,116.68,67.0,4497098.0,2,1,0,6,5,4,3,2,1,0,1,1,1,0,0,1,1,1,1,1,0,0,0,0,1,0,0,0,0,0,0,0,0,1,0,0,0,0,0,0,246.9,105.73,219.74,174.62,63.79,84.37,154.34,418.98,81.93,75.21,71.0,37.0,71.0,74.0,42.0,56.0,71.0,74.0,65.0,58.0
4,1,0,0,184.01,71.0,5751842.0,3,2,1,0,6,5,4,3,2,1,1,1,1,1,0,0,1,1,1,1,0,0,0,0,0,1,0,0,0,0,0,0,0,0,1,0,0,0,0,0,116.68,246.9,105.73,219.74,174.62,63.79,84.37,154.34,418.98,81.93,67.0,71.0,37.0,71.0,74.0,42.0,56.0,71.0,74.0,65.0
5,0,1,0,120.6,67.0,4736074.0,4,3,2,1,0,6,5,4,3,2,1,1,1,1,1,0,0,1,1,1,0,0,0,0,0,0,1,0,0,0,0,0,0,0,0,1,0,0,0,0,184.01,116.68,246.9,105.73,219.74,174.62,63.79,84.37,154.34,418.98,71.0,67.0,71.0,37.0,71.0,74.0,42.0,56.0,71.0,74.0
6,0,1,0,103.79,62.0,3771879.0,5,4,3,2,1,0,6,5,4,3,0,1,1,1,1,1,0,0,1,1,1,0,0,0,0,0,0,1,0,0,0,0,0,0,0,0,1,0,0,0,120.6,184.01,116.68,246.9,105.73,219.74,174.62,63.79,84.37,154.34,67.0,71.0,67.0,71.0,37.0,71.0,74.0,42.0,56.0,71.0
0,1,0,0,131.92,67.0,4441990.0,6,5,4,3,2,1,0,6,5,4,0,0,1,1,1,1,1,0,0,1,1,1,0,0,0,0,0,0,1,0,0,0,0,0,0,0,0,1,0,0,103.79,120.6,184.01,116.68,246.9,105.73,219.74,174.62,63.79,84.37,62.0,67.0,71.0,67.0,71.0,37.0,71.0,74.0,42.0,56.0
1,1,0,0,100.39,59.0,4133726.0,0,6,5,4,3,2,1,0,6,5,1,0,0,1,1,1,1,1,0,0,0,1,1,0,0,0,0,0,0,1,0,0,0,0,0,0,0,0,1,0,131.92,103.79,120.6,184.01,116.68,246.9,105.73,219.74,174.62,63.79,67.0,62.0,67.0,71.0,67.0,71.0,37.0,71.0,74.0,42.0
2,1,0,0,224.29,72.0,7856802.0,1,0,6,5,4,3,2,1,0,6,1,1,0,0,1,1,1,1,1,0,0,0,1,1,0,0,0,0,0,0,0,0,0,0,0,0,0,0,0,1,100.39,131.92,103.79,120.6,184.01,116.68,246.9,105.73,219.74,174.62,59.0,67.0,62.0,67.0,71.0,67.0,71.0,37.0,71.0,74.0
3,1,0,0,96.92,75.0,3494231.0,2,1,0,6,5,4,3,2,1,0,1,1,1,0,0,1,1,1,1,1,0,0,0,1,1,0,0,0,0,0,0,0,0,0,0,0,0,0,0,0,224.29,100.39,131.92,103.79,120.6,184.01,116.68,246.9,105.73,219.74,72.0,59.0,67.0,62.0,67.0,71.0,67.0,71.0,37.0,71.0
4,1,0,0,105.45,74.0,3663809.0,3,2,1,0,6,5,4,3,2,1,1,1,1,1,0,0,1,1,1,1,0,0,0,0,1,1,0,0,0,0,0,0,0,0,0,0,0,0,0,0,96.92,224.29,100.39,131.92,103.79,120.6,184.01,116.68,246.9,105.73,75.0,72.0,59.0,67.0,62.0,67.0,71.0,67.0,71.0,37.0
5,0,1,0,103.91,74.0,3663779.0,4,3,2,1,0,6,5,4,3,2,1,1,1,1,1,0,0,1,1,1,0,0,0,0,0,1,1,0,0,0,0,0,0,0,0,0,0,0,0,0,105.45,96.92,224.29,100.39,131.92,103.79,120.6,184.01,116.68,246.9,74.0,75.0,72.0,59.0,67.0,62.0,67.0,71.0,67.0,71.0
6,0,1,0,76.3,67.0,2792218.0,5,4,3,2,1,0,6,5,4,3,0,1,1,1,1,1,0,0,1,1,1,0,0,0,0,0,1,1,0,0,0,0,0,0,0,0,0,0,0,0,103.91,105.45,96.92,224.29,100.39,131.92,103.79,120.6,184.01,116.68,74.0,74.0,75.0,72.0,59.0,67.0,62.0,67.0,71.0,67.0
0,1,0,0,198.58,81.0,5953508.0,6,5,4,3,2,1,0,6,5,4,0,0,1,1,1,1,1,0,0,1,1,1,0,0,0,0,0,1,1,0,0,0,0,0,0,0,0,0,0,0,76.3,103.91,105.45,96.92,224.29,100.39,131.92,103.79,120.6,184.01,67.0,74.0,74.0,75.0,72.0,59.0,67.0,62.0,67.0,71.0
1,1,0,0,181.34,68.0,6003685.0,0,6,5,4,3,2,1,0,6,5,1,0,0,1,1,1,1,1,0,0,0,1,1,0,0,0,0,0,1,1,0,0,0,0,0,0,0,0,0,0,198.58,76.3,103.91,105.45,96.92,224.29,100.39,131.92,103.79,120.6,81.0,67.0,74.0,74.0,75.0,72.0,59.0,67.0,62.0,67.0
2,1,0,0,143.7,83.0,4690765.0,1,0,6,5,4,3,2,1,0,6,1,1,0,0,1,1,1,1,1,0,0,0,1,1,0,0,0,0,0,1,0,0,0,0,0,0,0,0,0,0,181.34,198.58,76.3,103.91,105.45,96.92,224.29,100.39,131.92,103.79,68.0,81.0,67.0,74.0,74.0,75.0,72.0,59.0,67.0,62.0
3,0,0,1,146.48,63.0,4308829.0,2,1,0,6,5,4,3,2,1,0,1,1,1,0,0,1,1,1,1,1,0,0,0,1,1,0,0,0,0,0,0,0,0,0,0,0,0,0,0,0,143.7,181.34,198.58,76.3,103.91,105.45,96.92,224.29,100.39,131.92,83.0,68.0,81.0,67.0,74.0,74.0,75.0,72.0,59.0,67.0
4,1,0,0,83.76,72.0,3252400.0,3,2,1,0,6,5,4,3,2,1,0,1,1,1,0,0,1,1,1,1,0,0,0,0,1,1,0,0,0,0,1,0,0,0,0,0,0,0,0,0,146.48,143.7,181.34,198.58,76.3,103.91,105.45,96.92,224.29,100.39,63.0,83.0,68.0,81.0,67.0,74.0,74.0,75.0,72.0,59.0
5,0,1,0,70.68,61.0,2623245.0,4,3,2,1,0,6,5,4,3,2,1,0,1,1,1,0,0,1,1,1,0,0,0,0,0,1,1,0,0,0,0,1,0,0,0,0,0,0,0,0,83.76,146.48,143.7,181.34,198.58,76.3,103.91,105.45,96.92,224.29,72.0,63.0,83.0,68.0,81.0,67.0,74.0,74.0,75.0,72.0
6,0,1,0,161.3,58.0,6704016.0,5,4,3,2,1,0,6,5,4,3,0,1,0,1,1,1,0,0,1,1,1,0,0,0,0,0,1,1,0,0,0,0,1,0,0,0,0,0,0,0,70.68,83.76,146.48,143.7,181.34,198.58,76.3,103.91,105.45,96.92,61.0,72.0,63.0,83.0,68.0,81.0,67.0,74.0,74.0,75.0
0,1,0,0,75.07,61.0,2886819.0,6,5,4,3,2,1,0,6,5,4,0,0,1,0,1,1,1,0,0,1,1,1,0,0,0,0,0,1,1,0,0,0,0,1,0,0,0,0,0,0,161.3,70.68,83.76,146.48,143.7,181.34,198.58,76.3,103.91,105.45,58.0,61.0,72.0,63.0,83.0,68.0,81.0,67.0,74.0,74.0
1,1,0,0,69.24,59.0,2838812.0,0,6,5,4,3,2,1,0,6,5,1,0,0,1,0,1,1,1,0,0,0,1,1,0,0,0,0,0,1,1,0,0,0,0,1,0,0,0,0,0,75.07,161.3,70.68,83.76,146.48,143.7,181.34,198.58,76.3,103.91,61.0,58.0,61.0,72.0,63.0,83.0,68.0,81.0,67.0,74.0
2,1,0,0,140.25,59.0,4633979.0,1,0,6,5,4,3,2,1,0,6,1,1,0,0,1,0,1,1,1,0,0,0,1,1,0,0,0,0,0,1,0,0,0,0,0,1,0,0,0,0,69.24,75.07,161.3,70.68,83.76,146.48,143.7,181.34,198.58,76.3,59.0,61.0,58.0,61.0,72.0,63.0,83.0,68.0,81.0,67.0
3,1,0,0,88.23,71.0,3330296.0,2,1,0,6,5,4,3,2,1,0,1,1,1,0,0,1,0,1,1,1,0,0,0,1,1,0,0,0,0,0,0,0,0,0,0,0,1,0,0,0,140.25,69.24,75.07,161.3,70.68,83.76,146.48,143.7,181.34,198.58,59.0,59.0,61.0,58.0,61.0,72.0,63.0,83.0,68.0,81.0
4,1,0,0,165.46,63.0,5523506.0,3,2,1,0,6,5,4,3,2,1,1,1,1,1,0,0,1,0,1,1,0,0,0,0,1,1,0,0,0,0,0,0,0,0,0,0,0,1,0,0,88.23,140.25,69.24,75.07,161.3,70.68,83.76,146.48,143.7,181.34,71.0,59.0,59.0,61.0,58.0,61.0,72.0,63.0,83.0,68.0
5,0,1,0,117.49,64.0,4435482.0,4,3,2,1,0,6,5,4,3,2,1,1,1,1,1,0,0,1,0,1,0,0,0,0,0,1,1,0,0,0,0,0,0,0,0,0,0,0,1,0,165.46,88.23,140.25,69.24,75.07,161.3,70.68,83.76,146.48,143.7,63.0,71.0,59.0,59.0,61.0,58.0,61.0,72.0,63.0,83.0
6,0,1,0,154.63,58.0,5966877.0,5,4,3,2,1,0,6,5,4,3,0,1,1,1,1,1,0,0,1,0,1,0,0,0,0,0,1,1,0,0,0,0,0,0,0,0,0,0,0,1,117.49,165.46,88.23,140.25,69.24,75.07,161.3,70.68,83.76,146.48,64.0,63.0,71.0,59.0,59.0,61.0,58.0,61.0,72.0,63.0
0,0,0,1,139.87,63.0,5401421.0,6,5,4,3,2,1,0,6,5,4,0,0,1,1,1,1,1,0,0,1,1,1,0,0,0,0,0,1,1,0,0,0,0,0,0,0,0,0,0,0,154.63,117.49,165.46,88.23,140.25,69.24,75.07,161.3,70.68,83.76,58.0,64.0,63.0,71.0,59.0,59.0,61.0,58.0,61.0,72.0
1,1,0,0,302.8,56.0,11223222.0,0,6,5,4,3,2,1,0,6,5,0,0,0,1,1,1,1,1,0,0,0,1,1,0,0,0,0,0,1,1,1,0,0,0,0,0,0,0,0,0,139.87,154.63,117.49,165.46,88.23,140.25,69.24,75.07,161.3,70.68,63.0,58.0,64.0,63.0,71.0,59.0,59.0,61.0,58.0,61.0
2,1,0,0,182.77,86.0,7155566.0,1,0,6,5,4,3,2,1,0,6,1,0,0,0,1,1,1,1,1,0,0,0,1,1,0,0,0,0,0,1,0,1,0,0,0,0,0,0,0,0,302.8,139.87,154.63,117.49,165.46,88.23,140.25,69.24,75.07,161.3,56.0,63.0,58.0,64.0,63.0,71.0,59.0,59.0,61.0,58.0
3,1,0,0,114.15,77.0,4648536.0,2,1,0,6,5,4,3,2,1,0,1,1,0,0,0,1,1,1,1,1,0,0,0,1,1,0,0,0,0,0,0,0,1,0,0,0,0,0,0,0,182.77,302.8,139.87,154.63,117.49,165.46,88.23,140.25,69.24,75.07,86.0,56.0,63.0,58.0,64.0,63.0,71.0,59.0,59.0,61.0
4,1,0,0,70.23,57.0,2521171.0,3,2,1,0,6,5,4,3,2,1,1,1,1,0,0,0,1,1,1,1,0,0,0,0,1,1,0,0,0,0,0,0,0,1,0,0,0,0,0,0,114.15,182.77,302.8,139.87,154.63,117.49,165.46,88.23,140.25,69.24,77.0,86.0,56.0,63.0,58.0,64.0,63.0,71.0,59.0,59.0
5,0,1,0,169.72,92.0,6425002.0,4,3,2,1,0,6,5,4,3,2,1,1,1,1,0,0,0,1,1,1,0,0,0,0,0,1,1,0,0,0,0,0,0,0,1,0,0,0,0,0,70.23,114.15,182.77,302.8,139.87,154.63,117.49,165.46,88.23,140.25,57.0,77.0,86.0,56.0,63.0,58.0,64.0,63.0,71.0,59.0
6,0,1,0,469.27,103.0,19699107.0,5,4,3,2,1,0,6,5,4,3,0,1,1,1,1,0,0,0,1,1,1,0,0,0,0,0,1,1,0,0,0,0,0,0,0,1,0,0,0,0,169.72,70.23,114.15,182.77,302.8,139.87,154.63,117.49,165.46,88.23,92.0,57.0,77.0,86.0,56.0,63.0,58.0,64.0,63.0,71.0
0,1,0,0,72.04,72.0,2795819.0,6,5,4,3,2,1,0,6,5,4,0,0,1,1,1,1,0,0,0,1,1,1,0,0,0,0,0,1,1,0,0,0,0,0,0,0,1,0,0,0,469.27,169.72,70.23,114.15,182.77,302.8,139.87,154.63,117.49,165.46,103.0,92.0,57.0,77.0,86.0,56.0,63.0,58.0,64.0,63.0
1,1,0,0,71.03,70.0,2942487.0,0,6,5,4,3,2,1,0,6,5,1,0,0,1,1,1,1,0,0,0,0,1,1,0,0,0,0,0,1,1,0,0,0,0,0,0,0,1,0,0,72.04,469.27,169.72,70.23,114.15,182.77,302.8,139.87,154.63,117.49,72.0,103.0,92.0,57.0,77.0,86.0,56.0,63.0,58.0,64.0
2,1,0,0,136.55,64.0,4787225.0,1,0,6,5,4,3,2,1,0,6,1,1,0,0,1,1,1,1,0,0,0,0,1,1,0,0,0,0,0,1,0,0,0,0,0,0,0,0,1,0,71.03,72.04,469.27,169.72,70.23,114.15,182.77,302.8,139.87,154.63,70.0,72.0,103.0,92.0,57.0,77.0,86.0,56.0,63.0,58.0
3,1,0,0,121.28,65.0,5390529.0,2,1,0,6,5,4,3,2,1,0,1,1,1,0,0,1,1,1,1,0,0,0,0,1,1,0,0,0,0,0,0,0,0,0,0,0,0,0,0,1,136.55,71.03,72.04,469.27,169.72,70.23,114.15,182.77,302.8,139.87,64.0,70.0,72.0,103.0,92.0,57.0,77.0,86.0,56.0,63.0
4,1,0,0,149.83,81.0,5604368.0,3,2,1,0,6,5,4,3,2,1,1,1,1,1,0,0,1,1,1,1,0,0,0,0,1,1,0,0,0,0,0,0,0,0,0,0,0,0,0,0,121.28,136.55,71.03,72.04,469.27,169.72,70.23,114.15,182.77,302.8,65.0,64.0,70.0,72.0,103.0,92.0,57.0,77.0,86.0,56.0
5,0,1,0,102.16,67.0,4288970.0,4,3,2,1,0,6,5,4,3,2,1,1,1,1,1,0,0,1,1,1,0,0,0,0,0,1,1,0,0,0,0,0,0,0,0,0,0,0,0,0,149.83,121.28,136.55,71.03,72.04,469.27,169.72,70.23,114.15,182.77,81.0,65.0,64.0,70.0,72.0,103.0,92.0,57.0,77.0,86.0
6,0,1,0,99.27,63.0,3934596.0,5,4,3,2,1,0,6,5,4,3,0,1,1,1,1,1,0,0,1,1,1,0,0,0,0,0,1,1,0,0,0,0,0,0,0,0,0,0,0,0,102.16,149.83,121.28,136.55,71.03,72.04,469.27,169.72,70.23,114.15,67.0,81.0,65.0,64.0,70.0,72.0,103.0,92.0,57.0,77.0
0,1,0,0,177.58,70.0,5766884.0,6,5,4,3,2,1,0,6,5,4,0,0,1,1,1,1,1,0,0,1,1,1,0,0,0,0,0,1,1,0,0,0,0,0,0,0,0,0,0,0,99.27,102.16,149.83,121.28,136.55,71.03,72.04,469.27,169.72,70.23,63.0,67.0,81.0,65.0,64.0,70.0,72.0,103.0,92.0,57.0
1,1,0,0,49.04,56.0,1792604.0,0,6,5,4,3,2,1,0,6,5,1,0,0,1,1,1,1,1,0,0,0,1,1,0,0,0,0,0,1,1,0,0,0,0,0,0,0,0,0,0,177.58,99.27,102.16,149.83,121.28,136.55,71.03,72.04,469.27,169.72,70.0,63.0,67.0,81.0,65.0,64.0,70.0,72.0,103.0,92.0
2,1,0,0,129.96,54.0,4953959.0,1,0,6,5,4,3,2,1,0,6,1,1,0,0,1,1,1,1,1,0,0,0,1,1,0,0,0,0,0,1,0,0,0,0,0,0,0,0,0,0,49.04,177.58,99.27,102.16,149.83,121.28,136.55,71.03,72.04,469.27,56.0,70.0,63.0,67.0,81.0,65.0,64.0,70.0,72.0,103.0
3,1,0,0,119.46,77.0,5254253.0,2,1,0,6,5,4,3,2,1,0,1,1,1,0,0,1,1,1,1,1,0,0,0,1,1,0,0,0,0,0,0,0,0,0,0,0,0,0,0,0,129.96,49.04,177.58,99.27,102.16,149.83,121.28,136.55,71.03,72.04,54.0,56.0,70.0,63.0,67.0,81.0,65.0,64.0,70.0,72.0
4,1,0,0,129.31,71.0,5110877.0,3,2,1,0,6,5,4,3,2,1,1,1,1,1,0,0,1,1,1,1,0,0,0,0,1,1,0,0,0,0,0,0,0,0,0,0,0,0,0,0,119.46,129.96,49.04,177.58,99.27,102.16,149.83,121.28,136.55,71.03,77.0,54.0,56.0,70.0,63.0,67.0,81.0,65.0,64.0,70.0
5,0,1,0,196.6,74.0,8112256.0,4,3,2,1,0,6,5,4,3,2,1,1,1,1,1,0,0,1,1,1,0,0,0,0,0,1,1,0,0,0,0,0,0,0,0,0,0,0,0,0,129.31,119.46,129.96,49.04,177.58,99.27,102.16,149.83,121.28,136.55,71.0,77.0,54.0,56.0,70.0,63.0,67.0,81.0,65.0,64.0
6,0,1,0,63.35,61.0,2964295.0,5,4,3,2,1,0,6,5,4,3,0,1,1,1,1,1,0,0,1,1,1,0,0,0,0,0,1,1,0,0,0,0,0,0,0,0,0,0,0,0,196.6,129.31,119.46,129.96,49.04,177.58,99.27,102.16,149.83,121.28,74.0,71.0,77.0,54.0,56.0,70.0,63.0,67.0,81.0,65.0
0,1,0,0,161.09,67.0,7193877.0,6,5,4,3,2,1,0,6,5,4,0,0,1,1,1,1,1,0,0,1,1,1,0,0,0,0,0,1,1,0,0,0,0,0,0,0,0,0,0,0,63.35,196.6,129.31,119.46,129.96,49.04,177.58,99.27,102.16,149.83,61.0,74.0,71.0,77.0,54.0,56.0,70.0,63.0,67.0,81.0
1,1,0,0,89.66,84.0,3966190.0,0,6,5,4,3,2,1,0,6,5,1,0,0,1,1,1,1,1,0,0,0,1,1,0,0,0,0,0,1,1,0,0,0,0,0,0,0,0,0,0,161.09,63.35,196.6,129.31,119.46,129.96,49.04,177.58,99.27,102.16,67.0,61.0,74.0,71.0,77.0,54.0,56.0,70.0,63.0,67.0
2,1,0,0,114.26,71.0,4952339.0,1,0,6,5,4,3,2,1,0,6,1,1,0,0,1,1,1,1,1,0,0,0,1,1,0,0,0,0,0,1,0,0,0,0,0,0,0,0,0,0,89.66,161.09,63.35,196.6,129.31,119.46,129.96,49.04,177.58,99.27,84.0,67.0,61.0,74.0,71.0,77.0,54.0,56.0,70.0,63.0
3,1,0,0,113.18,73.0,4886751.0,2,1,0,6,5,4,3,2,1,0,1,1,1,0,0,1,1,1,1,1,0,0,0,1,1,0,0,0,0,0,0,0,0,0,0,0,0,0,0,0,114.26,89.66,161.09,63.35,196.6,129.31,119.46,129.96,49.04,177.58,71.0,84.0,67.0,61.0,74.0,71.0,77.0,54.0,56.0,70.0
4,1,0,0,124.84,75.0,5844033.0,3,2,1,0,6,5,4,3,2,1,1,1,1,1,0,0,1,1,1,1,0,0,0,0,1,1,0,0,0,0,0,0,0,0,0,0,0,0,0,0,113.18,114.26,89.66,161.09,63.35,196.6,129.31,119.46,129.96,49.04,73.0,71.0,84.0,67.0,61.0,74.0,71.0,77.0,54.0,56.0
5,0,1,0,211.55,109.0,9764770.0,4,3,2,1,0,6,5,4,3,2,1,1,1,1,1,0,0,1,1,1,0,0,0,0,0,1,1,0,0,0,0,0,0,0,0,0,0,0,0,0,124.84,113.18,114.26,89.66,161.09,63.35,196.6,129.31,119.46,129.96,75.0,73.0,71.0,84.0,67.0,61.0,74.0,71.0,77.0,54.0
6,0,1,0,212.39,133.0,10613076.0,5,4,3,2,1,0,6,5,4,3,0,1,1,1,1,1,0,0,1,1,1,0,0,0,0,0,1,1,0,0,0,0,0,0,0,0,0,0,0,0,211.55,124.84,113.18,114.26,89.66,161.09,63.35,196.6,129.31,119.46,109.0,75.0,73.0,71.0,84.0,67.0,61.0,74.0,71.0,77.0
0,1,0,0,57.86,66.0,2815715.0,6,5,4,3,2,1,0,6,5,4,0,0,1,1,1,1,1,0,0,1,1,1,0,0,0,0,0,1,1,0,0,0,0,0,0,0,0,0,0,0,212.39,211.55,124.84,113.18,114.26,89.66,161.09,63.35,196.6,129.31,133.0,109.0,75.0,73.0,71.0,84.0,67.0,61.0,74.0,71.0
1,1,0,0,43.11,59.0,2108260.0,0,6,5,4,3,2,1,0,6,5,1,0,0,1,1,1,1,1,0,0,0,1,1,0,0,0,0,0,1,1,0,0,0,0,0,0,0,0,0,0,57.86,212.39,211.55,124.84,113.18,114.26,89.66,161.09,63.35,196.6,66.0,133.0,109.0,75.0,73.0,71.0,84.0,67.0,61.0,74.0
2,1,0,0,200.06,76.0,7952845.0,1,0,6,5,4,3,2,1,0,6,1,1,0,0,1,1,1,1,1,0,0,0,1,1,0,0,0,0,0,1,0,0,0,0,0,0,0,0,0,0,43.11,57.86,212.39,211.55,124.84,113.18,114.26,89.66,161.09,63.35,59.0,66.0,133.0,109.0,75.0,73.0,71.0,84.0,67.0,61.0
3,1,0,0,70.59,54.0,2744126.0,2,1,0,6,5,4,3,2,1,0,1,1,1,0,0,1,1,1,1,1,0,0,0,1,1,0,0,0,0,0,0,0,0,0,0,0,0,0,0,0,200.06,43.11,57.86,212.39,211.55,124.84,113.18,114.26,89.66,161.09,76.0,59.0,66.0,133.0,109.0,75.0,73.0,71.0,84.0,67.0
4,1,0,0,273.09,85.0,11976864.0,3,2,1,0,6,5,4,3,2,1,1,1,1,1,0,0,1,1,1,1,0,0,0,0,1,1,0,0,0,0,0,0,0,0,0,0,0,0,0,0,70.59,200.06,43.11,57.86,212.39,211.55,124.84,113.18,114.26,89.66,54.0,76.0,59.0,66.0,133.0,109.0,75.0,73.0,71.0,84.0
5,0,1,0,170.97,69.0,6009079.0,4,3,2,1,0,6,5,4,3,2,1,1,1,1,1,0,0,1,1,1,0,0,0,0,0,1,1,0,0,0,0,0,0,0,0,0,0,0,0,0,273.09,70.59,200.06,43.11,57.86,212.39,211.55,124.84,113.18,114.26,85.0,54.0,76.0,59.0,66.0,133.0,109.0,75.0,73.0,71.0
6,0,1,0,89.94,78.0,3983449.0,5,4,3,2,1,0,6,5,4,3,0,1,1,1,1,1,0,0,1,1,1,0,0,0,0,0,1,1,0,0,0,0,0,0,0,0,0,0,0,0,170.97,273.09,70.59,200.06,43.11,57.86,212.39,211.55,124.84,113.18,69.0,85.0,54.0,76.0,59.0,66.0,133.0,109.0,75.0,73.0
0,1,0,0,230.0,60.0,9914938.0,6,5,4,3,2,1,0,6,5,4,0,0,1,1,1,1,1,0,0,1,1,1,0,0,0,0,0,1,1,0,0,0,0,0,0,0,0,0,0,0,89.94,170.97,273.09,70.59,200.06,43.11,57.86,212.39,211.55,124.84,78.0,69.0,85.0,54.0,76.0,59.0,66.0,133.0,109.0,75.0
1,1,0,0,113.17,69.0,5814389.0,0,6,5,4,3,2,1,0,6,5,1,0,0,1,1,1,1,1,0,0,0,1,1,0,0,0,0,0,1,1,0,0,0,0,0,0,0,0,0,0,230.0,89.94,170.97,273.09,70.59,200.06,43.11,57.86,212.39,211.55,60.0,78.0,69.0,85.0,54.0,76.0,59.0,66.0,133.0,109.0
2,1,0,0,194.67,57.0,8156226.0,1,0,6,5,4,3,2,1,0,6,1,1,0,0,1,1,1,1,1,0,0,0,1,1,0,0,0,0,0,1,0,0,0,0,0,0,0,0,0,0,113.17,230.0,89.94,170.97,273.09,70.59,200.06,43.11,57.86,212.39,69.0,60.0,78.0,69.0,85.0,54.0,76.0,59.0,66.0,133.0
3,1,0,0,129.79,66.0,5060644.0,2,1,0,6,5,4,3,2,1,0,1,1,1,0,0,1,1,1,1,1,0,0,0,1,1,0,0,0,0,0,0,0,0,0,0,0,0,0,0,0,194.67,113.17,230.0,89.94,170.97,273.09,70.59,200.06,43.11,57.86,57.0,69.0,60.0,78.0,69.0,85.0,54.0,76.0,59.0,66.0
4,1,0,0,242.96,83.0,10564306.0,3,2,1,0,6,5,4,3,2,1,1,1,1,1,0,0,1,1,1,1,0,0,0,0,1,1,0,0,0,0,0,0,0,0,0,0,0,0,0,0,129.79,194.67,113.17,230.0,89.94,170.97,273.09,70.59,200.06,43.11,66.0,57.0,69.0,60.0,78.0,69.0,85.0,54.0,76.0,59.0
5,0,1,0,194.37,99.0,8349864.0,4,3,2,1,0,6,5,4,3,2,1,1,1,1,1,0,0,1,1,1,0,0,0,0,0,1,1,0,0,0,0,0,0,0,0,0,0,0,0,0,242.96,129.79,194.67,113.17,230.0,89.94,170.97,273.09,70.59,200.06,83.0,66.0,57.0,69.0,60.0,78.0,69.0,85.0,54.0,76.0
6,0,1,0,210.6,99.0,8365892.0,5,4,3,2,1,0,6,5,4,3,0,1,1,1,1,1,0,0,1,1,1,0,0,0,0,0,1,1,0,0,0,0,0,0,0,0,0,0,0,0,194.37,242.96,129.79,194.67,113.17,230.0,89.94,170.97,273.09,70.59,99.0,83.0,66.0,57.0,69.0,60.0,78.0,69.0,85.0,54.0
0,1,0,0,298.24,82.0,12617287.0,6,5,4,3,2,1,0,6,5,4,0,0,1,1,1,1,1,0,0,1,1,1,0,0,0,0,0,1,1,0,0,0,0,0,0,0,0,0,0,0,210.6,194.37,242.96,129.79,194.67,113.17,230.0,89.94,170.97,273.09,99.0,99.0,83.0,66.0,57.0,69.0,60.0,78.0,69.0,85.0
1,1,0,0,64.96,63.0,2670439.0,0,6,5,4,3,2,1,0,6,5,1,0,0,1,1,1,1,1,0,0,0,1,1,0,0,0,0,0,1,1,0,0,0,0,0,0,0,0,0,0,298.24,210.6,194.37,242.96,129.79,194.67,113.17,230.0,89.94,170.97,82.0,99.0,99.0,83.0,66.0,57.0,69.0,60.0,78.0,69.0
