FECHA.CONEXION,AREA,NOMBRE.ZONA,COMUNA,MODEL,es_festivo,tipo_dia,dia_semana,LATITUD,LONGITUD,NUMERO.CONEXIONES,USAGE.KB,PORCENTAJE.USO
2024-01-01,URBANA,044_ZW Polideportivo San Benito,0.0,MR76,True,Festivo,Lunes,34.307.035,-765.122.692,-0.8181818181818182,-0.006032369622758348,"0,8"
2024-01-02,URBANA,044_ZW Polideportivo San Benito,0.0,MR76,False,Laboral,Martes,34.307.035,-765.122.692,-0.8181818181818182,-0.006392271383448132,"0,7"
2024-01-03,URBANA,044_ZW Polideportivo San Benito,0.0,MR76,False,Laboral,Miércoles,34.307.035,-765.122.692,-0.5454545454545454,-0.006242616493100453,"0,5"
2024-01-04,URBANA,044_ZW Polideportivo San Benito,0.0,MR76,False,Laboral,Jueves,34.307.035,-765.122.692,-0.6363636363636364,-0.0034521003060077496,"1,3"
2024-01-05,URBANA,044_ZW Polideportivo San Benito,0.0,MR76,False,Laboral,Viernes,34.307.035,-765.122.692,-1.0909090909090908,-0.00492492343418552,"0,9"
2024-01-06,URBANA,044_ZW Polideportivo San Benito,0.0,MR76,False,Fin de Semana,Sábado,34.307.035,-765.122.692,-0.45454545454545453,-0.00598272800059424,"0,9"
2024-01-07,URBANA,044_ZW Polideportivo San Benito,0.0,MR76,False,Fin de Semana,Domingo,34.307.035,-765.122.692,-1.0909090909090908,-0.005991123274930817,"0,7"
2024-01-08,URBANA,044_ZW Polideportivo San Benito,0.0,MR76,True,Festivo,Lunes,34.307.035,-765.122.692,-0.9090909090909091,0.7339479160830278,"129,0"
2024-01-09,URBANA,044_ZW Polideportivo San Benito,0.0,MR76,False,Laboral,Martes,34.307.035,-765.122.692,-1.3636363636363635,0.13280502723627752,"29,9"
2024-01-10,URBANA,044_ZW Polideportivo San Benito,0.0,MR76,False,Laboral,Miércoles,34.307.035,-765.122.692,-0.2727272727272727,0.006639384458485643,"3,5"
2024-01-11,URBANA,044_ZW Polideportivo San Benito,0.0,MR76,False,Laboral,Jueves,34.307.035,-765.122.692,-0.2727272727272727,-0.0037010384406836456,"1,2"
2024-01-12,URBANA,044_ZW Polideportivo San Benito,0.0,MR76,False,Laboral,Viernes,34.307.035,-765.122.692,-0.36363636363636365,0.2871576210931633,"69,8"
2024-01-13,URBANA,044_ZW Polideportivo San Benito,0.0,MR76,False,Fin de Semana,Sábado,34.307.035,-765.122.692,-1.0,0.8761116666389865,"269,2"
2024-01-14,URBANA,044_ZW Polideportivo San Benito,0.0,MR76,False,Fin de Semana,Domingo,34.307.035,-765.122.692,0.09090909090909091,0.8614973190786442,"301,2"
2024-01-15,URBANA,044_ZW Polideportivo San Benito,0.0,MR76,False,Laboral,Lunes,34.307.035,-765.122.692,-0.18181818181818182,0.9012175520365566,"360,3"
2024-01-16,URBANA,044_ZW Polideportivo San Benito,0.0,MR76,False,Laboral,Martes,34.307.035,-765.122.692,-0.2727272727272727,0.7749763517897356,"251,0"
2024-01-17,URBANA,044_ZW Polideportivo San Benito,0.0,MR76,False,Laboral,Miércoles,34.307.035,-765.122.692,0.36363636363636365,0.13474105050067772,"39,3"
2024-01-18,URBANA,044_ZW Polideportivo San Benito,0.0,MR76,False,Laboral,Jueves,34.307.035,-765.122.692,0.09090909090909091,-0.002131852163599076,"1,5"
2024-01-19,URBANA,044_ZW Polideportivo San Benito,0.0,MR76,False,Laboral,Viernes,34.307.035,-765.122.692,-1.0909090909090908,-0.007958172553183606,"0,1"
2024-01-20,URBANA,044_ZW Polideportivo San Benito,0.0,MR76,False,Fin de Semana,Sábado,34.307.035,-765.122.692,0.36363636363636365,-0.003281639735782466,"1,1"
2024-01-21,URBANA,044_ZW Polideportivo San Benito,0.0,MR76,False,Fin de Semana,Domingo,34.307.035,-765.122.692,-0.36363636363636365,8.577780300415767e-06,"1,8"
2024-01-22,URBANA,044_ZW Polideportivo San Benito,0.0,MR76,False,Laboral,Lunes,34.307.035,-765.122.692,0.2727272727272727,1.5053309079507446,"395,5"
2024-01-23,URBANA,044_ZW Polideportivo San Benito,0.0,MR76,False,Laboral,Martes,34.307.035,-765.122.692,-1.0909090909090908,0.31335197205906695,"81,7"
2024-01-24,URBANA,044_ZW Polideportivo San Benito,0.0,MR76,False,Laboral,Miércoles,34.307.035,-765.122.692,0.18181818181818182,0.7774701132796267,"172,2"
2024-01-25,URBANA,044_ZW Polideportivo San Benito,0.0,MR76,False,Laboral,Jueves,34.307.035,-765.122.692,-0.5454545454545454,2.019577597246934,"371,7"
2024-01-26,URBANA,044_ZW Polideportivo San Benito,0.0,MR76,False,Laboral,Viernes,34.307.035,-765.122.692,0.18181818181818182,2.5396060754775314,"506,8"
2024-01-27,URBANA,044_ZW Polideportivo San Benito,0.0,MR76,False,Fin de Semana,Sábado,34.307.035,-765.122.692,-0.5454545454545454,1.7687424955828994,"392,3"
2024-01-28,URBANA,044_ZW Polideportivo San Benito,0.0,MR76,False,Fin de Semana,Domingo,34.307.035,-765.122.692,0.2727272727272727,3.0547499640919518,"816,5"
2024-01-29,URBANA,044_ZW Polideportivo San Benito,0.0,MR76,False,Laboral,Lunes,34.307.035,-765.122.692,-1.4545454545454546,2.144719381567591,"506,8"
2024-01-30,URBANA,044_ZW Polideportivo San Benito,0.0,MR76,False,Laboral,Martes,34.307.035,-765.122.692,-0.36363636363636365,1.873347248804723,"569,6"
2024-01-31,URBANA,044_ZW Polideportivo San Benito,0.0,MR76,False,Laboral,Miércoles,34.307.035,-765.122.692,-0.45454545454545453,1.9109015009837984,"503,5"
2024-02-01,URBANA,044_ZW Polideportivo San Benito,0.0,MR76,False,Laboral,Jueves,34.307.035,-765.122.692,-0.45454545454545453,1.9036231631459137,"376,6"
2024-02-02,URBANA,044_ZW Polideportivo San Benito,0.0,MR76,False,Laboral,Viernes,34.307.035,-765.122.692,-0.7272727272727273,1.9328412729206959,"556,8"
2024-02-03,URBANA,044_ZW Polideportivo San Benito,0.0,MR76,False,Fin de Semana,Sábado,34.307.035,-765.122.692,-0.45454545454545453,1.9507615335100112,"302,5"
2024-02-04,URBANA,044_ZW Polideportivo San Benito,0.0,MR76,False,Fin de Semana,Domingo,34.307.035,-765.122.692,0.36363636363636365,3.372753100639446,"579,2"
2024-02-05,URBANA,044_ZW Polideportivo San Benito,0.0,MR76,False,Laboral,Lunes,34.307.035,-765.122.692,0.45454545454545453,2.0857805405936154,"381,2"
2024-02-06,URBANA,044_ZW Polideportivo San Benito,0.0,MR76,False,Laboral,Martes,34.307.035,-765.122.692,-0.6363636363636364,3.284280414573247,"603,7"
2024-02-07,URBANA,044_ZW Polideportivo San Benito,0.0,MR76,False,Laboral,Miércoles,34.307.035,-765.122.692,0.18181818181818182,2.637804869368619,"439,2"
2024-02-08,URBANA,044_ZW Polideportivo San Benito,0.0,MR76,False,Laboral,Jueves,34.307.035,-765.122.692,1.1818181818181819,3.763227165355696,"760,5"
2024-02-09,URBANA,044_ZW Polideportivo San Benito,0.0,MR76,False,Laboral,Viernes,34.307.035,-765.122.692,0.6363636363636364,2.0750809459576116,"474,4"
2024-02-10,URBANA,044_ZW Polideportivo San Benito,0.0,MR76,False,Fin de Semana,Sábado,34.307.035,-765.122.692,1.6363636363636365,5.366268298732332,"921,9"
2024-02-11,URBANA,044_ZW Polideportivo San Benito,0.0,MR76,False,Fin de Semana,Domingo,34.307.035,-765.122.692,0.18181818181818182,2.3812722965254696,"487,2"
2024-02-12,URBANA,044_ZW Polideportivo San Benito,0.0,MR76,False,Laboral,Lunes,34.307.035,-765.122.692,0.8181818181818182,0.006821525410396598,"4,1"
2024-02-13,URBANA,044_ZW Polideportivo San Benito,0.0,MR76,False,Laboral,Martes,34.307.035,-765.122.692,0.36363636363636365,0.002914437736539136,"3,6"
2024-02-14,URBANA,044_ZW Polideportivo San Benito,0.0,MR76,False,Laboral,Miércoles,34.307.035,-765.122.692,0.2727272727272727,0.7513527798304629,"275,6"
2024-02-15,URBANA,044_ZW Polideportivo San Benito,0.0,MR76,False,Laboral,Jueves,34.307.035,-765.122.692,0.09090909090909091,2.9589193675876344,"696,2"
2024-02-16,URBANA,044_ZW Polideportivo San Benito,0.0,MR76,False,Laboral,Viernes,34.307.035,-765.122.692,1.1818181818181819,2.039371099049089,"532,1"
2024-02-17,URBANA,044_ZW Polideportivo San Benito,0.0,MR76,False,Fin de Semana,Sábado,34.307.035,-765.122.692,0.0,2.6220027729956144,"681,5"
2024-02-18,URBANA,044_ZW Polideportivo San Benito,0.0,MR76,False,Fin de Semana,Domingo,34.307.035,-765.122.692,0.6363636363636364,3.727900215959307,"790,9"
2024-02-19,URBANA,044_ZW Polideportivo San Benito,0.0,MR76,False,Laboral,Lunes,34.307.035,-765.122.692,0.2727272727272727,1.0222489370396401,"192,7"
2024-02-20,URBANA,044_ZW Polideportivo San Benito,0.0,MR76,False,Laboral,Martes,34.307.035,-765.122.692,0.18181818181818182,-0.0023369888669536997,"1,4"
2024-02-21,URBANA,044_ZW Polideportivo San Benito,0.0,MR76,False,Laboral,Miércoles,34.307.035,-765.122.692,0.18181818181818182,2.8950086991467665,"689,5"
2024-02-22,URBANA,044_ZW Polideportivo San Benito,0.0,MR76,False,Laboral,Jueves,34.307.035,-765.122.692,-0.2727272727272727,2.5429265889836117,"456,7"
2024-02-23,URBANA,044_ZW Polideportivo San Benito,0.0,MR76,False,Laboral,Viernes,34.307.035,-765.122.692,1.2727272727272727,4.272022766523953,"824,3"
2024-02-24,URBANA,044_ZW Polideportivo San Benito,0.0,MR76,False,Fin de Semana,Sábado,34.307.035,-765.122.692,0.5454545454545454,5.359265179887916,"1171,0"
2024-02-25,URBANA,044_ZW Polideportivo San Benito,0.0,MR76,False,Fin de Semana,Domingo,34.307.035,-765.122.692,1.8181818181818181,0.980497047692276,"154,3"
2024-02-26,URBANA,044_ZW Polideportivo San Benito,0.0,MR76,False,Laboral,Lunes,34.307.035,-765.122.692,-0.18181818181818182,-0.0008130640689011115,"1,9"
2024-02-27,URBANA,044_ZW Polideportivo San Benito,0.0,MR76,False,Laboral,Martes,34.307.035,-765.122.692,0.5454545454545454,-0.003839742973201007,"1,1"
2024-02-28,URBANA,044_ZW Polideportivo San Benito,0.0,MR76,False,Laboral,Miércoles,34.307.035,-765.122.692,0.45454545454545453,-0.004881122002864249,"0,6"
2024-02-29,URBANA,044_ZW Polideportivo San Benito,0.0,MR76,False,Laboral,Jueves,34.307.035,-765.122.692,-0.18181818181818182,-0.0023457491532179542,"2,2"
2024-03-01,URBANA,044_ZW Polideportivo San Benito,0.0,MR76,False,Laboral,Viernes,34.307.035,-765.122.692,1.0,-0.0055720895819573145,"0,7"
2024-03-02,URBANA,044_ZW Polideportivo San Benito,0.0,MR76,False,Fin de Semana,Sábado,34.307.035,-765.122.692,-1.0,0.0036707424506864325,"3,3"
2024-03-03,URBANA,044_ZW Polideportivo San Benito,0.0,MR76,False,Fin de Semana,Domingo,34.307.035,-765.122.692,0.2727272727272727,-5.85844143922013e-05,"1,7"
2024-03-04,URBANA,044_ZW Polideportivo San Benito,0.0,MR76,False,Laboral,Lunes,34.307.035,-765.122.692,-0.2727272727272727,-0.0049030227185248845,"0,7"
2024-03-05,URBANA,044_ZW Polideportivo San Benito,0.0,MR76,False,Laboral,Martes,34.307.035,-765.122.692,0.6363636363636364,-0.004984055366469238,"0,7"
2024-03-06,URBANA,044_ZW Polideportivo San Benito,0.0,MR76,False,Laboral,Miércoles,34.307.035,-765.122.692,0.45454545454545453,-0.002954589048583635,"1,3"
2024-03-07,URBANA,044_ZW Polideportivo San Benito,0.0,MR76,False,Laboral,Jueves,34.307.035,-765.122.692,0.8181818181818182,-0.003511232238291467,"1,3"
2024-03-08,URBANA,044_ZW Polideportivo San Benito,0.0,MR76,False,Laboral,Viernes,34.307.035,-765.122.692,1.6363636363636365,-0.0029487488577407987,"1,4"
2024-03-09,URBANA,044_ZW Polideportivo San Benito,0.0,MR76,False,Fin de Semana,Sábado,34.307.035,-765.122.692,-0.5454545454545454,-0.003887924547654406,"1,3"
2024-03-10,URBANA,044_ZW Polideportivo San Benito,0.0,MR76,False,Fin de Semana,Domingo,34.307.035,-765.122.692,-0.2727272727272727,0.7187904307743016,"208,8"
2024-03-11,URBANA,044_ZW Polideportivo San Benito,0.0,MR76,False,Laboral,Lunes,34.307.035,-765.122.692,-0.09090909090909091,2.4344749750559975,"712,1"
2024-03-12,URBANA,044_ZW Polideportivo San Benito,0.0,MR76,False,Laboral,Martes,34.307.035,-765.122.692,-0.09090909090909091,2.161193829911377,"674,2"
2024-03-13,URBANA,044_ZW Polideportivo San Benito,0.0,MR76,False,Laboral,Miércoles,34.307.035,-765.122.692,0.09090909090909091,1.963649739664368,"729,9"
2024-03-14,URBANA,044_ZW Polideportivo San Benito,0.0,MR76,False,Laboral,Jueves,34.307.035,-765.122.692,0.2727272727272727,4.286117337099283,"1212,7"
2024-03-15,URBANA,044_ZW Polideportivo San Benito,0.0,MR76,False,Laboral,Viernes,34.307.035,-765.122.692,0.8181818181818182,3.2349899338835644,"682,1"
2024-03-16,URBANA,044_ZW Polideportivo San Benito,0.0,MR76,False,Fin de Semana,Sábado,34.307.035,-765.122.692,0.45454545454545453,0.8216496969579723,"201,1"
2024-03-17,URBANA,044_ZW Polideportivo San Benito,0.0,MR76,False,Fin de Semana,Domingo,34.307.035,-765.122.692,-0.2727272727272727,0.05862985837719712,"14,2"
2024-03-18,URBANA,044_ZW Polideportivo San Benito,0.0,MR76,False,Laboral,Lunes,34.307.035,-765.122.692,-0.36363636363636365,0.0029345133925613854,"2,6"
2024-03-19,URBANA,044_ZW Polideportivo San Benito,0.0,MR76,False,Laboral,Martes,34.307.035,-765.122.692,-0.09090909090909091,-0.0054326550255845985,"1,1"
2024-03-20,URBANA,044_ZW Polideportivo San Benito,0.0,MR76,False,Laboral,Miércoles,34.307.035,-765.122.692,0.0,-0.003489696534558508,"2,1"
2024-03-21,URBANA,044_ZW Polideportivo San Benito,0.0,MR76,False,Laboral,Jueves,34.307.035,-765.122.692,0.7272727272727273,-0.0060769010779349745,"0,8"
2024-03-22,URBANA,044_ZW Polideportivo San Benito,0.0,MR76,False,Laboral,Viernes,34.307.035,-765.122.692,0.5454545454545454,-8.577780300415767e-06,"2,4"
2024-03-23,URBANA,044_ZW Polideportivo San Benito,0.0,MR76,False,Fin de Semana,Sábado,34.307.035,-765.122.692,-0.18181818181818182,-0.0068948928078597285,"0,6"
2024-03-24,URBANA,044_ZW Polideportivo San Benito,0.0,MR76,True,Festivo,Domingo,34.307.035,-765.122.692,-0.7272727272727273,-0.00644337305332295,"0,6"
2024-03-25,URBANA,044_ZW Polideportivo San Benito,0.0,MR76,True,Festivo,Lunes,34.307.035,-765.122.692,-0.18181818181818182,-0.007163541586630197,"0,6"
2024-03-26,URBANA,044_ZW Polideportivo San Benito,0.0,MR76,False,Laboral,Martes,34.307.035,-765.122.692,0.36363636363636365,-0.00534833727029115,"1,1"
2024-03-27,URBANA,044_ZW Polideportivo San Benito,0.0,MR76,False,Laboral,Miércoles,34.307.035,-765.122.692,0.9090909090909091,-0.0007824030669762211,"2,6"
2024-03-28,URBANA,044_ZW Polideportivo San Benito,0.0,MR76,True,Festivo,Jueves,34.307.035,-765.122.692,-0.09090909090909091,-0.005908265567348077,"1,1"
2024-03-29,URBANA,044_ZW Polideportivo San Benito,0.0,MR76,True,Festivo,Viernes,34.307.035,-765.122.692,-0.36363636363636365,-0.006422202361517668,"0,6"
2024-03-30,URBANA,044_ZW Polideportivo San Benito,0.0,MR76,False,Fin de Semana,Sábado,34.307.035,-765.122.692,-0.09090909090909091,-0.005531938269912815,"1,3"
2024-03-31,URBANA,044_ZW Polideportivo San Benito,0.0,MR76,True,Festivo,Domingo,34.307.035,-765.122.692,0.36363636363636365,-0.004581082198313535,"1,4"
2024-04-01,URBANA,044_ZW Polideportivo San Benito,0.0,MR76,False,Laboral,Lunes,34.307.035,-765.122.692,-0.2727272727272727,-0.006418917254168573,"0,6"
2024-04-02,URBANA,044_ZW Polideportivo San Benito,0.0,MR76,False,Laboral,Martes,34.307.035,-765.122.692,-0.36363636363636365,-0.004543850981690454,"1,6"
2024-04-03,URBANA,044_ZW Polideportivo San Benito,0.0,MR76,False,Laboral,Miércoles,34.307.035,-765.122.692,-0.18181818181818182,0.0012569185729566679,"3,0"
2024-04-04,URBANA,044_ZW Polideportivo San Benito,0.0,MR76,False,Laboral,Jueves,34.307.035,-765.122.692,0.09090909090909091,-0.004352584731587566,"1,0"
2024-04-05,URBANA,044_ZW Polideportivo San Benito,0.0,MR76,False,Laboral,Viernes,34.307.035,-765.122.692,1.0,-0.0056020205600268505,"0,7"
2024-04-06,URBANA,044_ZW Polideportivo San Benito,0.0,MR76,False,Fin de Semana,Sábado,34.307.035,-765.122.692,0.2727272727272727,-0.006530975915965494,"0,5"
2024-04-07,URBANA,044_ZW Polideportivo San Benito,0.0,MR76,False,Fin de Semana,Domingo,34.307.035,-765.122.692,-0.2727272727272727,-0.005876509529640155,"0,6"
2024-04-08,URBANA,044_ZW Polideportivo San Benito,0.0,MR76,False,Laboral,Lunes,34.307.035,-765.122.692,-0.09090909090909091,-0.006988335861345109,"0,6"
2024-04-09,URBANA,044_ZW Polideportivo San Benito,0.0,MR76,False,Laboral,Martes,34.307.035,-765.122.692,0.45454545454545453,-0.0017000430531568696,"2,5"
2024-04-10,URBANA,044_ZW Polideportivo San Benito,0.0,MR76,False,Laboral,Miércoles,34.307.035,-765.122.692,0.0,-0.005445430443053303,"2,0"
2024-04-11,URBANA,044_ZW Polideportivo San Benito,0.0,MR76,False,Laboral,Jueves,34.307.035,-765.122.692,0.0,-0.00660762842077772,"1,2"
2024-04-12,URBANA,044_ZW Polideportivo San Benito,0.0,MR76,False,Laboral,Viernes,34.307.035,-765.122.692,0.18181818181818182,-0.005995138406135267,"1,0"
2024-04-13,URBANA,044_ZW Polideportivo San Benito,0.0,MR76,False,Fin de Semana,Sábado,34.307.035,-765.122.692,-0.18181818181818182,-0.003350261978185792,"1,7"
2024-04-14,URBANA,044_ZW Polideportivo San Benito,0.0,MR76,False,Fin de Semana,Domingo,34.307.035,-765.122.692,-0.6363636363636364,-0.00552865316256372,"1,2"
2024-04-15,URBANA,044_ZW Polideportivo San Benito,0.0,MR76,False,Laboral,Lunes,34.307.035,-765.122.692,0.45454545454545453,-0.0003126327160555789,"5,7"
2024-04-16,URBANA,044_ZW Polideportivo San Benito,0.0,MR76,False,Laboral,Martes,34.307.035,-765.122.692,-0.18181818181818182,-0.0046792704068587205,"2,5"
2024-04-17,URBANA,044_ZW Polideportivo San Benito,0.0,MR76,False,Laboral,Miércoles,34.307.035,-765.122.692,0.0,-0.006066315732032333,"1,9"
2024-04-18,URBANA,044_ZW Polideportivo San Benito,0.0,MR76,False,Laboral,Jueves,34.307.035,-765.122.692,-1.0,-0.008117317753650896,"0,4"
2024-04-19,URBANA,044_ZW Polideportivo San Benito,0.0,MR76,False,Laboral,Viernes,34.307.035,-765.122.692,-1.0,-0.006945629465806869,"1,1"
2024-04-20,URBANA,044_ZW Polideportivo San Benito,0.0,MR76,False,Fin de Semana,Sábado,34.307.035,-765.122.692,0.45454545454545453,0.004030644211376218,"4,4"
2024-04-21,URBANA,044_ZW Polideportivo San Benito,0.0,MR76,False,Fin de Semana,Domingo,34.307.035,-765.122.692,-0.2727272727272727,-0.0060221492887833844,"1,1"
2024-04-22,URBANA,044_ZW Polideportivo San Benito,0.0,MR76,False,Laboral,Lunes,34.307.035,-765.122.692,-0.18181818181818182,-0.0069324890364104875,"1,0"
2024-04-23,URBANA,044_ZW Polideportivo San Benito,0.0,MR76,False,Laboral,Martes,34.307.035,-765.122.692,-0.36363636363636365,1.2732417238564313,"191,3"
2024-04-24,URBANA,044_ZW Polideportivo San Benito,0.0,MR76,False,Laboral,Miércoles,34.307.035,-765.122.692,-0.7272727272727273,1.3729998487025559,"206,1"
2024-04-25,URBANA,044_ZW Polideportivo San Benito,0.0,MR76,False,Laboral,Jueves,34.307.035,-765.122.692,-0.18181818181818182,0.20296104975970353,"48,8"
2024-04-26,URBANA,044_ZW Polideportivo San Benito,0.0,MR76,False,Laboral,Viernes,34.307.035,-765.122.692,-0.7272727272727273,-0.005912280698552527,"0,7"
2024-04-27,URBANA,044_ZW Polideportivo San Benito,0.0,MR76,False,Fin de Semana,Sábado,34.307.035,-765.122.692,-0.8181818181818182,0.14905499324454174,"35,4"
2024-04-28,URBANA,044_ZW Polideportivo San Benito,0.0,MR76,False,Fin de Semana,Domingo,34.307.035,-765.122.692,-1.1818181818181819,0.13856674051466317,"54,6"
2024-04-29,URBANA,044_ZW Polideportivo San Benito,0.0,MR76,False,Laboral,Lunes,34.307.035,-765.122.692,0.18181818181818182,0.7621253768520021,"263,7"
2024-04-30,URBANA,044_ZW Polideportivo San Benito,0.0,MR76,False,Laboral,Martes,34.307.035,-765.122.692,-0.45454545454545453,0.8386402721674937,"368,4"
2024-05-01,URBANA,044_ZW Polideportivo San Benito,0.0,MR76,True,Festivo,Miércoles,34.307.035,-765.122.692,-1.1818181818181819,0.37176300578562155,"198,2"
2024-05-02,URBANA,044_ZW Polideportivo San Benito,0.0,MR76,False,Laboral,Jueves,34.307.035,-765.122.692,-0.5454545454545454,0.3410947036221776,"187,2"
2024-05-03,URBANA,044_ZW Polideportivo San Benito,0.0,MR76,False,Laboral,Viernes,34.307.035,-765.122.692,-1.2727272727272727,1.212154422676147,"729,9"
2024-05-04,URBANA,044_ZW Polideportivo San Benito,0.0,MR76,False,Fin de Semana,Sábado,34.307.035,-765.122.692,0.0,1.310671506968169,"500,6"
2024-05-05,URBANA,044_ZW Polideportivo San Benito,0.0,MR76,False,Fin de Semana,Domingo,34.307.035,-765.122.692,0.09090909090909091,0.12355489496508022,"58,7"
2024-05-06,URBANA,044_ZW Polideportivo San Benito,0.0,MR76,False,Laboral,Lunes,34.307.035,-765.122.692,-0.7272727272727273,-0.006322189093334097,"1,3"
2024-05-07,URBANA,044_ZW Polideportivo San Benito,0.0,MR76,False,Laboral,Martes,34.307.035,-765.122.692,0.0,-0.007316846596254649,"0,6"
2024-05-08,URBANA,044_ZW Polideportivo San Benito,0.0,MR76,False,Laboral,Miércoles,34.307.035,-765.122.692,-1.2727272727272727,-0.007425255138774798,"0,4"
2024-05-09,URBANA,044_ZW Polideportivo San Benito,0.0,MR76,False,Laboral,Jueves,34.307.035,-765.122.692,-0.5454545454545454,-0.005378268248360686,"1,0"
2024-05-10,URBANA,044_ZW Polideportivo San Benito,0.0,MR76,False,Laboral,Viernes,34.307.035,-765.122.692,0.18181818181818182,-0.005877604565423186,"0,9"
2024-05-11,URBANA,044_ZW Polideportivo San Benito,0.0,MR76,False,Fin de Semana,Sábado,34.307.035,-765.122.692,-0.09090909090909091,-0.00528154008752621,"1,2"
2024-05-12,URBANA,044_ZW Polideportivo San Benito,0.0,MR76,False,Fin de Semana,Domingo,34.307.035,-765.122.692,-0.7272727272727273,-0.007949777278847029,"0,4"
2024-05-13,URBANA,044_ZW Polideportivo San Benito,0.0,MR76,True,Festivo,Lunes,34.307.035,-765.122.692,-0.9090909090909091,-0.007751210790190597,"0,4"
2024-05-14,URBANA,044_ZW Polideportivo San Benito,0.0,MR76,False,Laboral,Martes,34.307.035,-765.122.692,-1.3636363636363635,-0.006144793296482946,"3,1"
2024-05-15,URBANA,044_ZW Polideportivo San Benito,0.0,MR76,False,Laboral,Miércoles,34.307.035,-765.122.692,-0.7272727272727273,0.04062455000873291,"21,8"
2024-05-16,URBANA,044_ZW Polideportivo San Benito,0.0,MR76,False,Laboral,Jueves,34.307.035,-765.122.692,-0.45454545454545453,-0.007164271610485552,"0,5"
2024-05-17,URBANA,044_ZW Polideportivo San Benito,0.0,MR76,False,Laboral,Viernes,34.307.035,-765.122.692,-0.36363636363636365,-0.006958404883275573,"0,4"
2024-05-18,URBANA,044_ZW Polideportivo San Benito,0.0,MR76,False,Fin de Semana,Sábado,34.307.035,-765.122.692,-0.36363636363636365,-0.007397149220343647,"0,3"
2024-05-19,URBANA,044_ZW Polideportivo San Benito,0.0,MR76,False,Fin de Semana,Domingo,34.307.035,-765.122.692,-0.6363636363636364,-0.004032834282942281,"1,1"
2024-05-20,URBANA,044_ZW Polideportivo San Benito,0.0,MR76,False,Laboral,Lunes,34.307.035,-765.122.692,0.18181818181818182,-0.005111079517300926,"1,4"
2024-05-21,URBANA,044_ZW Polideportivo San Benito,0.0,MR76,False,Laboral,Martes,34.307.035,-765.122.692,0.18181818181818182,-0.0062437115288834855,"0,8"
2024-05-22,URBANA,044_ZW Polideportivo San Benito,0.0,MR76,False,Laboral,Miércoles,34.307.035,-765.122.692,-1.0909090909090908,0.029562863540473345,"40,6"
2024-05-23,URBANA,044_ZW Polideportivo San Benito,0.0,MR76,False,Laboral,Jueves,34.307.035,-765.122.692,-0.36363636363636365,0.47227999042938723,"248,1"
2024-05-24,URBANA,044_ZW Polideportivo San Benito,0.0,MR76,False,Laboral,Viernes,34.307.035,-765.122.692,-0.45454545454545453,0.3393846227410096,"202,0"
2024-05-25,URBANA,044_ZW Polideportivo San Benito,0.0,MR76,False,Fin de Semana,Sábado,34.307.035,-765.122.692,-0.36363636363636365,1.178444841131296,"456,6"
2024-05-26,URBANA,044_ZW Polideportivo San Benito,0.0,MR76,False,Fin de Semana,Domingo,34.307.035,-765.122.692,-1.0909090909090908,1.1853366313377705,"473,4"
2024-05-27,URBANA,044_ZW Polideportivo San Benito,0.0,MR76,False,Laboral,Lunes,34.307.035,-765.122.692,0.6363636363636364,0.4436528349655146,"145,7"
2024-05-28,URBANA,044_ZW Polideportivo San Benito,0.0,MR76,False,Laboral,Martes,34.307.035,-765.122.692,-0.18181818181818182,-0.006299923365745784,"0,8"
2024-05-29,URBANA,044_ZW Polideportivo San Benito,0.0,MR76,False,Laboral,Miércoles,34.307.035,-765.122.692,-1.5454545454545454,-0.0057312347824246025,"1,6"
2024-05-30,URBANA,044_ZW Polideportivo San Benito,0.0,MR76,False,Laboral,Jueves,34.307.035,-765.122.692,0.5454545454545454,-0.004576337043253731,"0,9"
2024-05-31,URBANA,044_ZW Polideportivo San Benito,0.0,MR76,False,Laboral,Viernes,34.307.035,-765.122.692,0.18181818181818182,-0.006254296874786126,"0,7"
2024-06-01,URBANA,044_ZW Polideportivo San Benito,0.0,MR76,False,Fin de Semana,Sábado,34.307.035,-765.122.692,-0.9090909090909091,-0.004984785390324592,"1,0"
2024-06-02,URBANA,044_ZW Polideportivo San Benito,0.0,MR76,False,Fin de Semana,Domingo,34.307.035,-765.122.692,-0.2727272727272727,-0.005560774212199319,"0,8"
2024-06-03,URBANA,044_ZW Polideportivo San Benito,0.0,MR76,True,Festivo,Lunes,34.307.035,-765.122.692,0.36363636363636365,-0.0035327679420244255,"2,0"
2024-06-04,URBANA,044_ZW Polideportivo San Benito,0.0,MR76,False,Laboral,Martes,34.307.035,-765.122.692,-0.45454545454545453,-0.007433285401183697,"0,7"
2024-06-05,URBANA,044_ZW Polideportivo San Benito,0.0,MR76,False,Laboral,Miércoles,34.307.035,-765.122.692,-0.09090909090909091,-0.006913873428098947,"1,6"
2024-06-08,URBANA,044_ZW Polideportivo San Benito,0.0,MR76,False,Fin de Semana,Sábado,34.307.035,-765.122.692,-1.2727272727272727,0.9091919676205219,"798,0"
2024-06-09,URBANA,044_ZW Polideportivo San Benito,0.0,MR76,False,Fin de Semana,Domingo,34.307.035,-765.122.692,-0.5454545454545454,0.5386738350142437,"514,3"
2024-06-10,URBANA,044_ZW Polideportivo San Benito,0.0,MR76,True,Festivo,Lunes,34.307.035,-765.122.692,-0.6363636363636364,0.9844585221433574,"499,2"
2024-06-11,URBANA,044_ZW Polideportivo San Benito,0.0,MR76,False,Laboral,Martes,34.307.035,-765.122.692,-0.7272727272727273,0.24677306642687816,"111,7"
2024-06-12,URBANA,044_ZW Polideportivo San Benito,0.0,MR76,False,Laboral,Miércoles,34.307.035,-765.122.692,-0.8181818181818182,0.5694271849568364,"213,5"
2024-06-13,URBANA,044_ZW Polideportivo San Benito,0.0,MR76,False,Laboral,Jueves,34.307.035,-765.122.692,-0.9090909090909091,-0.005314026149089487,"174500100,0"
2024-06-14,URBANA,044_ZW Polideportivo San Benito,0.0,MR76,False,Laboral,Viernes,34.307.035,-765.122.692,-0.18181818181818182,-0.005896950197590082,"221392700,0"
2024-06-15,URBANA,044_ZW Polideportivo San Benito,0.0,MR76,False,Fin de Semana,Sábado,34.307.035,-765.122.692,-1.1818181818181819,-0.00798299336426566,"29619400,0"
2024-06-16,URBANA,044_ZW Polideportivo San Benito,0.0,MR76,False,Fin de Semana,Domingo,34.307.035,-765.122.692,-0.18181818181818182,-0.006904383117979338,"82594300,0"
2024-06-17,URBANA,044_ZW Polideportivo San Benito,0.0,MR76,False,Laboral,Lunes,34.307.035,-765.122.692,-0.45454545454545453,-0.004195629602686342,"1,9"
2024-06-18,URBANA,044_ZW Polideportivo San Benito,0.0,MR76,False,Laboral,Martes,34.307.035,-765.122.692,0.0,-0.005653122229901668,"1,3"
2024-06-19,URBANA,044_ZW Polideportivo San Benito,0.0,MR76,False,Laboral,Miércoles,34.307.035,-765.122.692,-0.7272727272727273,-0.005895125137951695,"1,0"
2024-06-20,URBANA,044_ZW Polideportivo San Benito,0.0,MR76,False,Laboral,Jueves,34.307.035,-765.122.692,0.45454545454545453,-0.006893067748221343,"0,9"
2024-06-21,URBANA,044_ZW Polideportivo San Benito,0.0,MR76,False,Laboral,Viernes,34.307.035,-765.122.692,0.6363636363636364,-0.006472208995609454,"1,0"
2024-06-22,URBANA,044_ZW Polideportivo San Benito,0.0,MR76,False,Fin de Semana,Sábado,34.307.035,-765.122.692,2.0,-0.0017916610470038634,"3,5"
2024-06-23,URBANA,044_ZW Polideportivo San Benito,0.0,MR76,False,Fin de Semana,Domingo,34.307.035,-765.122.692,-0.09090909090909091,-0.006013023990591453,"2,8"
2024-06-24,URBANA,044_ZW Polideportivo San Benito,0.0,MR76,False,Laboral,Lunes,34.307.035,-765.122.692,-0.09090909090909091,-0.007858159285000036,"0,4"
2024-06-25,URBANA,044_ZW Polideportivo San Benito,0.0,MR76,False,Laboral,Martes,34.307.035,-765.122.692,-0.2727272727272727,-0.00690401810605166,"1,1"
2024-06-26,URBANA,044_ZW Polideportivo San Benito,0.0,MR76,False,Laboral,Miércoles,34.307.035,-765.122.692,0.7272727272727273,-0.007786981959102968,"0,6"
2024-06-27,URBANA,044_ZW Polideportivo San Benito,0.0,MR76,False,Laboral,Jueves,34.307.035,-765.122.692,0.0,0.008019494557033387,"13,5"
2024-06-28,URBANA,044_ZW Polideportivo San Benito,0.0,MR76,False,Laboral,Viernes,34.307.035,-765.122.692,-0.2727272727272727,-0.007482196999492451,"0,5"
2024-06-29,URBANA,044_ZW Polideportivo San Benito,0.0,MR76,False,Fin de Semana,Sábado,34.307.035,-765.122.692,1.9090909090909092,-0.0062634221729780575,"1,1"
2024-06-30,URBANA,044_ZW Polideportivo San Benito,0.0,MR76,False,Fin de Semana,Domingo,34.307.035,-765.122.692,-1.1818181818181819,-0.003272149425662857,"3,1"
2024-07-01,URBANA,044_ZW Polideportivo San Benito,0.0,MR76,True,Festivo,Lunes,34.307.035,-765.122.692,-0.36363636363636365,-0.006833935815937625,"0,67"
2024-07-02,URBANA,044_ZW Polideportivo San Benito,0.0,MR76,False,Laboral,Martes,34.307.035,-765.122.692,0.6363636363636364,-0.007925321479692653,"0,19"
2024-07-03,URBANA,044_ZW Polideportivo San Benito,0.0,MR76,False,Laboral,Miércoles,34.307.035,-765.122.692,0.7272727272727273,-0.007039802543147604,"0,5"
2024-07-04,URBANA,044_ZW Polideportivo San Benito,0.0,MR76,False,Laboral,Jueves,34.307.035,-765.122.692,0.6363636363636364,-0.006861676722441098,"0,6"
2024-07-05,URBANA,044_ZW Polideportivo San Benito,0.0,MR76,False,Laboral,Viernes,34.307.035,-765.122.692,0.09090909090909091,-0.0038609136650062884,"1,52"
2024-07-06,URBANA,044_ZW Polideportivo San Benito,0.0,MR76,False,Fin de Semana,Sábado,34.307.035,-765.122.692,-0.2727272727272727,-0.007457741200338074,"0,37"
2024-07-07,URBANA,044_ZW Polideportivo San Benito,0.0,MR76,False,Fin de Semana,Domingo,34.307.035,-765.122.692,-0.18181818181818182,-0.0063181739621296475,"0,7"
2024-07-08,URBANA,044_ZW Polideportivo San Benito,0.0,MR76,False,Laboral,Lunes,34.307.035,-765.122.692,1.0,-0.0077059493111586155,"0,43"
2024-07-09,URBANA,044_ZW Polideportivo San Benito,0.0,MR76,False,Laboral,Martes,34.307.035,-765.122.692,0.7272727272727273,-0.00685072636461078,"0,82"
2024-07-10,URBANA,044_ZW Polideportivo San Benito,0.0,MR76,False,Laboral,Miércoles,34.307.035,-765.122.692,0.45454545454545453,-0.007955252457762189,"0,25"
2024-07-11,URBANA,044_ZW Polideportivo San Benito,0.0,MR76,False,Laboral,Jueves,34.307.035,-765.122.692,0.36363636363636365,0.16434242279952102,"64,21"
2024-07-12,URBANA,044_ZW Polideportivo San Benito,0.0,MR76,False,Laboral,Viernes,34.307.035,-765.122.692,0.2727272727272727,0.08915872598426836,"42,23"
2024-07-13,URBANA,044_ZW Polideportivo San Benito,0.0,MR76,False,Fin de Semana,Sábado,34.307.035,-765.122.692,1.0,-0.006366720548510724,"0,86"
2024-07-14,URBANA,044_ZW Polideportivo San Benito,0.0,MR76,False,Fin de Semana,Domingo,34.307.035,-765.122.692,-0.36363636363636365,-0.008161119184972167,"0,18"
2024-07-15,URBANA,044_ZW Polideportivo San Benito,0.0,MR76,False,Laboral,Lunes,34.307.035,-765.122.692,-0.18181818181818182,-0.006070695875164461,"1,23"
2024-07-16,URBANA,044_ZW Polideportivo San Benito,0.0,MR76,False,Laboral,Martes,34.307.035,-765.122.692,-0.7272727272727273,0.05244728634619958,"26,62"
2024-07-17,URBANA,044_ZW Polideportivo San Benito,0.0,MR76,False,Laboral,Miércoles,34.307.035,-765.122.692,-0.6363636363636364,-0.007746465635130792,"0,51"
2024-07-18,URBANA,044_ZW Polideportivo San Benito,0.0,MR76,False,Laboral,Jueves,34.307.035,-765.122.692,0.09090909090909091,0.5977981020474796,"278,81"
2024-07-19,URBANA,044_ZW Polideportivo San Benito,0.0,MR76,False,Laboral,Viernes,34.307.035,-765.122.692,0.5454545454545454,0.043098965866457103,"19,73"
2024-07-20,URBANA,044_ZW Polideportivo San Benito,0.0,MR76,True,Festivo,Sábado,34.307.035,-765.122.692,-0.09090909090909091,0.4418237601959238,"158,44"
2024-07-21,URBANA,044_ZW Polideportivo San Benito,0.0,MR76,False,Fin de Semana,Domingo,34.307.035,-765.122.692,-0.2727272727272727,0.0521771775197184,"25,43"
2024-07-22,URBANA,044_ZW Polideportivo San Benito,0.0,MR76,False,Laboral,Lunes,34.307.035,-765.122.692,0.0,0.12837414744620318,"53,99"
2024-07-23,URBANA,044_ZW Polideportivo San Benito,0.0,MR76,False,Laboral,Martes,34.307.035,-765.122.692,0.45454545454545453,-0.008015479425828937,"0,23"
2024-07-24,URBANA,044_ZW Polideportivo San Benito,0.0,MR76,False,Laboral,Miércoles,34.307.035,-765.122.692,-0.09090909090909091,0.29302591785443066,"130,73"
2024-07-25,URBANA,044_ZW Polideportivo San Benito,0.0,MR76,False,Laboral,Jueves,34.307.035,-765.122.692,0.36363636363636365,1.0597743532764292,"462,96"
2024-07-26,URBANA,044_ZW Polideportivo San Benito,0.0,MR76,False,Laboral,Viernes,34.307.035,-765.122.692,0.36363636363636365,0.10473707004560641,"40,89"
2024-07-27,URBANA,044_ZW Polideportivo San Benito,0.0,MR76,False,Fin de Semana,Sábado,34.307.035,-765.122.692,1.8181818181818181,0.13614160126717542,"67,81"
2024-07-28,URBANA,044_ZW Polideportivo San Benito,0.0,MR76,False,Fin de Semana,Domingo,34.307.035,-765.122.692,0.45454545454545453,0.012328460363263521,"12,12"
2024-07-29,URBANA,044_ZW Polideportivo San Benito,0.0,MR76,False,Laboral,Lunes,34.307.035,-765.122.692,0.6363636363636364,-0.007811437758257346,"0,34"
2024-07-30,URBANA,044_ZW Polideportivo San Benito,0.0,MR76,False,Laboral,Martes,34.307.035,-765.122.692,1.1818181818181819,0.4645964893517808,"189,45"
2024-07-31,URBANA,044_ZW Polideportivo San Benito,0.0,MR76,False,Laboral,Miércoles,34.307.035,-765.122.692,1.1818181818181819,-0.005859718980967,"1,24"
2024-08-01,URBANA,044_ZW Polideportivo San Benito,0.0,MR76,False,Laboral,Jueves,34.307.035,-765.122.692,2.272727272727273,-0.007515778096838759,"0,44"
2024-08-02,URBANA,044_ZW Polideportivo San Benito,0.0,MR76,False,Laboral,Viernes,34.307.035,-765.122.692,0.9090909090909091,-0.007572354945628736,"0,46"
2024-08-03,URBANA,044_ZW Polideportivo San Benito,0.0,MR76,False,Fin de Semana,Sábado,34.307.035,-765.122.692,1.4545454545454546,-0.007965107779809475,"0,35"
2024-08-04,URBANA,044_ZW Polideportivo San Benito,0.0,MR76,False,Fin de Semana,Domingo,34.307.035,-765.122.692,1.5454545454545454,0.016469520682762112,"10,94"
2024-08-05,URBANA,044_ZW Polideportivo San Benito,0.0,MR76,False,Laboral,Lunes,34.307.035,-765.122.692,1.0,-0.006979940587008532,"0,64"
2024-08-06,URBANA,044_ZW Polideportivo San Benito,0.0,MR76,False,Laboral,Martes,34.307.035,-765.122.692,0.5454545454545454,-0.008197620377739894,"0,1"
2024-08-07,URBANA,044_ZW Polideportivo San Benito,0.0,MR76,True,Festivo,Miércoles,34.307.035,-765.122.692,0.45454545454545453,-0.006485349425005836,"0,68"
2024-08-08,URBANA,044_ZW Polideportivo San Benito,0.0,MR76,False,Laboral,Jueves,34.307.035,-765.122.692,0.5454545454545454,-0.00701352168435484,"0,54"
2024-08-09,URBANA,044_ZW Polideportivo San Benito,0.0,MR76,False,Laboral,Viernes,34.307.035,-765.122.692,-0.36363636363636365,-0.0063703706677874965,"1,12"
2024-08-10,URBANA,044_ZW Polideportivo San Benito,0.0,MR76,False,Fin de Semana,Sábado,34.307.035,-765.122.692,0.18181818181818182,-0.006165963988288227,"1,25"
2024-08-11,URBANA,044_ZW Polideportivo San Benito,0.0,MR76,False,Fin de Semana,Domingo,34.307.035,-765.122.692,1.4545454545454546,-0.0038572635457295155,"2,25"
2024-08-12,URBANA,044_ZW Polideportivo San Benito,0.0,MR76,False,Laboral,Lunes,34.307.035,-765.122.692,1.1818181818181819,-0.007962917708243412,"0,37"
2024-08-13,URBANA,044_ZW Polideportivo San Benito,0.0,MR76,False,Laboral,Martes,34.307.035,-765.122.692,-0.2727272727272727,-0.008115492694012509,"0,15"
2024-08-14,URBANA,044_ZW Polideportivo San Benito,0.0,MR76,False,Laboral,Miércoles,34.307.035,-765.122.692,0.6363636363636364,-0.007827863295002822,"0,28"
2024-08-15,URBANA,044_ZW Polideportivo San Benito,0.0,MR76,False,Laboral,Jueves,34.307.035,-765.122.692,1.0,0.08838855081686932,"39,89"
2024-08-16,URBANA,044_ZW Polideportivo San Benito,0.0,MR76,False,Laboral,Viernes,34.307.035,-765.122.692,-1.0909090909090908,-0.008031904962574414,"0,21"
2024-08-17,URBANA,044_ZW Polideportivo San Benito,0.0,MR76,False,Fin de Semana,Sábado,34.307.035,-765.122.692,0.6363636363636364,-0.006324379164900161,"0,9"
2024-08-18,URBANA,044_ZW Polideportivo San Benito,0.0,MR76,False,Fin de Semana,Domingo,34.307.035,-765.122.692,0.09090909090909091,-0.008137758421600822,"0,19"
2024-08-19,URBANA,044_ZW Polideportivo San Benito,0.0,MR76,True,Festivo,Lunes,34.307.035,-765.122.692,0.18181818181818182,-0.006174724274552482,"0,91"
2024-08-20,URBANA,044_ZW Polideportivo San Benito,0.0,MR76,False,Laboral,Martes,34.307.035,-765.122.692,-1.0,-0.0080899418590751,"0,34"
2024-10-25,URBANA,044_ZW Polideportivo San Benito,0.0,MR76,False,Laboral,Viernes,34.307.035,-765.122.692,-1.0,-0.004601522866263462,"2,44"
2024-10-26,URBANA,044_ZW Polideportivo San Benito,0.0,MR76,False,Fin de Semana,Sábado,34.307.035,-765.122.692,-1.0909090909090908,0.16486292980838882,"61,54"
2024-10-27,URBANA,044_ZW Polideportivo San Benito,0.0,MR76,False,Fin de Semana,Domingo,34.307.035,-765.122.692,1.5454545454545454,0.6420703987554554,"179,07"
2024-10-28,URBANA,044_ZW Polideportivo San Benito,0.0,MR76,False,Laboral,Lunes,34.307.035,-765.122.692,-0.5454545454545454,-0.0041642385769060965,"2,01"
2024-10-29,URBANA,044_ZW Polideportivo San Benito,0.0,MR76,False,Laboral,Martes,34.307.035,-765.122.692,-1.0,0.19012175520365568,"85,87"
2024-10-30,URBANA,044_ZW Polideportivo San Benito,0.0,MR76,False,Laboral,Miércoles,34.307.035,-765.122.692,-0.8181818181818182,0.5932299777725987,"336,54"
2024-10-31,URBANA,044_ZW Polideportivo San Benito,0.0,MR76,False,Laboral,Jueves,34.307.035,-765.122.692,-0.2727272727272727,0.6075694713514,"359,81"
2024-11-01,URBANA,044_ZW Polideportivo San Benito,0.0,MR76,False,Laboral,Viernes,34.307.035,-765.122.692,-0.6363636363636364,1.1111391967511017,"554,74"
2024-11-02,URBANA,044_ZW Polideportivo San Benito,0.0,MR76,False,Fin de Semana,Sábado,34.307.035,-765.122.692,-0.6363636363636364,1.1868525258734142,"527,07"
2024-11-03,URBANA,044_ZW Polideportivo San Benito,0.0,MR76,False,Fin de Semana,Domingo,34.307.035,-765.122.692,0.0,0.5900065574392808,"278,78"
2024-11-04,URBANA,044_ZW Polideportivo San Benito,0.0,MR76,True,Festivo,Lunes,34.307.035,-765.122.692,-0.8181818181818182,0.8550490183642976,"356,66"
2024-11-05,URBANA,044_ZW Polideportivo San Benito,0.0,MR76,False,Laboral,Martes,34.307.035,-765.122.692,0.6363636363636364,2.445227496421514,"920,63"
2024-11-06,URBANA,044_ZW Polideportivo San Benito,0.0,MR76,False,Laboral,Miércoles,34.307.035,-765.122.692,-0.6363636363636364,1.6759907746885399,"737,05"
2024-11-07,URBANA,044_ZW Polideportivo San Benito,0.0,MR76,False,Laboral,Jueves,34.307.035,-765.122.692,0.36363636363636365,3.2579378687647065,"1006,25"
2024-11-08,URBANA,044_ZW Polideportivo San Benito,0.0,MR76,False,Laboral,Viernes,34.307.035,-765.122.692,0.36363636363636365,1.305665733392003,"291,16"
2024-11-09,URBANA,044_ZW Polideportivo San Benito,0.0,MR76,False,Fin de Semana,Sábado,34.307.035,-765.122.692,0.8181818181818182,1.635479195871423,"270,5"
2024-11-10,URBANA,044_ZW Polideportivo San Benito,0.0,MR76,False,Fin de Semana,Domingo,34.307.035,-765.122.692,1.0,4.003280179688072,"567,37"
2024-11-11,URBANA,044_ZW Polideportivo San Benito,0.0,MR76,True,Festivo,Lunes,34.307.035,-765.122.692,1.2727272727272727,3.338022215720954,"522,05"
2024-11-12,URBANA,044_ZW Polideportivo San Benito,0.0,MR76,False,Laboral,Martes,34.307.035,-765.122.692,1.5454545454545454,3.1572106372505986,"453,74"
2024-11-13,URBANA,044_ZW Polideportivo San Benito,0.0,MR76,False,Laboral,Miércoles,34.307.035,-765.122.692,0.9090909090909091,2.221081336885386,"377,04"
2024-11-14,URBANA,044_ZW Polideportivo San Benito,0.0,MR76,False,Laboral,Jueves,34.307.035,-765.122.692,0.8181818181818182,3.241238208061544,"463,79"
2024-11-15,URBANA,044_ZW Polideportivo San Benito,0.0,MR76,False,Laboral,Viernes,34.307.035,-765.122.692,1.8181818181818181,2.9472280355441316,"444,54"
2024-11-16,URBANA,044_ZW Polideportivo San Benito,0.0,MR76,False,Fin de Semana,Sábado,34.307.035,-765.122.692,3.3636363636363638,3.096715385417007,"462,03"
2024-11-17,URBANA,044_ZW Polideportivo San Benito,0.0,MR76,False,Fin de Semana,Domingo,34.307.035,-765.122.692,2.5454545454545454,1.667441465318483,"267,28"
2024-11-18,URBANA,044_ZW Polideportivo San Benito,0.0,MR76,False,Laboral,Lunes,34.307.035,-765.122.692,1.2727272727272727,2.323047783893958,"397,4"
2024-11-19,URBANA,044_ZW Polideportivo San Benito,0.0,MR76,False,Laboral,Martes,34.307.035,-765.122.692,0.7272727272727273,1.7352814871607967,"299,04"
2024-11-20,URBANA,044_ZW Polideportivo San Benito,0.0,MR76,False,Laboral,Miércoles,34.307.035,-765.122.692,0.9090909090909091,2.9057123089139747,"418,39"
2024-11-21,URBANA,044_ZW Polideportivo San Benito,0.0,MR76,False,Laboral,Jueves,34.307.035,-765.122.692,1.1818181818181819,3.94001594737112,"599,12"
2024-11-22,URBANA,044_ZW Polideportivo San Benito,0.0,MR76,False,Laboral,Viernes,34.307.035,-765.122.692,1.5454545454545454,1.737397096293614,"236,95"
2024-11-23,URBANA,044_ZW Polideportivo San Benito,0.0,MR76,False,Fin de Semana,Sábado,34.307.035,-765.122.692,1.3636363636363635,1.166126053584116,"167,93"
2024-11-24,URBANA,044_ZW Polideportivo San Benito,0.0,MR76,False,Fin de Semana,Domingo,34.307.035,-765.122.692,-1.2727272727272727,0.1373410304615229,"54,0"
2024-11-25,URBANA,044_ZW Polideportivo San Benito,0.0,MR76,False,Laboral,Lunes,34.307.035,-765.122.692,1.0,0.35903029471245546,"244,88"
2024-11-26,URBANA,044_ZW Polideportivo San Benito,0.0,MR76,False,Laboral,Martes,34.307.035,-765.122.692,1.2727272727272727,0.350864977890315,"125,05"
2024-11-27,URBANA,044_ZW Polideportivo San Benito,0.0,MR76,False,Laboral,Miércoles,34.307.035,-765.122.692,0.45454545454545453,1.4144527932811524,"200,74"
2024-11-28,URBANA,044_ZW Polideportivo San Benito,0.0,MR76,False,Laboral,Jueves,34.307.035,-765.122.692,0.7272727272727273,1.3555197924980193,"177,49"
2024-11-29,URBANA,044_ZW Polideportivo San Benito,0.0,MR76,False,Laboral,Viernes,34.307.035,-765.122.692,1.0,1.3118165493852925,"162,77"
2024-11-30,URBANA,044_ZW Polideportivo San Benito,0.0,MR76,False,Fin de Semana,Sábado,34.307.035,-765.122.692,0.9090909090909091,1.9879891000138157,"239,98"
2024-12-01,URBANA,044_ZW Polideportivo San Benito,0.0,MR76,False,Fin de Semana,Domingo,34.307.035,-765.122.692,0.09090909090909091,1.4527283090293184,"165,66"
2024-12-02,URBANA,044_ZW Polideportivo San Benito,0.0,MR76,False,Laboral,Lunes,34.307.035,-765.122.692,1.3636363636363635,1.8208158272091937,"240,2"
2024-12-03,URBANA,044_ZW Polideportivo San Benito,0.0,MR76,False,Laboral,Martes,34.307.035,-765.122.692,2.090909090909091,1.698676265993682,"250,51"
2024-12-04,URBANA,044_ZW Polideportivo San Benito,0.0,MR76,False,Laboral,Miércoles,34.307.035,-765.122.692,0.6363636363636364,0.7834168876053447,"93,95"
