FECHA.CONEXION,AREA,NOMBRE.ZONA,COMUNA,MODEL,es_festivo,tipo_dia,dia_semana,LATITUD,LONGITUD,NUMERO.CONEXIONES,USAGE.KB,PORCENTAJE.USO
2024-01-01,URBANA,015_ZW Centro Cultural Comuna 13,0.0,MR76,True,Festivo,Lunes,0.0,-7.649.725,-0.7142857142857143,-0.08425578529371491,"2,8"
2024-01-02,URBANA,015_ZW Centro Cultural Comuna 13,0.0,MR76,False,Laboral,Martes,0.0,-7.649.725,-0.35714285714285715,-0.08794078857282876,"1,4"
2024-01-03,URBANA,015_ZW Centro Cultural Comuna 13,0.0,MR76,False,Laboral,Miércoles,0.0,-7.649.725,-0.5,-0.0896900336559597,"0,5"
2024-01-04,URBANA,015_ZW Centro Cultural Comuna 13,0.0,MR76,False,Laboral,Jueves,0.0,-7.649.725,-1.0,-0.09090654885879632,"0,2"
2024-01-05,URBANA,015_ZW Centro Cultural Comuna 13,0.0,MR76,False,Laboral,Viernes,0.0,-7.649.725,-1.0714285714285714,0.38542805047673273,"152,6"
2024-01-06,URBANA,015_ZW Centro Cultural Comuna 13,0.0,MR76,False,Fin de Semana,Sábado,0.0,-7.649.725,-0.9285714285714286,0.379145989031184,"212,8"
2024-01-07,URBANA,015_ZW Centro Cultural Comuna 13,0.0,MR76,False,Fin de Semana,Domingo,0.0,-7.649.725,-1.0714285714285714,0.44823021541255575,"186,5"
2024-01-08,URBANA,015_ZW Centro Cultural Comuna 13,0.0,MR76,True,Festivo,Lunes,0.0,-7.649.725,-0.8571428571428571,0.6191967252102597,"156,3"
2024-01-09,URBANA,015_ZW Centro Cultural Comuna 13,0.0,MR76,False,Laboral,Martes,0.0,-7.649.725,1.5,1.780032719070029,"501,0"
2024-01-10,URBANA,015_ZW Centro Cultural Comuna 13,0.0,MR76,False,Laboral,Miércoles,0.0,-7.649.725,-1.0714285714285714,1.4496355499182023,"443,1"
2024-01-11,URBANA,015_ZW Centro Cultural Comuna 13,0.0,MR76,False,Laboral,Jueves,0.0,-7.649.725,-0.7857142857142857,3.1664218742117516,"1050,3"
2024-01-12,URBANA,015_ZW Centro Cultural Comuna 13,0.0,MR76,False,Laboral,Viernes,0.0,-7.649.725,0.0,3.1941748524398768,"981,3"
2024-01-13,URBANA,015_ZW Centro Cultural Comuna 13,0.0,MR76,False,Fin de Semana,Sábado,0.0,-7.649.725,-0.6428571428571429,2.1230663678228847,"853,2"
2024-01-14,URBANA,015_ZW Centro Cultural Comuna 13,0.0,MR76,False,Fin de Semana,Domingo,0.0,-7.649.725,-1.1428571428571428,-0.06721044704050967,"10,6"
2024-01-15,URBANA,015_ZW Centro Cultural Comuna 13,0.0,MR76,False,Laboral,Lunes,0.0,-7.649.725,-0.7142857142857143,-0.08995236276368039,"0,7"
2024-01-16,URBANA,015_ZW Centro Cultural Comuna 13,0.0,MR76,False,Laboral,Martes,0.0,-7.649.725,1.5714285714285714,1.1830293246466845,"516,9"
2024-01-17,URBANA,015_ZW Centro Cultural Comuna 13,0.0,MR76,False,Laboral,Miércoles,0.0,-7.649.725,-0.21428571428571427,2.7488129607875638,"985,1"
2024-01-18,URBANA,015_ZW Centro Cultural Comuna 13,0.0,MR76,False,Laboral,Jueves,0.0,-7.649.725,-0.5,3.0673525659966705,"913,5"
2024-01-19,URBANA,015_ZW Centro Cultural Comuna 13,0.0,MR76,False,Laboral,Viernes,0.0,-7.649.725,-0.5,2.565156929019797,"600,3"
2024-01-20,URBANA,015_ZW Centro Cultural Comuna 13,0.0,MR76,False,Fin de Semana,Sábado,0.0,-7.649.725,-0.5,1.7296271899796047,"487,8"
2024-01-21,URBANA,015_ZW Centro Cultural Comuna 13,0.0,MR76,False,Fin de Semana,Domingo,0.0,-7.649.725,-1.0,-0.09043147372745158,"0,3"
2024-01-22,URBANA,015_ZW Centro Cultural Comuna 13,0.0,MR76,False,Laboral,Lunes,0.0,-7.649.725,-0.14285714285714285,-0.07437318477626353,"5,6"
2024-01-23,URBANA,015_ZW Centro Cultural Comuna 13,0.0,MR76,False,Laboral,Martes,0.0,-7.649.725,3.357142857142857,2.0926921164337653,"701,6"
2024-01-24,URBANA,015_ZW Centro Cultural Comuna 13,0.0,MR76,False,Laboral,Miércoles,0.0,-7.649.725,-0.5,2.9997180682776365,"857,4"
2024-01-25,URBANA,015_ZW Centro Cultural Comuna 13,0.0,MR76,False,Laboral,Jueves,0.0,-7.649.725,0.5,0.7264881771730435,"189,8"
2024-01-26,URBANA,015_ZW Centro Cultural Comuna 13,0.0,MR76,False,Laboral,Viernes,0.0,-7.649.725,-0.5714285714285714,-0.08883270753907911,"0,6"
2024-01-27,URBANA,015_ZW Centro Cultural Comuna 13,0.0,MR76,False,Fin de Semana,Sábado,0.0,-7.649.725,-0.6428571428571429,-0.08984281874067615,"0,4"
2024-01-28,URBANA,015_ZW Centro Cultural Comuna 13,0.0,MR76,False,Fin de Semana,Domingo,0.0,-7.649.725,0.07142857142857142,-0.0876306060234799,"1,3"
2024-01-29,URBANA,015_ZW Centro Cultural Comuna 13,0.0,MR76,False,Laboral,Lunes,0.0,-7.649.725,-0.42857142857142855,-0.09040985319659549,"0,3"
2024-01-30,URBANA,015_ZW Centro Cultural Comuna 13,0.0,MR76,False,Laboral,Martes,0.0,-7.649.725,2.4285714285714284,1.0640740286976513,"442,8"
2024-01-31,URBANA,015_ZW Centro Cultural Comuna 13,0.0,MR76,False,Laboral,Miércoles,0.0,-7.649.725,-0.9285714285714286,3.4465922439948975,"1175,1"
2024-02-01,URBANA,015_ZW Centro Cultural Comuna 13,0.0,MR76,False,Laboral,Jueves,0.0,-7.649.725,0.0,3.65122855063168,"933,3"
2024-02-02,URBANA,015_ZW Centro Cultural Comuna 13,0.0,MR76,False,Laboral,Viernes,0.0,-7.649.725,-1.1428571428571428,2.881380831237343,"1079,5"
2024-02-03,URBANA,015_ZW Centro Cultural Comuna 13,0.0,MR76,False,Fin de Semana,Sábado,0.0,-7.649.725,-0.35714285714285715,2.2683364442874954,"461,3"
2024-02-04,URBANA,015_ZW Centro Cultural Comuna 13,0.0,MR76,False,Fin de Semana,Domingo,0.0,-7.649.725,-0.7857142857142857,1.5178197856684708,"349,0"
2024-02-05,URBANA,015_ZW Centro Cultural Comuna 13,0.0,MR76,False,Laboral,Lunes,0.0,-7.649.725,-0.7142857142857143,2.1572135459832658,"518,2"
2024-02-06,URBANA,015_ZW Centro Cultural Comuna 13,0.0,MR76,False,Laboral,Martes,0.0,-7.649.725,2.642857142857143,3.5937963490130227,"855,5"
2024-02-07,URBANA,015_ZW Centro Cultural Comuna 13,0.0,MR76,False,Laboral,Miércoles,0.0,-7.649.725,-0.6428571428571429,1.212041770865614,"273,9"
2024-02-08,URBANA,015_ZW Centro Cultural Comuna 13,0.0,MR76,False,Laboral,Jueves,0.0,-7.649.725,-0.2857142857142857,1.2775165216889959,"349,5"
2024-02-09,URBANA,015_ZW Centro Cultural Comuna 13,0.0,MR76,False,Laboral,Viernes,0.0,-7.649.725,0.42857142857142855,1.7016121709175032,"516,9"
2024-02-10,URBANA,015_ZW Centro Cultural Comuna 13,0.0,MR76,False,Fin de Semana,Sábado,0.0,-7.649.725,0.8571428571428571,2.9803927729772193,"667,1"
2024-02-11,URBANA,015_ZW Centro Cultural Comuna 13,0.0,MR76,False,Fin de Semana,Domingo,0.0,-7.649.725,1.3571428571428572,2.6752723105861325,"714,2"
2024-02-12,URBANA,015_ZW Centro Cultural Comuna 13,0.0,MR76,False,Laboral,Lunes,0.0,-7.649.725,0.2857142857142857,1.412797912898088,"504,0"
2024-02-13,URBANA,015_ZW Centro Cultural Comuna 13,0.0,MR76,False,Laboral,Martes,0.0,-7.649.725,2.9285714285714284,0.050102841658438854,"56,7"
2024-02-14,URBANA,015_ZW Centro Cultural Comuna 13,0.0,MR76,False,Laboral,Miércoles,0.0,-7.649.725,0.2857142857142857,-0.08965140497416346,"0,8"
2024-02-15,URBANA,015_ZW Centro Cultural Comuna 13,0.0,MR76,False,Laboral,Jueves,0.0,-7.649.725,0.07142857142857142,2.156460574961984,"667,8"
2024-02-16,URBANA,015_ZW Centro Cultural Comuna 13,0.0,MR76,False,Laboral,Viernes,0.0,-7.649.725,-0.14285714285714285,1.9383506417694243,"667,8"
2024-02-17,URBANA,015_ZW Centro Cultural Comuna 13,0.0,MR76,False,Fin de Semana,Sábado,0.0,-7.649.725,0.5714285714285714,1.2434734103504688,"437,9"
2024-02-18,URBANA,015_ZW Centro Cultural Comuna 13,0.0,MR76,False,Fin de Semana,Domingo,0.0,-7.649.725,0.42857142857142855,-0.09022881728489374,"0,3"
2024-02-19,URBANA,015_ZW Centro Cultural Comuna 13,0.0,MR76,False,Laboral,Lunes,0.0,-7.649.725,0.5714285714285714,-0.08912098128382712,"0,5"
2024-02-20,URBANA,015_ZW Centro Cultural Comuna 13,0.0,MR76,False,Laboral,Martes,0.0,-7.649.725,3.2142857142857144,-0.08536448611601577,"1,7"
2024-02-21,URBANA,015_ZW Centro Cultural Comuna 13,0.0,MR76,False,Laboral,Miércoles,0.0,-7.649.725,-0.42857142857142855,-0.09035335154262487,"0,3"
2024-02-22,URBANA,015_ZW Centro Cultural Comuna 13,0.0,MR76,False,Laboral,Jueves,0.0,-7.649.725,0.0,-0.08932825010630094,"0,5"
2024-02-23,URBANA,015_ZW Centro Cultural Comuna 13,0.0,MR76,False,Laboral,Viernes,0.0,-7.649.725,-0.35714285714285715,-0.09018240521198931,"0,3"
2024-02-24,URBANA,015_ZW Centro Cultural Comuna 13,0.0,MR76,False,Fin de Semana,Sábado,0.0,-7.649.725,-1.9285714285714286,-0.09137729988396982,"0,0"
2024-02-25,URBANA,015_ZW Centro Cultural Comuna 13,0.0,MR76,False,Fin de Semana,Domingo,0.0,-7.649.725,0.0,1.0292701629467342,"221,3"
2024-02-26,URBANA,015_ZW Centro Cultural Comuna 13,0.0,MR76,False,Laboral,Lunes,0.0,-7.649.725,-0.35714285714285715,0.663437231995503,"235,2"
2024-02-27,URBANA,015_ZW Centro Cultural Comuna 13,0.0,MR76,False,Laboral,Martes,0.0,-7.649.725,2.4285714285714284,2.0278688642735143,"632,7"
2024-02-28,URBANA,015_ZW Centro Cultural Comuna 13,0.0,MR76,False,Laboral,Miércoles,0.0,-7.649.725,-0.7142857142857143,0.005599429217985399,"19,6"
2024-02-29,URBANA,015_ZW Centro Cultural Comuna 13,0.0,MR76,False,Laboral,Jueves,0.0,-7.649.725,-0.5714285714285714,-0.09047961544282451,"0,4"
2024-03-01,URBANA,015_ZW Centro Cultural Comuna 13,0.0,MR76,False,Laboral,Viernes,0.0,-7.649.725,0.0,-0.08997715430572872,"0,4"
2024-03-02,URBANA,015_ZW Centro Cultural Comuna 13,0.0,MR76,False,Fin de Semana,Sábado,0.0,-7.649.725,0.35714285714285715,-0.09006075369170564,"0,4"
2024-03-03,URBANA,015_ZW Centro Cultural Comuna 13,0.0,MR76,False,Fin de Semana,Domingo,0.0,-7.649.725,1.5714285714285714,-0.07698552145117003,"3,6"
2024-03-04,URBANA,015_ZW Centro Cultural Comuna 13,0.0,MR76,False,Laboral,Lunes,0.0,-7.649.725,0.2857142857142857,-0.09019768372046096,"0,3"
2024-03-05,URBANA,015_ZW Centro Cultural Comuna 13,0.0,MR76,False,Laboral,Martes,0.0,-7.649.725,3.2857142857142856,-0.08580122083930901,"1,4"
2024-03-06,URBANA,015_ZW Centro Cultural Comuna 13,0.0,MR76,False,Laboral,Miércoles,0.0,-7.649.725,-0.42857142857142855,-0.09047586788414279,"0,3"
2024-03-07,URBANA,015_ZW Centro Cultural Comuna 13,0.0,MR76,False,Laboral,Jueves,0.0,-7.649.725,0.5,-0.0886813638230864,"0,9"
2024-03-08,URBANA,015_ZW Centro Cultural Comuna 13,0.0,MR76,False,Laboral,Viernes,0.0,-7.649.725,0.2857142857142857,-0.08807425931664709,"1,1"
2024-03-09,URBANA,015_ZW Centro Cultural Comuna 13,0.0,MR76,False,Fin de Semana,Sábado,0.0,-7.649.725,0.42857142857142855,0.13853254250236025,"80,7"
2024-03-10,URBANA,015_ZW Centro Cultural Comuna 13,0.0,MR76,False,Fin de Semana,Domingo,0.0,-7.649.725,0.6428571428571429,0.82064357113515,"331,5"
2024-03-11,URBANA,015_ZW Centro Cultural Comuna 13,0.0,MR76,False,Laboral,Lunes,0.0,-7.649.725,0.21428571428571427,0.5987223707632768,"254,7"
2024-03-12,URBANA,015_ZW Centro Cultural Comuna 13,0.0,MR76,False,Laboral,Martes,0.0,-7.649.725,3.142857142857143,3.62082633668932,"1460,5"
2024-03-13,URBANA,015_ZW Centro Cultural Comuna 13,0.0,MR76,False,Laboral,Miércoles,0.0,-7.649.725,-1.0,-0.021009678790979914,"33,0"
2024-03-14,URBANA,015_ZW Centro Cultural Comuna 13,0.0,MR76,False,Laboral,Jueves,0.0,-7.649.725,-0.07142857142857142,-0.09026110394430552,"0,4"
2024-03-15,URBANA,015_ZW Centro Cultural Comuna 13,0.0,MR76,False,Laboral,Viernes,0.0,-7.649.725,0.35714285714285715,-0.09009131070864894,"0,3"
2024-03-16,URBANA,015_ZW Centro Cultural Comuna 13,0.0,MR76,False,Fin de Semana,Sábado,0.0,-7.649.725,-0.14285714285714285,-0.09038880921322888,"0,3"
2024-03-17,URBANA,015_ZW Centro Cultural Comuna 13,0.0,MR76,False,Fin de Semana,Domingo,0.0,-7.649.725,-0.5714285714285714,-0.09029742643614376,"0,3"
2024-03-18,URBANA,015_ZW Centro Cultural Comuna 13,0.0,MR76,False,Laboral,Lunes,0.0,-7.649.725,-0.5714285714285714,-0.09055917899637496,"0,2"
2024-03-19,URBANA,015_ZW Centro Cultural Comuna 13,0.0,MR76,False,Laboral,Martes,0.0,-7.649.725,3.642857142857143,-0.08559596993304842,"2,7"
2024-03-20,URBANA,015_ZW Centro Cultural Comuna 13,0.0,MR76,False,Laboral,Miércoles,0.0,-7.649.725,-0.07142857142857142,-0.09061741029281406,"0,4"
2024-03-21,URBANA,015_ZW Centro Cultural Comuna 13,0.0,MR76,False,Laboral,Jueves,0.0,-7.649.725,-0.9285714285714286,-0.09123258646410631,"0,1"
2024-03-22,URBANA,015_ZW Centro Cultural Comuna 13,0.0,MR76,False,Laboral,Viernes,0.0,-7.649.725,0.35714285714285715,-0.09065661552209979,"0,3"
2024-03-23,URBANA,015_ZW Centro Cultural Comuna 13,0.0,MR76,False,Fin de Semana,Sábado,0.0,-7.649.725,-0.42857142857142855,-0.08964881051046074,"0,8"
2024-03-24,URBANA,015_ZW Centro Cultural Comuna 13,0.0,MR76,True,Festivo,Domingo,0.0,-7.649.725,-0.5714285714285714,-0.09091952117730998,"0,2"
2024-03-25,URBANA,015_ZW Centro Cultural Comuna 13,0.0,MR76,True,Festivo,Lunes,0.0,-7.649.725,-0.5714285714285714,-0.09038016100088644,"0,5"
2024-03-26,URBANA,015_ZW Centro Cultural Comuna 13,0.0,MR76,False,Laboral,Martes,0.0,-7.649.725,2.2857142857142856,-0.08702638425448807,"1,9"
2024-03-27,URBANA,015_ZW Centro Cultural Comuna 13,0.0,MR76,False,Laboral,Miércoles,0.0,-7.649.725,-0.07142857142857142,-0.09040466426919003,"0,4"
2024-03-28,URBANA,015_ZW Centro Cultural Comuna 13,0.0,MR76,True,Festivo,Jueves,0.0,-7.649.725,-0.21428571428571427,-0.09023631240225718,"0,6"
2024-03-29,URBANA,015_ZW Centro Cultural Comuna 13,0.0,MR76,True,Festivo,Viernes,0.0,-7.649.725,0.21428571428571427,-0.09021267395518785,"0,4"
2024-03-30,URBANA,015_ZW Centro Cultural Comuna 13,0.0,MR76,False,Fin de Semana,Sábado,0.0,-7.649.725,-0.42857142857142855,-0.09102589418912199,"0,2"
2024-03-31,URBANA,015_ZW Centro Cultural Comuna 13,0.0,MR76,True,Festivo,Domingo,0.0,-7.649.725,-0.21428571428571427,-0.09021930425131705,"0,5"
2024-04-01,URBANA,015_ZW Centro Cultural Comuna 13,0.0,MR76,False,Laboral,Lunes,0.0,-7.649.725,-0.21428571428571427,-0.09043176200119633,"0,3"
2024-04-02,URBANA,015_ZW Centro Cultural Comuna 13,0.0,MR76,False,Laboral,Martes,0.0,-7.649.725,3.0714285714285716,-0.08776177057734025,"1,8"
2024-04-03,URBANA,015_ZW Centro Cultural Comuna 13,0.0,MR76,False,Laboral,Miércoles,0.0,-7.649.725,-0.07142857142857142,-0.09080421167941077,"0,2"
2024-04-04,URBANA,015_ZW Centro Cultural Comuna 13,0.0,MR76,False,Laboral,Jueves,0.0,-7.649.725,-0.14285714285714285,-0.09023919513970466,"0,3"
2024-04-05,URBANA,015_ZW Centro Cultural Comuna 13,0.0,MR76,False,Laboral,Viernes,0.0,-7.649.725,-0.21428571428571427,-0.08961335283985673,"0,5"
2024-04-06,URBANA,015_ZW Centro Cultural Comuna 13,0.0,MR76,False,Fin de Semana,Sábado,0.0,-7.649.725,2.142857142857143,-0.08922418328444691,"0,6"
2024-04-07,URBANA,015_ZW Centro Cultural Comuna 13,0.0,MR76,False,Fin de Semana,Domingo,0.0,-7.649.725,-0.21428571428571427,-0.09079931102575005,"0,2"
2024-04-08,URBANA,015_ZW Centro Cultural Comuna 13,0.0,MR76,False,Laboral,Lunes,0.0,-7.649.725,-0.42857142857142855,-0.09033749648666374,"0,5"
2024-04-09,URBANA,015_ZW Centro Cultural Comuna 13,0.0,MR76,False,Laboral,Martes,0.0,-7.649.725,2.9285714285714284,-0.08796269737742961,"1,5"
2024-04-10,URBANA,015_ZW Centro Cultural Comuna 13,0.0,MR76,False,Laboral,Miércoles,0.0,-7.649.725,-0.6428571428571429,-0.0909310521270999,"0,4"
2024-04-11,URBANA,015_ZW Centro Cultural Comuna 13,0.0,MR76,False,Laboral,Jueves,0.0,-7.649.725,-0.42857142857142855,-0.09087368565189503,"0,4"
2024-04-12,URBANA,015_ZW Centro Cultural Comuna 13,0.0,MR76,False,Laboral,Viernes,0.0,-7.649.725,0.0,-0.09053611709679511,"0,4"
2024-04-13,URBANA,015_ZW Centro Cultural Comuna 13,0.0,MR76,False,Fin de Semana,Sábado,0.0,-7.649.725,0.21428571428571427,-0.08959230885649012,"0,7"
2024-04-14,URBANA,015_ZW Centro Cultural Comuna 13,0.0,MR76,False,Fin de Semana,Domingo,0.0,-7.649.725,-0.14285714285714285,0.5695980743313851,"332,4"
2024-04-15,URBANA,015_ZW Centro Cultural Comuna 13,0.0,MR76,False,Laboral,Lunes,0.0,-7.649.725,0.0,1.1355137398473591,"1063,3"
2024-04-16,URBANA,015_ZW Centro Cultural Comuna 13,0.0,MR76,False,Laboral,Martes,0.0,-7.649.725,1.7142857142857142,0.5321553507210447,"509,3"
2024-04-17,URBANA,015_ZW Centro Cultural Comuna 13,0.0,MR76,False,Laboral,Miércoles,0.0,-7.649.725,-0.7857142857142857,-0.09077624912617022,"0,6"
2024-04-18,URBANA,015_ZW Centro Cultural Comuna 13,0.0,MR76,False,Laboral,Jueves,0.0,-7.649.725,-0.8571428571428571,-0.09058742982336027,"0,9"
2024-04-19,URBANA,015_ZW Centro Cultural Comuna 13,0.0,MR76,False,Laboral,Viernes,0.0,-7.649.725,-0.5714285714285714,-0.09078633870723639,"0,5"
2024-04-20,URBANA,015_ZW Centro Cultural Comuna 13,0.0,MR76,False,Fin de Semana,Sábado,0.0,-7.649.725,0.5,-0.08889007401428396,"1,1"
2024-04-21,URBANA,015_ZW Centro Cultural Comuna 13,0.0,MR76,False,Fin de Semana,Domingo,0.0,-7.649.725,-0.35714285714285715,-0.08896646655664218,"1,4"
2024-04-22,URBANA,015_ZW Centro Cultural Comuna 13,0.0,MR76,False,Laboral,Lunes,0.0,-7.649.725,-0.7857142857142857,-0.07248153246322708,"14,1"
2024-04-23,URBANA,015_ZW Centro Cultural Comuna 13,0.0,MR76,False,Laboral,Martes,0.0,-7.649.725,3.142857142857143,2.533607097299596,"496,0"
2024-04-24,URBANA,015_ZW Centro Cultural Comuna 13,0.0,MR76,False,Laboral,Miércoles,0.0,-7.649.725,0.14285714285714285,-0.08868021072810742,"0,5"
2024-04-25,URBANA,015_ZW Centro Cultural Comuna 13,0.0,MR76,False,Laboral,Jueves,0.0,-7.649.725,-0.2857142857142857,-0.08592517854955066,"1,6"
2024-04-26,URBANA,015_ZW Centro Cultural Comuna 13,0.0,MR76,False,Laboral,Viernes,0.0,-7.649.725,0.21428571428571427,0.321597036545904,"143,0"
2024-04-27,URBANA,015_ZW Centro Cultural Comuna 13,0.0,MR76,False,Fin de Semana,Sábado,0.0,-7.649.725,-0.07142857142857142,0.6698490166261882,"216,4"
2024-04-28,URBANA,015_ZW Centro Cultural Comuna 13,0.0,MR76,False,Fin de Semana,Domingo,0.0,-7.649.725,0.0,0.9106538769215247,"470,5"
2024-04-29,URBANA,015_ZW Centro Cultural Comuna 13,0.0,MR76,False,Laboral,Lunes,0.0,-7.649.725,0.5714285714285714,1.236379281765965,"575,3"
2024-04-30,URBANA,015_ZW Centro Cultural Comuna 13,0.0,MR76,False,Laboral,Martes,0.0,-7.649.725,2.642857142857143,1.3929580489632956,"817,3"
2024-05-01,URBANA,015_ZW Centro Cultural Comuna 13,0.0,MR76,True,Festivo,Miércoles,0.0,-7.649.725,0.2857142857142857,-0.09048912847640118,"0,6"
2024-05-02,URBANA,015_ZW Centro Cultural Comuna 13,0.0,MR76,False,Laboral,Jueves,0.0,-7.649.725,0.14285714285714285,-0.07085797473280628,"13,9"
2024-05-03,URBANA,015_ZW Centro Cultural Comuna 13,0.0,MR76,False,Laboral,Viernes,0.0,-7.649.725,0.07142857142857142,-0.08777099533717218,"2,7"
2024-05-04,URBANA,015_ZW Centro Cultural Comuna 13,0.0,MR76,False,Fin de Semana,Sábado,0.0,-7.649.725,1.0,-0.08594305152172503,"2,6"
2024-05-05,URBANA,015_ZW Centro Cultural Comuna 13,0.0,MR76,False,Fin de Semana,Domingo,0.0,-7.649.725,-0.2857142857142857,-0.08813422025555467,"1,8"
2024-05-06,URBANA,015_ZW Centro Cultural Comuna 13,0.0,MR76,False,Laboral,Lunes,0.0,-7.649.725,0.0,-0.08973586918137463,"1,2"
2024-05-07,URBANA,015_ZW Centro Cultural Comuna 13,0.0,MR76,False,Laboral,Martes,0.0,-7.649.725,3.357142857142857,-0.039176690184999675,"29,9"
2024-05-08,URBANA,015_ZW Centro Cultural Comuna 13,0.0,MR76,False,Laboral,Miércoles,0.0,-7.649.725,-0.7142857142857143,0.2585988454636523,"153,3"
2024-05-09,URBANA,015_ZW Centro Cultural Comuna 13,0.0,MR76,False,Laboral,Jueves,0.0,-7.649.725,-0.8571428571428571,0.5309901482447732,"245,0"
2024-05-10,URBANA,015_ZW Centro Cultural Comuna 13,0.0,MR76,False,Laboral,Viernes,0.0,-7.649.725,0.42857142857142855,0.49002731393731486,"255,6"
2024-05-11,URBANA,015_ZW Centro Cultural Comuna 13,0.0,MR76,False,Fin de Semana,Sábado,0.0,-7.649.725,-0.2857142857142857,2.2915759204941013,"1109,3"
2024-05-12,URBANA,015_ZW Centro Cultural Comuna 13,0.0,MR76,False,Fin de Semana,Domingo,0.0,-7.649.725,0.0,2.037114956362562,"1790,0"
2024-05-13,URBANA,015_ZW Centro Cultural Comuna 13,0.0,MR76,True,Festivo,Lunes,0.0,-7.649.725,-0.21428571428571427,1.7270451220478966,"1127,3"
2024-05-14,URBANA,015_ZW Centro Cultural Comuna 13,0.0,MR76,False,Laboral,Martes,0.0,-7.649.725,3.7142857142857144,0.5359991928335147,"1003,8"
2024-05-15,URBANA,015_ZW Centro Cultural Comuna 13,0.0,MR76,False,Laboral,Miércoles,0.0,-7.649.725,0.14285714285714285,-0.08908437051824412,"1,3"
2024-05-16,URBANA,015_ZW Centro Cultural Comuna 13,0.0,MR76,False,Laboral,Jueves,0.0,-7.649.725,0.35714285714285715,-0.09070389241623845,"0,3"
2024-05-17,URBANA,015_ZW Centro Cultural Comuna 13,0.0,MR76,False,Laboral,Viernes,0.0,-7.649.725,1.2142857142857142,-0.08754643009001348,"1,3"
2024-05-18,URBANA,015_ZW Centro Cultural Comuna 13,0.0,MR76,False,Fin de Semana,Sábado,0.0,-7.649.725,1.2142857142857142,-0.08991488717686315,"0,5"
2024-05-19,URBANA,015_ZW Centro Cultural Comuna 13,0.0,MR76,False,Fin de Semana,Domingo,0.0,-7.649.725,1.5714285714285714,1.1003400188819303,"353,5"
2024-05-20,URBANA,015_ZW Centro Cultural Comuna 13,0.0,MR76,False,Laboral,Lunes,0.0,-7.649.725,0.5714285714285714,0.5600121074972794,"320,9"
2024-05-21,URBANA,015_ZW Centro Cultural Comuna 13,0.0,MR76,False,Laboral,Martes,0.0,-7.649.725,4.5,1.3825360882694206,"658,3"
2024-05-22,URBANA,015_ZW Centro Cultural Comuna 13,0.0,MR76,False,Laboral,Miércoles,0.0,-7.649.725,0.07142857142857142,-0.07851711985701622,"17,3"
2024-05-23,URBANA,015_ZW Centro Cultural Comuna 13,0.0,MR76,False,Laboral,Jueves,0.0,-7.649.725,1.0714285714285714,-0.08498973024784336,"4,2"
2024-05-24,URBANA,015_ZW Centro Cultural Comuna 13,0.0,MR76,False,Laboral,Viernes,0.0,-7.649.725,0.6428571428571429,-0.08409492854414552,"5,4"
2024-05-25,URBANA,015_ZW Centro Cultural Comuna 13,0.0,MR76,False,Fin de Semana,Sábado,0.0,-7.649.725,0.2857142857142857,-0.08856432468271871,"1,4"
2024-05-26,URBANA,015_ZW Centro Cultural Comuna 13,0.0,MR76,False,Fin de Semana,Domingo,0.0,-7.649.725,-0.35714285714285715,0.853855012720079,"474,5"
2024-05-27,URBANA,015_ZW Centro Cultural Comuna 13,0.0,MR76,False,Laboral,Lunes,0.0,-7.649.725,-0.35714285714285715,0.13373393774728481,"91,8"
2024-05-28,URBANA,015_ZW Centro Cultural Comuna 13,0.0,MR76,False,Laboral,Martes,0.0,-7.649.725,4.428571428571429,1.1575332415661912,"581,7"
2024-05-29,URBANA,015_ZW Centro Cultural Comuna 13,0.0,MR76,False,Laboral,Miércoles,0.0,-7.649.725,-0.35714285714285715,-0.0905306398956449,"0,6"
2024-05-30,URBANA,015_ZW Centro Cultural Comuna 13,0.0,MR76,False,Laboral,Jueves,0.0,-7.649.725,-0.07142857142857142,-0.09072983705326577,"0,2"
2024-05-31,URBANA,015_ZW Centro Cultural Comuna 13,0.0,MR76,False,Laboral,Viernes,0.0,-7.649.725,0.35714285714285715,1.067309613208703,"432,3"
2024-06-01,URBANA,015_ZW Centro Cultural Comuna 13,0.0,MR76,False,Fin de Semana,Sábado,0.0,-7.649.725,-0.5,1.7560316236297988,"640,1"
2024-06-02,URBANA,015_ZW Centro Cultural Comuna 13,0.0,MR76,False,Fin de Semana,Domingo,0.0,-7.649.725,-0.42857142857142855,1.2471979071326131,"473,7"
2024-06-03,URBANA,015_ZW Centro Cultural Comuna 13,0.0,MR76,True,Festivo,Lunes,0.0,-7.649.725,-0.42857142857142855,0.8776249126170211,"485,2"
2024-06-04,URBANA,015_ZW Centro Cultural Comuna 13,0.0,MR76,False,Laboral,Martes,0.0,-7.649.725,2.857142857142857,0.5905869974127431,"520,4"
2024-06-05,URBANA,015_ZW Centro Cultural Comuna 13,0.0,MR76,False,Laboral,Miércoles,0.0,-7.649.725,-0.07142857142857142,-0.08597360853866833,"6,6"
2024-06-06,URBANA,015_ZW Centro Cultural Comuna 13,0.0,MR76,False,Laboral,Jueves,0.0,-7.649.725,-0.2857142857142857,-0.08974192293001435,"0,9"
2024-06-07,URBANA,015_ZW Centro Cultural Comuna 13,0.0,MR76,False,Laboral,Viernes,0.0,-7.649.725,1.0,-0.08285333352551583,"6,1"
2024-06-08,URBANA,015_ZW Centro Cultural Comuna 13,0.0,MR76,False,Fin de Semana,Sábado,0.0,-7.649.725,0.35714285714285715,-0.08825788969205157,"3,4"
2024-06-09,URBANA,015_ZW Centro Cultural Comuna 13,0.0,MR76,False,Fin de Semana,Domingo,0.0,-7.649.725,0.0,0.0,"108,7"
2024-06-10,URBANA,015_ZW Centro Cultural Comuna 13,0.0,MR76,True,Festivo,Lunes,0.0,-7.649.725,0.0,-0.09028243620141686,"0,7"
2024-06-11,URBANA,015_ZW Centro Cultural Comuna 13,0.0,MR76,False,Laboral,Martes,0.0,-7.649.725,4.0,-0.07916660060393349,"6,8"
2024-06-12,URBANA,015_ZW Centro Cultural Comuna 13,0.0,MR76,False,Laboral,Miércoles,0.0,-7.649.725,-0.07142857142857142,1.7086979395634094,"842,0"
2024-06-13,URBANA,015_ZW Centro Cultural Comuna 13,0.0,MR76,False,Laboral,Jueves,0.0,-7.649.725,0.14285714285714285,0.7001491816629071,"53456835400,0"
2024-06-14,URBANA,015_ZW Centro Cultural Comuna 13,0.0,MR76,False,Laboral,Viernes,0.0,-7.649.725,0.7857142857142857,0.9455788176452359,"1081153300,0"
2024-06-15,URBANA,015_ZW Centro Cultural Comuna 13,0.0,MR76,False,Fin de Semana,Sábado,0.0,-7.649.725,0.2857142857142857,1.3338163840382828,"88694736200,0"
2024-06-16,URBANA,015_ZW Centro Cultural Comuna 13,0.0,MR76,False,Fin de Semana,Domingo,0.0,-7.649.725,-0.42857142857142855,0.41297577779859757,"31373065500,0"
2024-06-17,URBANA,015_ZW Centro Cultural Comuna 13,0.0,MR76,False,Laboral,Lunes,0.0,-7.649.725,0.42857142857142855,0.696649826675411,"437,5"
2024-06-18,URBANA,015_ZW Centro Cultural Comuna 13,0.0,MR76,False,Laboral,Martes,0.0,-7.649.725,3.9285714285714284,0.9013305274688844,"544,0"
2024-06-19,URBANA,015_ZW Centro Cultural Comuna 13,0.0,MR76,False,Laboral,Miércoles,0.0,-7.649.725,-0.5714285714285714,-0.08750722486072775,"1,9"
2024-06-20,URBANA,015_ZW Centro Cultural Comuna 13,0.0,MR76,False,Laboral,Jueves,0.0,-7.649.725,0.35714285714285715,-0.08650835633517588,"3,4"
2024-06-21,URBANA,015_ZW Centro Cultural Comuna 13,0.0,MR76,False,Laboral,Viernes,0.0,-7.649.725,0.7857142857142857,-0.08581159869411993,"3,3"
2024-06-22,URBANA,015_ZW Centro Cultural Comuna 13,0.0,MR76,False,Fin de Semana,Sábado,0.0,-7.649.725,0.7857142857142857,-0.08875919773416836,"1,7"
2024-06-23,URBANA,015_ZW Centro Cultural Comuna 13,0.0,MR76,False,Fin de Semana,Domingo,0.0,-7.649.725,-1.7857142857142858,-0.09134818423575027,"0,0"
2024-06-25,URBANA,015_ZW Centro Cultural Comuna 13,0.0,MR76,False,Laboral,Martes,0.0,-7.649.725,4.428571428571429,2.61723444582976,"2327,8"
2024-06-26,URBANA,015_ZW Centro Cultural Comuna 13,0.0,MR76,False,Laboral,Miércoles,0.0,-7.649.725,0.14285714285714285,1.1670716432324135,"1127,4"
2024-06-27,URBANA,015_ZW Centro Cultural Comuna 13,0.0,MR76,False,Laboral,Jueves,0.0,-7.649.725,0.21428571428571427,0.41684124044192367,"524,6"
2024-06-28,URBANA,015_ZW Centro Cultural Comuna 13,0.0,MR76,False,Laboral,Viernes,0.0,-7.649.725,0.6428571428571429,0.791851366057208,"527,0"
2024-06-29,URBANA,015_ZW Centro Cultural Comuna 13,0.0,MR76,False,Fin de Semana,Sábado,0.0,-7.649.725,1.7142857142857142,-0.08801199218778152,"2,0"
2024-06-30,URBANA,015_ZW Centro Cultural Comuna 13,0.0,MR76,False,Fin de Semana,Domingo,0.0,-7.649.725,-0.7857142857142857,0.1020549593894362,"144,1"
2024-07-01,URBANA,015_ZW Centro Cultural Comuna 13,0.0,MR76,True,Festivo,Lunes,0.0,-7.649.725,-0.07142857142857142,0.4343161065748034,"253,34"
2024-07-02,URBANA,015_ZW Centro Cultural Comuna 13,0.0,MR76,False,Laboral,Martes,0.0,-7.649.725,-1.8571428571428572,0.00839741418450961,"37,28"
2024-07-03,URBANA,015_ZW Centro Cultural Comuna 13,0.0,MR76,False,Laboral,Miércoles,0.0,-7.649.725,-0.6428571428571429,0.05763024568129896,"61,48"
2024-07-04,URBANA,015_ZW Centro Cultural Comuna 13,0.0,MR76,False,Laboral,Jueves,0.0,-7.649.725,0.5,1.8203454960830805,"835,71"
2024-07-05,URBANA,015_ZW Centro Cultural Comuna 13,0.0,MR76,False,Laboral,Viernes,0.0,-7.649.725,0.8571428571428571,0.8661559416822214,"389,86"
2024-07-06,URBANA,015_ZW Centro Cultural Comuna 13,0.0,MR76,False,Fin de Semana,Sábado,0.0,-7.649.725,1.3571428571428572,1.25153152633741,"553,4"
2024-07-07,URBANA,015_ZW Centro Cultural Comuna 13,0.0,MR76,False,Fin de Semana,Domingo,0.0,-7.649.725,0.07142857142857142,0.25967410653156237,"138,03"
2024-07-08,URBANA,015_ZW Centro Cultural Comuna 13,0.0,MR76,False,Laboral,Lunes,0.0,-7.649.725,-0.07142857142857142,0.3986482844108766,"305,95"
2024-07-09,URBANA,015_ZW Centro Cultural Comuna 13,0.0,MR76,False,Laboral,Martes,0.0,-7.649.725,0.42857142857142855,0.5356365444626217,"374,55"
2024-07-10,URBANA,015_ZW Centro Cultural Comuna 13,0.0,MR76,False,Laboral,Miércoles,0.0,-7.649.725,-0.2857142857142857,-0.09100917431192661,"0,19"
2024-07-11,URBANA,015_ZW Centro Cultural Comuna 13,0.0,MR76,False,Laboral,Jueves,0.0,-7.649.725,0.6428571428571429,-0.08665306975503939,"2,22"
2024-07-12,URBANA,015_ZW Centro Cultural Comuna 13,0.0,MR76,False,Laboral,Viernes,0.0,-7.649.725,0.7142857142857143,-0.08885375152244572,"1,38"
2024-07-13,URBANA,015_ZW Centro Cultural Comuna 13,0.0,MR76,False,Fin de Semana,Sábado,0.0,-7.649.725,0.5,-0.08554523375397277,"2,87"
2024-07-14,URBANA,015_ZW Centro Cultural Comuna 13,0.0,MR76,False,Fin de Semana,Domingo,0.0,-7.649.725,1.6428571428571428,-0.08411827871747012,"3,96"
2024-07-15,URBANA,015_ZW Centro Cultural Comuna 13,0.0,MR76,False,Laboral,Lunes,0.0,-7.649.725,0.6428571428571429,-0.08495802013592108,"3,98"
2024-07-16,URBANA,015_ZW Centro Cultural Comuna 13,0.0,MR76,False,Laboral,Martes,0.0,-7.649.725,4.714285714285714,-0.08301851438125644,"4,62"
2024-07-17,URBANA,015_ZW Centro Cultural Comuna 13,0.0,MR76,False,Laboral,Miércoles,0.0,-7.649.725,1.0714285714285714,-0.08793531137167855,"2,64"
2024-07-18,URBANA,015_ZW Centro Cultural Comuna 13,0.0,MR76,False,Laboral,Jueves,0.0,-7.649.725,0.9285714285714286,-0.08944240650922115,"1,13"
2024-07-19,URBANA,015_ZW Centro Cultural Comuna 13,0.0,MR76,False,Laboral,Viernes,0.0,-7.649.725,0.7142857142857143,-0.08943260520189972,"0,94"
2024-07-20,URBANA,015_ZW Centro Cultural Comuna 13,0.0,MR76,True,Festivo,Sábado,0.0,-7.649.725,1.3571428571428572,-0.08779348068926253,"1,6"
2024-11-13,URBANA,015_ZW Centro Cultural Comuna 13,0.0,MR76,False,Laboral,Miércoles,0.0,-7.649.725,-0.2857142857142857,-0.08960989355491975,"0,38"
2024-11-14,URBANA,015_ZW Centro Cultural Comuna 13,0.0,MR76,False,Laboral,Jueves,0.0,-7.649.725,0.14285714285714285,0.3419503160200927,"78,3"
2024-11-15,URBANA,015_ZW Centro Cultural Comuna 13,0.0,MR76,False,Laboral,Viernes,0.0,-7.649.725,0.21428571428571427,-0.08977046203074439,"0,31"
2024-11-16,URBANA,015_ZW Centro Cultural Comuna 13,0.0,MR76,False,Fin de Semana,Sábado,0.0,-7.649.725,1.7857142857142858,1.5721521797098525,"313,4"
2024-11-17,URBANA,015_ZW Centro Cultural Comuna 13,0.0,MR76,False,Fin de Semana,Domingo,0.0,-7.649.725,-0.2857142857142857,-0.07235843957421968,"3,84"
2024-11-18,URBANA,015_ZW Centro Cultural Comuna 13,0.0,MR76,False,Laboral,Lunes,0.0,-7.649.725,-0.14285714285714285,-0.044217733159408176,"10,18"
2024-11-19,URBANA,015_ZW Centro Cultural Comuna 13,0.0,MR76,False,Laboral,Martes,0.0,-7.649.725,3.857142857142857,0.7936383750009008,"192,16"
2024-11-20,URBANA,015_ZW Centro Cultural Comuna 13,0.0,MR76,False,Laboral,Miércoles,0.0,-7.649.725,0.42857142857142855,0.01110574601641719,"18,63"
2024-11-21,URBANA,015_ZW Centro Cultural Comuna 13,0.0,MR76,False,Laboral,Jueves,0.0,-7.649.725,-0.7142857142857143,0.8250596366309447,"176,07"
2024-11-22,URBANA,015_ZW Centro Cultural Comuna 13,0.0,MR76,False,Laboral,Viernes,0.0,-7.649.725,-0.35714285714285715,0.17332314766101892,"45,48"
2024-11-23,URBANA,015_ZW Centro Cultural Comuna 13,0.0,MR76,False,Fin de Semana,Sábado,0.0,-7.649.725,-0.5,0.16404765165000684,"46,23"
2024-11-24,URBANA,015_ZW Centro Cultural Comuna 13,0.0,MR76,False,Fin de Semana,Domingo,0.0,-7.649.725,-0.7857142857142857,-0.07665458319219931,"6,9"
2024-11-25,URBANA,015_ZW Centro Cultural Comuna 13,0.0,MR76,False,Laboral,Lunes,0.0,-7.649.725,-1.7142857142857142,-0.08389169555409817,"6,31"
2024-11-26,URBANA,015_ZW Centro Cultural Comuna 13,0.0,MR76,False,Laboral,Martes,0.0,-7.649.725,0.21428571428571427,-0.04040502461137096,"22,45"
2024-11-27,URBANA,015_ZW Centro Cultural Comuna 13,0.0,MR76,False,Laboral,Miércoles,0.0,-7.649.725,-0.35714285714285715,0.026068018190073292,"20,98"
2024-11-28,URBANA,015_ZW Centro Cultural Comuna 13,0.0,MR76,False,Laboral,Jueves,0.0,-7.649.725,-0.7142857142857143,0.9339582147206987,"168,93"
2024-11-29,URBANA,015_ZW Centro Cultural Comuna 13,0.0,MR76,False,Laboral,Viernes,0.0,-7.649.725,0.42857142857142855,0.09813530128209748,"29,58"
2024-11-30,URBANA,015_ZW Centro Cultural Comuna 13,0.0,MR76,False,Fin de Semana,Sábado,0.0,-7.649.725,-0.14285714285714285,0.2464261983179227,"51,41"
2024-12-01,URBANA,015_ZW Centro Cultural Comuna 13,0.0,MR76,False,Fin de Semana,Domingo,0.0,-7.649.725,0.6428571428571429,0.9755895558422277,"153,16"
2024-12-02,URBANA,015_ZW Centro Cultural Comuna 13,0.0,MR76,False,Laboral,Lunes,0.0,-7.649.725,-0.5714285714285714,0.219290125903558,"51,65"
2024-12-03,URBANA,015_ZW Centro Cultural Comuna 13,0.0,MR76,False,Laboral,Martes,0.0,-7.649.725,3.142857142857143,1.1753745036286458,"235,36"
2024-12-04,URBANA,015_ZW Centro Cultural Comuna 13,0.0,MR76,False,Laboral,Miércoles,0.0,-7.649.725,0.07142857142857142,1.020865541918606,"167,05"
2024-12-05,URBANA,015_ZW Centro Cultural Comuna 13,0.0,MR76,False,Laboral,Jueves,0.0,-7.649.725,-0.07142857142857142,0.4564140187522071,"82,83"
2024-12-06,URBANA,015_ZW Centro Cultural Comuna 13,0.0,MR76,False,Laboral,Viernes,0.0,-7.649.725,0.35714285714285715,-0.08111187183349308,"1,58"
2024-12-07,URBANA,015_ZW Centro Cultural Comuna 13,0.0,MR76,False,Fin de Semana,Sábado,0.0,-7.649.725,0.07142857142857142,0.22135503073718804,"52,88"
2024-12-08,URBANA,015_ZW Centro Cultural Comuna 13,0.0,MR76,True,Festivo,Domingo,0.0,-7.649.725,-1.0714285714285714,-0.08934612307847532,"0,27"
2024-12-09,URBANA,015_ZW Centro Cultural Comuna 13,0.0,MR76,False,Laboral,Lunes,0.0,-7.649.725,0.2857142857142857,0.6667189403057143,"97,51"
2024-12-10,URBANA,015_ZW Centro Cultural Comuna 13,0.0,MR76,False,Laboral,Martes,0.0,-7.649.725,3.0,1.194443523569982,"147,29"
2024-12-11,URBANA,015_ZW Centro Cultural Comuna 13,0.0,MR76,False,Laboral,Miércoles,0.0,-7.649.725,-0.14285714285714285,0.12724057164683583,"25,15"
2024-12-12,URBANA,015_ZW Centro Cultural Comuna 13,0.0,MR76,False,Laboral,Jueves,0.0,-7.649.725,0.2857142857142857,0.41316084954272575,"51,0"
2024-12-13,URBANA,015_ZW Centro Cultural Comuna 13,0.0,MR76,False,Laboral,Viernes,0.0,-7.649.725,0.35714285714285715,0.4193817969543879,"52,22"
2024-12-14,URBANA,015_ZW Centro Cultural Comuna 13,0.0,MR76,False,Fin de Semana,Sábado,0.0,-7.649.725,0.07142857142857142,0.5064473864381617,"68,27"
2024-12-15,URBANA,015_ZW Centro Cultural Comuna 13,0.0,MR76,False,Fin de Semana,Domingo,0.0,-7.649.725,-0.07142857142857142,0.28367981435170836,"43,92"
2024-12-16,URBANA,015_ZW Centro Cultural Comuna 13,0.0,MR76,False,Laboral,Lunes,0.0,-7.649.725,-0.42857142857142855,0.7068829680664759,"83,27"
2024-12-17,URBANA,015_ZW Centro Cultural Comuna 13,0.0,MR76,False,Laboral,Martes,0.0,-7.649.725,3.5,1.1878342714241443,"144,0"
2024-12-18,URBANA,015_ZW Centro Cultural Comuna 13,0.0,MR76,False,Laboral,Miércoles,0.0,-7.649.725,-0.14285714285714285,0.1437211816340797,"25,8"
