FECHA.CONEXION,AREA,NOMBRE.ZONA,COMUNA,MODEL,es_festivo,tipo_dia,dia_semana,LATITUD,LONGITUD,NUMERO.CONEXIONES,USAGE.KB,PORCENTAJE.USO
2024-01-01,URBANA,031_ZW Cancha Los Azules,0.0,MR76,True,Festivo,Lunes,0.0,0.0,0.24242424242424243,0.7742055183993366,"182,1"
2024-01-02,URBANA,031_ZW Cancha Los Azules,0.0,MR76,False,Laboral,Martes,0.0,0.0,-0.48484848484848486,0.4573360048433414,"112,6"
2024-01-03,URBANA,031_ZW Cancha Los Azules,0.0,MR76,False,Laboral,Miércoles,0.0,0.0,-0.48484848484848486,1.4855324355840018,"250,7"
2024-01-04,URBANA,031_ZW Cancha Los Azules,0.0,MR76,False,Laboral,Jueves,0.0,0.0,-1.2121212121212122,1.0484513651898115,"203,5"
2024-01-05,URBANA,031_ZW Cancha Los Azules,0.0,MR76,False,Laboral,Viernes,0.0,0.0,-1.9393939393939394,1.016665707637853,"192,3"
2024-01-06,URBANA,031_ZW Cancha Los Azules,0.0,MR76,False,Fin de Semana,Sábado,0.0,0.0,-0.9696969696969697,1.5663736464783724,"417,6"
2024-01-07,URBANA,031_ZW Cancha Los Azules,0.0,MR76,False,Fin de Semana,Domingo,0.0,0.0,-0.8484848484848485,2.8968505493759675,"588,7"
2024-01-08,URBANA,031_ZW Cancha Los Azules,0.0,MR76,True,Festivo,Lunes,0.0,0.0,-0.7272727272727273,7.138587286622236,"921,8"
2024-01-09,URBANA,031_ZW Cancha Los Azules,0.0,MR76,False,Laboral,Martes,0.0,0.0,-1.696969696969697,-0.007672968223686832,"0,2"
2024-01-10,URBANA,031_ZW Cancha Los Azules,0.0,MR76,False,Laboral,Miércoles,0.0,0.0,-1.3333333333333333,-0.007454604739963026,"0,2"
2024-01-11,URBANA,031_ZW Cancha Los Azules,0.0,MR76,False,Laboral,Jueves,0.0,0.0,-0.8484848484848485,-0.0018051873130815956,"1,3"
2024-01-12,URBANA,031_ZW Cancha Los Azules,0.0,MR76,False,Laboral,Viernes,0.0,0.0,-0.9696969696969697,-0.006727710080179727,"0,4"
2024-01-13,URBANA,031_ZW Cancha Los Azules,0.0,MR76,False,Fin de Semana,Sábado,0.0,0.0,-0.8484848484848485,-0.007701001373624347,"0,3"
2024-01-14,URBANA,031_ZW Cancha Los Azules,0.0,MR76,False,Fin de Semana,Domingo,0.0,0.0,-1.2121212121212122,1.282110128967244,"331,7"
2024-01-15,URBANA,031_ZW Cancha Los Azules,0.0,MR76,False,Laboral,Lunes,0.0,0.0,-0.8484848484848485,1.7990974801149064,"531,4"
2024-01-16,URBANA,031_ZW Cancha Los Azules,0.0,MR76,False,Laboral,Martes,0.0,0.0,-0.9696969696969697,1.8349597478393573,"438,3"
2024-01-17,URBANA,031_ZW Cancha Los Azules,0.0,MR76,False,Laboral,Miércoles,0.0,0.0,-0.6060606060606061,2.7715443363938648,"565,3"
2024-01-18,URBANA,031_ZW Cancha Los Azules,0.0,MR76,False,Laboral,Jueves,0.0,0.0,-1.3333333333333333,6.539825761677897,"1110,0"
2024-01-19,URBANA,031_ZW Cancha Los Azules,0.0,MR76,False,Laboral,Viernes,0.0,0.0,-1.0909090909090908,5.448139164425244,"722,8"
2024-01-20,URBANA,031_ZW Cancha Los Azules,0.0,MR76,False,Fin de Semana,Sábado,0.0,0.0,-1.2121212121212122,1.8981612220879582,"299,4"
2024-01-21,URBANA,031_ZW Cancha Los Azules,0.0,MR76,False,Fin de Semana,Domingo,0.0,0.0,-1.0909090909090908,1.316773856579454,"208,2"
2024-01-22,URBANA,031_ZW Cancha Los Azules,0.0,MR76,False,Laboral,Lunes,0.0,0.0,-0.8484848484848485,-0.003580128332809556,"1,0"
2024-01-23,URBANA,031_ZW Cancha Los Azules,0.0,MR76,False,Laboral,Martes,0.0,0.0,-1.2121212121212122,-0.008264123420614791,"0,1"
2024-01-24,URBANA,031_ZW Cancha Los Azules,0.0,MR76,False,Laboral,Miércoles,0.0,0.0,-0.6060606060606061,-0.007498867608285419,"0,2"
2024-01-25,URBANA,031_ZW Cancha Los Azules,0.0,MR76,False,Laboral,Jueves,0.0,0.0,-0.7272727272727273,-0.0073882104374794364,"0,2"
2024-01-26,URBANA,031_ZW Cancha Los Azules,0.0,MR76,False,Laboral,Viernes,0.0,0.0,-0.48484848484848486,-0.00658311804365991,"0,3"
2024-01-27,URBANA,031_ZW Cancha Los Azules,0.0,MR76,False,Fin de Semana,Sábado,0.0,0.0,0.24242424242424243,-0.007605590301907188,"0,2"
2024-01-28,URBANA,031_ZW Cancha Los Azules,0.0,MR76,False,Fin de Semana,Domingo,0.0,0.0,-0.48484848484848486,-0.007570180007249274,"0,3"
2024-01-29,URBANA,031_ZW Cancha Los Azules,0.0,MR76,False,Laboral,Lunes,0.0,0.0,-0.9696969696969697,-0.0053811352638829255,"0,6"
2024-01-30,URBANA,031_ZW Cancha Los Azules,0.0,MR76,False,Laboral,Martes,0.0,0.0,-1.3333333333333333,-0.007743297003354634,"0,3"
2024-01-31,URBANA,031_ZW Cancha Los Azules,0.0,MR76,False,Laboral,Miércoles,0.0,0.0,-1.5757575757575757,-0.007316898038515581,"0,3"
2024-02-01,URBANA,031_ZW Cancha Los Azules,0.0,MR76,False,Laboral,Jueves,0.0,0.0,-0.24242424242424243,-0.007928709240660657,"0,1"
2024-02-02,URBANA,031_ZW Cancha Los Azules,0.0,MR76,False,Laboral,Viernes,0.0,0.0,-0.48484848484848486,-0.00797297210898305,"0,2"
2024-02-03,URBANA,031_ZW Cancha Los Azules,0.0,MR76,False,Fin de Semana,Sábado,0.0,0.0,-0.48484848484848486,-0.007780182726956628,"0,1"
2024-02-04,URBANA,031_ZW Cancha Los Azules,0.0,MR76,False,Fin de Semana,Domingo,0.0,0.0,-0.12121212121212122,-0.00615622726917283,"0,3"
2024-02-05,URBANA,031_ZW Cancha Los Azules,0.0,MR76,False,Laboral,Lunes,0.0,0.0,-1.3333333333333333,-0.008164286062065394,"0,1"
2024-02-06,URBANA,031_ZW Cancha Los Azules,0.0,MR76,False,Laboral,Martes,0.0,0.0,-1.0909090909090908,-0.00745116207242684,"0,2"
2024-02-07,URBANA,031_ZW Cancha Los Azules,0.0,MR76,False,Laboral,Miércoles,0.0,0.0,-0.8484848484848485,-0.007927725621364604,"0,1"
2024-02-08,URBANA,031_ZW Cancha Los Azules,0.0,MR76,False,Laboral,Jueves,0.0,0.0,-0.6060606060606061,-0.0058857319627582064,"0,4"
2024-02-09,URBANA,031_ZW Cancha Los Azules,0.0,MR76,False,Laboral,Viernes,0.0,0.0,-0.8484848484848485,-0.007201322771229333,"0,3"
2024-02-10,URBANA,031_ZW Cancha Los Azules,0.0,MR76,False,Fin de Semana,Sábado,0.0,0.0,-0.24242424242424243,-0.0077944452067493985,"0,1"
2024-02-11,URBANA,031_ZW Cancha Los Azules,0.0,MR76,False,Fin de Semana,Domingo,0.0,0.0,-0.48484848484848486,-0.006994762719058164,"0,3"
2024-02-12,URBANA,031_ZW Cancha Los Azules,0.0,MR76,False,Laboral,Lunes,0.0,0.0,-1.4545454545454546,-0.006588036140140176,"0,4"
2024-02-13,URBANA,031_ZW Cancha Los Azules,0.0,MR76,False,Laboral,Martes,0.0,0.0,-0.9696969696969697,-0.004300629467168509,"1,1"
2024-02-14,URBANA,031_ZW Cancha Los Azules,0.0,MR76,False,Laboral,Miércoles,0.0,0.0,-0.8484848484848485,0.01002627738949406,"5,1"
2024-02-15,URBANA,031_ZW Cancha Los Azules,0.0,MR76,False,Laboral,Jueves,0.0,0.0,-0.9696969696969697,-0.007663623840374326,"0,2"
2024-02-16,URBANA,031_ZW Cancha Los Azules,0.0,MR76,False,Laboral,Viernes,0.0,0.0,-0.9696969696969697,-0.007117715131064812,"0,3"
2024-02-17,URBANA,031_ZW Cancha Los Azules,0.0,MR76,False,Fin de Semana,Sábado,0.0,0.0,-1.3333333333333333,-0.008365436208108269,"0,1"
2024-02-18,URBANA,031_ZW Cancha Los Azules,0.0,MR76,False,Fin de Semana,Domingo,0.0,0.0,0.0,-0.006838367250985709,"0,3"
2024-02-19,URBANA,031_ZW Cancha Los Azules,0.0,MR76,False,Laboral,Lunes,0.0,0.0,-0.7272727272727273,-0.00789674161353893,"0,1"
2024-02-20,URBANA,031_ZW Cancha Los Azules,0.0,MR76,False,Laboral,Martes,0.0,0.0,-0.8484848484848485,-0.0056294991361363535,"0,5"
2024-02-21,URBANA,031_ZW Cancha Los Azules,0.0,MR76,False,Laboral,Miércoles,0.0,0.0,-0.36363636363636365,0.062222035334555975,"12,5"
2024-02-22,URBANA,031_ZW Cancha Los Azules,0.0,MR76,False,Laboral,Jueves,0.0,0.0,-1.2121212121212122,5.257710468709349,"699,6"
2024-02-23,URBANA,031_ZW Cancha Los Azules,0.0,MR76,False,Laboral,Viernes,0.0,0.0,-0.7272727272727273,-0.002747986408348567,"0,9"
2024-02-24,URBANA,031_ZW Cancha Los Azules,0.0,MR76,False,Fin de Semana,Sábado,0.0,0.0,-0.12121212121212122,0.08936943609597567,"15,9"
2024-02-25,URBANA,031_ZW Cancha Los Azules,0.0,MR76,False,Fin de Semana,Domingo,0.0,0.0,-0.6060606060606061,0.24437209924521974,"29,3"
2024-02-26,URBANA,031_ZW Cancha Los Azules,0.0,MR76,False,Laboral,Lunes,0.0,0.0,-0.9696969696969697,0.2435591378970318,"46,1"
2024-02-27,URBANA,031_ZW Cancha Los Azules,0.0,MR76,False,Laboral,Martes,0.0,0.0,-0.36363636363636365,3.7448907125190636,"656,9"
2024-02-28,URBANA,031_ZW Cancha Los Azules,0.0,MR76,False,Laboral,Miércoles,0.0,0.0,-0.6060606060606061,32.46987665905837,"3850,7"
2024-02-29,URBANA,031_ZW Cancha Los Azules,0.0,MR76,False,Laboral,Jueves,0.0,0.0,0.24242424242424243,0.1252051460994331,"34,4"
2024-03-01,URBANA,031_ZW Cancha Los Azules,0.0,MR76,False,Laboral,Viernes,0.0,0.0,0.24242424242424243,-0.007215093441374077,"0,3"
2024-03-02,URBANA,031_ZW Cancha Los Azules,0.0,MR76,False,Fin de Semana,Sábado,0.0,0.0,-0.48484848484848486,-0.007701493183272373,"0,2"
2024-03-03,URBANA,031_ZW Cancha Los Azules,0.0,MR76,False,Fin de Semana,Domingo,0.0,0.0,-0.12121212121212122,0.04087700480055397,"7,3"
2024-03-04,URBANA,031_ZW Cancha Los Azules,0.0,MR76,False,Laboral,Lunes,0.0,0.0,0.6060606060606061,7.5847963440838,"1085,9"
2024-03-05,URBANA,031_ZW Cancha Los Azules,0.0,MR76,False,Laboral,Martes,0.0,0.0,-0.36363636363636365,3.762612581376054,"556,4"
2024-03-06,URBANA,031_ZW Cancha Los Azules,0.0,MR76,False,Laboral,Miércoles,0.0,0.0,-0.9696969696969697,6.632038595253938,"1115,7"
2024-03-07,URBANA,031_ZW Cancha Los Azules,0.0,MR76,False,Laboral,Jueves,0.0,0.0,0.48484848484848486,-0.005489333386448776,"0,6"
2024-03-08,URBANA,031_ZW Cancha Los Azules,0.0,MR76,False,Laboral,Viernes,0.0,0.0,-0.8484848484848485,-0.007088698361831243,"0,3"
2024-03-09,URBANA,031_ZW Cancha Los Azules,0.0,MR76,False,Fin de Semana,Sábado,0.0,0.0,-0.48484848484848486,-0.008095432711341671,"0,2"
2024-03-10,URBANA,031_ZW Cancha Los Azules,0.0,MR76,False,Fin de Semana,Domingo,0.0,0.0,-0.7272727272727273,-0.0001546741343043623,"1,9"
2024-03-11,URBANA,031_ZW Cancha Los Azules,0.0,MR76,False,Laboral,Lunes,0.0,0.0,-0.36363636363636365,-0.004632600979586457,"0,9"
2024-03-12,URBANA,031_ZW Cancha Los Azules,0.0,MR76,False,Laboral,Martes,0.0,0.0,-0.36363636363636365,0.019383939562495973,"6,5"
2024-03-13,URBANA,031_ZW Cancha Los Azules,0.0,MR76,False,Laboral,Miércoles,0.0,0.0,-0.6060606060606061,-0.006563937467386873,"0,6"
2024-03-14,URBANA,031_ZW Cancha Los Azules,0.0,MR76,False,Laboral,Jueves,0.0,0.0,-0.36363636363636365,-0.0064532802965808905,"0,5"
2024-03-15,URBANA,031_ZW Cancha Los Azules,0.0,MR76,False,Laboral,Viernes,0.0,0.0,-0.6060606060606061,-0.007945922578341588,"0,1"
2024-03-16,URBANA,031_ZW Cancha Los Azules,0.0,MR76,False,Fin de Semana,Sábado,0.0,0.0,0.48484848484848486,-0.0074413258794663074,"0,3"
2024-03-17,URBANA,031_ZW Cancha Los Azules,0.0,MR76,False,Fin de Semana,Domingo,0.0,0.0,-0.12121212121212122,-0.006857547827258746,"0,3"
2024-03-18,URBANA,031_ZW Cancha Los Azules,0.0,MR76,False,Laboral,Lunes,0.0,0.0,-0.48484848484848486,-0.005727369256093644,"0,5"
2024-03-19,URBANA,031_ZW Cancha Los Azules,0.0,MR76,False,Laboral,Martes,0.0,0.0,-0.6060606060606061,-0.007909036854739595,"0,3"
2024-03-20,URBANA,031_ZW Cancha Los Azules,0.0,MR76,False,Laboral,Miércoles,0.0,0.0,-0.36363636363636365,-0.007689197942071709,"0,4"
2024-03-21,URBANA,031_ZW Cancha Los Azules,0.0,MR76,False,Laboral,Jueves,0.0,0.0,-0.6060606060606061,-0.007326734231476112,"0,4"
2024-03-22,URBANA,031_ZW Cancha Los Azules,0.0,MR76,False,Laboral,Viernes,0.0,0.0,-0.24242424242424243,2.9046432732489484,"607,3"
2024-03-23,URBANA,031_ZW Cancha Los Azules,0.0,MR76,False,Fin de Semana,Sábado,0.0,0.0,0.24242424242424243,0.23909891619907864,"64,6"
2024-03-24,URBANA,031_ZW Cancha Los Azules,0.0,MR76,True,Festivo,Domingo,0.0,0.0,-0.7272727272727273,-0.0079498570555258,"0,2"
2024-03-25,URBANA,031_ZW Cancha Los Azules,0.0,MR76,True,Festivo,Lunes,0.0,0.0,-0.24242424242424243,-0.006338196838942668,"0,7"
2024-03-26,URBANA,031_ZW Cancha Los Azules,0.0,MR76,False,Laboral,Martes,0.0,0.0,1.4545454545454546,-0.0017132189089006235,"1,9"
2024-03-27,URBANA,031_ZW Cancha Los Azules,0.0,MR76,False,Laboral,Miércoles,0.0,0.0,0.48484848484848486,1.5478466852275627,"391,9"
2024-03-28,URBANA,031_ZW Cancha Los Azules,0.0,MR76,True,Festivo,Jueves,0.0,0.0,0.36363636363636365,-0.005822780327810802,"1,0"
2024-03-29,URBANA,031_ZW Cancha Los Azules,0.0,MR76,True,Festivo,Viernes,0.0,0.0,0.24242424242424243,0.008466257185953719,"3,6"
2024-03-30,URBANA,031_ZW Cancha Los Azules,0.0,MR76,False,Fin de Semana,Sábado,0.0,0.0,-0.6060606060606061,-0.006438526007140092,"0,8"
2024-03-31,URBANA,031_ZW Cancha Los Azules,0.0,MR76,True,Festivo,Domingo,0.0,0.0,0.8484848484848485,0.6136114713616783,"166,2"
2024-04-01,URBANA,031_ZW Cancha Los Azules,0.0,MR76,False,Laboral,Lunes,0.0,0.0,0.0,1.5217035597674133,"296,7"
2024-04-02,URBANA,031_ZW Cancha Los Azules,0.0,MR76,False,Laboral,Martes,0.0,0.0,-0.8484848484848485,1.2864493654917826,"374,3"
2024-04-03,URBANA,031_ZW Cancha Los Azules,0.0,MR76,False,Laboral,Miércoles,0.0,0.0,-0.36363636363636365,0.19730788316766726,"46,5"
2024-04-04,URBANA,031_ZW Cancha Los Azules,0.0,MR76,False,Laboral,Jueves,0.0,0.0,0.0,0.17063261966835308,"31,7"
2024-04-05,URBANA,031_ZW Cancha Los Azules,0.0,MR76,False,Laboral,Viernes,0.0,0.0,-0.7272727272727273,0.073912350668148,"15,0"
2024-04-06,URBANA,031_ZW Cancha Los Azules,0.0,MR76,False,Fin de Semana,Sábado,0.0,0.0,-0.8484848484848485,0.68263449641397,"116,8"
2024-04-07,URBANA,031_ZW Cancha Los Azules,0.0,MR76,False,Fin de Semana,Domingo,0.0,0.0,-0.8484848484848485,0.9507337062234085,"163,1"
2024-04-08,URBANA,031_ZW Cancha Los Azules,0.0,MR76,False,Laboral,Lunes,0.0,0.0,-0.8484848484848485,0.16231611852022346,"49,2"
2024-04-09,URBANA,031_ZW Cancha Los Azules,0.0,MR76,False,Laboral,Martes,0.0,0.0,-0.12121212121212122,0.44513765014333795,"120,7"
2024-04-10,URBANA,031_ZW Cancha Los Azules,0.0,MR76,False,Laboral,Miércoles,0.0,0.0,-0.36363636363636365,-0.0032811080668093896,"2,7"
2024-04-11,URBANA,031_ZW Cancha Los Azules,0.0,MR76,False,Laboral,Jueves,0.0,0.0,0.9696969696969697,-0.0037439009456024103,"2,4"
2024-04-12,URBANA,031_ZW Cancha Los Azules,0.0,MR76,False,Laboral,Viernes,0.0,0.0,1.2121212121212122,2.40362989946919,"722,5"
2024-04-13,URBANA,031_ZW Cancha Los Azules,0.0,MR76,False,Fin de Semana,Sábado,0.0,0.0,-0.36363636363636365,0.4777259410408758,"116,3"
2024-04-14,URBANA,031_ZW Cancha Los Azules,0.0,MR76,False,Fin de Semana,Domingo,0.0,0.0,-0.24242424242424243,0.08443019180084463,"27,5"
2024-04-15,URBANA,031_ZW Cancha Los Azules,0.0,MR76,False,Laboral,Lunes,0.0,0.0,0.7272727272727273,-0.005574416455557375,"1,7"
2024-04-16,URBANA,031_ZW Cancha Los Azules,0.0,MR76,False,Laboral,Martes,0.0,0.0,0.0,-0.005496218721521147,"1,6"
2024-04-17,URBANA,031_ZW Cancha Los Azules,0.0,MR76,False,Laboral,Miércoles,0.0,0.0,-0.12121212121212122,0.0004925473624986291,"5,1"
2024-04-18,URBANA,031_ZW Cancha Los Azules,0.0,MR76,False,Laboral,Jueves,0.0,0.0,-0.8484848484848485,0.050898118188743756,"41,7"
2024-04-19,URBANA,031_ZW Cancha Los Azules,0.0,MR76,False,Laboral,Viernes,0.0,0.0,0.12121212121212122,3.608856163874909,"1813,5"
2024-04-20,URBANA,031_ZW Cancha Los Azules,0.0,MR76,False,Fin de Semana,Sábado,0.0,0.0,1.2121212121212122,10.423429664089092,"2714,1"
2024-04-21,URBANA,031_ZW Cancha Los Azules,0.0,MR76,False,Fin de Semana,Domingo,0.0,0.0,0.9696969696969697,2.1616388966348907,"713,2"
2024-04-22,URBANA,031_ZW Cancha Los Azules,0.0,MR76,False,Laboral,Lunes,0.0,0.0,1.696969696969697,0.03406249031749756,"18,8"
2024-04-23,URBANA,031_ZW Cancha Los Azules,0.0,MR76,False,Laboral,Martes,0.0,0.0,0.48484848484848486,7.027014858061277,"779,3"
2024-04-24,URBANA,031_ZW Cancha Los Azules,0.0,MR76,False,Laboral,Miércoles,0.0,0.0,1.9393939393939394,9.57215880336811,"1060,6"
2024-04-25,URBANA,031_ZW Cancha Los Azules,0.0,MR76,False,Laboral,Jueves,0.0,0.0,1.4545454545454546,0.034855779279764444,"7,5"
2024-04-26,URBANA,031_ZW Cancha Los Azules,0.0,MR76,False,Laboral,Viernes,0.0,0.0,1.5757575757575757,-0.0012410816467950977,"1,5"
2024-04-27,URBANA,031_ZW Cancha Los Azules,0.0,MR76,False,Fin de Semana,Sábado,0.0,0.0,1.0909090909090908,-0.0020781416677363527,"1,1"
2024-04-28,URBANA,031_ZW Cancha Los Azules,0.0,MR76,False,Fin de Semana,Domingo,0.0,0.0,0.8484848484848485,0.0005687778579427504,"2,6"
2024-04-29,URBANA,031_ZW Cancha Los Azules,0.0,MR76,False,Laboral,Lunes,0.0,0.0,0.9696969696969697,-0.0008432076415415872,"2,0"
2024-04-30,URBANA,031_ZW Cancha Los Azules,0.0,MR76,False,Laboral,Martes,0.0,0.0,0.24242424242424243,-0.0035796365231615295,"1,7"
2024-05-01,URBANA,031_ZW Cancha Los Azules,0.0,MR76,True,Festivo,Miércoles,0.0,0.0,1.2121212121212122,-0.002385522697752971,"2,5"
2024-05-02,URBANA,031_ZW Cancha Los Azules,0.0,MR76,False,Laboral,Jueves,0.0,0.0,0.0,-0.003435044486641712,"2,2"
2024-05-03,URBANA,031_ZW Cancha Los Azules,0.0,MR76,False,Laboral,Viernes,0.0,0.0,0.24242424242424243,-0.0051490011100143755,"1,6"
2024-05-04,URBANA,031_ZW Cancha Los Azules,0.0,MR76,False,Fin de Semana,Sábado,0.0,0.0,0.0,-0.005510481201313919,"0,9"
2024-05-05,URBANA,031_ZW Cancha Los Azules,0.0,MR76,False,Fin de Semana,Domingo,0.0,0.0,-0.24242424242424243,-0.004538665336813378,"1,4"
2024-05-06,URBANA,031_ZW Cancha Los Azules,0.0,MR76,False,Laboral,Lunes,0.0,0.0,-0.12121212121212122,-0.004377843581908684,"1,9"
2024-05-07,URBANA,031_ZW Cancha Los Azules,0.0,MR76,False,Laboral,Martes,0.0,0.0,-0.36363636363636365,0.01805064360669589,"9,0"
2024-05-08,URBANA,031_ZW Cancha Los Azules,0.0,MR76,False,Laboral,Miércoles,0.0,0.0,-0.12121212121212122,0.006364262750288077,"3,9"
2024-05-09,URBANA,031_ZW Cancha Los Azules,0.0,MR76,False,Laboral,Jueves,0.0,0.0,0.24242424242424243,-0.0063259015977420036,"0,6"
2024-05-10,URBANA,031_ZW Cancha Los Azules,0.0,MR76,False,Laboral,Viernes,0.0,0.0,0.12121212121212122,-0.007377390625222851,"0,4"
2024-05-11,URBANA,031_ZW Cancha Los Azules,0.0,MR76,False,Fin de Semana,Sábado,0.0,0.0,0.6060606060606061,-0.005387528789307271,"0,9"
2024-05-12,URBANA,031_ZW Cancha Los Azules,0.0,MR76,False,Fin de Semana,Domingo,0.0,0.0,0.8484848484848485,-0.00497539230426099,"1,9"
2024-05-13,URBANA,031_ZW Cancha Los Azules,0.0,MR76,True,Festivo,Lunes,0.0,0.0,-0.36363636363636365,-0.002165191975437059,"2,4"
2024-05-14,URBANA,031_ZW Cancha Los Azules,0.0,MR76,False,Laboral,Martes,0.0,0.0,-0.8484848484848485,-0.005568514739781056,"3,1"
2024-05-15,URBANA,031_ZW Cancha Los Azules,0.0,MR76,False,Laboral,Miércoles,0.0,0.0,0.12121212121212122,-0.0015632169662525138,"2,4"
2024-05-16,URBANA,031_ZW Cancha Los Azules,0.0,MR76,False,Laboral,Jueves,0.0,0.0,0.24242424242424243,-0.005152935587198588,"0,9"
2024-05-17,URBANA,031_ZW Cancha Los Azules,0.0,MR76,False,Laboral,Viernes,0.0,0.0,0.7272727272727273,-0.0047629305363135034,"0,8"
2024-05-18,URBANA,031_ZW Cancha Los Azules,0.0,MR76,False,Fin de Semana,Sábado,0.0,0.0,0.0,-0.005220313508978231,"0,7"
2024-05-19,URBANA,031_ZW Cancha Los Azules,0.0,MR76,False,Fin de Semana,Domingo,0.0,0.0,0.0,-0.0067523005625810565,"0,4"
2024-05-20,URBANA,031_ZW Cancha Los Azules,0.0,MR76,False,Laboral,Lunes,0.0,0.0,0.0,-0.005453923091790861,"1,0"
2024-05-21,URBANA,031_ZW Cancha Los Azules,0.0,MR76,False,Laboral,Martes,0.0,0.0,0.48484848484848486,-0.006401148473890072,"0,6"
2024-05-22,URBANA,031_ZW Cancha Los Azules,0.0,MR76,False,Laboral,Miércoles,0.0,0.0,0.12121212121212122,-0.0008510765959100126,"6,3"
2024-05-23,URBANA,031_ZW Cancha Los Azules,0.0,MR76,False,Laboral,Jueves,0.0,0.0,0.36363636363636365,-0.0007246815163671792,"3,1"
2024-05-24,URBANA,031_ZW Cancha Los Azules,0.0,MR76,False,Laboral,Viernes,0.0,0.0,0.6060606060606061,-0.004770307681033902,"1,8"
2024-05-25,URBANA,031_ZW Cancha Los Azules,0.0,MR76,False,Fin de Semana,Sábado,0.0,0.0,0.8484848484848485,-0.003524062032934525,"1,5"
2024-05-26,URBANA,031_ZW Cancha Los Azules,0.0,MR76,False,Fin de Semana,Domingo,0.0,0.0,0.24242424242424243,0.00039762810042949737,"2,7"
2024-05-27,URBANA,031_ZW Cancha Los Azules,0.0,MR76,False,Laboral,Lunes,0.0,0.0,0.12121212121212122,-0.006223605190952473,"0,6"
2024-05-28,URBANA,031_ZW Cancha Los Azules,0.0,MR76,False,Laboral,Martes,0.0,0.0,-0.36363636363636365,-0.006803940575623849,"0,6"
2024-05-29,URBANA,031_ZW Cancha Los Azules,0.0,MR76,False,Laboral,Miércoles,0.0,0.0,-0.7272727272727273,1.606894335188931,"656,8"
2024-05-30,URBANA,031_ZW Cancha Los Azules,0.0,MR76,False,Laboral,Jueves,0.0,0.0,0.36363636363636365,22.71155585457582,"3860,6"
2024-05-31,URBANA,031_ZW Cancha Los Azules,0.0,MR76,False,Laboral,Viernes,0.0,0.0,0.24242424242424243,16.42487312540605,"3594,0"
2024-06-01,URBANA,031_ZW Cancha Los Azules,0.0,MR76,False,Fin de Semana,Sábado,0.0,0.0,1.2121212121212122,13.38519293938397,"2720,4"
2024-06-02,URBANA,031_ZW Cancha Los Azules,0.0,MR76,False,Fin de Semana,Domingo,0.0,0.0,2.1818181818181817,3.060517914904144,"636,7"
2024-06-03,URBANA,031_ZW Cancha Los Azules,0.0,MR76,True,Festivo,Lunes,0.0,0.0,1.696969696969697,0.0015179704786340675,"3,0"
2024-06-04,URBANA,031_ZW Cancha Los Azules,0.0,MR76,False,Laboral,Martes,0.0,0.0,0.0,-0.0004305793468472788,"3,8"
2024-06-05,URBANA,031_ZW Cancha Los Azules,0.0,MR76,False,Laboral,Miércoles,0.0,0.0,-0.6060606060606061,-0.0007138617041105943,"5,8"
2024-06-06,URBANA,031_ZW Cancha Los Azules,0.0,MR76,False,Laboral,Jueves,0.0,0.0,0.36363636363636365,-0.0004325465854393852,"2,8"
2024-06-07,URBANA,031_ZW Cancha Los Azules,0.0,MR76,False,Laboral,Viernes,0.0,0.0,0.12121212121212122,-0.00765723031494998,"0,5"
2024-06-08,URBANA,031_ZW Cancha Los Azules,0.0,MR76,False,Fin de Semana,Sábado,0.0,0.0,-0.12121212121212122,-0.005817370421682511,"2,0"
2024-06-09,URBANA,031_ZW Cancha Los Azules,0.0,MR76,False,Fin de Semana,Domingo,0.0,0.0,0.24242424242424243,-2.6311816169422522e-05,"6,2"
2024-06-10,URBANA,031_ZW Cancha Los Azules,0.0,MR76,True,Festivo,Lunes,0.0,0.0,0.6060606060606061,0.3884265878197439,"148,2"
2024-06-11,URBANA,031_ZW Cancha Los Azules,0.0,MR76,False,Laboral,Martes,0.0,0.0,0.0,0.18281277741137958,"62,2"
2024-06-12,URBANA,031_ZW Cancha Los Azules,0.0,MR76,False,Laboral,Miércoles,0.0,0.0,0.12121212121212122,0.9790865324321414,"270,9"
2024-06-13,URBANA,031_ZW Cancha Los Azules,0.0,MR76,False,Laboral,Jueves,0.0,0.0,0.36363636363636365,2.041833082756318,"81179317700,0"
2024-06-14,URBANA,031_ZW Cancha Los Azules,0.0,MR76,False,Laboral,Viernes,0.0,0.0,0.36363636363636365,0.8393963626742051,"51839455600,0"
2024-06-15,URBANA,031_ZW Cancha Los Azules,0.0,MR76,False,Fin de Semana,Sábado,0.0,0.0,-0.24242424242424243,1.0059673723643305,"37018844300,0"
2024-06-16,URBANA,031_ZW Cancha Los Azules,0.0,MR76,False,Fin de Semana,Domingo,0.0,0.0,0.7272727272727273,2.030225391443594,"74347139800,0"
2024-06-17,URBANA,031_ZW Cancha Los Azules,0.0,MR76,False,Laboral,Lunes,0.0,0.0,0.9696969696969697,2.3545472965961363,"769,0"
2024-06-18,URBANA,031_ZW Cancha Los Azules,0.0,MR76,False,Laboral,Martes,0.0,0.0,0.24242424242424243,4.7237006020241905,"1520,0"
2024-06-19,URBANA,031_ZW Cancha Los Azules,0.0,MR76,False,Laboral,Miércoles,0.0,0.0,0.8484848484848485,13.375485108741572,"3860,6"
2024-06-20,URBANA,031_ZW Cancha Los Azules,0.0,MR76,False,Laboral,Jueves,0.0,0.0,1.0909090909090908,0.041244878417277864,"20,4"
2024-06-21,URBANA,031_ZW Cancha Los Azules,0.0,MR76,False,Laboral,Viernes,0.0,0.0,0.48484848484848486,0.001068456460337765,"3,5"
2024-06-22,URBANA,031_ZW Cancha Los Azules,0.0,MR76,False,Fin de Semana,Sábado,0.0,0.0,-0.24242424242424243,0.006687381689041547,"6,0"
2024-06-23,URBANA,031_ZW Cancha Los Azules,0.0,MR76,False,Fin de Semana,Domingo,0.0,0.0,1.4545454545454546,-0.003081925159358621,"4,6"
2024-06-24,URBANA,031_ZW Cancha Los Azules,0.0,MR76,False,Laboral,Lunes,0.0,0.0,-0.24242424242424243,-0.00387078783479327,"1,9"
2024-06-25,URBANA,031_ZW Cancha Los Azules,0.0,MR76,False,Laboral,Martes,0.0,0.0,0.48484848484848486,-0.003060285534845451,"2,9"
2024-06-26,URBANA,031_ZW Cancha Los Azules,0.0,MR76,False,Laboral,Miércoles,0.0,0.0,0.48484848484848486,-4.598420209048609e-05,"4,6"
2024-06-27,URBANA,031_ZW Cancha Los Azules,0.0,MR76,False,Laboral,Jueves,0.0,0.0,-0.36363636363636365,-0.0005751713833670961,"5,0"
2024-06-28,URBANA,031_ZW Cancha Los Azules,0.0,MR76,False,Laboral,Viernes,0.0,0.0,-0.24242424242424243,-0.00020188786051491487,"3,0"
2024-06-29,URBANA,031_ZW Cancha Los Azules,0.0,MR76,False,Fin de Semana,Sábado,0.0,0.0,0.9696969696969697,-0.0021169946299304534,"2,3"
2024-06-30,URBANA,031_ZW Cancha Los Azules,0.0,MR76,False,Fin de Semana,Domingo,0.0,0.0,0.6060606060606061,0.00690033526663706,"6,9"
2024-07-01,URBANA,031_ZW Cancha Los Azules,0.0,MR76,True,Festivo,Lunes,0.0,0.0,0.48484848484848486,-0.005826714804995015,"0,86"
2024-07-02,URBANA,031_ZW Cancha Los Azules,0.0,MR76,False,Laboral,Martes,0.0,0.0,0.24242424242424243,0.0743397332522831,"18,22"
2024-07-03,URBANA,031_ZW Cancha Los Azules,0.0,MR76,False,Laboral,Miércoles,0.0,0.0,0.0,-0.006988369193633819,"0,45"
2024-07-04,URBANA,031_ZW Cancha Los Azules,0.0,MR76,False,Laboral,Jueves,0.0,0.0,0.0,-0.005883272914518073,"0,76"
2024-07-05,URBANA,031_ZW Cancha Los Azules,0.0,MR76,False,Laboral,Viernes,0.0,0.0,-0.9696969696969697,-0.007528376187167014,"0,32"
2024-07-06,URBANA,031_ZW Cancha Los Azules,0.0,MR76,False,Fin de Semana,Sábado,0.0,0.0,0.24242424242424243,-0.006937220990239054,"0,46"
2024-07-07,URBANA,031_ZW Cancha Los Azules,0.0,MR76,False,Fin de Semana,Domingo,0.0,0.0,0.12121212121212122,-0.005072770614570254,"0,87"
2024-07-08,URBANA,031_ZW Cancha Los Azules,0.0,MR76,False,Laboral,Lunes,0.0,0.0,-0.7272727272727273,-0.005542448828435647,"1,21"
2024-07-09,URBANA,031_ZW Cancha Los Azules,0.0,MR76,False,Laboral,Martes,0.0,0.0,0.12121212121212122,-0.004750635295112838,"1,44"
2024-07-10,URBANA,031_ZW Cancha Los Azules,0.0,MR76,False,Laboral,Miércoles,0.0,0.0,0.0,-0.005935896546856919,"0,86"
2024-07-11,URBANA,031_ZW Cancha Los Azules,0.0,MR76,False,Laboral,Jueves,0.0,0.0,1.3333333333333333,-0.004113741800918405,"1,31"
2024-07-12,URBANA,031_ZW Cancha Los Azules,0.0,MR76,False,Laboral,Viernes,0.0,0.0,-0.12121212121212122,-9.098478488491901e-06,"2,84"
2024-07-13,URBANA,031_ZW Cancha Los Azules,0.0,MR76,False,Fin de Semana,Sábado,0.0,0.0,0.0,0.002416506705578646,"3,25"
2024-07-14,URBANA,031_ZW Cancha Los Azules,0.0,MR76,False,Fin de Semana,Domingo,0.0,0.0,0.48484848484848486,0.4065492815398757,"132,83"
2024-07-15,URBANA,031_ZW Cancha Los Azules,0.0,MR76,False,Laboral,Lunes,0.0,0.0,0.0,0.9853654662084969,"361,65"
2024-07-16,URBANA,031_ZW Cancha Los Azules,0.0,MR76,False,Laboral,Martes,0.0,0.0,0.6060606060606061,1.4598860378683594,"475,4"
2024-07-17,URBANA,031_ZW Cancha Los Azules,0.0,MR76,False,Laboral,Miércoles,0.0,0.0,0.48484848484848486,1.6524536137435222,"746,47"
2024-07-18,URBANA,031_ZW Cancha Los Azules,0.0,MR76,False,Laboral,Jueves,0.0,0.0,0.6060606060606061,1.746152204266252,"598,9"
2024-07-19,URBANA,031_ZW Cancha Los Azules,0.0,MR76,False,Laboral,Viernes,0.0,0.0,0.9696969696969697,1.205367167869879,"344,02"
2024-07-20,URBANA,031_ZW Cancha Los Azules,0.0,MR76,True,Festivo,Sábado,0.0,0.0,0.24242424242424243,0.7700413661094955,"203,35"
2024-07-21,URBANA,031_ZW Cancha Los Azules,0.0,MR76,False,Fin de Semana,Domingo,0.0,0.0,-0.12121212121212122,-0.0046557160330437065,"1,31"
2024-07-22,URBANA,031_ZW Cancha Los Azules,0.0,MR76,False,Laboral,Lunes,0.0,0.0,-0.24242424242424243,-0.006219670713768261,"0,77"
2024-07-23,URBANA,031_ZW Cancha Los Azules,0.0,MR76,False,Laboral,Martes,0.0,0.0,0.0,-0.00042172677318280026,"2,48"
2024-07-24,URBANA,031_ZW Cancha Los Azules,0.0,MR76,False,Laboral,Miércoles,0.0,0.0,0.6060606060606061,-0.001002553967502202,"2,53"
2024-07-25,URBANA,031_ZW Cancha Los Azules,0.0,MR76,False,Laboral,Jueves,0.0,0.0,-0.12121212121212122,-0.002630935712118239,"2,0"
2024-07-26,URBANA,031_ZW Cancha Los Azules,0.0,MR76,False,Laboral,Viernes,0.0,0.0,0.0,0.00046156335467295394,"2,5"
2024-07-27,URBANA,031_ZW Cancha Los Azules,0.0,MR76,False,Fin de Semana,Sábado,0.0,0.0,0.0,0.001304525091390528,"3,53"
2024-07-28,URBANA,031_ZW Cancha Los Azules,0.0,MR76,False,Fin de Semana,Domingo,0.0,0.0,-0.7272727272727273,9.098478488491901e-06,"3,82"
2024-07-29,URBANA,031_ZW Cancha Los Azules,0.0,MR76,False,Laboral,Lunes,0.0,0.0,0.7272727272727273,-0.004312432898721148,"1,48"
2024-07-30,URBANA,031_ZW Cancha Los Azules,0.0,MR76,False,Laboral,Martes,0.0,0.0,0.6060606060606061,-0.005586219887110013,"0,97"
2024-07-31,URBANA,031_ZW Cancha Los Azules,0.0,MR76,False,Laboral,Miércoles,0.0,0.0,0.24242424242424243,-0.004488992562362693,"1,48"
2024-08-01,URBANA,031_ZW Cancha Los Azules,0.0,MR76,False,Laboral,Jueves,0.0,0.0,0.6060606060606061,-0.0037734095244840054,"1,54"
2024-08-02,URBANA,031_ZW Cancha Los Azules,0.0,MR76,False,Laboral,Viernes,0.0,0.0,1.2121212121212122,-0.0022566685699700047,"2,23"
2024-08-03,URBANA,031_ZW Cancha Los Azules,0.0,MR76,False,Fin de Semana,Sábado,0.0,0.0,0.0,-0.003744392755250437,"2,12"
2024-08-04,URBANA,031_ZW Cancha Los Azules,0.0,MR76,False,Fin de Semana,Domingo,0.0,0.0,1.2121212121212122,-0.0021947005543186543,"2,16"
2024-08-05,URBANA,031_ZW Cancha Los Azules,0.0,MR76,False,Laboral,Lunes,0.0,0.0,1.0909090909090908,1.7690287300442087,"522,35"
2024-08-06,URBANA,031_ZW Cancha Los Azules,0.0,MR76,False,Laboral,Martes,0.0,0.0,0.8484848484848485,16.845593656048987,"3299,37"
2024-08-07,URBANA,031_ZW Cancha Los Azules,0.0,MR76,True,Festivo,Miércoles,0.0,0.0,1.4545454545454546,2.9585751192515444,"717,72"
2024-08-08,URBANA,031_ZW Cancha Los Azules,0.0,MR76,False,Laboral,Jueves,0.0,0.0,1.8181818181818181,13.040492409655798,"3328,89"
2024-08-09,URBANA,031_ZW Cancha Los Azules,0.0,MR76,False,Laboral,Viernes,0.0,0.0,0.0,-0.001976337070594849,"2,58"
2024-08-10,URBANA,031_ZW Cancha Los Azules,0.0,MR76,False,Fin de Semana,Sábado,0.0,0.0,0.36363636363636365,-0.0034316018191055263,"2,09"
2024-08-11,URBANA,031_ZW Cancha Los Azules,0.0,MR76,False,Fin de Semana,Domingo,0.0,0.0,1.2121212121212122,0.005453923091790861,"5,05"
2024-08-12,URBANA,031_ZW Cancha Los Azules,0.0,MR76,False,Laboral,Lunes,0.0,0.0,-0.36363636363636365,-0.002747986408348567,"2,66"
2024-08-13,URBANA,031_ZW Cancha Los Azules,0.0,MR76,False,Laboral,Martes,0.0,0.0,0.7272727272727273,-0.00039467724254133783,"1,95"
2024-08-14,URBANA,031_ZW Cancha Los Azules,0.0,MR76,False,Laboral,Miércoles,0.0,0.0,-0.6060606060606061,-0.0035727511880891574,"1,43"
2024-08-15,URBANA,031_ZW Cancha Los Azules,0.0,MR76,False,Laboral,Jueves,0.0,0.0,-0.48484848484848486,-0.004540140765757458,"1,32"
2024-08-16,URBANA,031_ZW Cancha Los Azules,0.0,MR76,False,Laboral,Viernes,0.0,0.0,0.0,0.46859746216385423,"132,27"
2024-08-17,URBANA,031_ZW Cancha Los Azules,0.0,MR76,False,Fin de Semana,Sábado,0.0,0.0,0.0,1.0314809814750059,"306,8"
2024-08-18,URBANA,031_ZW Cancha Los Azules,0.0,MR76,False,Fin de Semana,Domingo,0.0,0.0,-0.24242424242424243,1.2851854146963542,"398,16"
2024-08-19,URBANA,031_ZW Cancha Los Azules,0.0,MR76,True,Festivo,Lunes,0.0,0.0,0.12121212121212122,0.6364211110275034,"180,11"
2024-08-20,URBANA,031_ZW Cancha Los Azules,0.0,MR76,False,Laboral,Martes,0.0,0.0,0.36363636363636365,-0.004582928205135771,"2,15"
2024-08-21,URBANA,031_ZW Cancha Los Azules,0.0,MR76,False,Laboral,Miércoles,0.0,0.0,0.6060606060606061,-0.0049886711647577076,"2,29"
2024-08-22,URBANA,031_ZW Cancha Los Azules,0.0,MR76,False,Laboral,Jueves,0.0,0.0,0.0,-0.0015160032400419613,"3,97"
2024-08-23,URBANA,031_ZW Cancha Los Azules,0.0,MR76,False,Laboral,Viernes,0.0,0.0,0.48484848484848486,-0.0069327947034068145,"1,59"
2024-08-24,URBANA,031_ZW Cancha Los Azules,0.0,MR76,False,Fin de Semana,Sábado,0.0,0.0,0.48484848484848486,-0.0030278260980756964,"8,03"
2024-08-25,URBANA,031_ZW Cancha Los Azules,0.0,MR76,False,Fin de Semana,Domingo,0.0,0.0,0.48484848484848486,0.00020385509910702122,"17,63"
2024-08-26,URBANA,031_ZW Cancha Los Azules,0.0,MR76,False,Laboral,Lunes,0.0,0.0,-0.8484848484848485,-0.006974598523489074,"5,12"
2024-08-27,URBANA,031_ZW Cancha Los Azules,0.0,MR76,False,Laboral,Martes,0.0,0.0,-0.12121212121212122,-0.000495006410738762,"18,25"
2024-08-28,URBANA,031_ZW Cancha Los Azules,0.0,MR76,False,Laboral,Miércoles,0.0,0.0,0.0,-0.0069126305078377245,"7,02"
2024-08-29,URBANA,031_ZW Cancha Los Azules,0.0,MR76,False,Laboral,Jueves,0.0,0.0,-0.8484848484848485,-0.006038192953646449,"16,38"
2024-10-25,URBANA,031_ZW Cancha Los Azules,0.0,MR76,False,Laboral,Viernes,0.0,0.0,-1.0909090909090908,1.372542611617429,"627,44"
2024-10-26,URBANA,031_ZW Cancha Los Azules,0.0,MR76,False,Fin de Semana,Sábado,0.0,0.0,-0.8484848484848485,0.3237300122411421,"87,57"
2024-10-27,URBANA,031_ZW Cancha Los Azules,0.0,MR76,False,Fin de Semana,Domingo,0.0,0.0,0.8484848484848485,0.9906529117344307,"204,15"
2024-10-28,URBANA,031_ZW Cancha Los Azules,0.0,MR76,False,Laboral,Lunes,0.0,0.0,-0.8484848484848485,0.18203080007101732,"64,45"
2024-10-29,URBANA,031_ZW Cancha Los Azules,0.0,MR76,False,Laboral,Martes,0.0,0.0,0.0,0.14391309330071653,"49,0"
2024-10-30,URBANA,031_ZW Cancha Los Azules,0.0,MR76,False,Laboral,Miércoles,0.0,0.0,-0.24242424242424243,0.8712425128128709,"365,27"
2024-10-31,URBANA,031_ZW Cancha Los Azules,0.0,MR76,False,Laboral,Jueves,0.0,0.0,-0.24242424242424243,0.29368044274671756,"131,12"
2024-11-01,URBANA,031_ZW Cancha Los Azules,0.0,MR76,False,Laboral,Viernes,0.0,0.0,-0.36363636363636365,0.6177485741208779,"230,4"
2024-11-02,URBANA,031_ZW Cancha Los Azules,0.0,MR76,False,Fin de Semana,Sábado,0.0,0.0,0.6060606060606061,1.1542568338180117,"380,6"
2024-11-03,URBANA,031_ZW Cancha Los Azules,0.0,MR76,False,Fin de Semana,Domingo,0.0,0.0,-0.12121212121212122,0.28341489996345853,"101,02"
2024-11-04,URBANA,031_ZW Cancha Los Azules,0.0,MR76,True,Festivo,Lunes,0.0,0.0,0.12121212121212122,1.5284202041305126,"471,18"
2024-11-05,URBANA,031_ZW Cancha Los Azules,0.0,MR76,False,Laboral,Martes,0.0,0.0,0.48484848484848486,2.331126337537814,"651,58"
2024-11-06,URBANA,031_ZW Cancha Los Azules,0.0,MR76,False,Laboral,Miércoles,0.0,0.0,-0.48484848484848486,0.21335563198277485,"72,16"
2024-11-07,URBANA,031_ZW Cancha Los Azules,0.0,MR76,False,Laboral,Jueves,0.0,0.0,1.0909090909090908,0.9748146738293824,"224,89"
2024-11-08,URBANA,031_ZW Cancha Los Azules,0.0,MR76,False,Laboral,Viernes,0.0,0.0,0.24242424242424243,1.891166213464076,"312,4"
2024-11-09,URBANA,031_ZW Cancha Los Azules,0.0,MR76,False,Fin de Semana,Sábado,0.0,0.0,1.2121212121212122,1.1780505845895382,"144,94"
2024-11-10,URBANA,031_ZW Cancha Los Azules,0.0,MR76,False,Fin de Semana,Domingo,0.0,0.0,0.9696969696969697,4.8268463640758625,"507,57"
2024-11-11,URBANA,031_ZW Cancha Los Azules,0.0,MR76,True,Festivo,Lunes,0.0,0.0,0.48484848484848486,0.7447741536324815,"87,25"
2024-11-12,URBANA,031_ZW Cancha Los Azules,0.0,MR76,False,Laboral,Martes,0.0,0.0,1.0909090909090908,2.7610176426875035,"294,64"
2024-11-13,URBANA,031_ZW Cancha Los Azules,0.0,MR76,False,Laboral,Miércoles,0.0,0.0,1.696969696969697,0.8748799369696755,"110,91"
2024-11-14,URBANA,031_ZW Cancha Los Azules,0.0,MR76,False,Laboral,Jueves,0.0,0.0,0.8484848484848485,3.0075377205704794,"319,49"
2024-11-15,URBANA,031_ZW Cancha Los Azules,0.0,MR76,False,Laboral,Viernes,0.0,0.0,0.9696969696969697,2.2679519128198544,"254,14"
2024-11-16,URBANA,031_ZW Cancha Los Azules,0.0,MR76,False,Fin de Semana,Sábado,0.0,0.0,0.24242424242424243,1.321101781482088,"146,86"
2024-11-17,URBANA,031_ZW Cancha Los Azules,0.0,MR76,False,Fin de Semana,Domingo,0.0,0.0,0.24242424242424243,1.68640766003363,"200,65"
2024-11-18,URBANA,031_ZW Cancha Los Azules,0.0,MR76,False,Laboral,Lunes,0.0,0.0,0.48484848484848486,0.45381661500206316,"58,53"
2024-11-19,URBANA,031_ZW Cancha Los Azules,0.0,MR76,False,Laboral,Martes,0.0,0.0,1.0909090909090908,0.9390581451792572,"120,64"
2024-11-20,URBANA,031_ZW Cancha Los Azules,0.0,MR76,False,Laboral,Miércoles,0.0,0.0,0.6060606060606061,0.5206378082601397,"56,42"
2024-11-21,URBANA,031_ZW Cancha Los Azules,0.0,MR76,False,Laboral,Jueves,0.0,0.0,0.9696969696969697,0.1812143960552932,"21,4"
2024-11-22,URBANA,031_ZW Cancha Los Azules,0.0,MR76,False,Laboral,Viernes,0.0,0.0,0.36363636363636365,1.249758890320055,"126,77"
2024-11-23,URBANA,031_ZW Cancha Los Azules,0.0,MR76,False,Fin de Semana,Sábado,0.0,0.0,0.6060606060606061,0.06721390326202585,"8,07"
2024-11-24,URBANA,031_ZW Cancha Los Azules,0.0,MR76,False,Fin de Semana,Domingo,0.0,0.0,0.36363636363636365,0.12520809695732124,"36,82"
2024-11-25,URBANA,031_ZW Cancha Los Azules,0.0,MR76,False,Laboral,Lunes,0.0,0.0,1.2121212121212122,0.46015751679406997,"231,88"
2024-11-26,URBANA,031_ZW Cancha Los Azules,0.0,MR76,False,Laboral,Martes,0.0,0.0,2.5454545454545454,1.6924313446026595,"439,26"
2024-11-27,URBANA,031_ZW Cancha Los Azules,0.0,MR76,False,Laboral,Miércoles,0.0,0.0,0.7272727272727273,1.2759261144529577,"134,51"
2024-11-28,URBANA,031_ZW Cancha Los Azules,0.0,MR76,False,Laboral,Jueves,0.0,0.0,1.0909090909090908,1.6412816657789502,"159,35"
2024-11-29,URBANA,031_ZW Cancha Los Azules,0.0,MR76,False,Laboral,Viernes,0.0,0.0,1.696969696969697,1.022491192918728,"94,36"
2024-11-30,URBANA,031_ZW Cancha Los Azules,0.0,MR76,False,Fin de Semana,Sábado,0.0,0.0,1.8181818181818181,2.562092443492301,"229,35"
2024-12-01,URBANA,031_ZW Cancha Los Azules,0.0,MR76,False,Fin de Semana,Domingo,0.0,0.0,1.8181818181818181,1.174499227121138,"99,56"
