FECHA.CONEXION,AREA,NOMBRE.ZONA,COMUNA,MODEL,es_festivo,tipo_dia,dia_semana,LATITUD,LONGITUD,NUMERO.CONEXIONES,USAGE.KB,PORCENTAJE.USO
2024-01-01,URBANA,016_ZW Conjunto Habitacional Ramali,0.0,MR76,True,Festivo,Lunes,0.0,-7.648.417,-1.1111111111111112,-0.001061146640678264,"2,4"
2024-01-02,URBANA,016_ZW Conjunto Habitacional Ramali,0.0,MR76,False,Laboral,Martes,0.0,-7.648.417,-0.6666666666666666,2.5115099066843456,"716,0"
2024-01-03,URBANA,016_ZW Conjunto Habitacional Ramali,0.0,MR76,False,Laboral,Miércoles,0.0,-7.648.417,-0.2222222222222222,4.480417933671015,"885,9"
2024-01-04,URBANA,016_ZW Conjunto Habitacional Ramali,0.0,MR76,False,Laboral,Jueves,0.0,-7.648.417,0.0,3.4352236271389196,"779,6"
2024-01-05,URBANA,016_ZW Conjunto Habitacional Ramali,0.0,MR76,False,Laboral,Viernes,0.0,-7.648.417,-0.2222222222222222,0.1334489148029329,"31,6"
2024-01-06,URBANA,016_ZW Conjunto Habitacional Ramali,0.0,MR76,False,Fin de Semana,Sábado,0.0,-7.648.417,-0.1111111111111111,-0.00532455527624529,"1,4"
2024-01-07,URBANA,016_ZW Conjunto Habitacional Ramali,0.0,MR76,False,Fin de Semana,Domingo,0.0,-7.648.417,0.5555555555555556,-0.004360865146122025,"1,3"
2024-01-08,URBANA,016_ZW Conjunto Habitacional Ramali,0.0,MR76,True,Festivo,Lunes,0.0,-7.648.417,0.5555555555555556,-0.005002070428013937,"0,7"
2024-01-09,URBANA,016_ZW Conjunto Habitacional Ramali,0.0,MR76,False,Laboral,Martes,0.0,-7.648.417,0.3333333333333333,0.0005500227956215676,"1,9"
2024-01-10,URBANA,016_ZW Conjunto Habitacional Ramali,0.0,MR76,False,Laboral,Miércoles,0.0,-7.648.417,-0.6666666666666666,-0.00531242549596162,"0,9"
2024-01-11,URBANA,016_ZW Conjunto Habitacional Ramali,0.0,MR76,False,Laboral,Jueves,0.0,-7.648.417,0.1111111111111111,-0.005604795027626621,"0,9"
2024-01-12,URBANA,016_ZW Conjunto Habitacional Ramali,0.0,MR76,False,Laboral,Viernes,0.0,-7.648.417,1.0,-0.003519309355406745,"1,3"
2024-01-13,URBANA,016_ZW Conjunto Habitacional Ramali,0.0,MR76,False,Fin de Semana,Sábado,0.0,-7.648.417,0.6666666666666666,-0.006987589979964949,"0,8"
2024-01-14,URBANA,016_ZW Conjunto Habitacional Ramali,0.0,MR76,False,Fin de Semana,Domingo,0.0,-7.648.417,-0.3333333333333333,-0.007463579289027568,"0,7"
2024-01-15,URBANA,016_ZW Conjunto Habitacional Ramali,0.0,MR76,False,Laboral,Lunes,0.0,-7.648.417,0.1111111111111111,-0.005113748060280825,"1,6"
2024-01-16,URBANA,016_ZW Conjunto Habitacional Ramali,0.0,MR76,False,Laboral,Martes,0.0,-7.648.417,0.2222222222222222,-0.006747503984005421,"0,9"
2024-01-17,URBANA,016_ZW Conjunto Habitacional Ramali,0.0,MR76,False,Laboral,Miércoles,0.0,-7.648.417,0.0,-0.0015091119746027497,"2,0"
2024-01-18,URBANA,016_ZW Conjunto Habitacional Ramali,0.0,MR76,False,Laboral,Jueves,0.0,-7.648.417,0.1111111111111111,-0.002071264550507987,"1,6"
2024-01-19,URBANA,016_ZW Conjunto Habitacional Ramali,0.0,MR76,False,Laboral,Viernes,0.0,-7.648.417,0.6666666666666666,0.014647755363245092,"3,8"
2024-01-20,URBANA,016_ZW Conjunto Habitacional Ramali,0.0,MR76,False,Fin de Semana,Sábado,0.0,-7.648.417,0.8888888888888888,-0.0037886741313613377,"1,1"
2024-01-21,URBANA,016_ZW Conjunto Habitacional Ramali,0.0,MR76,False,Fin de Semana,Domingo,0.0,-7.648.417,0.1111111111111111,-0.007905270598667398,"0,4"
2024-01-22,URBANA,016_ZW Conjunto Habitacional Ramali,0.0,MR76,False,Laboral,Lunes,0.0,-7.648.417,0.5555555555555556,0.010570894383075192,"4,7"
2024-01-23,URBANA,016_ZW Conjunto Habitacional Ramali,0.0,MR76,False,Laboral,Martes,0.0,-7.648.417,0.6666666666666666,0.7015061840966033,"157,5"
2024-01-24,URBANA,016_ZW Conjunto Habitacional Ramali,0.0,MR76,False,Laboral,Miércoles,0.0,-7.648.417,0.0,0.6707873063940673,"130,1"
2024-01-25,URBANA,016_ZW Conjunto Habitacional Ramali,0.0,MR76,False,Laboral,Jueves,0.0,-7.648.417,-0.4444444444444444,3.3996787699566258,"545,3"
2024-01-26,URBANA,016_ZW Conjunto Habitacional Ramali,0.0,MR76,False,Laboral,Viernes,0.0,-7.648.417,1.4444444444444444,0.4183644873494757,"74,3"
2024-01-27,URBANA,016_ZW Conjunto Habitacional Ramali,0.0,MR76,False,Fin de Semana,Sábado,0.0,-7.648.417,0.4444444444444444,-0.0006495706476047867,"1,8"
2024-01-28,URBANA,016_ZW Conjunto Habitacional Ramali,0.0,MR76,False,Fin de Semana,Domingo,0.0,-7.648.417,0.3333333333333333,0.00865397082996976,"4,3"
2024-01-29,URBANA,016_ZW Conjunto Habitacional Ramali,0.0,MR76,False,Laboral,Lunes,0.0,-7.648.417,0.4444444444444444,-0.005389805128805719,"0,9"
2024-01-30,URBANA,016_ZW Conjunto Habitacional Ramali,0.0,MR76,False,Laboral,Martes,0.0,-7.648.417,0.6666666666666666,-0.006591489913460292,"0,9"
2024-01-31,URBANA,016_ZW Conjunto Habitacional Ramali,0.0,MR76,False,Laboral,Miércoles,0.0,-7.648.417,-0.6666666666666666,-0.00528481978910913,"1,0"
2024-02-01,URBANA,016_ZW Conjunto Habitacional Ramali,0.0,MR76,False,Laboral,Jueves,0.0,-7.648.417,0.3333333333333333,-0.006910628615406494,"0,5"
2024-02-02,URBANA,016_ZW Conjunto Habitacional Ramali,0.0,MR76,False,Laboral,Viernes,0.0,-7.648.417,-1.0,-0.004823469870044043,"1,3"
2024-02-03,URBANA,016_ZW Conjunto Habitacional Ramali,0.0,MR76,False,Fin de Semana,Sábado,0.0,-7.648.417,-0.3333333333333333,-0.003397593284284406,"0,9"
2024-02-04,URBANA,016_ZW Conjunto Habitacional Ramali,0.0,MR76,False,Fin de Semana,Domingo,0.0,-7.648.417,-0.1111111111111111,0.001585655070875561,"1,7"
2024-02-05,URBANA,016_ZW Conjunto Habitacional Ramali,0.0,MR76,False,Laboral,Lunes,0.0,-7.648.417,-0.2222222222222222,-0.007812833307540122,"0,3"
2024-02-06,URBANA,016_ZW Conjunto Habitacional Ramali,0.0,MR76,False,Laboral,Martes,0.0,-7.648.417,0.0,0.009677891593225726,"3,1"
2024-02-07,URBANA,016_ZW Conjunto Habitacional Ramali,0.0,MR76,False,Laboral,Miércoles,0.0,-7.648.417,-0.2222222222222222,0.009848545053768388,"2,9"
2024-02-08,URBANA,016_ZW Conjunto Habitacional Ramali,0.0,MR76,False,Laboral,Jueves,0.0,-7.648.417,-0.3333333333333333,0.06512018939187975,"13,2"
2024-02-09,URBANA,016_ZW Conjunto Habitacional Ramali,0.0,MR76,False,Laboral,Viernes,0.0,-7.648.417,1.7777777777777777,0.014718860971804535,"4,9"
2024-02-10,URBANA,016_ZW Conjunto Habitacional Ramali,0.0,MR76,False,Fin de Semana,Sábado,0.0,-7.648.417,0.5555555555555556,0.003406376918282925,"2,0"
2024-02-11,URBANA,016_ZW Conjunto Habitacional Ramali,0.0,MR76,False,Fin de Semana,Domingo,0.0,-7.648.417,0.0,0.01621207875155282,"4,6"
2024-02-12,URBANA,016_ZW Conjunto Habitacional Ramali,0.0,MR76,False,Laboral,Lunes,0.0,-7.648.417,-0.7777777777777778,0.05586684010858245,"15,2"
2024-02-13,URBANA,016_ZW Conjunto Habitacional Ramali,0.0,MR76,False,Laboral,Martes,0.0,-7.648.417,0.6666666666666666,0.052895880475654695,"17,3"
2024-02-14,URBANA,016_ZW Conjunto Habitacional Ramali,0.0,MR76,False,Laboral,Miércoles,0.0,-7.648.417,1.0,0.025835595467644856,"11,3"
2024-02-15,URBANA,016_ZW Conjunto Habitacional Ramali,0.0,MR76,False,Laboral,Jueves,0.0,-7.648.417,0.3333333333333333,-0.005402353177375032,"0,9"
2024-02-16,URBANA,016_ZW Conjunto Habitacional Ramali,0.0,MR76,False,Laboral,Viernes,0.0,-7.648.417,1.0,-0.007679405724419757,"0,5"
2024-02-17,URBANA,016_ZW Conjunto Habitacional Ramali,0.0,MR76,False,Fin de Semana,Sábado,0.0,-7.648.417,0.5555555555555556,0.0048899745274614045,"3,3"
2024-02-18,URBANA,016_ZW Conjunto Habitacional Ramali,0.0,MR76,False,Fin de Semana,Domingo,0.0,-7.648.417,0.5555555555555556,0.0021578460856362487,"2,2"
2024-02-19,URBANA,016_ZW Conjunto Habitacional Ramali,0.0,MR76,False,Laboral,Lunes,0.0,-7.648.417,-0.3333333333333333,-0.005249685253115053,"0,8"
2024-02-20,URBANA,016_ZW Conjunto Habitacional Ramali,0.0,MR76,False,Laboral,Martes,0.0,-7.648.417,-0.2222222222222222,-0.006566393816321665,"0,6"
2024-02-21,URBANA,016_ZW Conjunto Habitacional Ramali,0.0,MR76,False,Laboral,Miércoles,0.0,-7.648.417,-0.2222222222222222,-0.007442665874745379,"0,5"
2024-02-22,URBANA,016_ZW Conjunto Habitacional Ramali,0.0,MR76,False,Laboral,Jueves,0.0,-7.648.417,-0.6666666666666666,-0.0077940112346861525,"0,3"
2024-02-23,URBANA,016_ZW Conjunto Habitacional Ramali,0.0,MR76,False,Laboral,Viernes,0.0,-7.648.417,0.2222222222222222,-0.006727845374580163,"0,5"
2024-02-24,URBANA,016_ZW Conjunto Habitacional Ramali,0.0,MR76,False,Fin de Semana,Sábado,0.0,-7.648.417,0.6666666666666666,-0.006170293749817007,"0,7"
2024-02-25,URBANA,016_ZW Conjunto Habitacional Ramali,0.0,MR76,False,Fin de Semana,Domingo,0.0,-7.648.417,0.8888888888888888,-0.0017082076785691878,"1,1"
2024-02-26,URBANA,016_ZW Conjunto Habitacional Ramali,0.0,MR76,False,Laboral,Lunes,0.0,-7.648.417,-0.2222222222222222,-0.004884955308033679,"1,1"
2024-02-27,URBANA,016_ZW Conjunto Habitacional Ramali,0.0,MR76,False,Laboral,Martes,0.0,-7.648.417,-0.3333333333333333,1.7417929488332407,"360,4"
2024-02-28,URBANA,016_ZW Conjunto Habitacional Ramali,0.0,MR76,False,Laboral,Miércoles,0.0,-7.648.417,-1.6666666666666667,0.9919048355996504,"139,7"
2024-02-29,URBANA,016_ZW Conjunto Habitacional Ramali,0.0,MR76,False,Laboral,Jueves,0.0,-7.648.417,-1.1111111111111112,0.44948824875251486,"138,7"
2024-03-01,URBANA,016_ZW Conjunto Habitacional Ramali,0.0,MR76,False,Laboral,Viernes,0.0,-7.648.417,-0.6666666666666666,1.1695944052434113,"235,0"
2024-03-02,URBANA,016_ZW Conjunto Habitacional Ramali,0.0,MR76,False,Fin de Semana,Sábado,0.0,-7.648.417,0.0,0.7903133247727757,"185,9"
2024-03-03,URBANA,016_ZW Conjunto Habitacional Ramali,0.0,MR76,False,Fin de Semana,Domingo,0.0,-7.648.417,0.1111111111111111,0.05373450838837047,"10,9"
2024-03-04,URBANA,016_ZW Conjunto Habitacional Ramali,0.0,MR76,False,Laboral,Lunes,0.0,-7.648.417,-0.3333333333333333,-0.006055269971264969,"0,6"
2024-03-05,URBANA,016_ZW Conjunto Habitacional Ramali,0.0,MR76,False,Laboral,Martes,0.0,-7.648.417,0.4444444444444444,-0.0021808508413466566,"1,3"
2024-03-06,URBANA,016_ZW Conjunto Habitacional Ramali,0.0,MR76,False,Laboral,Miércoles,0.0,-7.648.417,-0.4444444444444444,-0.007607881847574671,"0,4"
2024-03-07,URBANA,016_ZW Conjunto Habitacional Ramali,0.0,MR76,False,Laboral,Jueves,0.0,-7.648.417,0.4444444444444444,-0.008110222058632849,"0,4"
2024-03-08,URBANA,016_ZW Conjunto Habitacional Ramali,0.0,MR76,False,Laboral,Viernes,0.0,-7.648.417,-0.3333333333333333,-0.007826636160966367,"0,5"
2024-03-09,URBANA,016_ZW Conjunto Habitacional Ramali,0.0,MR76,False,Fin de Semana,Sábado,0.0,-7.648.417,0.2222222222222222,-0.005777121561311857,"1,0"
2024-03-10,URBANA,016_ZW Conjunto Habitacional Ramali,0.0,MR76,False,Fin de Semana,Domingo,0.0,-7.648.417,0.0,-0.004637758751218206,"1,3"
2024-03-11,URBANA,016_ZW Conjunto Habitacional Ramali,0.0,MR76,False,Laboral,Lunes,0.0,-7.648.417,-0.6666666666666666,-0.0045185522898097295,"1,4"
2024-03-12,URBANA,016_ZW Conjunto Habitacional Ramali,0.0,MR76,False,Laboral,Martes,0.0,-7.648.417,0.0,-0.0030086037786356927,"1,9"
2024-03-13,URBANA,016_ZW Conjunto Habitacional Ramali,0.0,MR76,False,Laboral,Miércoles,0.0,-7.648.417,0.4444444444444444,-0.006772181812858403,"1,0"
2024-03-14,URBANA,016_ZW Conjunto Habitacional Ramali,0.0,MR76,False,Laboral,Jueves,0.0,-7.648.417,-0.7777777777777778,0.002023581965944596,"2,9"
2024-03-15,URBANA,016_ZW Conjunto Habitacional Ramali,0.0,MR76,False,Laboral,Viernes,0.0,-7.648.417,-0.6666666666666666,-0.007413387094750315,"0,5"
2024-03-16,URBANA,016_ZW Conjunto Habitacional Ramali,0.0,MR76,False,Fin de Semana,Sábado,0.0,-7.648.417,0.6666666666666666,-0.0070051572479619875,"0,6"
2024-03-17,URBANA,016_ZW Conjunto Habitacional Ramali,0.0,MR76,False,Fin de Semana,Domingo,0.0,-7.648.417,0.0,0.001811519945123201,"2,2"
2024-03-18,URBANA,016_ZW Conjunto Habitacional Ramali,0.0,MR76,False,Laboral,Lunes,0.0,-7.648.417,-0.4444444444444444,-0.0072849787310576754,"0,5"
2024-03-19,URBANA,016_ZW Conjunto Habitacional Ramali,0.0,MR76,False,Laboral,Martes,0.0,-7.648.417,-0.5555555555555556,-0.004476725461245352,"1,7"
2024-03-20,URBANA,016_ZW Conjunto Habitacional Ramali,0.0,MR76,False,Laboral,Miércoles,0.0,-7.648.417,-0.4444444444444444,-0.0043202931224145796,"2,0"
2024-03-21,URBANA,016_ZW Conjunto Habitacional Ramali,0.0,MR76,False,Laboral,Jueves,0.0,-7.648.417,-0.4444444444444444,-0.0072837239262007435,"0,7"
2024-03-22,URBANA,016_ZW Conjunto Habitacional Ramali,0.0,MR76,False,Laboral,Viernes,0.0,-7.648.417,-1.1111111111111112,-0.007567728092152869,"0,6"
2024-03-23,URBANA,016_ZW Conjunto Habitacional Ramali,0.0,MR76,False,Fin de Semana,Sábado,0.0,-7.648.417,0.2222222222222222,-0.006905191127693125,"0,9"
2024-03-24,URBANA,016_ZW Conjunto Habitacional Ramali,0.0,MR76,True,Festivo,Domingo,0.0,-7.648.417,-0.1111111111111111,-0.007210526976213083,"0,7"
2024-03-25,URBANA,016_ZW Conjunto Habitacional Ramali,0.0,MR76,True,Festivo,Lunes,0.0,-7.648.417,-0.4444444444444444,-0.005225843960833357,"1,6"
2024-03-26,URBANA,016_ZW Conjunto Habitacional Ramali,0.0,MR76,False,Laboral,Martes,0.0,-7.648.417,0.1111111111111111,-0.007674804773277676,"0,7"
2024-03-27,URBANA,016_ZW Conjunto Habitacional Ramali,0.0,MR76,False,Laboral,Miércoles,0.0,-7.648.417,-1.2222222222222223,-0.005004161769442156,"1,4"
2024-03-28,URBANA,016_ZW Conjunto Habitacional Ramali,0.0,MR76,True,Festivo,Jueves,0.0,-7.648.417,-1.4444444444444444,-0.008687850561106904,"0,4"
2024-03-29,URBANA,016_ZW Conjunto Habitacional Ramali,0.0,MR76,True,Festivo,Viernes,0.0,-7.648.417,-1.1111111111111112,-0.004234548123857605,"1,4"
2024-03-30,URBANA,016_ZW Conjunto Habitacional Ramali,0.0,MR76,False,Fin de Semana,Sábado,0.0,-7.648.417,-0.1111111111111111,-0.006645864790593983,"1,2"
2024-03-31,URBANA,016_ZW Conjunto Habitacional Ramali,0.0,MR76,True,Festivo,Domingo,0.0,-7.648.417,-0.1111111111111111,-0.007576093457865744,"0,7"
2024-04-01,URBANA,016_ZW Conjunto Habitacional Ramali,0.0,MR76,False,Laboral,Lunes,0.0,-7.648.417,-1.0,-0.008322702347739887,"0,4"
2024-04-02,URBANA,016_ZW Conjunto Habitacional Ramali,0.0,MR76,False,Laboral,Martes,0.0,-7.648.417,-2.7777777777777777,-0.007366122778472568,"0,8"
2024-04-03,URBANA,016_ZW Conjunto Habitacional Ramali,0.0,MR76,False,Laboral,Miércoles,0.0,-7.648.417,-2.6666666666666665,0.03657337889669192,"12,3"
2024-04-04,URBANA,016_ZW Conjunto Habitacional Ramali,0.0,MR76,False,Laboral,Jueves,0.0,-7.648.417,-1.4444444444444444,1.3929316842409059,"291,7"
2024-04-05,URBANA,016_ZW Conjunto Habitacional Ramali,0.0,MR76,False,Laboral,Viernes,0.0,-7.648.417,-1.1111111111111112,2.028981391243972,"433,8"
2024-04-06,URBANA,016_ZW Conjunto Habitacional Ramali,0.0,MR76,False,Fin de Semana,Sábado,0.0,-7.648.417,-1.1111111111111112,0.9928940400951979,"199,2"
2024-04-07,URBANA,016_ZW Conjunto Habitacional Ramali,0.0,MR76,False,Fin de Semana,Domingo,0.0,-7.648.417,-0.1111111111111111,3.150111468498124,"631,6"
2024-04-08,URBANA,016_ZW Conjunto Habitacional Ramali,0.0,MR76,False,Laboral,Lunes,0.0,-7.648.417,-0.1111111111111111,0.03710332481460258,"15,9"
2024-04-09,URBANA,016_ZW Conjunto Habitacional Ramali,0.0,MR76,False,Laboral,Martes,0.0,-7.648.417,0.2222222222222222,-0.005346305227098766,"1,4"
2024-04-10,URBANA,016_ZW Conjunto Habitacional Ramali,0.0,MR76,False,Laboral,Miércoles,0.0,-7.648.417,-1.3333333333333333,-0.0069461814196862155,"1,6"
2024-04-11,URBANA,016_ZW Conjunto Habitacional Ramali,0.0,MR76,False,Laboral,Jueves,0.0,-7.648.417,-0.6666666666666666,0.48771462391407094,"269,3"
2024-04-12,URBANA,016_ZW Conjunto Habitacional Ramali,0.0,MR76,False,Laboral,Viernes,0.0,-7.648.417,0.2222222222222222,0.001203776126082792,"3,9"
2024-04-13,URBANA,016_ZW Conjunto Habitacional Ramali,0.0,MR76,False,Fin de Semana,Sábado,0.0,-7.648.417,0.3333333333333333,-0.004708864359777649,"1,4"
2024-04-14,URBANA,016_ZW Conjunto Habitacional Ramali,0.0,MR76,False,Fin de Semana,Domingo,0.0,-7.648.417,0.2222222222222222,-0.0063112501620789605,"1,2"
2024-04-15,URBANA,016_ZW Conjunto Habitacional Ramali,0.0,MR76,False,Laboral,Lunes,0.0,-7.648.417,-0.4444444444444444,1.042857441620204,"628,8"
2024-04-16,URBANA,016_ZW Conjunto Habitacional Ramali,0.0,MR76,False,Laboral,Martes,0.0,-7.648.417,-0.7777777777777778,0.8535718020252551,"486,0"
2024-04-17,URBANA,016_ZW Conjunto Habitacional Ramali,0.0,MR76,False,Laboral,Miércoles,0.0,-7.648.417,-0.7777777777777778,0.9942228784386882,"643,6"
2024-04-21,URBANA,016_ZW Conjunto Habitacional Ramali,0.0,MR76,False,Fin de Semana,Domingo,0.0,-7.648.417,0.1111111111111111,0.3514516000853267,"139,6"
2024-04-22,URBANA,016_ZW Conjunto Habitacional Ramali,0.0,MR76,False,Laboral,Lunes,0.0,-7.648.417,-1.0,0.7269741217411673,"378,8"
2024-04-23,URBANA,016_ZW Conjunto Habitacional Ramali,0.0,MR76,False,Laboral,Martes,0.0,-7.648.417,0.0,1.1216286530506396,"147,4"
2024-04-24,URBANA,016_ZW Conjunto Habitacional Ramali,0.0,MR76,False,Laboral,Miércoles,0.0,-7.648.417,0.1111111111111111,1.3487186351069302,"176,8"
2024-04-25,URBANA,016_ZW Conjunto Habitacional Ramali,0.0,MR76,False,Laboral,Jueves,0.0,-7.648.417,0.4444444444444444,0.26104249187513856,"54,6"
2024-04-26,URBANA,016_ZW Conjunto Habitacional Ramali,0.0,MR76,False,Laboral,Viernes,0.0,-7.648.417,-0.8888888888888888,-0.004434898632680974,"1,3"
2024-04-27,URBANA,016_ZW Conjunto Habitacional Ramali,0.0,MR76,False,Fin de Semana,Sábado,0.0,-7.648.417,0.2222222222222222,-0.0033616222117190406,"1,3"
2024-04-28,URBANA,016_ZW Conjunto Habitacional Ramali,0.0,MR76,False,Fin de Semana,Domingo,0.0,-7.648.417,0.2222222222222222,-0.004268009586709107,"1,8"
2024-04-29,URBANA,016_ZW Conjunto Habitacional Ramali,0.0,MR76,False,Laboral,Lunes,0.0,-7.648.417,-0.1111111111111111,-0.0009490507401257314,"2,7"
2024-04-30,URBANA,016_ZW Conjunto Habitacional Ramali,0.0,MR76,False,Laboral,Martes,0.0,-7.648.417,-0.2222222222222222,-0.007044056198526859,"1,1"
2024-05-01,URBANA,016_ZW Conjunto Habitacional Ramali,0.0,MR76,True,Festivo,Miércoles,0.0,-7.648.417,1.5555555555555556,-0.006192461968956128,"1,7"
2024-05-02,URBANA,016_ZW Conjunto Habitacional Ramali,0.0,MR76,False,Laboral,Jueves,0.0,-7.648.417,0.0,-0.00361843893910432,"2,9"
2024-05-03,URBANA,016_ZW Conjunto Habitacional Ramali,0.0,MR76,False,Laboral,Viernes,0.0,-7.648.417,-0.5555555555555556,-0.00409902919930902,"3,0"
2024-05-04,URBANA,016_ZW Conjunto Habitacional Ramali,0.0,MR76,False,Fin de Semana,Sábado,0.0,-7.648.417,-0.6666666666666666,-0.005620689222481084,"1,4"
2024-05-05,URBANA,016_ZW Conjunto Habitacional Ramali,0.0,MR76,False,Fin de Semana,Domingo,0.0,-7.648.417,-0.8888888888888888,0.16741146306063634,"68,8"
2024-05-06,URBANA,016_ZW Conjunto Habitacional Ramali,0.0,MR76,False,Laboral,Lunes,0.0,-7.648.417,-0.4444444444444444,0.22140362471296338,"115,7"
2024-05-07,URBANA,016_ZW Conjunto Habitacional Ramali,0.0,MR76,False,Laboral,Martes,0.0,-7.648.417,-0.5555555555555556,0.11414123246933047,"48,9"
2024-05-08,URBANA,016_ZW Conjunto Habitacional Ramali,0.0,MR76,False,Laboral,Miércoles,0.0,-7.648.417,0.2222222222222222,2.231388525227852,"676,4"
2024-05-09,URBANA,016_ZW Conjunto Habitacional Ramali,0.0,MR76,False,Laboral,Jueves,0.0,-7.648.417,-2.7777777777777777,0.15516289458384397,"44,8"
2024-05-10,URBANA,016_ZW Conjunto Habitacional Ramali,0.0,MR76,False,Laboral,Viernes,0.0,-7.648.417,-1.2222222222222223,0.3562098201028103,"110,9"
2024-05-11,URBANA,016_ZW Conjunto Habitacional Ramali,0.0,MR76,False,Fin de Semana,Sábado,0.0,-7.648.417,0.1111111111111111,1.676190077839728,"541,0"
2024-05-12,URBANA,016_ZW Conjunto Habitacional Ramali,0.0,MR76,False,Fin de Semana,Domingo,0.0,-7.648.417,1.1111111111111112,0.0,"5,7"
2024-05-13,URBANA,016_ZW Conjunto Habitacional Ramali,0.0,MR76,True,Festivo,Lunes,0.0,-7.648.417,-0.4444444444444444,1.0690962477152095,"461,0"
2024-05-14,URBANA,016_ZW Conjunto Habitacional Ramali,0.0,MR76,False,Laboral,Martes,0.0,-7.648.417,-0.5555555555555556,0.5191207164099196,"583,3"
2024-05-15,URBANA,016_ZW Conjunto Habitacional Ramali,0.0,MR76,False,Laboral,Miércoles,0.0,-7.648.417,-0.3333333333333333,0.6039455247384777,"237,5"
2024-05-16,URBANA,016_ZW Conjunto Habitacional Ramali,0.0,MR76,False,Laboral,Jueves,0.0,-7.648.417,0.0,-0.003908717129341102,"1,7"
2024-05-17,URBANA,016_ZW Conjunto Habitacional Ramali,0.0,MR76,False,Laboral,Viernes,0.0,-7.648.417,-0.4444444444444444,-0.004428624608396318,"1,3"
2024-05-18,URBANA,016_ZW Conjunto Habitacional Ramali,0.0,MR76,False,Fin de Semana,Sábado,0.0,-7.648.417,0.3333333333333333,-0.0033114300174417874,"1,4"
2024-05-19,URBANA,016_ZW Conjunto Habitacional Ramali,0.0,MR76,False,Fin de Semana,Domingo,0.0,-7.648.417,-0.2222222222222222,-0.0011464733709495945,"1,8"
2024-05-20,URBANA,016_ZW Conjunto Habitacional Ramali,0.0,MR76,False,Laboral,Lunes,0.0,-7.648.417,0.4444444444444444,0.00042203270021457163,"3,5"
2024-05-21,URBANA,016_ZW Conjunto Habitacional Ramali,0.0,MR76,False,Laboral,Martes,0.0,-7.648.417,0.0,0.0023059130587541462,"3,7"
2024-05-22,URBANA,016_ZW Conjunto Habitacional Ramali,0.0,MR76,False,Laboral,Miércoles,0.0,-7.648.417,0.0,-0.001560977242022578,"7,7"
2024-05-23,URBANA,016_ZW Conjunto Habitacional Ramali,0.0,MR76,False,Laboral,Jueves,0.0,-7.648.417,0.2222222222222222,-0.00628238965036954,"1,6"
2024-05-24,URBANA,016_ZW Conjunto Habitacional Ramali,0.0,MR76,False,Laboral,Viernes,0.0,-7.648.417,0.5555555555555556,-0.0055826268084875,"2,2"
2024-05-25,URBANA,016_ZW Conjunto Habitacional Ramali,0.0,MR76,False,Fin de Semana,Sábado,0.0,-7.648.417,0.5555555555555556,-0.0048297438943287006,"1,7"
2024-05-26,URBANA,016_ZW Conjunto Habitacional Ramali,0.0,MR76,False,Fin de Semana,Domingo,0.0,-7.648.417,-0.1111111111111111,-0.0014919629748913548,"2,9"
2024-05-27,URBANA,016_ZW Conjunto Habitacional Ramali,0.0,MR76,False,Laboral,Lunes,0.0,-7.648.417,-0.2222222222222222,-0.006137250555251149,"1,0"
2024-05-28,URBANA,016_ZW Conjunto Habitacional Ramali,0.0,MR76,False,Laboral,Martes,0.0,-7.648.417,-0.4444444444444444,-0.005598521003341963,"1,4"
2024-05-29,URBANA,016_ZW Conjunto Habitacional Ramali,0.0,MR76,False,Laboral,Miércoles,0.0,-7.648.417,-0.6666666666666666,-0.007720396016412848,"1,0"
2024-05-30,URBANA,016_ZW Conjunto Habitacional Ramali,0.0,MR76,False,Laboral,Jueves,0.0,-7.648.417,-0.6666666666666666,-0.005753280269030161,"0,8"
2024-05-31,URBANA,016_ZW Conjunto Habitacional Ramali,0.0,MR76,False,Laboral,Viernes,0.0,-7.648.417,-0.6666666666666666,-0.00487073418632179,"1,3"
2024-06-01,URBANA,016_ZW Conjunto Habitacional Ramali,0.0,MR76,False,Fin de Semana,Sábado,0.0,-7.648.417,0.2222222222222222,-0.007990597328938727,"0,4"
2024-06-02,URBANA,016_ZW Conjunto Habitacional Ramali,0.0,MR76,False,Fin de Semana,Domingo,0.0,-7.648.417,1.0,-0.004493456192671103,"1,3"
2024-06-03,URBANA,016_ZW Conjunto Habitacional Ramali,0.0,MR76,True,Festivo,Lunes,0.0,-7.648.417,-0.6666666666666666,-0.006723662691723725,"1,1"
2024-06-04,URBANA,016_ZW Conjunto Habitacional Ramali,0.0,MR76,False,Laboral,Martes,0.0,-7.648.417,-1.2222222222222223,0.0005094507719141211,"5,5"
2024-06-05,URBANA,016_ZW Conjunto Habitacional Ramali,0.0,MR76,False,Laboral,Miércoles,0.0,-7.648.417,-1.1111111111111112,-0.007179575123075443,"2,2"
2024-06-06,URBANA,016_ZW Conjunto Habitacional Ramali,0.0,MR76,False,Laboral,Jueves,0.0,-7.648.417,-0.2222222222222222,0.22972632706070328,"93,8"
2024-06-07,URBANA,016_ZW Conjunto Habitacional Ramali,0.0,MR76,False,Laboral,Viernes,0.0,-7.648.417,-1.4444444444444444,0.38459601557631096,"196,1"
2024-06-08,URBANA,016_ZW Conjunto Habitacional Ramali,0.0,MR76,False,Fin de Semana,Sábado,0.0,-7.648.417,-0.3333333333333333,1.1516808111058596,"881,4"
2024-06-09,URBANA,016_ZW Conjunto Habitacional Ramali,0.0,MR76,False,Fin de Semana,Domingo,0.0,-7.648.417,-0.1111111111111111,-0.0030445748512010575,"5,6"
2024-06-10,URBANA,016_ZW Conjunto Habitacional Ramali,0.0,MR76,True,Festivo,Lunes,0.0,-7.648.417,-0.7777777777777778,-0.008600432489407357,"0,6"
2024-06-11,URBANA,016_ZW Conjunto Habitacional Ramali,0.0,MR76,False,Laboral,Martes,0.0,-7.648.417,-0.4444444444444444,-0.00906387374990066,"0,3"
2024-06-12,URBANA,016_ZW Conjunto Habitacional Ramali,0.0,MR76,False,Laboral,Miércoles,0.0,-7.648.417,-0.4444444444444444,0.011460551026639508,"6,9"
2024-06-13,URBANA,016_ZW Conjunto Habitacional Ramali,0.0,MR76,False,Laboral,Jueves,0.0,-7.648.417,-1.0,-0.008133226814343256,"80718200,0"
2024-06-14,URBANA,016_ZW Conjunto Habitacional Ramali,0.0,MR76,False,Laboral,Viernes,0.0,-7.648.417,-0.5555555555555556,-0.008574081587411797,"92933200,0"
2024-06-15,URBANA,016_ZW Conjunto Habitacional Ramali,0.0,MR76,False,Fin de Semana,Sábado,0.0,-7.648.417,-0.2222222222222222,-0.007493276337308276,"101828900,0"
2024-06-16,URBANA,016_ZW Conjunto Habitacional Ramali,0.0,MR76,False,Fin de Semana,Domingo,0.0,-7.648.417,0.1111111111111111,-0.007936222451805038,"82791600,0"
2024-06-17,URBANA,016_ZW Conjunto Habitacional Ramali,0.0,MR76,False,Laboral,Lunes,0.0,-7.648.417,-1.0,-0.007479891752167675,"0,9"
2024-06-18,URBANA,016_ZW Conjunto Habitacional Ramali,0.0,MR76,False,Laboral,Martes,0.0,-7.648.417,-0.4444444444444444,-0.007212200049355658,"1,0"
2024-06-19,URBANA,016_ZW Conjunto Habitacional Ramali,0.0,MR76,False,Laboral,Miércoles,0.0,-7.648.417,-0.7777777777777778,-0.005142190303704602,"1,6"
2024-06-20,URBANA,016_ZW Conjunto Habitacional Ramali,0.0,MR76,False,Laboral,Jueves,0.0,-7.648.417,-0.1111111111111111,-0.0061108996532555915,"1,8"
2024-06-21,URBANA,016_ZW Conjunto Habitacional Ramali,0.0,MR76,False,Laboral,Viernes,0.0,-7.648.417,0.1111111111111111,0.0024803309338676015,"5,1"
2024-06-22,URBANA,016_ZW Conjunto Habitacional Ramali,0.0,MR76,False,Fin de Semana,Sábado,0.0,-7.648.417,1.5555555555555556,-0.005420338713657715,"2,0"
2024-06-23,URBANA,016_ZW Conjunto Habitacional Ramali,0.0,MR76,False,Fin de Semana,Domingo,0.0,-7.648.417,0.1111111111111111,-0.007462324484170637,"2,3"
2024-06-24,URBANA,016_ZW Conjunto Habitacional Ramali,0.0,MR76,False,Laboral,Lunes,0.0,-7.648.417,-0.1111111111111111,-0.007171628025648211,"1,2"
2024-06-25,URBANA,016_ZW Conjunto Habitacional Ramali,0.0,MR76,False,Laboral,Martes,0.0,-7.648.417,0.1111111111111111,-0.006808152885423769,"1,8"
2024-06-26,URBANA,016_ZW Conjunto Habitacional Ramali,0.0,MR76,False,Laboral,Miércoles,0.0,-7.648.417,-0.3333333333333333,-0.006409961477490892,"2,1"
2024-06-27,URBANA,016_ZW Conjunto Habitacional Ramali,0.0,MR76,False,Laboral,Jueves,0.0,-7.648.417,-0.5555555555555556,-0.008003563645793684,"1,3"
2024-06-28,URBANA,016_ZW Conjunto Habitacional Ramali,0.0,MR76,False,Laboral,Viernes,0.0,-7.648.417,-0.3333333333333333,-0.008783215730233686,"0,4"
2024-06-29,URBANA,016_ZW Conjunto Habitacional Ramali,0.0,MR76,False,Fin de Semana,Sábado,0.0,-7.648.417,1.2222222222222223,-0.0049669358920198595,"2,0"
2024-06-30,URBANA,016_ZW Conjunto Habitacional Ramali,0.0,MR76,False,Fin de Semana,Domingo,0.0,-7.648.417,0.2222222222222222,0.0743522069926092,"43,2"
2024-07-01,URBANA,016_ZW Conjunto Habitacional Ramali,0.0,MR76,True,Festivo,Lunes,0.0,-7.648.417,-0.4444444444444444,0.3782973134628013,"128,93"
2024-07-02,URBANA,016_ZW Conjunto Habitacional Ramali,0.0,MR76,False,Laboral,Martes,0.0,-7.648.417,0.2222222222222222,1.4704338696926982,"381,19"
2024-07-03,URBANA,016_ZW Conjunto Habitacional Ramali,0.0,MR76,False,Laboral,Miércoles,0.0,-7.648.417,0.2222222222222222,0.6646868634479528,"191,81"
2024-07-04,URBANA,016_ZW Conjunto Habitacional Ramali,0.0,MR76,False,Laboral,Jueves,0.0,-7.648.417,1.0,0.007693626846131646,"5,29"
2024-07-05,URBANA,016_ZW Conjunto Habitacional Ramali,0.0,MR76,False,Laboral,Viernes,0.0,-7.648.417,0.4444444444444444,0.029858918107252354,"11,15"
2024-07-06,URBANA,016_ZW Conjunto Habitacional Ramali,0.0,MR76,False,Fin de Semana,Sábado,0.0,-7.648.417,0.3333333333333333,-0.004687532677209816,"1,47"
2024-07-07,URBANA,016_ZW Conjunto Habitacional Ramali,0.0,MR76,False,Fin de Semana,Domingo,0.0,-7.648.417,0.0,-0.0029161664875084177,"1,88"
2024-07-08,URBANA,016_ZW Conjunto Habitacional Ramali,0.0,MR76,False,Laboral,Lunes,0.0,-7.648.417,-0.1111111111111111,0.0016488135820077715,"4,96"
2024-07-09,URBANA,016_ZW Conjunto Habitacional Ramali,0.0,MR76,False,Laboral,Martes,0.0,-7.648.417,-0.3333333333333333,-0.003444021063990865,"2,64"
2024-07-10,URBANA,016_ZW Conjunto Habitacional Ramali,0.0,MR76,False,Laboral,Miércoles,0.0,-7.648.417,-0.6666666666666666,-0.0065274948657567935,"1,16"
2024-07-11,URBANA,016_ZW Conjunto Habitacional Ramali,0.0,MR76,False,Laboral,Jueves,0.0,-7.648.417,-0.5555555555555556,-0.005920587583287672,"1,28"
2024-07-12,URBANA,016_ZW Conjunto Habitacional Ramali,0.0,MR76,False,Laboral,Viernes,0.0,-7.648.417,0.7777777777777778,-0.00817463537462199,"0,64"
2024-07-13,URBANA,016_ZW Conjunto Habitacional Ramali,0.0,MR76,False,Fin de Semana,Sábado,0.0,-7.648.417,0.8888888888888888,1.7157507288324878,"585,61"
2024-07-14,URBANA,016_ZW Conjunto Habitacional Ramali,0.0,MR76,False,Fin de Semana,Domingo,0.0,-7.648.417,0.3333333333333333,3.4923168298610094,"1316,73"
2024-07-15,URBANA,016_ZW Conjunto Habitacional Ramali,0.0,MR76,False,Laboral,Lunes,0.0,-7.648.417,0.0,2.842156423973465,"1219,83"
2024-07-16,URBANA,016_ZW Conjunto Habitacional Ramali,0.0,MR76,False,Laboral,Martes,0.0,-7.648.417,0.1111111111111111,5.1378306933633375,"1959,17"
2024-07-17,URBANA,016_ZW Conjunto Habitacional Ramali,0.0,MR76,False,Laboral,Miércoles,0.0,-7.648.417,0.0,3.1483656166738467,"1668,59"
2024-07-18,URBANA,016_ZW Conjunto Habitacional Ramali,0.0,MR76,False,Laboral,Jueves,0.0,-7.648.417,0.3333333333333333,4.57250764385292,"1838,67"
2024-07-19,URBANA,016_ZW Conjunto Habitacional Ramali,0.0,MR76,False,Laboral,Viernes,0.0,-7.648.417,0.8888888888888888,2.5779932324191384,"862,11"
2024-07-20,URBANA,016_ZW Conjunto Habitacional Ramali,0.0,MR76,True,Festivo,Sábado,0.0,-7.648.417,-0.2222222222222222,-0.004969027233448079,"1,5"
2024-07-21,URBANA,016_ZW Conjunto Habitacional Ramali,0.0,MR76,False,Fin de Semana,Domingo,0.0,-7.648.417,0.2222222222222222,-0.0037886741313613377,"2,22"
2024-07-22,URBANA,016_ZW Conjunto Habitacional Ramali,0.0,MR76,False,Laboral,Lunes,0.0,-7.648.417,-0.2222222222222222,-0.004451211095821081,"1,86"
2024-07-23,URBANA,016_ZW Conjunto Habitacional Ramali,0.0,MR76,False,Laboral,Martes,0.0,-7.648.417,-0.1111111111111111,-0.007087137831948168,"0,96"
2024-07-24,URBANA,016_ZW Conjunto Habitacional Ramali,0.0,MR76,False,Laboral,Miércoles,0.0,-7.648.417,-0.4444444444444444,-0.006381519234067115,"1,32"
2024-07-25,URBANA,016_ZW Conjunto Habitacional Ramali,0.0,MR76,False,Laboral,Jueves,0.0,-7.648.417,-0.5555555555555556,-0.006526240060899862,"1,26"
2024-07-26,URBANA,016_ZW Conjunto Habitacional Ramali,0.0,MR76,False,Laboral,Viernes,0.0,-7.648.417,0.8888888888888888,-0.005980399948134733,"1,22"
2024-07-27,URBANA,016_ZW Conjunto Habitacional Ramali,0.0,MR76,False,Fin de Semana,Sábado,0.0,-7.648.417,-3.3333333333333335,-0.009841434492912443,"0,01"
2024-07-28,URBANA,016_ZW Conjunto Habitacional Ramali,0.0,MR76,False,Fin de Semana,Domingo,0.0,-7.648.417,-3.3333333333333335,-0.004828907357757413,"2,55"
2024-08-12,URBANA,016_ZW Conjunto Habitacional Ramali,0.0,MR76,False,Laboral,Lunes,0.0,-7.648.417,-1.2222222222222223,2.2738879291955447,"1170,41"
2024-08-13,URBANA,016_ZW Conjunto Habitacional Ramali,0.0,MR76,False,Laboral,Martes,0.0,-7.648.417,0.1111111111111111,10.836140889489336,"2935,07"
2024-08-14,URBANA,016_ZW Conjunto Habitacional Ramali,0.0,MR76,False,Laboral,Miércoles,0.0,-7.648.417,0.5555555555555556,2.208586629635981,"703,94"
2024-08-15,URBANA,016_ZW Conjunto Habitacional Ramali,0.0,MR76,False,Laboral,Jueves,0.0,-7.648.417,0.0,1.2265479063580962,"443,79"
2024-08-16,URBANA,016_ZW Conjunto Habitacional Ramali,0.0,MR76,False,Laboral,Viernes,0.0,-7.648.417,1.4444444444444444,-0.004168043466440244,"1,86"
2024-08-17,URBANA,016_ZW Conjunto Habitacional Ramali,0.0,MR76,False,Fin de Semana,Sábado,0.0,-7.648.417,0.4444444444444444,0.42078960686963834,"149,33"
2024-08-18,URBANA,016_ZW Conjunto Habitacional Ramali,0.0,MR76,False,Fin de Semana,Domingo,0.0,-7.648.417,1.6666666666666667,3.4843509103609236,"1264,15"
2024-08-19,URBANA,016_ZW Conjunto Habitacional Ramali,0.0,MR76,True,Festivo,Lunes,0.0,-7.648.417,1.0,5.336869512842927,"1754,76"
2024-08-20,URBANA,016_ZW Conjunto Habitacional Ramali,0.0,MR76,False,Laboral,Martes,0.0,-7.648.417,0.5555555555555556,2.7594907165354003,"1639,28"
2024-10-25,URBANA,016_ZW Conjunto Habitacional Ramali,0.0,MR76,False,Laboral,Viernes,0.0,-7.648.417,-1.0,-0.0017860055796989306,"4,32"
2024-10-26,URBANA,016_ZW Conjunto Habitacional Ramali,0.0,MR76,False,Fin de Semana,Sábado,0.0,-7.648.417,-0.4444444444444444,0.1628811992588286,"53,48"
2024-10-27,URBANA,016_ZW Conjunto Habitacional Ramali,0.0,MR76,False,Fin de Semana,Domingo,0.0,-7.648.417,-0.7777777777777778,0.07196724122786838,"19,65"
2024-10-28,URBANA,016_ZW Conjunto Habitacional Ramali,0.0,MR76,False,Laboral,Lunes,0.0,-7.648.417,-2.111111111111111,0.09489043462257561,"41,59"
2024-10-29,URBANA,016_ZW Conjunto Habitacional Ramali,0.0,MR76,False,Laboral,Martes,0.0,-7.648.417,-1.3333333333333333,0.09657396447229182,"40,14"
2024-10-30,URBANA,016_ZW Conjunto Habitacional Ramali,0.0,MR76,False,Laboral,Miércoles,0.0,-7.648.417,-1.7777777777777777,-0.00915463796788536,"0,35"
2024-10-31,URBANA,016_ZW Conjunto Habitacional Ramali,0.0,MR76,False,Laboral,Jueves,0.0,-7.648.417,-0.7777777777777778,0.2943747098263768,"155,04"
2024-11-01,URBANA,016_ZW Conjunto Habitacional Ramali,0.0,MR76,False,Laboral,Viernes,0.0,-7.648.417,-1.1111111111111112,1.6776075890597748,"729,57"
2024-11-02,URBANA,016_ZW Conjunto Habitacional Ramali,0.0,MR76,False,Fin de Semana,Sábado,0.0,-7.648.417,-0.7777777777777778,2.342140111510325,"904,96"
2024-11-03,URBANA,016_ZW Conjunto Habitacional Ramali,0.0,MR76,False,Fin de Semana,Domingo,0.0,-7.648.417,-0.5555555555555556,1.329008160414253,"544,15"
2024-11-04,URBANA,016_ZW Conjunto Habitacional Ramali,0.0,MR76,True,Festivo,Lunes,0.0,-7.648.417,1.2222222222222223,-0.0046741480920692155,"1,87"
2024-11-05,URBANA,016_ZW Conjunto Habitacional Ramali,0.0,MR76,False,Laboral,Martes,0.0,-7.648.417,1.0,1.821893835143738,"599,74"
2024-11-06,URBANA,016_ZW Conjunto Habitacional Ramali,0.0,MR76,False,Laboral,Miércoles,0.0,-7.648.417,-1.6666666666666667,0.5958553795575559,"231,28"
2024-11-07,URBANA,016_ZW Conjunto Habitacional Ramali,0.0,MR76,False,Laboral,Jueves,0.0,-7.648.417,-1.1111111111111112,1.5525482995302846,"420,02"
2024-11-08,URBANA,016_ZW Conjunto Habitacional Ramali,0.0,MR76,False,Laboral,Viernes,0.0,-7.648.417,-0.6666666666666666,2.0708467004906286,"402,26"
2024-11-09,URBANA,016_ZW Conjunto Habitacional Ramali,0.0,MR76,False,Fin de Semana,Sábado,0.0,-7.648.417,0.6666666666666666,3.2308953869190775,"465,32"
2024-11-10,URBANA,016_ZW Conjunto Habitacional Ramali,0.0,MR76,False,Fin de Semana,Domingo,0.0,-7.648.417,1.1111111111111112,3.961073443728276,"490,08"
2024-11-11,URBANA,016_ZW Conjunto Habitacional Ramali,0.0,MR76,True,Festivo,Lunes,0.0,-7.648.417,0.8888888888888888,2.3695705639511297,"323,92"
2024-11-12,URBANA,016_ZW Conjunto Habitacional Ramali,0.0,MR76,False,Laboral,Martes,0.0,-7.648.417,0.3333333333333333,1.5837699357121644,"199,33"
2024-11-13,URBANA,016_ZW Conjunto Habitacional Ramali,0.0,MR76,False,Laboral,Miércoles,0.0,-7.648.417,-0.2222222222222222,1.1132101672654875,"165,73"
2024-11-14,URBANA,016_ZW Conjunto Habitacional Ramali,0.0,MR76,False,Laboral,Jueves,0.0,-7.648.417,1.1111111111111112,2.0179993391361086,"252,55"
2024-11-15,URBANA,016_ZW Conjunto Habitacional Ramali,0.0,MR76,False,Laboral,Viernes,0.0,-7.648.417,0.5555555555555556,1.979080729961812,"261,04"
2024-11-16,URBANA,016_ZW Conjunto Habitacional Ramali,0.0,MR76,False,Fin de Semana,Sábado,0.0,-7.648.417,1.5555555555555556,2.2983599700519908,"299,71"
2024-11-17,URBANA,016_ZW Conjunto Habitacional Ramali,0.0,MR76,False,Fin de Semana,Domingo,0.0,-7.648.417,1.7777777777777777,4.356047113739695,"607,59"
2024-11-18,URBANA,016_ZW Conjunto Habitacional Ramali,0.0,MR76,False,Laboral,Lunes,0.0,-7.648.417,1.0,3.294733584015459,"491,51"
2024-11-19,URBANA,016_ZW Conjunto Habitacional Ramali,0.0,MR76,False,Laboral,Martes,0.0,-7.648.417,0.3333333333333333,3.15225300212062,"473,21"
2024-11-20,URBANA,016_ZW Conjunto Habitacional Ramali,0.0,MR76,False,Laboral,Miércoles,0.0,-7.648.417,0.1111111111111111,2.2972624340704613,"289,05"
2024-11-21,URBANA,016_ZW Conjunto Habitacional Ramali,0.0,MR76,False,Laboral,Jueves,0.0,-7.648.417,0.7777777777777778,3.0464252700967456,"404,69"
2024-11-22,URBANA,016_ZW Conjunto Habitacional Ramali,0.0,MR76,False,Laboral,Viernes,0.0,-7.648.417,1.0,1.4657680869663419,"174,76"
2024-11-23,URBANA,016_ZW Conjunto Habitacional Ramali,0.0,MR76,False,Fin de Semana,Sábado,0.0,-7.648.417,0.8888888888888888,3.362539055801172,"420,72"
2024-11-24,URBANA,016_ZW Conjunto Habitacional Ramali,0.0,MR76,False,Fin de Semana,Domingo,0.0,-7.648.417,0.8888888888888888,0.996222619112351,"324,88"
2024-11-25,URBANA,016_ZW Conjunto Habitacional Ramali,0.0,MR76,False,Laboral,Lunes,0.0,-7.648.417,1.6666666666666667,0.8995424144955058,"528,66"
2024-11-26,URBANA,016_ZW Conjunto Habitacional Ramali,0.0,MR76,False,Laboral,Martes,0.0,-7.648.417,0.7777777777777778,0.4674507802794869,"144,91"
2024-11-27,URBANA,016_ZW Conjunto Habitacional Ramali,0.0,MR76,False,Laboral,Miércoles,0.0,-7.648.417,1.5555555555555556,2.6255883989108293,"324,44"
2024-11-28,URBANA,016_ZW Conjunto Habitacional Ramali,0.0,MR76,False,Laboral,Jueves,0.0,-7.648.417,1.2222222222222223,3.130797512140237,"356,62"
2024-11-29,URBANA,016_ZW Conjunto Habitacional Ramali,0.0,MR76,False,Laboral,Viernes,0.0,-7.648.417,2.0,2.3649591561019068,"255,47"
2024-11-30,URBANA,016_ZW Conjunto Habitacional Ramali,0.0,MR76,False,Fin de Semana,Sábado,0.0,-7.648.417,2.7777777777777777,8.14057076890259,"854,92"
2024-12-01,URBANA,016_ZW Conjunto Habitacional Ramali,0.0,MR76,False,Fin de Semana,Domingo,0.0,-7.648.417,2.4444444444444446,5.6887209774093295,"563,77"
2024-12-02,URBANA,016_ZW Conjunto Habitacional Ramali,0.0,MR76,False,Laboral,Lunes,0.0,-7.648.417,1.8888888888888888,5.609037522847905,"643,81"
2024-12-03,URBANA,016_ZW Conjunto Habitacional Ramali,0.0,MR76,False,Laboral,Martes,0.0,-7.648.417,0.3333333333333333,2.254816150175045,"290,0"
2024-12-04,URBANA,016_ZW Conjunto Habitacional Ramali,0.0,MR76,False,Laboral,Miércoles,0.0,-7.648.417,1.6666666666666667,4.198899117872186,"435,67"
2024-12-05,URBANA,016_ZW Conjunto Habitacional Ramali,0.0,MR76,False,Laboral,Jueves,0.0,-7.648.417,1.1111111111111112,5.078787523893576,"530,3"
2024-12-06,URBANA,016_ZW Conjunto Habitacional Ramali,0.0,MR76,False,Laboral,Viernes,0.0,-7.648.417,2.2222222222222223,4.551305206185352,"485,02"
2024-12-07,URBANA,016_ZW Conjunto Habitacional Ramali,0.0,MR76,False,Fin de Semana,Sábado,0.0,-7.648.417,1.8888888888888888,5.603837611520782,"654,21"
2024-12-08,URBANA,016_ZW Conjunto Habitacional Ramali,0.0,MR76,True,Festivo,Domingo,0.0,-7.648.417,1.2222222222222223,5.544101789769995,"500,02"
