FECHA.CONEXION,AREA,NOMBRE.ZONA,COMUNA,MODEL,es_festivo,tipo_dia,dia_semana,LATITUD,LONGITUD,NUMERO.CONEXIONES,USAGE.KB,PORCENTAJE.USO
2024-01-01,URBANA,028_ZW Parque Yo Amo a Siloe,0.0,MR76,True,Festivo,Lunes,0.0,-7.655.686,1.4285714285714286,1.0617900816910435,"1827,4"
2024-01-02,URBANA,028_ZW Parque Yo Amo a Siloe,0.0,MR76,False,Laboral,Martes,0.0,-7.655.686,-1.0,0.6301316718176029,"1353,3"
2024-01-03,URBANA,028_ZW Parque Yo Amo a Siloe,0.0,MR76,False,Laboral,Miércoles,0.0,-7.655.686,-0.2857142857142857,0.9212263860723182,"1195,1"
2024-01-04,URBANA,028_ZW Parque Yo Amo a Siloe,0.0,MR76,False,Laboral,Jueves,0.0,-7.655.686,0.14285714285714285,0.3618419695097115,"808,9"
2024-01-05,URBANA,028_ZW Parque Yo Amo a Siloe,0.0,MR76,False,Laboral,Viernes,0.0,-7.655.686,-0.14285714285714285,-0.20250330694155746,"235,7"
2024-01-06,URBANA,028_ZW Parque Yo Amo a Siloe,0.0,MR76,False,Fin de Semana,Sábado,0.0,-7.655.686,0.0,-0.44286903361929264,"0,6"
2024-01-07,URBANA,028_ZW Parque Yo Amo a Siloe,0.0,MR76,False,Fin de Semana,Domingo,0.0,-7.655.686,-0.8571428571428571,-0.4426396040960378,"0,7"
2024-01-08,URBANA,028_ZW Parque Yo Amo a Siloe,0.0,MR76,True,Festivo,Lunes,0.0,-7.655.686,-1.0,-0.4410534781845501,"1,5"
2024-01-09,URBANA,028_ZW Parque Yo Amo a Siloe,0.0,MR76,False,Laboral,Martes,0.0,-7.655.686,-0.2857142857142857,0.3947921947981967,"686,4"
2024-01-10,URBANA,028_ZW Parque Yo Amo a Siloe,0.0,MR76,False,Laboral,Miércoles,0.0,-7.655.686,0.0,0.7047473349664444,"1010,0"
2024-01-11,URBANA,028_ZW Parque Yo Amo a Siloe,0.0,MR76,False,Laboral,Jueves,0.0,-7.655.686,-1.4285714285714286,-0.1151731966768806,"323,7"
2024-01-12,URBANA,028_ZW Parque Yo Amo a Siloe,0.0,MR76,False,Laboral,Viernes,0.0,-7.655.686,0.14285714285714285,-0.44226855955288474,"1,0"
2024-01-13,URBANA,028_ZW Parque Yo Amo a Siloe,0.0,MR76,False,Fin de Semana,Sábado,0.0,-7.655.686,-0.42857142857142855,-0.4431031742210538,"0,2"
2024-01-14,URBANA,028_ZW Parque Yo Amo a Siloe,0.0,MR76,False,Fin de Semana,Domingo,0.0,-7.655.686,-1.8571428571428572,-0.443194380700935,"0,2"
2024-01-15,URBANA,028_ZW Parque Yo Amo a Siloe,0.0,MR76,False,Laboral,Lunes,0.0,-7.655.686,-1.1428571428571428,-0.4432351786407992,"0,1"
2024-01-16,URBANA,028_ZW Parque Yo Amo a Siloe,0.0,MR76,False,Laboral,Martes,0.0,-7.655.686,-1.2857142857142858,-0.4421761281925919,"1,4"
2024-01-17,URBANA,028_ZW Parque Yo Amo a Siloe,0.0,MR76,False,Laboral,Miércoles,0.0,-7.655.686,-1.1428571428571428,-0.4430379728945272,"0,3"
2024-01-18,URBANA,028_ZW Parque Yo Amo a Siloe,0.0,MR76,False,Laboral,Jueves,0.0,-7.655.686,0.14285714285714285,-0.36963597779046836,"65,2"
2024-01-19,URBANA,028_ZW Parque Yo Amo a Siloe,0.0,MR76,False,Laboral,Viernes,0.0,-7.655.686,-0.42857142857142855,1.7610110860157193,"1524,1"
2024-01-20,URBANA,028_ZW Parque Yo Amo a Siloe,0.0,MR76,False,Fin de Semana,Sábado,0.0,-7.655.686,0.5714285714285714,0.9104266154829972,"1109,5"
2024-01-21,URBANA,028_ZW Parque Yo Amo a Siloe,0.0,MR76,False,Fin de Semana,Domingo,0.0,-7.655.686,-1.5714285714285714,0.4177681246732278,"705,8"
2024-01-22,URBANA,028_ZW Parque Yo Amo a Siloe,0.0,MR76,False,Laboral,Lunes,0.0,-7.655.686,-1.1428571428571428,0.3191003328753851,"771,7"
2024-01-23,URBANA,028_ZW Parque Yo Amo a Siloe,0.0,MR76,False,Laboral,Martes,0.0,-7.655.686,-0.5714285714285714,0.29454195173010117,"725,1"
2024-01-24,URBANA,028_ZW Parque Yo Amo a Siloe,0.0,MR76,False,Laboral,Miércoles,0.0,-7.655.686,-1.0,0.29726071513606395,"628,4"
2024-01-25,URBANA,028_ZW Parque Yo Amo a Siloe,0.0,MR76,False,Laboral,Jueves,0.0,-7.655.686,0.0,0.5146747268822902,"680,2"
2024-01-26,URBANA,028_ZW Parque Yo Amo a Siloe,0.0,MR76,False,Laboral,Viernes,0.0,-7.655.686,-1.1428571428571428,0.505505649007126,"731,0"
2024-01-27,URBANA,028_ZW Parque Yo Amo a Siloe,0.0,MR76,False,Fin de Semana,Sábado,0.0,-7.655.686,0.42857142857142855,0.8312559989695929,"1089,8"
2024-01-28,URBANA,028_ZW Parque Yo Amo a Siloe,0.0,MR76,False,Fin de Semana,Domingo,0.0,-7.655.686,-0.7142857142857143,0.5357258985228036,"1010,9"
2024-01-29,URBANA,028_ZW Parque Yo Amo a Siloe,0.0,MR76,False,Laboral,Lunes,0.0,-7.655.686,-0.8571428571428571,-0.18521355460201233,"235,3"
2024-01-30,URBANA,028_ZW Parque Yo Amo a Siloe,0.0,MR76,False,Laboral,Martes,0.0,-7.655.686,-1.1428571428571428,0.08915494652407677,"624,3"
2024-01-31,URBANA,028_ZW Parque Yo Amo a Siloe,0.0,MR76,False,Laboral,Miércoles,0.0,-7.655.686,-1.1428571428571428,0.026285792301174348,"477,2"
2024-02-01,URBANA,028_ZW Parque Yo Amo a Siloe,0.0,MR76,False,Laboral,Jueves,0.0,-7.655.686,-0.42857142857142855,0.14159198272428666,"446,3"
2024-02-02,URBANA,028_ZW Parque Yo Amo a Siloe,0.0,MR76,False,Laboral,Viernes,0.0,-7.655.686,-1.2857142857142858,0.5990340310409193,"1158,0"
2024-02-03,URBANA,028_ZW Parque Yo Amo a Siloe,0.0,MR76,False,Fin de Semana,Sábado,0.0,-7.655.686,0.2857142857142857,0.706039960686992,"687,5"
2024-02-04,URBANA,028_ZW Parque Yo Amo a Siloe,0.0,MR76,False,Fin de Semana,Domingo,0.0,-7.655.686,-0.14285714285714285,0.8675069000811342,"869,9"
2024-02-05,URBANA,028_ZW Parque Yo Amo a Siloe,0.0,MR76,False,Laboral,Lunes,0.0,-7.655.686,-0.5714285714285714,0.6107067644774504,"743,1"
2024-02-06,URBANA,028_ZW Parque Yo Amo a Siloe,0.0,MR76,False,Laboral,Martes,0.0,-7.655.686,-0.2857142857142857,0.2698820939537924,"506,5"
2024-02-07,URBANA,028_ZW Parque Yo Amo a Siloe,0.0,MR76,False,Laboral,Miércoles,0.0,-7.655.686,-0.7142857142857143,0.6955808010736736,"732,2"
2024-02-08,URBANA,028_ZW Parque Yo Amo a Siloe,0.0,MR76,False,Laboral,Jueves,0.0,-7.655.686,1.5714285714285714,0.7063356279740449,"898,0"
2024-02-09,URBANA,028_ZW Parque Yo Amo a Siloe,0.0,MR76,False,Laboral,Viernes,0.0,-7.655.686,2.2857142857142856,1.271439576507962,"1512,4"
2024-02-10,URBANA,028_ZW Parque Yo Amo a Siloe,0.0,MR76,False,Fin de Semana,Sábado,0.0,-7.655.686,3.7142857142857144,0.607890387524838,"698,5"
2024-02-11,URBANA,028_ZW Parque Yo Amo a Siloe,0.0,MR76,False,Fin de Semana,Domingo,0.0,-7.655.686,1.5714285714285714,1.0667112742986828,"1192,6"
2024-02-12,URBANA,028_ZW Parque Yo Amo a Siloe,0.0,MR76,False,Laboral,Lunes,0.0,-7.655.686,2.4285714285714284,1.1542689296552122,"1637,6"
2024-02-13,URBANA,028_ZW Parque Yo Amo a Siloe,0.0,MR76,False,Laboral,Martes,0.0,-7.655.686,0.7142857142857143,0.2914406487494301,"900,2"
2024-02-14,URBANA,028_ZW Parque Yo Amo a Siloe,0.0,MR76,False,Laboral,Miércoles,0.0,-7.655.686,1.4285714285714286,0.26990310536393036,"1002,2"
2024-02-15,URBANA,028_ZW Parque Yo Amo a Siloe,0.0,MR76,False,Laboral,Jueves,0.0,-7.655.686,0.8571428571428571,1.054049025932697,"1360,9"
2024-02-16,URBANA,028_ZW Parque Yo Amo a Siloe,0.0,MR76,False,Laboral,Viernes,0.0,-7.655.686,1.4285714285714286,1.3150970468039054,"1770,0"
2024-02-17,URBANA,028_ZW Parque Yo Amo a Siloe,0.0,MR76,False,Fin de Semana,Sábado,0.0,-7.655.686,1.8571428571428572,1.571211437820218,"2022,0"
2024-02-18,URBANA,028_ZW Parque Yo Amo a Siloe,0.0,MR76,False,Fin de Semana,Domingo,0.0,-7.655.686,0.8571428571428571,1.0881766439614668,"1255,8"
2024-02-19,URBANA,028_ZW Parque Yo Amo a Siloe,0.0,MR76,False,Laboral,Lunes,0.0,-7.655.686,2.142857142857143,1.546412320563264,"1441,0"
2024-02-20,URBANA,028_ZW Parque Yo Amo a Siloe,0.0,MR76,False,Laboral,Martes,0.0,-7.655.686,0.7142857142857143,0.14297138651091967,"509,6"
2024-02-21,URBANA,028_ZW Parque Yo Amo a Siloe,0.0,MR76,False,Laboral,Miércoles,0.0,-7.655.686,0.5714285714285714,-0.4359351740522087,"6,8"
2024-02-22,URBANA,028_ZW Parque Yo Amo a Siloe,0.0,MR76,False,Laboral,Jueves,0.0,-7.655.686,1.8571428571428572,-0.44165781533533316,"1,1"
2024-02-23,URBANA,028_ZW Parque Yo Amo a Siloe,0.0,MR76,False,Laboral,Viernes,0.0,-7.655.686,0.7142857142857143,-0.4392165344533891,"3,1"
2024-02-24,URBANA,028_ZW Parque Yo Amo a Siloe,0.0,MR76,False,Fin de Semana,Sábado,0.0,-7.655.686,0.2857142857142857,-0.43785823629846415,"4,6"
2024-02-25,URBANA,028_ZW Parque Yo Amo a Siloe,0.0,MR76,False,Fin de Semana,Domingo,0.0,-7.655.686,1.8571428571428572,-0.4426211366682932,"0,4"
2024-02-26,URBANA,028_ZW Parque Yo Amo a Siloe,0.0,MR76,False,Laboral,Lunes,0.0,-7.655.686,0.2857142857142857,-0.44210866554838224,"1,1"
2024-02-27,URBANA,028_ZW Parque Yo Amo a Siloe,0.0,MR76,False,Laboral,Martes,0.0,-7.655.686,-0.14285714285714285,-0.43952539276025954,"3,5"
2024-02-28,URBANA,028_ZW Parque Yo Amo a Siloe,0.0,MR76,False,Laboral,Miércoles,0.0,-7.655.686,0.2857142857142857,-0.4413823114642871,"1,2"
2024-02-29,URBANA,028_ZW Parque Yo Amo a Siloe,0.0,MR76,False,Laboral,Jueves,0.0,-7.655.686,0.0,-0.4389477203138219,"5,9"
2024-03-01,URBANA,028_ZW Parque Yo Amo a Siloe,0.0,MR76,False,Laboral,Viernes,0.0,-7.655.686,0.2857142857142857,0.13527678198664483,"511,8"
2024-03-02,URBANA,028_ZW Parque Yo Amo a Siloe,0.0,MR76,False,Fin de Semana,Sábado,0.0,-7.655.686,0.7142857142857143,1.843446385712392,"2358,4"
2024-03-03,URBANA,028_ZW Parque Yo Amo a Siloe,0.0,MR76,False,Fin de Semana,Domingo,0.0,-7.655.686,0.7142857142857143,1.5122427739357887,"1489,0"
2024-03-04,URBANA,028_ZW Parque Yo Amo a Siloe,0.0,MR76,False,Laboral,Lunes,0.0,-7.655.686,0.14285714285714285,0.6434592186902429,"811,2"
2024-03-05,URBANA,028_ZW Parque Yo Amo a Siloe,0.0,MR76,False,Laboral,Martes,0.0,-7.655.686,1.2857142857142858,0.8589279318996642,"1002,8"
2024-03-06,URBANA,028_ZW Parque Yo Amo a Siloe,0.0,MR76,False,Laboral,Miércoles,0.0,-7.655.686,0.8571428571428571,1.2581332294886,"1492,1"
2024-03-07,URBANA,028_ZW Parque Yo Amo a Siloe,0.0,MR76,False,Laboral,Jueves,0.0,-7.655.686,1.5714285714285714,-0.12082328735100861,"320,4"
2024-03-08,URBANA,028_ZW Parque Yo Amo a Siloe,0.0,MR76,False,Laboral,Viernes,0.0,-7.655.686,1.0,-0.4374549679783283,"5,8"
2024-03-09,URBANA,028_ZW Parque Yo Amo a Siloe,0.0,MR76,False,Fin de Semana,Sábado,0.0,-7.655.686,3.5714285714285716,-0.3993146417210663,"47,2"
2024-03-10,URBANA,028_ZW Parque Yo Amo a Siloe,0.0,MR76,False,Fin de Semana,Domingo,0.0,-7.655.686,1.0,-0.4424994023996915,"0,9"
2024-03-11,URBANA,028_ZW Parque Yo Amo a Siloe,0.0,MR76,False,Laboral,Lunes,0.0,-7.655.686,-0.2857142857142857,-0.4410320898881317,"2,6"
2024-03-12,URBANA,028_ZW Parque Yo Amo a Siloe,0.0,MR76,False,Laboral,Martes,0.0,-7.655.686,0.5714285714285714,-0.438423283054505,"5,9"
2024-03-13,URBANA,028_ZW Parque Yo Amo a Siloe,0.0,MR76,False,Laboral,Miércoles,0.0,-7.655.686,0.5714285714285714,0.32777531283681266,"1105,5"
2024-03-14,URBANA,028_ZW Parque Yo Amo a Siloe,0.0,MR76,False,Laboral,Jueves,0.0,-7.655.686,1.1428571428571428,1.726172660461925,"2373,2"
2024-03-15,URBANA,028_ZW Parque Yo Amo a Siloe,0.0,MR76,False,Laboral,Viernes,0.0,-7.655.686,0.42857142857142855,1.3077995861977083,"1426,5"
2024-03-16,URBANA,028_ZW Parque Yo Amo a Siloe,0.0,MR76,False,Fin de Semana,Sábado,0.0,-7.655.686,1.0,0.681845651688672,"1055,9"
2024-03-17,URBANA,028_ZW Parque Yo Amo a Siloe,0.0,MR76,False,Fin de Semana,Domingo,0.0,-7.655.686,0.0,1.0048637645606482,"1186,9"
2024-03-18,URBANA,028_ZW Parque Yo Amo a Siloe,0.0,MR76,False,Laboral,Lunes,0.0,-7.655.686,0.0,0.872882146435207,"1163,5"
2024-03-19,URBANA,028_ZW Parque Yo Amo a Siloe,0.0,MR76,False,Laboral,Martes,0.0,-7.655.686,-0.2857142857142857,-0.01698555800039592,"600,3"
2024-03-20,URBANA,028_ZW Parque Yo Amo a Siloe,0.0,MR76,False,Laboral,Miércoles,0.0,-7.655.686,-0.7142857142857143,0.4744620914116945,"1486,0"
2024-03-21,URBANA,028_ZW Parque Yo Amo a Siloe,0.0,MR76,False,Laboral,Jueves,0.0,-7.655.686,0.42857142857142855,-0.341301007671426,"124,0"
2024-03-22,URBANA,028_ZW Parque Yo Amo a Siloe,0.0,MR76,False,Laboral,Viernes,0.0,-7.655.686,-0.42857142857142855,-0.41933832713936436,"26,1"
2024-03-23,URBANA,028_ZW Parque Yo Amo a Siloe,0.0,MR76,False,Fin de Semana,Sábado,0.0,-7.655.686,1.1428571428571428,-0.44161739428174945,"2,3"
2024-03-24,URBANA,028_ZW Parque Yo Amo a Siloe,0.0,MR76,True,Festivo,Domingo,0.0,-7.655.686,0.0,-0.4416761885415076,"1,9"
2024-03-25,URBANA,028_ZW Parque Yo Amo a Siloe,0.0,MR76,True,Festivo,Lunes,0.0,-7.655.686,-0.8571428571428571,-0.441766829691968,"2,3"
2024-03-26,URBANA,028_ZW Parque Yo Amo a Siloe,0.0,MR76,False,Laboral,Martes,0.0,-7.655.686,-0.42857142857142855,0.1488432747611224,"807,1"
2024-03-27,URBANA,028_ZW Parque Yo Amo a Siloe,0.0,MR76,False,Laboral,Miércoles,0.0,-7.655.686,-0.2857142857142857,0.27622311140164857,"945,4"
2024-03-28,URBANA,028_ZW Parque Yo Amo a Siloe,0.0,MR76,True,Festivo,Jueves,0.0,-7.655.686,-1.2857142857142858,-0.3269118663681853,"193,6"
2024-03-29,URBANA,028_ZW Parque Yo Amo a Siloe,0.0,MR76,True,Festivo,Viernes,0.0,-7.655.686,-0.42857142857142855,-0.44302892762379514,"0,3"
2024-03-30,URBANA,028_ZW Parque Yo Amo a Siloe,0.0,MR76,False,Fin de Semana,Sábado,0.0,-7.655.686,-0.5714285714285714,-0.44233291288528026,"1,7"
2024-03-31,URBANA,028_ZW Parque Yo Amo a Siloe,0.0,MR76,True,Festivo,Domingo,0.0,-7.655.686,-1.1428571428571428,-0.442753423752749,"0,8"
2024-04-01,URBANA,028_ZW Parque Yo Amo a Siloe,0.0,MR76,False,Laboral,Lunes,0.0,-7.655.686,-0.14285714285714285,0.06859052351483015,"517,9"
2024-04-02,URBANA,028_ZW Parque Yo Amo a Siloe,0.0,MR76,False,Laboral,Martes,0.0,-7.655.686,-0.14285714285714285,0.2753658835566494,"1084,1"
2024-04-03,URBANA,028_ZW Parque Yo Amo a Siloe,0.0,MR76,False,Laboral,Miércoles,0.0,-7.655.686,-0.42857142857142855,0.30459190706436584,"881,0"
2024-04-04,URBANA,028_ZW Parque Yo Amo a Siloe,0.0,MR76,False,Laboral,Jueves,0.0,-7.655.686,0.8571428571428571,-0.4399631461750612,"3,1"
2024-04-05,URBANA,028_ZW Parque Yo Amo a Siloe,0.0,MR76,False,Laboral,Viernes,0.0,-7.655.686,1.0,-0.44149848666025143,"1,7"
2024-04-06,URBANA,028_ZW Parque Yo Amo a Siloe,0.0,MR76,False,Fin de Semana,Sábado,0.0,-7.655.686,0.2857142857142857,-0.4403185499375735,"2,6"
2024-04-07,URBANA,028_ZW Parque Yo Amo a Siloe,0.0,MR76,False,Fin de Semana,Domingo,0.0,-7.655.686,-1.1428571428571428,-0.4427181848855222,"0,5"
2024-04-08,URBANA,028_ZW Parque Yo Amo a Siloe,0.0,MR76,False,Laboral,Lunes,0.0,-7.655.686,-0.8571428571428571,-0.442757192615554,"0,8"
2024-04-09,URBANA,028_ZW Parque Yo Amo a Siloe,0.0,MR76,False,Laboral,Martes,0.0,-7.655.686,0.42857142857142855,-0.4426850188928381,"0,9"
2024-04-10,URBANA,028_ZW Parque Yo Amo a Siloe,0.0,MR76,False,Laboral,Miércoles,0.0,-7.655.686,0.0,-0.4413346353498037,"4,9"
2024-04-11,URBANA,028_ZW Parque Yo Amo a Siloe,0.0,MR76,False,Laboral,Jueves,0.0,-7.655.686,-0.5714285714285714,-0.4425922106462648,"1,7"
2024-04-12,URBANA,028_ZW Parque Yo Amo a Siloe,0.0,MR76,False,Laboral,Viernes,0.0,-7.655.686,-0.7142857142857143,-0.44267427763384387,"1,0"
2024-04-13,URBANA,028_ZW Parque Yo Amo a Siloe,0.0,MR76,False,Fin de Semana,Sábado,0.0,-7.655.686,2.2857142857142856,0.9139760362511837,"1693,1"
2024-04-14,URBANA,028_ZW Parque Yo Amo a Siloe,0.0,MR76,False,Fin de Semana,Domingo,0.0,-7.655.686,-0.5714285714285714,0.16450996633369078,"935,3"
2024-04-15,URBANA,028_ZW Parque Yo Amo a Siloe,0.0,MR76,False,Laboral,Lunes,0.0,-7.655.686,-0.7142857142857143,-0.010540331495981308,"1147,5"
2024-04-16,URBANA,028_ZW Parque Yo Amo a Siloe,0.0,MR76,False,Laboral,Martes,0.0,-7.655.686,0.0,-0.4424769776660017,"2,1"
2024-04-17,URBANA,028_ZW Parque Yo Amo a Siloe,0.0,MR76,False,Laboral,Miércoles,0.0,-7.655.686,-0.2857142857142857,-0.44293715581449317,"1,1"
2024-04-18,URBANA,028_ZW Parque Yo Amo a Siloe,0.0,MR76,False,Laboral,Jueves,0.0,-7.655.686,-0.5714285714285714,-0.44291086799642826,"1,5"
2024-04-19,URBANA,028_ZW Parque Yo Amo a Siloe,0.0,MR76,False,Laboral,Viernes,0.0,-7.655.686,-1.2857142857142858,-0.4429809688446014,"0,9"
2024-04-20,URBANA,028_ZW Parque Yo Amo a Siloe,0.0,MR76,False,Fin de Semana,Sábado,0.0,-7.655.686,0.0,-0.4426964197028233,"0,8"
2024-04-21,URBANA,028_ZW Parque Yo Amo a Siloe,0.0,MR76,False,Fin de Semana,Domingo,0.0,-7.655.686,-1.2857142857142858,-0.39490752200003,"83,0"
2024-04-22,URBANA,028_ZW Parque Yo Amo a Siloe,0.0,MR76,False,Laboral,Lunes,0.0,-7.655.686,-1.8571428571428572,-0.12207492668855183,"733,0"
2024-04-23,URBANA,028_ZW Parque Yo Amo a Siloe,0.0,MR76,False,Laboral,Martes,0.0,-7.655.686,-0.5714285714285714,0.45582591283506013,"519,8"
2024-04-24,URBANA,028_ZW Parque Yo Amo a Siloe,0.0,MR76,False,Laboral,Miércoles,0.0,-7.655.686,0.5714285714285714,0.72719232629382,"676,4"
2024-04-25,URBANA,028_ZW Parque Yo Amo a Siloe,0.0,MR76,False,Laboral,Jueves,0.0,-7.655.686,0.14285714285714285,0.5204995985690005,"862,0"
2024-04-26,URBANA,028_ZW Parque Yo Amo a Siloe,0.0,MR76,False,Laboral,Viernes,0.0,-7.655.686,-1.1428571428571428,0.015097923064507574,"485,5"
2024-04-27,URBANA,028_ZW Parque Yo Amo a Siloe,0.0,MR76,False,Fin de Semana,Sábado,0.0,-7.655.686,0.0,-0.07871246412867049,"317,2"
2024-04-28,URBANA,028_ZW Parque Yo Amo a Siloe,0.0,MR76,False,Fin de Semana,Domingo,0.0,-7.655.686,-0.42857142857142855,-0.44210159893062284,"1,7"
2024-04-29,URBANA,028_ZW Parque Yo Amo a Siloe,0.0,MR76,False,Laboral,Lunes,0.0,-7.655.686,-0.42857142857142855,-0.44284048448354474,"0,6"
2024-04-30,URBANA,028_ZW Parque Yo Amo a Siloe,0.0,MR76,False,Laboral,Martes,0.0,-7.655.686,0.0,-0.2987855970269703,"243,5"
2024-05-01,URBANA,028_ZW Parque Yo Amo a Siloe,0.0,MR76,True,Festivo,Miércoles,0.0,-7.655.686,0.0,-0.44262565930365927,"1,4"
2024-05-02,URBANA,028_ZW Parque Yo Amo a Siloe,0.0,MR76,False,Laboral,Jueves,0.0,-7.655.686,-0.2857142857142857,-0.4427211057541961,"1,2"
2024-05-03,URBANA,028_ZW Parque Yo Amo a Siloe,0.0,MR76,False,Laboral,Viernes,0.0,-7.655.686,-1.2857142857142858,-0.443089794758096,"0,5"
2024-05-04,URBANA,028_ZW Parque Yo Amo a Siloe,0.0,MR76,False,Fin de Semana,Sábado,0.0,-7.655.686,0.42857142857142855,-0.3558020841999755,"128,6"
2024-05-05,URBANA,028_ZW Parque Yo Amo a Siloe,0.0,MR76,False,Fin de Semana,Domingo,0.0,-7.655.686,-0.7142857142857143,-0.44205514769655113,"2,2"
2024-05-06,URBANA,028_ZW Parque Yo Amo a Siloe,0.0,MR76,False,Laboral,Lunes,0.0,-7.655.686,-0.7142857142857143,0.05811025826980366,"1113,7"
2024-05-07,URBANA,028_ZW Parque Yo Amo a Siloe,0.0,MR76,False,Laboral,Martes,0.0,-7.655.686,-0.5714285714285714,0.40013154273405177,"1476,4"
2024-05-08,URBANA,028_ZW Parque Yo Amo a Siloe,0.0,MR76,False,Laboral,Miércoles,0.0,-7.655.686,0.14285714285714285,0.5658330821543309,"1352,0"
2024-05-09,URBANA,028_ZW Parque Yo Amo a Siloe,0.0,MR76,False,Laboral,Jueves,0.0,-7.655.686,-0.42857142857142855,0.580847006689072,"1233,6"
2024-05-10,URBANA,028_ZW Parque Yo Amo a Siloe,0.0,MR76,False,Laboral,Viernes,0.0,-7.655.686,-0.2857142857142857,0.3897895947539691,"1120,7"
2024-05-11,URBANA,028_ZW Parque Yo Amo a Siloe,0.0,MR76,False,Fin de Semana,Sábado,0.0,-7.655.686,0.5714285714285714,0.3532130638960751,"1134,5"
2024-05-12,URBANA,028_ZW Parque Yo Amo a Siloe,0.0,MR76,False,Fin de Semana,Domingo,0.0,-7.655.686,0.42857142857142855,-0.4404607302868924,"7,3"
2024-05-13,URBANA,028_ZW Parque Yo Amo a Siloe,0.0,MR76,True,Festivo,Lunes,0.0,-7.655.686,-1.2857142857142858,-0.44103538764308603,"4,3"
2024-05-14,URBANA,028_ZW Parque Yo Amo a Siloe,0.0,MR76,False,Laboral,Martes,0.0,-7.655.686,-1.4285714285714286,-0.3518850108651604,"447,6"
2024-05-15,URBANA,028_ZW Parque Yo Amo a Siloe,0.0,MR76,False,Laboral,Miércoles,0.0,-7.655.686,-0.14285714285714285,1.0242719004613183,"2520,6"
2024-05-16,URBANA,028_ZW Parque Yo Amo a Siloe,0.0,MR76,False,Laboral,Jueves,0.0,-7.655.686,0.0,-0.2241918875039679,"285,0"
2024-05-17,URBANA,028_ZW Parque Yo Amo a Siloe,0.0,MR76,False,Laboral,Viernes,0.0,-7.655.686,-0.5714285714285714,0.448854270418356,"910,8"
2024-05-18,URBANA,028_ZW Parque Yo Amo a Siloe,0.0,MR76,False,Fin de Semana,Sábado,0.0,-7.655.686,-0.2857142857142857,0.908467560596954,"1306,9"
2024-05-19,URBANA,028_ZW Parque Yo Amo a Siloe,0.0,MR76,False,Fin de Semana,Domingo,0.0,-7.655.686,0.8571428571428571,1.2482799145711867,"1535,3"
2024-05-20,URBANA,028_ZW Parque Yo Amo a Siloe,0.0,MR76,False,Laboral,Lunes,0.0,-7.655.686,0.42857142857142855,0.6532967986054454,"1653,1"
2024-05-21,URBANA,028_ZW Parque Yo Amo a Siloe,0.0,MR76,False,Laboral,Martes,0.0,-7.655.686,0.14285714285714285,1.1082278420782414,"2120,1"
2024-05-22,URBANA,028_ZW Parque Yo Amo a Siloe,0.0,MR76,False,Laboral,Miércoles,0.0,-7.655.686,0.7142857142857143,-0.4331437658156794,"41,9"
2024-05-23,URBANA,028_ZW Parque Yo Amo a Siloe,0.0,MR76,False,Laboral,Jueves,0.0,-7.655.686,-0.8571428571428571,-0.4426009732522865,"1,4"
2024-05-24,URBANA,028_ZW Parque Yo Amo a Siloe,0.0,MR76,False,Laboral,Viernes,0.0,-7.655.686,-0.42857142857142855,-0.4404527214534318,"6,4"
2024-05-25,URBANA,028_ZW Parque Yo Amo a Siloe,0.0,MR76,False,Fin de Semana,Sábado,0.0,-7.655.686,-0.7142857142857143,0.018249351920485286,"687,7"
2024-05-26,URBANA,028_ZW Parque Yo Amo a Siloe,0.0,MR76,False,Fin de Semana,Domingo,0.0,-7.655.686,-0.42857142857142855,-0.004050915075177977,"674,7"
2024-05-27,URBANA,028_ZW Parque Yo Amo a Siloe,0.0,MR76,False,Laboral,Lunes,0.0,-7.655.686,-1.0,-0.25783633732113564,"231,5"
2024-05-28,URBANA,028_ZW Parque Yo Amo a Siloe,0.0,MR76,False,Laboral,Martes,0.0,-7.655.686,-0.5714285714285714,0.6152747204186905,"1508,6"
2024-05-29,URBANA,028_ZW Parque Yo Amo a Siloe,0.0,MR76,False,Laboral,Miércoles,0.0,-7.655.686,-0.14285714285714285,0.6197130274794382,"2255,5"
2024-05-30,URBANA,028_ZW Parque Yo Amo a Siloe,0.0,MR76,False,Laboral,Jueves,0.0,-7.655.686,-0.2857142857142857,0.6455063707443532,"965,7"
2024-05-31,URBANA,028_ZW Parque Yo Amo a Siloe,0.0,MR76,False,Laboral,Viernes,0.0,-7.655.686,-0.7142857142857143,0.6201646314650484,"1214,0"
2024-06-01,URBANA,028_ZW Parque Yo Amo a Siloe,0.0,MR76,False,Fin de Semana,Sábado,0.0,-7.655.686,-0.42857142857142855,0.540733586531818,"1043,2"
2024-06-02,URBANA,028_ZW Parque Yo Amo a Siloe,0.0,MR76,False,Fin de Semana,Domingo,0.0,-7.655.686,0.2857142857142857,1.3028949765864108,"1890,8"
2024-06-03,URBANA,028_ZW Parque Yo Amo a Siloe,0.0,MR76,True,Festivo,Lunes,0.0,-7.655.686,-0.42857142857142855,1.2527213309437486,"2598,3"
2024-06-04,URBANA,028_ZW Parque Yo Amo a Siloe,0.0,MR76,False,Laboral,Martes,0.0,-7.655.686,0.42857142857142855,0.750142627901777,"2786,1"
2024-06-05,URBANA,028_ZW Parque Yo Amo a Siloe,0.0,MR76,False,Laboral,Miércoles,0.0,-7.655.686,0.0,0.4405870814124303,"3284,3"
2024-06-06,URBANA,028_ZW Parque Yo Amo a Siloe,0.0,MR76,False,Laboral,Jueves,0.0,-7.655.686,0.0,0.3613643603707468,"1399,2"
2024-06-07,URBANA,028_ZW Parque Yo Amo a Siloe,0.0,MR76,False,Laboral,Viernes,0.0,-7.655.686,0.14285714285714285,-0.25330352602555234,"419,3"
2024-06-08,URBANA,028_ZW Parque Yo Amo a Siloe,0.0,MR76,False,Fin de Semana,Sábado,0.0,-7.655.686,1.2857142857142858,-0.441413121917718,"6,4"
2024-06-09,URBANA,028_ZW Parque Yo Amo a Siloe,0.0,MR76,False,Fin de Semana,Domingo,0.0,-7.655.686,0.0,-0.4420627796437313,"4,6"
2024-06-10,URBANA,028_ZW Parque Yo Amo a Siloe,0.0,MR76,True,Festivo,Lunes,0.0,-7.655.686,-0.8571428571428571,0.16292619596145622,"1180,5"
2024-06-11,URBANA,028_ZW Parque Yo Amo a Siloe,0.0,MR76,False,Laboral,Martes,0.0,-7.655.686,-0.42857142857142855,0.6163920940188053,"1796,3"
2024-06-12,URBANA,028_ZW Parque Yo Amo a Siloe,0.0,MR76,False,Laboral,Miércoles,0.0,-7.655.686,-0.42857142857142855,0.7281922055959886,"1676,5"
2024-06-13,URBANA,028_ZW Parque Yo Amo a Siloe,0.0,MR76,False,Laboral,Jueves,0.0,-7.655.686,0.0,0.0015105131014622152,"91913496900,0"
2024-06-14,URBANA,028_ZW Parque Yo Amo a Siloe,0.0,MR76,False,Laboral,Viernes,0.0,-7.655.686,-0.7142857142857143,-0.4324224054748009,"3473905200,0"
2024-06-15,URBANA,028_ZW Parque Yo Amo a Siloe,0.0,MR76,False,Fin de Semana,Sábado,0.0,-7.655.686,-0.8571428571428571,0.64502235453862,"20722442700,0"
2024-06-16,URBANA,028_ZW Parque Yo Amo a Siloe,0.0,MR76,False,Fin de Semana,Domingo,0.0,-7.655.686,-0.7142857142857143,0.3368218084492439,"14847231800,0"
2024-06-17,URBANA,028_ZW Parque Yo Amo a Siloe,0.0,MR76,False,Laboral,Lunes,0.0,-7.655.686,0.5714285714285714,1.1812503126978358,"2759,2"
2024-06-18,URBANA,028_ZW Parque Yo Amo a Siloe,0.0,MR76,False,Laboral,Martes,0.0,-7.655.686,1.0,0.47212106228036366,"1534,7"
2024-06-19,URBANA,028_ZW Parque Yo Amo a Siloe,0.0,MR76,False,Laboral,Miércoles,0.0,-7.655.686,-0.14285714285714285,-0.06934881871119779,"563,0"
2024-06-20,URBANA,028_ZW Parque Yo Amo a Siloe,0.0,MR76,False,Laboral,Jueves,0.0,-7.655.686,0.8571428571428571,-0.44152458603517614,"3,8"
2024-06-21,URBANA,028_ZW Parque Yo Amo a Siloe,0.0,MR76,False,Laboral,Viernes,0.0,-7.655.686,0.0,-0.20016067604353452,"443,4"
2024-06-22,URBANA,028_ZW Parque Yo Amo a Siloe,0.0,MR76,False,Fin de Semana,Sábado,0.0,-7.655.686,1.2857142857142858,0.7171999403389018,"2330,4"
2024-06-23,URBANA,028_ZW Parque Yo Amo a Siloe,0.0,MR76,False,Fin de Semana,Domingo,0.0,-7.655.686,-0.7142857142857143,-0.08856822880690712,"1477,8"
2024-06-24,URBANA,028_ZW Parque Yo Amo a Siloe,0.0,MR76,False,Laboral,Lunes,0.0,-7.655.686,-0.42857142857142855,-0.0015105131014622152,"898,0"
2024-06-25,URBANA,028_ZW Parque Yo Amo a Siloe,0.0,MR76,False,Laboral,Martes,0.0,-7.655.686,-0.2857142857142857,-0.14929723428598565,"773,1"
2024-06-26,URBANA,028_ZW Parque Yo Amo a Siloe,0.0,MR76,False,Laboral,Miércoles,0.0,-7.655.686,1.1428571428571428,-0.020694590108374593,"1158,3"
2024-06-27,URBANA,028_ZW Parque Yo Amo a Siloe,0.0,MR76,False,Laboral,Jueves,0.0,-7.655.686,-0.14285714285714285,-0.16344808923837972,"883,9"
2024-06-28,URBANA,028_ZW Parque Yo Amo a Siloe,0.0,MR76,False,Laboral,Viernes,0.0,-7.655.686,-0.14285714285714285,0.443869384029312,"1619,7"
2024-06-29,URBANA,028_ZW Parque Yo Amo a Siloe,0.0,MR76,False,Fin de Semana,Sábado,0.0,-7.655.686,0.8571428571428571,0.8368945946121656,"2303,9"
2024-06-30,URBANA,028_ZW Parque Yo Amo a Siloe,0.0,MR76,False,Fin de Semana,Domingo,0.0,-7.655.686,6.285714285714286,-0.40665921311232595,"83,6"
2024-07-01,URBANA,028_ZW Parque Yo Amo a Siloe,0.0,MR76,True,Festivo,Lunes,0.0,-7.655.686,0.5714285714285714,-0.4400766831670621,"4,77"
2024-07-02,URBANA,028_ZW Parque Yo Amo a Siloe,0.0,MR76,False,Laboral,Martes,0.0,-7.655.686,0.14285714285714285,-0.2720956413007439,"195,73"
2024-07-03,URBANA,028_ZW Parque Yo Amo a Siloe,0.0,MR76,False,Laboral,Miércoles,0.0,-7.655.686,-1.0,-0.12369148616718996,"403,46"
2024-07-04,URBANA,028_ZW Parque Yo Amo a Siloe,0.0,MR76,False,Laboral,Jueves,0.0,-7.655.686,-0.42857142857142855,-0.19008066402839988,"338,69"
2024-07-05,URBANA,028_ZW Parque Yo Amo a Siloe,0.0,MR76,False,Laboral,Viernes,0.0,-7.655.686,-0.2857142857142857,0.2803548214732089,"901,47"
2024-07-06,URBANA,028_ZW Parque Yo Amo a Siloe,0.0,MR76,False,Fin de Semana,Sábado,0.0,-7.655.686,1.0,0.5493726680750279,"1251,58"
2024-07-07,URBANA,028_ZW Parque Yo Amo a Siloe,0.0,MR76,False,Fin de Semana,Domingo,0.0,-7.655.686,0.0,0.9049486676174879,"1621,94"
2024-07-08,URBANA,028_ZW Parque Yo Amo a Siloe,0.0,MR76,False,Laboral,Lunes,0.0,-7.655.686,0.7142857142857143,-0.41900751520665475,"46,43"
2024-07-09,URBANA,028_ZW Parque Yo Amo a Siloe,0.0,MR76,False,Laboral,Martes,0.0,-7.655.686,0.14285714285714285,-0.4407488598483353,"4,69"
2024-07-10,URBANA,028_ZW Parque Yo Amo a Siloe,0.0,MR76,False,Laboral,Miércoles,0.0,-7.655.686,0.2857142857142857,-0.44238652495868147,"1,42"
2024-07-11,URBANA,028_ZW Parque Yo Amo a Siloe,0.0,MR76,False,Laboral,Jueves,0.0,-7.655.686,1.1428571428571428,-0.4157013745325315,"39,71"
2024-07-12,URBANA,028_ZW Parque Yo Amo a Siloe,0.0,MR76,False,Laboral,Viernes,0.0,-7.655.686,-0.14285714285714285,-0.4420782319812318,"2,07"
2024-07-13,URBANA,028_ZW Parque Yo Amo a Siloe,0.0,MR76,False,Fin de Semana,Sábado,0.0,-7.655.686,2.4285714285714284,-0.41370585589884973,"44,6"
2024-07-14,URBANA,028_ZW Parque Yo Amo a Siloe,0.0,MR76,False,Fin de Semana,Domingo,0.0,-7.655.686,-0.2857142857142857,-0.442958073003061,"0,59"
2024-07-15,URBANA,028_ZW Parque Yo Amo a Siloe,0.0,MR76,False,Laboral,Lunes,0.0,-7.655.686,-0.14285714285714285,-0.4426789887123501,"1,2"
2024-07-16,URBANA,028_ZW Parque Yo Amo a Siloe,0.0,MR76,False,Laboral,Martes,0.0,-7.655.686,-0.14285714285714285,-0.4423720148368822,"1,59"
2024-07-17,URBANA,028_ZW Parque Yo Amo a Siloe,0.0,MR76,False,Laboral,Miércoles,0.0,-7.655.686,-0.2857142857142857,-0.4418355172165893,"3,46"
2024-07-18,URBANA,028_ZW Parque Yo Amo a Siloe,0.0,MR76,False,Laboral,Jueves,0.0,-7.655.686,-0.42857142857142855,-0.20535511120453703,"423,86"
2024-07-19,URBANA,028_ZW Parque Yo Amo a Siloe,0.0,MR76,False,Laboral,Viernes,0.0,-7.655.686,-0.14285714285714285,0.47191094817898444,"1353,48"
2024-07-20,URBANA,028_ZW Parque Yo Amo a Siloe,0.0,MR76,True,Festivo,Sábado,0.0,-7.655.686,0.8571428571428571,0.4342408817782173,"1195,86"
2024-07-21,URBANA,028_ZW Parque Yo Amo a Siloe,0.0,MR76,False,Fin de Semana,Domingo,0.0,-7.655.686,0.42857142857142855,-0.4420108635585923,"2,11"
2024-07-22,URBANA,028_ZW Parque Yo Amo a Siloe,0.0,MR76,False,Laboral,Lunes,0.0,-7.655.686,0.14285714285714285,-0.005237729972475053,"668,97"
2024-07-23,URBANA,028_ZW Parque Yo Amo a Siloe,0.0,MR76,False,Laboral,Martes,0.0,-7.655.686,0.5714285714285714,-0.031487859409357014,"630,98"
2024-07-24,URBANA,028_ZW Parque Yo Amo a Siloe,0.0,MR76,False,Laboral,Miércoles,0.0,-7.655.686,0.5714285714285714,-0.3473572875343638,"161,12"
2024-07-25,URBANA,028_ZW Parque Yo Amo a Siloe,0.0,MR76,False,Laboral,Jueves,0.0,-7.655.686,1.8571428571428572,-0.4269821462373417,"27,41"
2024-07-26,URBANA,028_ZW Parque Yo Amo a Siloe,0.0,MR76,False,Laboral,Viernes,0.0,-7.655.686,-0.14285714285714285,-0.3463019117273914,"135,61"
2024-07-27,URBANA,028_ZW Parque Yo Amo a Siloe,0.0,MR76,False,Fin de Semana,Sábado,0.0,-7.655.686,0.14285714285714285,0.9853594284368802,"2593,27"
2024-07-28,URBANA,028_ZW Parque Yo Amo a Siloe,0.0,MR76,False,Fin de Semana,Domingo,0.0,-7.655.686,1.4285714285714286,0.0832799489620599,"1182,67"
2024-07-29,URBANA,028_ZW Parque Yo Amo a Siloe,0.0,MR76,False,Laboral,Lunes,0.0,-7.655.686,-0.2857142857142857,-0.4180277993204929,"43,03"
2024-07-30,URBANA,028_ZW Parque Yo Amo a Siloe,0.0,MR76,False,Laboral,Martes,0.0,-7.655.686,0.0,-0.4338295104030507,"14,71"
2024-07-31,URBANA,028_ZW Parque Yo Amo a Siloe,0.0,MR76,False,Laboral,Miércoles,0.0,-7.655.686,0.42857142857142855,-0.3639393416606985,"139,93"
2024-08-01,URBANA,028_ZW Parque Yo Amo a Siloe,0.0,MR76,False,Laboral,Jueves,0.0,-7.655.686,0.2857142857142857,-0.39779155003999234,"72,1"
2024-08-02,URBANA,028_ZW Parque Yo Amo a Siloe,0.0,MR76,False,Laboral,Viernes,0.0,-7.655.686,0.0,-0.4426178389133389,"1,23"
2024-08-03,URBANA,028_ZW Parque Yo Amo a Siloe,0.0,MR76,False,Fin de Semana,Sábado,0.0,-7.655.686,0.0,-0.04697835664579125,"857,04"
2024-08-04,URBANA,028_ZW Parque Yo Amo a Siloe,0.0,MR76,False,Fin de Semana,Domingo,0.0,-7.655.686,1.0,0.5138109977489524,"1619,6"
2024-08-05,URBANA,028_ZW Parque Yo Amo a Siloe,0.0,MR76,False,Laboral,Lunes,0.0,-7.655.686,-0.5714285714285714,1.2319327548191743,"2569,12"
2024-08-06,URBANA,028_ZW Parque Yo Amo a Siloe,0.0,MR76,False,Laboral,Martes,0.0,-7.655.686,0.2857142857142857,0.2864291918776107,"745,65"
2024-08-07,URBANA,028_ZW Parque Yo Amo a Siloe,0.0,MR76,True,Festivo,Miércoles,0.0,-7.655.686,4.428571428571429,0.09106161421713041,"674,63"
2024-08-08,URBANA,028_ZW Parque Yo Amo a Siloe,0.0,MR76,False,Laboral,Jueves,0.0,-7.655.686,0.5714285714285714,-0.4419826913091249,"1,77"
2024-08-09,URBANA,028_ZW Parque Yo Amo a Siloe,0.0,MR76,False,Laboral,Viernes,0.0,-7.655.686,0.0,-0.4427566272861333,"1,09"
2024-08-10,URBANA,028_ZW Parque Yo Amo a Siloe,0.0,MR76,False,Fin de Semana,Sábado,0.0,-7.655.686,1.5714285714285714,-0.4421140361778794,"2,41"
2024-08-11,URBANA,028_ZW Parque Yo Amo a Siloe,0.0,MR76,False,Fin de Semana,Domingo,0.0,-7.655.686,0.8571428571428571,-0.3775432403985158,"121,14"
2024-08-12,URBANA,028_ZW Parque Yo Amo a Siloe,0.0,MR76,False,Laboral,Lunes,0.0,-7.655.686,-0.42857142857142855,-0.42429353373381895,"43,27"
2024-08-13,URBANA,028_ZW Parque Yo Amo a Siloe,0.0,MR76,False,Laboral,Martes,0.0,-7.655.686,0.14285714285714285,-0.43531774010317825,"9,6"
2024-08-14,URBANA,028_ZW Parque Yo Amo a Siloe,0.0,MR76,False,Laboral,Miércoles,0.0,-7.655.686,-0.7142857142857143,0.3465514104450829,"1112,61"
2024-08-15,URBANA,028_ZW Parque Yo Amo a Siloe,0.0,MR76,False,Laboral,Jueves,0.0,-7.655.686,-0.42857142857142855,0.402758063222862,"1348,12"
2024-08-16,URBANA,028_ZW Parque Yo Amo a Siloe,0.0,MR76,False,Laboral,Viernes,0.0,-7.655.686,-0.2857142857142857,0.8819707590894842,"1916,44"
2024-08-17,URBANA,028_ZW Parque Yo Amo a Siloe,0.0,MR76,False,Fin de Semana,Sábado,0.0,-7.655.686,0.42857142857142855,1.0624809142432015,"2317,92"
2024-08-18,URBANA,028_ZW Parque Yo Amo a Siloe,0.0,MR76,False,Fin de Semana,Domingo,0.0,-7.655.686,1.1428571428571428,-0.36735110471493215,"122,0"
2024-08-19,URBANA,028_ZW Parque Yo Amo a Siloe,0.0,MR76,True,Festivo,Lunes,0.0,-7.655.686,-0.42857142857142855,-0.4420498712886241,"1,84"
2024-08-20,URBANA,028_ZW Parque Yo Amo a Siloe,0.0,MR76,False,Laboral,Martes,0.0,-7.655.686,0.8571428571428571,-0.3843435880007323,"154,95"
2024-08-21,URBANA,028_ZW Parque Yo Amo a Siloe,0.0,MR76,False,Laboral,Miércoles,0.0,-7.655.686,0.5714285714285714,-0.4425342643806378,"2,41"
2024-10-25,URBANA,028_ZW Parque Yo Amo a Siloe,0.0,MR76,False,Laboral,Viernes,0.0,-7.655.686,1.7142857142857142,-0.06300327862797565,"901,65"
2024-10-26,URBANA,028_ZW Parque Yo Amo a Siloe,0.0,MR76,False,Fin de Semana,Sábado,0.0,-7.655.686,-0.42857142857142855,-0.1880178711936488,"350,87"
2024-10-27,URBANA,028_ZW Parque Yo Amo a Siloe,0.0,MR76,False,Fin de Semana,Domingo,0.0,-7.655.686,2.0,0.6392020054872758,"1154,12"
2024-10-28,URBANA,028_ZW Parque Yo Amo a Siloe,0.0,MR76,False,Laboral,Lunes,0.0,-7.655.686,-0.5714285714285714,0.4246137928506745,"1529,69"
2024-10-29,URBANA,028_ZW Parque Yo Amo a Siloe,0.0,MR76,False,Laboral,Martes,0.0,-7.655.686,-0.42857142857142855,-0.3953976626078213,"80,21"
2024-10-30,URBANA,028_ZW Parque Yo Amo a Siloe,0.0,MR76,False,Laboral,Miércoles,0.0,-7.655.686,0.2857142857142857,-0.43980504238039114,"7,6"
2024-10-31,URBANA,028_ZW Parque Yo Amo a Siloe,0.0,MR76,False,Laboral,Jueves,0.0,-7.655.686,-0.5714285714285714,-0.44220618487346186,"2,5"
2024-11-01,URBANA,028_ZW Parque Yo Amo a Siloe,0.0,MR76,False,Laboral,Viernes,0.0,-7.655.686,0.7142857142857143,0.3950647778005689,"1609,06"
2024-11-02,URBANA,028_ZW Parque Yo Amo a Siloe,0.0,MR76,False,Fin de Semana,Sábado,0.0,-7.655.686,-0.5714285714285714,0.45528442147155057,"1534,84"
2024-11-03,URBANA,028_ZW Parque Yo Amo a Siloe,0.0,MR76,False,Fin de Semana,Domingo,0.0,-7.655.686,-0.14285714285714285,0.6058629277788838,"1892,91"
2024-11-04,URBANA,028_ZW Parque Yo Amo a Siloe,0.0,MR76,True,Festivo,Lunes,0.0,-7.655.686,0.0,1.6415517972246283,"3335,49"
2024-11-05,URBANA,028_ZW Parque Yo Amo a Siloe,0.0,MR76,False,Laboral,Martes,0.0,-7.655.686,0.8571428571428571,0.21416708932892664,"955,62"
2024-11-06,URBANA,028_ZW Parque Yo Amo a Siloe,0.0,MR76,False,Laboral,Miércoles,0.0,-7.655.686,-1.2857142857142858,-0.05975310556650672,"650,12"
2024-11-07,URBANA,028_ZW Parque Yo Amo a Siloe,0.0,MR76,False,Laboral,Jueves,0.0,-7.655.686,0.14285714285714285,0.5200323538027496,"1149,63"
2024-11-08,URBANA,028_ZW Parque Yo Amo a Siloe,0.0,MR76,False,Laboral,Viernes,0.0,-7.655.686,-0.14285714285714285,0.4955711150962648,"805,78"
2024-11-09,URBANA,028_ZW Parque Yo Amo a Siloe,0.0,MR76,False,Fin de Semana,Sábado,0.0,-7.655.686,2.4285714285714284,2.3996239711357874,"1812,06"
2024-11-10,URBANA,028_ZW Parque Yo Amo a Siloe,0.0,MR76,False,Fin de Semana,Domingo,0.0,-7.655.686,1.7142857142857142,2.104492616373768,"1395,87"
2024-11-11,URBANA,028_ZW Parque Yo Amo a Siloe,0.0,MR76,True,Festivo,Lunes,0.0,-7.655.686,0.42857142857142855,2.178383998313057,"1584,35"
2024-11-12,URBANA,028_ZW Parque Yo Amo a Siloe,0.0,MR76,False,Laboral,Martes,0.0,-7.655.686,0.8571428571428571,1.3917021041843705,"1018,88"
2024-11-13,URBANA,028_ZW Parque Yo Amo a Siloe,0.0,MR76,False,Laboral,Miércoles,0.0,-7.655.686,1.2857142857142858,0.7913870837868139,"808,85"
2024-11-14,URBANA,028_ZW Parque Yo Amo a Siloe,0.0,MR76,False,Laboral,Jueves,0.0,-7.655.686,0.2857142857142857,0.5777999753327929,"564,53"
2024-11-15,URBANA,028_ZW Parque Yo Amo a Siloe,0.0,MR76,False,Laboral,Viernes,0.0,-7.655.686,1.0,0.2096304149489682,"380,42"
2024-11-16,URBANA,028_ZW Parque Yo Amo a Siloe,0.0,MR76,False,Fin de Semana,Sábado,0.0,-7.655.686,0.42857142857142855,0.23444517298656278,"390,66"
2024-11-17,URBANA,028_ZW Parque Yo Amo a Siloe,0.0,MR76,False,Fin de Semana,Domingo,0.0,-7.655.686,0.5714285714285714,0.2452896988216933,"425,41"
2024-11-18,URBANA,028_ZW Parque Yo Amo a Siloe,0.0,MR76,False,Laboral,Lunes,0.0,-7.655.686,-0.5714285714285714,0.6607458617179739,"728,97"
2024-11-19,URBANA,028_ZW Parque Yo Amo a Siloe,0.0,MR76,False,Laboral,Martes,0.0,-7.655.686,-0.14285714285714285,0.5411290344616335,"653,98"
2024-11-20,URBANA,028_ZW Parque Yo Amo a Siloe,0.0,MR76,False,Laboral,Miércoles,0.0,-7.655.686,0.0,0.10393039626483083,"304,36"
2024-11-21,URBANA,028_ZW Parque Yo Amo a Siloe,0.0,MR76,False,Laboral,Jueves,0.0,-7.655.686,-0.5714285714285714,0.12367348984729605,"333,27"
2024-11-22,URBANA,028_ZW Parque Yo Amo a Siloe,0.0,MR76,False,Laboral,Viernes,0.0,-7.655.686,1.5714285714285714,0.37650642624085806,"431,01"
2024-11-23,URBANA,028_ZW Parque Yo Amo a Siloe,0.0,MR76,False,Fin de Semana,Sábado,0.0,-7.655.686,-0.14285714285714285,0.3105418107746323,"417,49"
2024-11-24,URBANA,028_ZW Parque Yo Amo a Siloe,0.0,MR76,False,Fin de Semana,Domingo,0.0,-7.655.686,-1.2857142857142858,-0.203606170419873,"343,62"
2024-11-25,URBANA,028_ZW Parque Yo Amo a Siloe,0.0,MR76,False,Laboral,Lunes,0.0,-7.655.686,-3.0,-0.34383745233919655,"256,71"
2024-11-26,URBANA,028_ZW Parque Yo Amo a Siloe,0.0,MR76,False,Laboral,Martes,0.0,-7.655.686,-1.2857142857142858,-0.09161281040236285,"473,98"
2024-11-27,URBANA,028_ZW Parque Yo Amo a Siloe,0.0,MR76,False,Laboral,Miércoles,0.0,-7.655.686,-0.2857142857142857,0.4997836672749925,"515,39"
2024-11-28,URBANA,028_ZW Parque Yo Amo a Siloe,0.0,MR76,False,Laboral,Jueves,0.0,-7.655.686,-0.42857142857142855,-0.11882616695063478,"163,56"
2024-11-29,URBANA,028_ZW Parque Yo Amo a Siloe,0.0,MR76,False,Laboral,Viernes,0.0,-7.655.686,0.42857142857142855,-0.2719721168223097,"81,82"
2024-11-30,URBANA,028_ZW Parque Yo Amo a Siloe,0.0,MR76,False,Fin de Semana,Sábado,0.0,-7.655.686,0.0,-0.226943251573194,"100,75"
2024-12-01,URBANA,028_ZW Parque Yo Amo a Siloe,0.0,MR76,False,Fin de Semana,Domingo,0.0,-7.655.686,-0.14285714285714285,0.07111226961766112,"225,92"
2024-12-02,URBANA,028_ZW Parque Yo Amo a Siloe,0.0,MR76,False,Laboral,Lunes,0.0,-7.655.686,-0.7142857142857143,-0.06575756356587563,"192,04"
2024-12-03,URBANA,028_ZW Parque Yo Amo a Siloe,0.0,MR76,False,Laboral,Martes,0.0,-7.655.686,0.2857142857142857,-0.046094275653306455,"225,8"
