FECHA.CONEXION,AREA,NOMBRE.ZONA,COMUNA,MODEL,es_festivo,tipo_dia,dia_semana,LATITUD,LONGITUD,NUMERO.CONEXIONES,USAGE.KB,PORCENTAJE.USO
2024-01-01,URBANA,054_ZW El Diamante,0.0,MR76,True,Festivo,Lunes,0.0,0.0,-0.7152317880794702,2.9015921235752655,"491,1"
2024-01-02,URBANA,054_ZW El Diamante,0.0,MR76,False,Laboral,Martes,0.0,0.0,-1.033112582781457,0.4071034864153665,"97,6"
2024-01-03,URBANA,054_ZW El Diamante,0.0,MR76,False,Laboral,Miércoles,0.0,0.0,-0.9271523178807947,0.8791679288451166,"122,0"
2024-01-04,URBANA,054_ZW El Diamante,0.0,MR76,False,Laboral,Jueves,0.0,0.0,-0.8741721854304636,-0.18225210006730422,"0,2"
2024-01-05,URBANA,054_ZW El Diamante,0.0,MR76,False,Laboral,Viernes,0.0,0.0,-0.7152317880794702,-0.18284716555145789,"0,1"
2024-01-06,URBANA,054_ZW El Diamante,0.0,MR76,False,Fin de Semana,Sábado,0.0,0.0,-0.7152317880794702,-0.18034041626555444,"0,6"
2024-01-07,URBANA,054_ZW El Diamante,0.0,MR76,False,Fin de Semana,Domingo,0.0,0.0,-0.609271523178808,-0.18080827572229846,"0,4"
2024-01-08,URBANA,054_ZW El Diamante,0.0,MR76,True,Festivo,Lunes,0.0,0.0,-0.5033112582781457,1.068203991035209,"110,5"
2024-01-09,URBANA,054_ZW El Diamante,0.0,MR76,False,Laboral,Martes,0.0,0.0,-1.1125827814569536,-0.18326399886161385,"0,0"
2024-01-10,URBANA,054_ZW El Diamante,0.0,MR76,False,Laboral,Miércoles,0.0,0.0,-0.9271523178807947,0.16254163392189477,"39,9"
2024-01-11,URBANA,054_ZW El Diamante,0.0,MR76,False,Laboral,Jueves,0.0,0.0,-0.847682119205298,0.850425834753621,"133,7"
2024-01-12,URBANA,054_ZW El Diamante,0.0,MR76,False,Laboral,Viernes,0.0,0.0,-0.9536423841059603,0.24916750123163464,"51,8"
2024-01-13,URBANA,054_ZW El Diamante,0.0,MR76,False,Fin de Semana,Sábado,0.0,0.0,-1.0596026490066226,-0.16604662711780968,"2,7"
2024-01-14,URBANA,054_ZW El Diamante,0.0,MR76,False,Fin de Semana,Domingo,0.0,0.0,-0.5298013245033113,-0.1745435585419027,"1,6"
2024-01-15,URBANA,054_ZW El Diamante,0.0,MR76,False,Laboral,Lunes,0.0,0.0,-0.9801324503311258,-0.18277745377372492,"0,1"
2024-01-16,URBANA,054_ZW El Diamante,0.0,MR76,False,Laboral,Martes,0.0,0.0,-0.3708609271523179,-0.17191247794107342,"1,9"
2024-01-17,URBANA,054_ZW El Diamante,0.0,MR76,False,Laboral,Miércoles,0.0,0.0,-0.5033112582781457,-0.17894689938901578,"0,6"
2024-01-18,URBANA,054_ZW El Diamante,0.0,MR76,False,Laboral,Jueves,0.0,0.0,-0.6622516556291391,-0.1161703655232857,"7,8"
2024-01-19,URBANA,054_ZW El Diamante,0.0,MR76,False,Laboral,Viernes,0.0,0.0,-0.5827814569536424,-0.16987646282439783,"1,2"
2024-01-20,URBANA,054_ZW El Diamante,0.0,MR76,False,Fin de Semana,Sábado,0.0,0.0,-0.7682119205298014,-0.17605493863027855,"0,8"
2024-01-21,URBANA,054_ZW El Diamante,0.0,MR76,False,Fin de Semana,Domingo,0.0,0.0,-0.6357615894039735,-0.17926311776223755,"0,4"
2024-01-22,URBANA,054_ZW El Diamante,0.0,MR76,False,Laboral,Lunes,0.0,0.0,-0.9536423841059603,-0.18299808795685918,"0,1"
2024-01-23,URBANA,054_ZW El Diamante,0.0,MR76,False,Laboral,Martes,0.0,0.0,-0.5298013245033113,-0.17173783915768048,"1,5"
2024-01-24,URBANA,054_ZW El Diamante,0.0,MR76,False,Laboral,Miércoles,0.0,0.0,-0.609271523178808,-0.17802339800358405,"0,6"
2024-01-25,URBANA,054_ZW El Diamante,0.0,MR76,False,Laboral,Jueves,0.0,0.0,-0.5562913907284768,-0.16318197612766885,"1,9"
2024-01-26,URBANA,054_ZW El Diamante,0.0,MR76,False,Laboral,Viernes,0.0,0.0,-0.7417218543046358,0.524568550573559,"71,5"
2024-01-27,URBANA,054_ZW El Diamante,0.0,MR76,False,Fin de Semana,Sábado,0.0,0.0,-0.9801324503311258,-0.11696234881258204,"7,4"
2024-01-28,URBANA,054_ZW El Diamante,0.0,MR76,False,Fin de Semana,Domingo,0.0,0.0,-0.6622516556291391,0.19667956334554726,"51,5"
2024-01-29,URBANA,054_ZW El Diamante,0.0,MR76,False,Laboral,Lunes,0.0,0.0,-1.1125827814569536,-0.07807683172187732,"12,6"
2024-01-30,URBANA,054_ZW El Diamante,0.0,MR76,False,Laboral,Martes,0.0,0.0,-0.5562913907284768,0.699757841407143,"135,8"
2024-01-31,URBANA,054_ZW El Diamante,0.0,MR76,False,Laboral,Miércoles,0.0,0.0,-0.609271523178808,0.5899035785499016,"103,0"
2024-02-01,URBANA,054_ZW El Diamante,0.0,MR76,False,Laboral,Jueves,0.0,0.0,-0.7417218543046358,0.7901510194269477,"97,4"
2024-02-02,URBANA,054_ZW El Diamante,0.0,MR76,False,Laboral,Viernes,0.0,0.0,-0.7152317880794702,2.0814071861343995,"329,9"
2024-02-03,URBANA,054_ZW El Diamante,0.0,MR76,False,Fin de Semana,Sábado,0.0,0.0,-0.5562913907284768,1.2033571611064338,"108,8"
2024-02-04,URBANA,054_ZW El Diamante,0.0,MR76,False,Fin de Semana,Domingo,0.0,0.0,-1.0596026490066226,-0.180261361672249,"0,30000000000000004"
2024-02-05,URBANA,054_ZW El Diamante,0.0,MR76,False,Laboral,Lunes,0.0,0.0,-1.0066225165562914,-0.17022502171306272,"1,2"
2024-02-06,URBANA,054_ZW El Diamante,0.0,MR76,False,Laboral,Martes,0.0,0.0,-0.3443708609271523,1.815213122200075,"186,10000000000002"
2024-02-07,URBANA,054_ZW El Diamante,0.0,MR76,False,Laboral,Miércoles,0.0,0.0,-0.4768211920529801,1.165737236186737,"113,7"
2024-02-08,URBANA,054_ZW El Diamante,0.0,MR76,False,Laboral,Jueves,0.0,0.0,-0.609271523178808,-0.04956543330720938,"13,7"
2024-02-09,URBANA,054_ZW El Diamante,0.0,MR76,False,Laboral,Viernes,0.0,0.0,-0.15894039735099338,0.4397429719568204,"72,1"
2024-02-10,URBANA,054_ZW El Diamante,0.0,MR76,False,Fin de Semana,Sábado,0.0,0.0,-0.609271523178808,-0.010486591801966807,"15,1"
2024-02-11,URBANA,054_ZW El Diamante,0.0,MR76,False,Fin de Semana,Domingo,0.0,0.0,0.3973509933774834,2.273992080885785,"254,5"
2024-02-12,URBANA,054_ZW El Diamante,0.0,MR76,False,Laboral,Lunes,0.0,0.0,-0.847682119205298,-0.1752564872378936,"1,1"
2024-02-13,URBANA,054_ZW El Diamante,0.0,MR76,False,Laboral,Martes,0.0,0.0,-0.052980132450331126,0.0926530613711588,"44,300000000000004"
2024-02-14,URBANA,054_ZW El Diamante,0.0,MR76,False,Laboral,Miércoles,0.0,0.0,0.052980132450331126,0.016691658698323,"36,8"
2024-02-15,URBANA,054_ZW El Diamante,0.0,MR76,False,Laboral,Jueves,0.0,0.0,-0.3443708609271523,-0.18167643889241641,"0,2"
2024-02-16,URBANA,054_ZW El Diamante,0.0,MR76,False,Laboral,Viernes,0.0,0.0,0.26490066225165565,-0.1726570284743865,"1,5"
2024-02-17,URBANA,054_ZW El Diamante,0.0,MR76,False,Fin de Semana,Sábado,0.0,0.0,-0.5562913907284768,0.46202630577526144,"84,9"
2024-02-18,URBANA,054_ZW El Diamante,0.0,MR76,False,Fin de Semana,Domingo,0.0,0.0,0.052980132450331126,0.005853992634267938,"20,4"
2024-02-19,URBANA,054_ZW El Diamante,0.0,MR76,False,Laboral,Lunes,0.0,0.0,-0.9006622516556292,-0.18327046696470248,"0,0"
2024-02-20,URBANA,054_ZW El Diamante,0.0,MR76,False,Laboral,Martes,0.0,0.0,-0.4768211920529801,0.11636512729406548,"34,1"
2024-02-21,URBANA,054_ZW El Diamante,0.0,MR76,False,Laboral,Miércoles,0.0,0.0,0.0,0.07669984444212072,"31,4"
2024-02-22,URBANA,054_ZW El Diamante,0.0,MR76,False,Laboral,Jueves,0.0,0.0,-0.423841059602649,0.1283066829519129,"28,3"
2024-02-23,URBANA,054_ZW El Diamante,0.0,MR76,False,Laboral,Viernes,0.0,0.0,0.0,0.7444064383498145,"90,8"
2024-02-24,URBANA,054_ZW El Diamante,0.0,MR76,False,Fin de Semana,Sábado,0.0,0.0,-0.23841059602649006,0.7518497876485822,"103,6"
2024-02-25,URBANA,054_ZW El Diamante,0.0,MR76,False,Fin de Semana,Domingo,0.0,0.0,-0.18543046357615894,0.972565900088649,"91,5"
2024-02-26,URBANA,054_ZW El Diamante,0.0,MR76,False,Laboral,Lunes,0.0,0.0,-0.7947019867549668,-0.18283854141400638,"0,1"
2024-02-27,URBANA,054_ZW El Diamante,0.0,MR76,False,Laboral,Martes,0.0,0.0,0.18543046357615894,2.473707699953322,"318,2"
2024-02-28,URBANA,054_ZW El Diamante,0.0,MR76,False,Laboral,Miércoles,0.0,0.0,0.07947019867549669,1.3200244925503624,"122,0"
2024-02-29,URBANA,054_ZW El Diamante,0.0,MR76,False,Laboral,Jueves,0.0,0.0,-0.026490066225165563,-0.17679589577298682,"1,1"
2024-03-01,URBANA,054_ZW El Diamante,0.0,MR76,False,Laboral,Viernes,0.0,0.0,-0.23841059602649006,0.34031457260032477,"60,8"
2024-03-02,URBANA,054_ZW El Diamante,0.0,MR76,False,Fin de Semana,Sábado,0.0,0.0,-0.13245033112582782,1.4649502477103813,"222,9"
2024-03-03,URBANA,054_ZW El Diamante,0.0,MR76,False,Fin de Semana,Domingo,0.0,0.0,-0.5562913907284768,0.9905407585719435,"117,1"
2024-03-04,URBANA,054_ZW El Diamante,0.0,MR76,False,Laboral,Lunes,0.0,0.0,-0.9006622516556292,0.07876101329302987,"25,6"
2024-03-05,URBANA,054_ZW El Diamante,0.0,MR76,False,Laboral,Martes,0.0,0.0,0.7152317880794702,2.6023108376301303,"281,2"
2024-03-06,URBANA,054_ZW El Diamante,0.0,MR76,False,Laboral,Miércoles,0.0,0.0,0.10596026490066225,0.9979000225305591,"135,8"
2024-03-07,URBANA,054_ZW El Diamante,0.0,MR76,False,Laboral,Jueves,0.0,0.0,-0.13245033112582782,-0.06747561075961762,"15,1"
2024-03-08,URBANA,054_ZW El Diamante,0.0,MR76,False,Laboral,Viernes,0.0,0.0,-0.10596026490066225,0.03331252760173158,"28,2"
2024-03-09,URBANA,054_ZW El Diamante,0.0,MR76,False,Fin de Semana,Sábado,0.0,0.0,0.026490066225165563,0.0739221535046159,"36,2"
2024-03-10,URBANA,054_ZW El Diamante,0.0,MR76,False,Fin de Semana,Domingo,0.0,0.0,0.18543046357615894,-0.17795512358209298,"0,8"
2024-03-11,URBANA,054_ZW El Diamante,0.0,MR76,False,Laboral,Lunes,0.0,0.0,-0.7417218543046358,-0.1821256127180155,"0,2"
2024-03-12,URBANA,054_ZW El Diamante,0.0,MR76,False,Laboral,Martes,0.0,0.0,0.3708609271523179,-0.1660444710834468,"2,8"
2024-03-13,URBANA,054_ZW El Diamante,0.0,MR76,False,Laboral,Miércoles,0.0,0.0,0.4503311258278146,-0.10789766167293174,"14,2"
2024-03-14,URBANA,054_ZW El Diamante,0.0,MR76,False,Laboral,Jueves,0.0,0.0,0.10596026490066225,-0.17471460393469085,"1,2"
2024-03-15,URBANA,054_ZW El Diamante,0.0,MR76,False,Laboral,Viernes,0.0,0.0,0.2119205298013245,-0.17083733547211943,"1,4"
2024-03-16,URBANA,054_ZW El Diamante,0.0,MR76,False,Fin de Semana,Sábado,0.0,0.0,0.3973509933774834,-0.12122626610422917,"7,6"
2024-03-17,URBANA,054_ZW El Diamante,0.0,MR76,False,Fin de Semana,Domingo,0.0,0.0,0.2119205298013245,-0.17404910799468323,"1,0"
2024-03-18,URBANA,054_ZW El Diamante,0.0,MR76,False,Laboral,Lunes,0.0,0.0,-0.8211920529801324,-0.18279182733614407,"0,1"
2024-03-19,URBANA,054_ZW El Diamante,0.0,MR76,False,Laboral,Martes,0.0,0.0,0.4768211920529801,-0.16404367119469818,"3,5"
2024-03-20,URBANA,054_ZW El Diamante,0.0,MR76,False,Laboral,Miércoles,0.0,0.0,0.026490066225165563,-0.17573584554457294,"1,6"
2024-03-21,URBANA,054_ZW El Diamante,0.0,MR76,False,Laboral,Jueves,0.0,0.0,-0.15894039735099338,-0.17915675340033568,"0,7"
2024-03-22,URBANA,054_ZW El Diamante,0.0,MR76,False,Laboral,Viernes,0.0,0.0,0.15894039735099338,-0.14901467432921278,"4,8999999999999995"
2024-03-23,URBANA,054_ZW El Diamante,0.0,MR76,False,Fin de Semana,Sábado,0.0,0.0,-0.5827814569536424,-0.18037131942475565,"0,6"
2024-03-24,URBANA,054_ZW El Diamante,0.0,MR76,True,Festivo,Domingo,0.0,0.0,0.07947019867549669,-0.1761095581674714,"1,2"
2024-03-25,URBANA,054_ZW El Diamante,0.0,MR76,True,Festivo,Lunes,0.0,0.0,-0.609271523178808,-0.17197428425947586,"2,2"
2024-03-26,URBANA,054_ZW El Diamante,0.0,MR76,False,Laboral,Martes,0.0,0.0,-0.847682119205298,0.29422143263452666,"85,30000000000001"
2024-03-27,URBANA,054_ZW El Diamante,0.0,MR76,False,Laboral,Miércoles,0.0,0.0,-0.5562913907284768,0.17437969993032415,"61,7"
2024-03-28,URBANA,054_ZW El Diamante,0.0,MR76,True,Festivo,Jueves,0.0,0.0,-0.6887417218543046,1.0016594277812934,"258,40000000000003"
2024-03-29,URBANA,054_ZW El Diamante,0.0,MR76,True,Festivo,Viernes,0.0,0.0,0.052980132450331126,1.8690478628848386,"288,09999999999997"
2024-03-30,URBANA,054_ZW El Diamante,0.0,MR76,False,Fin de Semana,Sábado,0.0,0.0,-0.31788079470198677,0.10542612761495526,"64,5"
2024-03-31,URBANA,054_ZW El Diamante,0.0,MR76,True,Festivo,Domingo,0.0,0.0,-0.6357615894039735,-0.10037238306837468,"15,1"
2024-04-01,URBANA,054_ZW El Diamante,0.0,MR76,False,Laboral,Lunes,0.0,0.0,-0.9801324503311258,-0.18309870289379337,"0,0"
2024-04-02,URBANA,054_ZW El Diamante,0.0,MR76,False,Laboral,Martes,0.0,0.0,-0.07947019867549669,2.2151618085822387,"474,3"
2024-04-03,URBANA,054_ZW El Diamante,0.0,MR76,False,Laboral,Miércoles,0.0,0.0,0.13245033112582782,3.2578638658342935,"531,5"
2024-04-04,URBANA,054_ZW El Diamante,0.0,MR76,False,Laboral,Jueves,0.0,0.0,-0.4768211920529801,0.16754650835625018,"42,5"
2024-04-05,URBANA,054_ZW El Diamante,0.0,MR76,False,Laboral,Viernes,0.0,0.0,-0.2913907284768212,0.745991842284649,"115,1"
2024-04-06,URBANA,054_ZW El Diamante,0.0,MR76,False,Fin de Semana,Sábado,0.0,0.0,0.13245033112582782,0.6454645840812078,"95,9"
2024-04-07,URBANA,054_ZW El Diamante,0.0,MR76,False,Fin de Semana,Domingo,0.0,0.0,0.31788079470198677,2.9275543706948937,"361,9"
2024-04-08,URBANA,054_ZW El Diamante,0.0,MR76,False,Laboral,Lunes,0.0,0.0,-0.9271523178807947,-0.18086936336257994,"0,5"
2024-04-09,URBANA,054_ZW El Diamante,0.0,MR76,False,Laboral,Martes,0.0,0.0,0.26490066225165565,0.9928441219496157,"213,9"
2024-04-10,URBANA,054_ZW El Diamante,0.0,MR76,False,Laboral,Miércoles,0.0,0.0,0.10596026490066225,0.173827755133428,"116,9"
2024-04-11,URBANA,054_ZW El Diamante,0.0,MR76,False,Laboral,Jueves,0.0,0.0,-0.2119205298013245,-0.17734568453552013,"1,9"
2024-04-12,URBANA,054_ZW El Diamante,0.0,MR76,False,Laboral,Viernes,0.0,0.0,0.4768211920529801,-0.16556295674240457,"3,7"
2024-04-13,URBANA,054_ZW El Diamante,0.0,MR76,False,Fin de Semana,Sábado,0.0,0.0,-0.23841059602649006,-0.18102819122731179,"0,4"
2024-04-14,URBANA,054_ZW El Diamante,0.0,MR76,False,Fin de Semana,Domingo,0.0,0.0,0.2119205298013245,-0.1750796924201378,"1,7"
2024-04-15,URBANA,054_ZW El Diamante,0.0,MR76,False,Laboral,Lunes,0.0,0.0,-0.847682119205298,-0.17804280231284994,"1,8"
2024-04-16,URBANA,054_ZW El Diamante,0.0,MR76,False,Laboral,Martes,0.0,0.0,-0.026490066225165563,0.2747474115909126,"150,1"
2024-04-17,URBANA,054_ZW El Diamante,0.0,MR76,False,Laboral,Miércoles,0.0,0.0,0.15894039735099338,0.731893533585805,"341,5"
2024-04-18,URBANA,054_ZW El Diamante,0.0,MR76,False,Laboral,Jueves,0.0,0.0,0.23841059602649006,0.7601569880487422,"450,7"
2024-04-19,URBANA,054_ZW El Diamante,0.0,MR76,False,Laboral,Viernes,0.0,0.0,-0.3443708609271523,0.19702021677488163,"130,5"
2024-04-20,URBANA,054_ZW El Diamante,0.0,MR76,False,Fin de Semana,Sábado,0.0,0.0,-0.4503311258278146,-0.17265630979626553,"2,0"
2024-04-21,URBANA,054_ZW El Diamante,0.0,MR76,False,Fin de Semana,Domingo,0.0,0.0,-0.8741721854304636,-0.1811561159328424,"0,5"
2024-04-22,URBANA,054_ZW El Diamante,0.0,MR76,False,Laboral,Lunes,0.0,0.0,-0.847682119205298,-0.18309439082506765,"0,1"
2024-04-23,URBANA,054_ZW El Diamante,0.0,MR76,False,Laboral,Martes,0.0,0.0,0.26490066225165565,1.4234365247313312,"121,8"
2024-04-24,URBANA,054_ZW El Diamante,0.0,MR76,False,Laboral,Miércoles,0.0,0.0,0.0,0.8406237838618672,"77,60000000000001"
2024-04-25,URBANA,054_ZW El Diamante,0.0,MR76,False,Laboral,Jueves,0.0,0.0,-0.23841059602649006,0.6226803316124586,"94,5"
2024-04-26,URBANA,054_ZW El Diamante,0.0,MR76,False,Laboral,Viernes,0.0,0.0,0.10596026490066225,0.13799590137867618,"44,7"
2024-04-27,URBANA,054_ZW El Diamante,0.0,MR76,False,Fin de Semana,Sábado,0.0,0.0,-0.9006622516556292,-0.1821601092678215,"0,2"
2024-04-28,URBANA,054_ZW El Diamante,0.0,MR76,False,Fin de Semana,Domingo,0.0,0.0,-0.7417218543046358,-0.18166997078932778,"0,30000000000000004"
2024-04-29,URBANA,054_ZW El Diamante,0.0,MR76,False,Laboral,Lunes,0.0,0.0,-0.847682119205298,-0.18330280748014563,"0,0"
2024-04-30,URBANA,054_ZW El Diamante,0.0,MR76,False,Laboral,Martes,0.0,0.0,1.0596026490066226,-0.17126351159784783,"2,7"
2024-05-01,URBANA,054_ZW El Diamante,0.0,MR76,True,Festivo,Miércoles,0.0,0.0,-0.423841059602649,-0.17779198364863538,"1,5"
2024-05-02,URBANA,054_ZW El Diamante,0.0,MR76,False,Laboral,Jueves,0.0,0.0,-0.07947019867549669,-0.16928858412145373,"3,8"
2024-05-03,URBANA,054_ZW El Diamante,0.0,MR76,False,Laboral,Viernes,0.0,0.0,-0.10596026490066225,-0.17901517381050686,"1,4"
2024-05-04,URBANA,054_ZW El Diamante,0.0,MR76,False,Fin de Semana,Sábado,0.0,0.0,-0.4503311258278146,-0.18078959009115353,"0,5"
2024-05-05,URBANA,054_ZW El Diamante,0.0,MR76,False,Fin de Semana,Domingo,0.0,0.0,-0.5033112582781457,-0.17565391623878368,"1,7000000000000002"
2024-05-06,URBANA,054_ZW El Diamante,0.0,MR76,False,Laboral,Lunes,0.0,0.0,-0.7417218543046358,-0.18195528600334832,"0,4"
2024-05-07,URBANA,054_ZW El Diamante,0.0,MR76,False,Laboral,Martes,0.0,0.0,0.5298013245033113,-0.16907298068516616,"3,3"
2024-05-08,URBANA,054_ZW El Diamante,0.0,MR76,False,Laboral,Miércoles,0.0,0.0,0.07947019867549669,-0.17154451474314264,"2,1"
2024-05-09,URBANA,054_ZW El Diamante,0.0,MR76,False,Laboral,Jueves,0.0,0.0,-0.423841059602649,-0.17917112696275486,"0,6"
2024-05-10,URBANA,054_ZW El Diamante,0.0,MR76,False,Laboral,Viernes,0.0,0.0,0.423841059602649,-0.16266380920245774,"3,6"
2024-05-11,URBANA,054_ZW El Diamante,0.0,MR76,False,Fin de Semana,Sábado,0.0,0.0,-0.052980132450331126,-0.17820091149946082,"1,0"
2024-05-12,URBANA,054_ZW El Diamante,0.0,MR76,False,Fin de Semana,Domingo,0.0,0.0,-0.6622516556291391,-0.18241380264451987,"0,4"
2024-05-13,URBANA,054_ZW El Diamante,0.0,MR76,True,Festivo,Lunes,0.0,0.0,-0.052980132450331126,-0.1424991384846025,"10,200000000000001"
2024-05-14,URBANA,054_ZW El Diamante,0.0,MR76,False,Laboral,Martes,0.0,0.0,-0.609271523178808,-0.18095632341521592,"1,5"
2024-05-15,URBANA,054_ZW El Diamante,0.0,MR76,False,Laboral,Miércoles,0.0,0.0,-0.10596026490066225,-0.1780348968535194,"1,3"
2024-05-16,URBANA,054_ZW El Diamante,0.0,MR76,False,Laboral,Jueves,0.0,0.0,0.9006622516556292,-0.16288731809807586,"3,5"
2024-05-17,URBANA,054_ZW El Diamante,0.0,MR76,False,Laboral,Viernes,0.0,0.0,0.026490066225165563,-0.17864792929069703,"0,7"
2024-05-18,URBANA,054_ZW El Diamante,0.0,MR76,False,Fin de Semana,Sábado,0.0,0.0,-0.13245033112582782,-0.17934432838990588,"0,6"
2024-05-19,URBANA,054_ZW El Diamante,0.0,MR76,False,Fin de Semana,Domingo,0.0,0.0,-0.052980132450331126,-0.17749948165340526,"0,7"
2024-05-20,URBANA,054_ZW El Diamante,0.0,MR76,False,Laboral,Lunes,0.0,0.0,-0.7947019867549668,-0.1824324882756648,"0,2"
2024-05-21,URBANA,054_ZW El Diamante,0.0,MR76,False,Laboral,Martes,0.0,0.0,0.4768211920529801,-0.1677268965646108,"2,8"
2024-05-22,URBANA,054_ZW El Diamante,0.0,MR76,False,Laboral,Miércoles,0.0,0.0,0.3973509933774834,-0.1758357418033862,"4,0"
2024-05-23,URBANA,054_ZW El Diamante,0.0,MR76,False,Laboral,Jueves,0.0,0.0,0.2119205298013245,-0.1753520714279811,"2,1"
2024-05-24,URBANA,054_ZW El Diamante,0.0,MR76,False,Laboral,Viernes,0.0,0.0,0.26490066225165565,-0.17918334449081116,"1,2"
2024-05-25,URBANA,054_ZW El Diamante,0.0,MR76,False,Fin de Semana,Sábado,0.0,0.0,0.026490066225165563,-0.17504950793905752,"1,7000000000000002"
2024-05-26,URBANA,054_ZW El Diamante,0.0,MR76,False,Fin de Semana,Domingo,0.0,0.0,-0.2913907284768212,-0.17839782930460346,"1,0"
2024-05-27,URBANA,054_ZW El Diamante,0.0,MR76,False,Laboral,Lunes,0.0,0.0,-0.4768211920529801,-0.18083414813465298,"0,4"
2024-05-28,URBANA,054_ZW El Diamante,0.0,MR76,False,Laboral,Martes,0.0,0.0,0.3973509933774834,1.3276087027608379,"282,3"
2024-05-29,URBANA,054_ZW El Diamante,0.0,MR76,False,Laboral,Miércoles,0.0,0.0,-0.3973509933774834,2.2228480710858904,"669,4000000000001"
2024-05-30,URBANA,054_ZW El Diamante,0.0,MR76,False,Laboral,Jueves,0.0,0.0,-0.07947019867549669,0.5973979539952574,"90,8"
2024-05-31,URBANA,054_ZW El Diamante,0.0,MR76,False,Laboral,Viernes,0.0,0.0,0.3443708609271523,1.4217152906316355,"240,2"
2024-06-01,URBANA,054_ZW El Diamante,0.0,MR76,False,Fin de Semana,Sábado,0.0,0.0,-0.052980132450331126,0.8871768778250788,"148,8"
2024-06-02,URBANA,054_ZW El Diamante,0.0,MR76,False,Fin de Semana,Domingo,0.0,0.0,0.423841059602649,2.89917377169824,"437,6"
2024-06-03,URBANA,054_ZW El Diamante,0.0,MR76,True,Festivo,Lunes,0.0,0.0,-0.026490066225165563,-0.10063182587004071,"16,599999999999998"
2024-06-04,URBANA,054_ZW El Diamante,0.0,MR76,False,Laboral,Martes,0.0,0.0,-0.4503311258278146,-0.17690872823797732,"2,0"
2024-06-05,URBANA,054_ZW El Diamante,0.0,MR76,False,Laboral,Miércoles,0.0,0.0,0.3708609271523179,-0.17527445419091756,"4,0"
2024-06-06,URBANA,054_ZW El Diamante,0.0,MR76,False,Laboral,Jueves,0.0,0.0,0.026490066225165563,-0.17167675151739903,"2,7"
2024-06-07,URBANA,054_ZW El Diamante,0.0,MR76,False,Laboral,Viernes,0.0,0.0,0.18543046357615894,-0.17317950746832336,"3,0"
2024-06-08,URBANA,054_ZW El Diamante,0.0,MR76,False,Fin de Semana,Sábado,0.0,0.0,-0.2913907284768212,-0.18101669237737644,"1,1"
2024-06-09,URBANA,054_ZW El Diamante,0.0,MR76,False,Fin de Semana,Domingo,0.0,0.0,0.2913907284768212,-0.17708408569949122,"3,0"
2024-06-10,URBANA,054_ZW El Diamante,0.0,MR76,True,Festivo,Lunes,0.0,0.0,0.13245033112582782,-0.16034535358424543,"5,9"
2024-06-11,URBANA,054_ZW El Diamante,0.0,MR76,False,Laboral,Martes,0.0,0.0,-0.4503311258278146,-0.12427705472769825,"13,2"
2024-06-12,URBANA,054_ZW El Diamante,0.0,MR76,False,Laboral,Miércoles,0.0,0.0,0.2913907284768212,1.0797344628078682,"237,0"
2024-06-13,URBANA,054_ZW El Diamante,0.0,MR76,False,Laboral,Jueves,0.0,0.0,0.26490066225165565,1.2154798236507627,"37895586200,0"
2024-06-14,URBANA,054_ZW El Diamante,0.0,MR76,False,Laboral,Viernes,0.0,0.0,-0.13245033112582782,0.7128241283242905,"37481272800,0"
2024-06-15,URBANA,054_ZW El Diamante,0.0,MR76,False,Fin de Semana,Sábado,0.0,0.0,-0.3443708609271523,-0.06453046781992945,"2967354700,0"
2024-06-16,URBANA,054_ZW El Diamante,0.0,MR76,False,Fin de Semana,Domingo,0.0,0.0,-0.7682119205298014,0.05648055418707263,"5985346400,0"
2024-06-17,URBANA,054_ZW El Diamante,0.0,MR76,False,Laboral,Lunes,0.0,0.0,-0.8211920529801324,-0.18300599341618973,"0,1"
2024-06-18,URBANA,054_ZW El Diamante,0.0,MR76,False,Laboral,Martes,0.0,0.0,0.7947019867549668,-0.04185042367871926,"31,1"
2024-06-19,URBANA,054_ZW El Diamante,0.0,MR76,False,Laboral,Miércoles,0.0,0.0,0.18543046357615894,-0.07866686645918429,"20,7"
2024-06-20,URBANA,054_ZW El Diamante,0.0,MR76,False,Laboral,Jueves,0.0,0.0,0.10596026490066225,0.5581868757157585,"206,5"
2024-06-21,URBANA,054_ZW El Diamante,0.0,MR76,False,Laboral,Viernes,0.0,0.0,0.9536423841059603,1.2607781056147807,"345,2"
2024-06-22,URBANA,054_ZW El Diamante,0.0,MR76,False,Fin de Semana,Sábado,0.0,0.0,0.423841059602649,0.3416527512615496,"138,2"
2024-06-23,URBANA,054_ZW El Diamante,0.0,MR76,False,Fin de Semana,Domingo,0.0,0.0,0.0,1.123667975020186,"713,8"
2024-06-24,URBANA,054_ZW El Diamante,0.0,MR76,False,Laboral,Lunes,0.0,0.0,-0.5827814569536424,-0.1695235918670072,"3,7"
2024-06-25,URBANA,054_ZW El Diamante,0.0,MR76,False,Laboral,Martes,0.0,0.0,1.0066225165562914,1.7443356485549,"664,5"
2024-06-26,URBANA,054_ZW El Diamante,0.0,MR76,False,Laboral,Miércoles,0.0,0.0,0.052980132450331126,0.4742021505005413,"236,3"
2024-06-27,URBANA,054_ZW El Diamante,0.0,MR76,False,Laboral,Jueves,0.0,0.0,0.18543046357615894,1.7310451340640134,"792,6999999999999"
2024-06-28,URBANA,054_ZW El Diamante,0.0,MR76,False,Laboral,Viernes,0.0,0.0,0.6887417218543046,0.0242406536808717,"49,7"
2024-06-29,URBANA,054_ZW El Diamante,0.0,MR76,False,Fin de Semana,Sábado,0.0,0.0,0.2119205298013245,-0.17055417629246175,"3,1"
2024-06-30,URBANA,054_ZW El Diamante,0.0,MR76,False,Fin de Semana,Domingo,0.0,0.0,0.026490066225165563,1.1984493082184078,"412,90000000000003"
2024-07-01,URBANA,054_ZW El Diamante,0.0,MR76,True,Festivo,Lunes,0.0,0.0,-0.3708609271523179,0.27516640093543143,"88,64999999999999"
2024-07-02,URBANA,054_ZW El Diamante,0.0,MR76,False,Laboral,Martes,0.0,0.0,0.052980132450331126,0.9416253696251411,"168,61"
2024-07-03,URBANA,054_ZW El Diamante,0.0,MR76,False,Laboral,Miércoles,0.0,0.0,0.6357615894039735,0.561610658284005,"123,30000000000001"
2024-07-04,URBANA,054_ZW El Diamante,0.0,MR76,False,Laboral,Jueves,0.0,0.0,0.3708609271523179,1.0291970173420624,"212,62"
2024-07-05,URBANA,054_ZW El Diamante,0.0,MR76,False,Laboral,Viernes,0.0,0.0,0.13245033112582782,0.125217804388033,"50,4"
2024-07-06,URBANA,054_ZW El Diamante,0.0,MR76,False,Fin de Semana,Sábado,0.0,0.0,-0.609271523178808,0.07019796348180864,"41,919999999999995"
2024-07-07,URBANA,054_ZW El Diamante,0.0,MR76,False,Fin de Semana,Domingo,0.0,0.0,0.07947019867549669,0.17778120347682103,"56,96000000000001"
2024-07-08,URBANA,054_ZW El Diamante,0.0,MR76,False,Laboral,Lunes,0.0,0.0,-0.6622516556291391,-0.18294274974154537,"0,11"
2024-07-09,URBANA,054_ZW El Diamante,0.0,MR76,False,Laboral,Martes,0.0,0.0,-0.3973509933774834,0.4307005638389198,"147,15"
2024-07-10,URBANA,054_ZW El Diamante,0.0,MR76,False,Laboral,Miércoles,0.0,0.0,1.5629139072847682,3.180612435934337,"677,83"
2024-07-11,URBANA,054_ZW El Diamante,0.0,MR76,False,Laboral,Jueves,0.0,0.0,0.7682119205298014,0.7024579151075843,"167,05"
2024-07-12,URBANA,054_ZW El Diamante,0.0,MR76,False,Laboral,Viernes,0.0,0.0,1.1125827814569536,2.3646001436637563,"559,0699999999999"
2024-07-13,URBANA,054_ZW El Diamante,0.0,MR76,False,Fin de Semana,Sábado,0.0,0.0,0.0,0.2169534731377882,"79,08"
2024-07-14,URBANA,054_ZW El Diamante,0.0,MR76,False,Fin de Semana,Domingo,0.0,0.0,0.609271523178808,2.3093402642651317,"545,45"
2024-07-15,URBANA,054_ZW El Diamante,0.0,MR76,False,Laboral,Lunes,0.0,0.0,-0.6622516556291391,-0.008521725819266107,"43,529999999999994"
2024-07-16,URBANA,054_ZW El Diamante,0.0,MR76,False,Laboral,Martes,0.0,0.0,1.9602649006622517,2.608138598512983,"618,3299999999999"
2024-07-17,URBANA,054_ZW El Diamante,0.0,MR76,False,Laboral,Miércoles,0.0,0.0,2.0927152317880795,-0.16067450816364445,"6,98"
2024-07-18,URBANA,054_ZW El Diamante,0.0,MR76,False,Laboral,Jueves,0.0,0.0,0.8211920529801324,-0.16175468137944515,"5,06"
2024-07-19,URBANA,054_ZW El Diamante,0.0,MR76,False,Laboral,Viernes,0.0,0.0,1.218543046357616,-0.16748757675033157,"3,08"
2024-07-20,URBANA,054_ZW El Diamante,0.0,MR76,True,Festivo,Sábado,0.0,0.0,0.4503311258278146,-0.17503225966415453,"1,5"
2024-07-21,URBANA,054_ZW El Diamante,0.0,MR76,False,Fin de Semana,Domingo,0.0,0.0,0.26490066225165565,-0.17145108658741803,"2,54"
2024-07-22,URBANA,054_ZW El Diamante,0.0,MR76,False,Laboral,Lunes,0.0,0.0,-0.5562913907284768,-0.18248351442225286,"0,18000000000000002"
2024-07-23,URBANA,054_ZW El Diamante,0.0,MR76,False,Laboral,Martes,0.0,0.0,2.437086092715232,-0.15044196907743648,"6,62"
2024-07-24,URBANA,054_ZW El Diamante,0.0,MR76,False,Laboral,Miércoles,0.0,0.0,1.509933774834437,-0.17797165317887503,"1,19"
2024-07-25,URBANA,054_ZW El Diamante,0.0,MR76,False,Laboral,Jueves,0.0,0.0,0.15894039735099338,-0.17943200712066282,"0,87"
2024-07-26,URBANA,054_ZW El Diamante,0.0,MR76,False,Laboral,Viernes,0.0,0.0,0.5033112582781457,0.13252819823442347,"57,900000000000006"
2024-07-27,URBANA,054_ZW El Diamante,0.0,MR76,False,Fin de Semana,Sábado,0.0,0.0,0.609271523178808,0.8477868486934611,"245,4"
2024-07-28,URBANA,054_ZW El Diamante,0.0,MR76,False,Fin de Semana,Domingo,0.0,0.0,1.1390728476821192,2.2534299811670397,"717,51"
2024-07-29,URBANA,054_ZW El Diamante,0.0,MR76,False,Laboral,Lunes,0.0,0.0,-0.4768211920529801,0.0018904827971814881,"41,34"
2024-07-30,URBANA,054_ZW El Diamante,0.0,MR76,False,Laboral,Martes,0.0,0.0,2.0397350993377485,1.9249121505831894,"428,71000000000004"
2024-07-31,URBANA,054_ZW El Diamante,0.0,MR76,False,Laboral,Miércoles,0.0,0.0,1.8013245033112584,0.5397915905317032,"167,14"
2024-08-01,URBANA,054_ZW El Diamante,0.0,MR76,False,Laboral,Jueves,0.0,0.0,2.2781456953642385,2.278022427788121,"511,09000000000003"
2024-08-02,URBANA,054_ZW El Diamante,0.0,MR76,False,Laboral,Viernes,0.0,0.0,1.8013245033112584,2.389819277606313,"595,64"
2024-08-03,URBANA,054_ZW El Diamante,0.0,MR76,False,Fin de Semana,Sábado,0.0,0.0,1.1390728476821192,0.20327846585218876,"109,62"
2024-08-04,URBANA,054_ZW El Diamante,0.0,MR76,False,Fin de Semana,Domingo,0.0,0.0,1.218543046357616,2.916307058101892,"687,67"
2024-08-05,URBANA,054_ZW El Diamante,0.0,MR76,False,Laboral,Lunes,0.0,0.0,-0.15894039735099338,-0.17253629055006545,"2,19"
2024-08-06,URBANA,054_ZW El Diamante,0.0,MR76,False,Laboral,Martes,0.0,0.0,1.4304635761589404,0.33788687790772676,"69,84"
2024-08-07,URBANA,054_ZW El Diamante,0.0,MR76,True,Festivo,Miércoles,0.0,0.0,0.2119205298013245,-0.17727237936718235,"1,02"
2024-08-08,URBANA,054_ZW El Diamante,0.0,MR76,False,Laboral,Jueves,0.0,0.0,1.5364238410596027,-0.1658259929346754,"3,07"
2024-08-09,URBANA,054_ZW El Diamante,0.0,MR76,False,Laboral,Viernes,0.0,0.0,1.4304635761589404,0.9695797924960662,"296,08"
2024-08-10,URBANA,054_ZW El Diamante,0.0,MR76,False,Fin de Semana,Sábado,0.0,0.0,0.6887417218543046,0.3148086860875055,"131,22"
2024-08-11,URBANA,054_ZW El Diamante,0.0,MR76,False,Fin de Semana,Domingo,0.0,0.0,0.7417218543046358,2.1484440439011716,"563,09"
2024-08-12,URBANA,054_ZW El Diamante,0.0,MR76,False,Laboral,Lunes,0.0,0.0,-0.3973509933774834,-0.16177552304495296,"6,45"
2024-08-13,URBANA,054_ZW El Diamante,0.0,MR76,False,Laboral,Martes,0.0,0.0,2.0397350993377485,3.200007402384646,"532,88"
2024-08-14,URBANA,054_ZW El Diamante,0.0,MR76,False,Laboral,Miércoles,0.0,0.0,2.1456953642384105,3.6613283255841864,"710,02"
2024-08-15,URBANA,054_ZW El Diamante,0.0,MR76,False,Laboral,Jueves,0.0,0.0,1.7218543046357615,2.375966756824837,"534,65"
2024-08-16,URBANA,054_ZW El Diamante,0.0,MR76,False,Laboral,Viernes,0.0,0.0,1.6688741721854305,2.3649185180713412,"483,12"
2024-08-17,URBANA,054_ZW El Diamante,0.0,MR76,False,Fin de Semana,Sábado,0.0,0.0,0.7152317880794702,0.942475565842235,"227,22"
2024-08-18,URBANA,054_ZW El Diamante,0.0,MR76,False,Fin de Semana,Domingo,0.0,0.0,1.1920529801324504,2.030428472302325,"466,14"
2024-08-19,URBANA,054_ZW El Diamante,0.0,MR76,True,Festivo,Lunes,0.0,0.0,1.1655629139072847,2.4499374211026175,"502,99"
2024-08-20,URBANA,054_ZW El Diamante,0.0,MR76,False,Laboral,Martes,0.0,0.0,0.6622516556291391,-0.17404767063844132,"3,2199999999999998"
2024-08-21,URBANA,054_ZW El Diamante,0.0,MR76,False,Laboral,Miércoles,0.0,0.0,1.4569536423841059,-0.1665698247898675,"6,82"
2024-08-22,URBANA,054_ZW El Diamante,0.0,MR76,False,Laboral,Jueves,0.0,0.0,1.695364238410596,-0.1642822723308564,"7,08"
2024-08-23,URBANA,054_ZW El Diamante,0.0,MR76,False,Laboral,Viernes,0.0,0.0,2.066225165562914,-0.16565279150752438,"10,059999999999999"
2024-08-24,URBANA,054_ZW El Diamante,0.0,MR76,False,Fin de Semana,Sábado,0.0,0.0,0.4503311258278146,-0.17906188788836916,"4,09"
2024-08-25,URBANA,054_ZW El Diamante,0.0,MR76,False,Fin de Semana,Domingo,0.0,0.0,0.6357615894039735,-0.17340517239830436,"13,309999999999999"
2024-08-26,URBANA,054_ZW El Diamante,0.0,MR76,False,Laboral,Lunes,0.0,0.0,-0.9006622516556292,-0.18289459830744115,"0,94"
2024-11-15,URBANA,054_ZW El Diamante,0.0,MR76,False,Laboral,Viernes,0.0,0.0,-0.4503311258278146,-0.0018904827971814881,"13,86"
2024-11-17,URBANA,054_ZW El Diamante,0.0,MR76,False,Fin de Semana,Domingo,0.0,0.0,-0.15894039735099338,0.0030763016967631095,"15,1"
2024-11-19,URBANA,054_ZW El Diamante,0.0,MR76,False,Laboral,Martes,0.0,0.0,0.5033112582781457,0.2775883462030618,"40,15"
2024-11-20,URBANA,054_ZW El Diamante,0.0,MR76,False,Laboral,Miércoles,0.0,0.0,0.9801324503311258,0.2656741003138108,"32,75"
2024-11-21,URBANA,054_ZW El Diamante,0.0,MR76,False,Laboral,Jueves,0.0,0.0,0.8741721854304636,0.4314451143722329,"47,39"
2024-11-22,URBANA,054_ZW El Diamante,0.0,MR76,False,Laboral,Viernes,0.0,0.0,1.1390728476821192,0.5859458181377828,"53,03"
2024-11-23,URBANA,054_ZW El Diamante,0.0,MR76,False,Fin de Semana,Sábado,0.0,0.0,1.2450331125827814,1.5946802726808527,"129,1"
2024-11-24,URBANA,054_ZW El Diamante,0.0,MR76,False,Fin de Semana,Domingo,0.0,0.0,0.7947019867549668,0.1174575180379225,"56,540000000000006"
2024-11-25,URBANA,054_ZW El Diamante,0.0,MR76,False,Laboral,Lunes,0.0,0.0,-0.4768211920529801,-0.10823615906790322,"25,43"
2024-11-26,URBANA,054_ZW El Diamante,0.0,MR76,False,Laboral,Martes,0.0,0.0,0.026490066225165563,0.4115916312807527,"105,13"
2024-11-27,URBANA,054_ZW El Diamante,0.0,MR76,False,Laboral,Miércoles,0.0,0.0,1.1655629139072847,1.7155374975699695,"136,06"
2024-11-28,URBANA,054_ZW El Diamante,0.0,MR76,False,Laboral,Jueves,0.0,0.0,1.5364238410596027,1.4929513846591687,"110,78"
2024-11-29,URBANA,054_ZW El Diamante,0.0,MR76,False,Laboral,Viernes,0.0,0.0,0.7682119205298014,0.44480030989400576,"39,33"
2024-11-30,URBANA,054_ZW El Diamante,0.0,MR76,False,Fin de Semana,Sábado,0.0,0.0,1.1655629139072847,0.8363332754797446,"62,25"
2024-12-01,URBANA,054_ZW El Diamante,0.0,MR76,False,Fin de Semana,Domingo,0.0,0.0,1.9072847682119205,3.0457905764768745,"185,93"
2024-12-02,URBANA,054_ZW El Diamante,0.0,MR76,False,Laboral,Lunes,0.0,0.0,-0.10596026490066225,-0.13923849584981352,"2,94"
2024-12-03,URBANA,054_ZW El Diamante,0.0,MR76,False,Laboral,Martes,0.0,0.0,1.1390728476821192,1.4728039622162166,"123,43"
2024-12-04,URBANA,054_ZW El Diamante,0.0,MR76,False,Laboral,Miércoles,0.0,0.0,0.9801324503311258,1.1680068216927242,"81,41"
2024-12-05,URBANA,054_ZW El Diamante,0.0,MR76,False,Laboral,Jueves,0.0,0.0,1.1125827814569536,1.9769710376310645,"131,02"
