FECHA.CONEXION,AREA,NOMBRE.ZONA,COMUNA,MODEL,es_festivo,tipo_dia,dia_semana,LATITUD,LONGITUD,NUMERO.CONEXIONES,USAGE.KB,PORCENTAJE.USO
2024-01-01,URBANA,030_ZW Parque Mutis,0.0,MR76,True,Festivo,Lunes,0.0,0.0,-0.08333333333333333,-0.01718073858887295,"0,6"
2024-01-02,URBANA,030_ZW Parque Mutis,0.0,MR76,False,Laboral,Martes,0.0,0.0,-1.5,-0.0305269092354594,"0,1"
2024-01-03,URBANA,030_ZW Parque Mutis,0.0,MR76,False,Laboral,Miércoles,0.0,0.0,-0.4166666666666667,-0.004049194922107032,"0,8"
2024-01-04,URBANA,030_ZW Parque Mutis,0.0,MR76,False,Laboral,Jueves,0.0,0.0,-0.6666666666666666,-0.00613198350092879,"0,9"
2024-01-05,URBANA,030_ZW Parque Mutis,0.0,MR76,False,Laboral,Viernes,0.0,0.0,-0.75,0.736958010196293,"23,5"
2024-01-06,URBANA,030_ZW Parque Mutis,0.0,MR76,False,Fin de Semana,Sábado,0.0,0.0,0.25,-0.012150607681529837,"1,0"
2024-01-07,URBANA,030_ZW Parque Mutis,0.0,MR76,False,Fin de Semana,Domingo,0.0,0.0,0.5833333333333334,0.00964763388869324,"1,4"
2024-01-08,URBANA,030_ZW Parque Mutis,0.0,MR76,True,Festivo,Lunes,0.0,0.0,-0.16666666666666666,-0.01740141139911096,"0,4"
2024-01-09,URBANA,030_ZW Parque Mutis,0.0,MR76,False,Laboral,Martes,0.0,0.0,-0.5833333333333334,0.050907403572783484,"2,2"
2024-01-10,URBANA,030_ZW Parque Mutis,0.0,MR76,False,Laboral,Miércoles,0.0,0.0,-1.0833333333333333,-0.013036321837690613,"0,6"
2024-01-11,URBANA,030_ZW Parque Mutis,0.0,MR76,False,Laboral,Jueves,0.0,0.0,-0.4166666666666667,-0.01624061195895486,"0,6"
2024-01-12,URBANA,030_ZW Parque Mutis,0.0,MR76,False,Laboral,Viernes,0.0,0.0,-0.8333333333333334,-0.021001703412720125,"0,4"
2024-01-13,URBANA,030_ZW Parque Mutis,0.0,MR76,False,Fin de Semana,Sábado,0.0,0.0,0.16666666666666666,-0.013683225692360941,"0,8"
2024-01-14,URBANA,030_ZW Parque Mutis,0.0,MR76,False,Fin de Semana,Domingo,0.0,0.0,-0.6666666666666666,-0.02046967033598191,"0,6"
2024-01-15,URBANA,030_ZW Parque Mutis,0.0,MR76,False,Laboral,Lunes,0.0,0.0,-0.4166666666666667,-0.013078642650612971,"1,0"
2024-01-16,URBANA,030_ZW Parque Mutis,0.0,MR76,False,Laboral,Martes,0.0,0.0,0.5,0.6343360846899925,"25,9"
2024-01-17,URBANA,030_ZW Parque Mutis,0.0,MR76,False,Laboral,Miércoles,0.0,0.0,0.5833333333333334,0.007722036900725953,"1,4"
2024-01-18,URBANA,030_ZW Parque Mutis,0.0,MR76,False,Laboral,Jueves,0.0,0.0,-0.08333333333333333,0.0034476347955678015,"1,0"
2024-01-19,URBANA,030_ZW Parque Mutis,0.0,MR76,False,Laboral,Viernes,0.0,0.0,0.4166666666666667,-0.0059566544188218795,"0,6"
2024-01-20,URBANA,030_ZW Parque Mutis,0.0,MR76,False,Fin de Semana,Sábado,0.0,0.0,-0.3333333333333333,0.02290613999422623,"1,5"
2024-01-21,URBANA,030_ZW Parque Mutis,0.0,MR76,False,Fin de Semana,Domingo,0.0,0.0,-0.16666666666666666,0.027685368939243938,"1,6"
2024-01-22,URBANA,030_ZW Parque Mutis,0.0,MR76,False,Laboral,Lunes,0.0,0.0,-0.8333333333333334,-0.02415158106022705,"0,3"
2024-01-23,URBANA,030_ZW Parque Mutis,0.0,MR76,False,Laboral,Martes,0.0,0.0,-0.9166666666666666,1.5819232693432566,"49,5"
2024-01-24,URBANA,030_ZW Parque Mutis,0.0,MR76,False,Laboral,Miércoles,0.0,0.0,1.25,13.08693299557294,"347,1"
2024-01-25,URBANA,030_ZW Parque Mutis,0.0,MR76,False,Laboral,Jueves,0.0,0.0,0.16666666666666666,21.19518963502833,"469,8"
2024-01-26,URBANA,030_ZW Parque Mutis,0.0,MR76,False,Laboral,Viernes,0.0,0.0,1.1666666666666667,15.119737671418186,"363,9"
2024-01-27,URBANA,030_ZW Parque Mutis,0.0,MR76,False,Fin de Semana,Sábado,0.0,0.0,1.4166666666666667,13.326517163356826,"356,1"
2024-01-28,URBANA,030_ZW Parque Mutis,0.0,MR76,False,Fin de Semana,Domingo,0.0,0.0,0.5,0.43526502653363824,"15,1"
2024-01-29,URBANA,030_ZW Parque Mutis,0.0,MR76,False,Laboral,Lunes,0.0,0.0,-0.25,-0.021470255270074803,"0,4"
2024-01-30,URBANA,030_ZW Parque Mutis,0.0,MR76,False,Laboral,Martes,0.0,0.0,-0.6666666666666666,0.5467864144144688,"21,2"
2024-01-31,URBANA,030_ZW Parque Mutis,0.0,MR76,False,Laboral,Miércoles,0.0,0.0,0.5833333333333334,0.8363182101923632,"27,6"
2024-02-01,URBANA,030_ZW Parque Mutis,0.0,MR76,False,Laboral,Jueves,0.0,0.0,-0.5833333333333334,0.3805351466794032,"9,9"
2024-02-02,URBANA,030_ZW Parque Mutis,0.0,MR76,False,Laboral,Viernes,0.0,0.0,-1.0,-0.027845583445307152,"0,2"
2024-02-03,URBANA,030_ZW Parque Mutis,0.0,MR76,False,Fin de Semana,Sábado,0.0,0.0,0.5,-0.013193513428545085,"0,4"
2024-02-04,URBANA,030_ZW Parque Mutis,0.0,MR76,False,Fin de Semana,Domingo,0.0,0.0,0.8333333333333334,0.005231154768724314,"0,8"
2024-02-05,URBANA,030_ZW Parque Mutis,0.0,MR76,False,Laboral,Lunes,0.0,0.0,0.0,0.00014056555720640314,"0,8"
2024-02-06,URBANA,030_ZW Parque Mutis,0.0,MR76,False,Laboral,Martes,0.0,0.0,-0.5,0.05591939698887416,"2,0"
2024-02-07,URBANA,030_ZW Parque Mutis,0.0,MR76,False,Laboral,Miércoles,0.0,0.0,1.0,0.024115306077722172,"1,2"
2024-02-08,URBANA,030_ZW Parque Mutis,0.0,MR76,False,Laboral,Jueves,0.0,0.0,-2.0833333333333335,0.27427363126177995,"7,5"
2024-02-09,URBANA,030_ZW Parque Mutis,0.0,MR76,False,Laboral,Viernes,0.0,0.0,-0.5833333333333334,7.858922058665716,"217,0"
2024-02-10,URBANA,030_ZW Parque Mutis,0.0,MR76,False,Fin de Semana,Sábado,0.0,0.0,-0.25,9.230346138905977,"191,9"
2024-02-11,URBANA,030_ZW Parque Mutis,0.0,MR76,False,Fin de Semana,Domingo,0.0,0.0,1.5833333333333333,4.628420239626489,"114,8"
2024-02-12,URBANA,030_ZW Parque Mutis,0.0,MR76,False,Laboral,Lunes,0.0,0.0,0.4166666666666667,0.39604270170023864,"13,7"
2024-02-13,URBANA,030_ZW Parque Mutis,0.0,MR76,False,Laboral,Martes,0.0,0.0,0.3333333333333333,0.006307312583035702,"1,5"
2024-02-14,URBANA,030_ZW Parque Mutis,0.0,MR76,False,Laboral,Miércoles,0.0,0.0,0.08333333333333333,2.6278398399064105,"116,6"
2024-02-15,URBANA,030_ZW Parque Mutis,0.0,MR76,False,Laboral,Jueves,0.0,0.0,0.5,8.941019901362276,"254,3"
2024-02-16,URBANA,030_ZW Parque Mutis,0.0,MR76,False,Laboral,Viernes,0.0,0.0,0.5833333333333334,8.422060932901863,"265,3"
2024-02-17,URBANA,030_ZW Parque Mutis,0.0,MR76,False,Fin de Semana,Sábado,0.0,0.0,0.6666666666666666,11.821646491226744,"370,9"
2024-02-18,URBANA,030_ZW Parque Mutis,0.0,MR76,False,Fin de Semana,Domingo,0.0,0.0,1.0,8.659692297460902,"222,2"
2024-02-19,URBANA,030_ZW Parque Mutis,0.0,MR76,False,Laboral,Lunes,0.0,0.0,0.3333333333333333,10.51986735448064,"238,2"
2024-02-20,URBANA,030_ZW Parque Mutis,0.0,MR76,False,Laboral,Martes,0.0,0.0,0.5,9.209747994673624,"250,4"
2024-02-21,URBANA,030_ZW Parque Mutis,0.0,MR76,False,Laboral,Miércoles,0.0,0.0,0.5833333333333334,0.10349101362881322,"4,0"
2024-02-22,URBANA,030_ZW Parque Mutis,0.0,MR76,False,Laboral,Jueves,0.0,0.0,1.5833333333333333,-0.0095992672453534,"0,5"
2024-02-23,URBANA,030_ZW Parque Mutis,0.0,MR76,False,Laboral,Viernes,0.0,0.0,0.4166666666666667,0.8944639842324743,"21,6"
2024-02-24,URBANA,030_ZW Parque Mutis,0.0,MR76,False,Fin de Semana,Sábado,0.0,0.0,0.6666666666666666,-0.009091417490285107,"0,7"
2024-02-25,URBANA,030_ZW Parque Mutis,0.0,MR76,False,Fin de Semana,Domingo,0.0,0.0,-0.08333333333333333,0.09498755314662802,"2,4"
2024-02-26,URBANA,030_ZW Parque Mutis,0.0,MR76,False,Laboral,Lunes,0.0,0.0,0.08333333333333333,-0.007598097377167619,"0,8"
2024-02-27,URBANA,030_ZW Parque Mutis,0.0,MR76,False,Laboral,Martes,0.0,0.0,-0.3333333333333333,-0.025904871881296164,"0,2"
2024-02-28,URBANA,030_ZW Parque Mutis,0.0,MR76,False,Laboral,Miércoles,0.0,0.0,0.3333333333333333,-0.011231641458072922,"0,4"
2024-02-29,URBANA,030_ZW Parque Mutis,0.0,MR76,False,Laboral,Jueves,0.0,0.0,1.0,-0.0048321299611706545,"1,2"
2024-03-01,URBANA,030_ZW Parque Mutis,0.0,MR76,False,Laboral,Viernes,0.0,0.0,0.3333333333333333,0.0037589950620680063,"1,0"
2024-03-02,URBANA,030_ZW Parque Mutis,0.0,MR76,False,Fin de Semana,Sábado,0.0,0.0,0.5833333333333334,0.0020389563082950303,"1,2"
2024-03-03,URBANA,030_ZW Parque Mutis,0.0,MR76,False,Fin de Semana,Domingo,0.0,0.0,1.8333333333333333,0.1583992454803639,"4,6"
2024-03-04,URBANA,030_ZW Parque Mutis,0.0,MR76,False,Laboral,Lunes,0.0,0.0,0.5,-0.02194485295784696,"0,3"
2024-03-05,URBANA,030_ZW Parque Mutis,0.0,MR76,False,Laboral,Martes,0.0,0.0,-0.25,-0.0260288114048545,"0,2"
2024-03-06,URBANA,030_ZW Parque Mutis,0.0,MR76,False,Laboral,Miércoles,0.0,0.0,0.08333333333333333,0.006927010200827372,"1,1"
2024-03-07,URBANA,030_ZW Parque Mutis,0.0,MR76,False,Laboral,Jueves,0.0,0.0,0.6666666666666666,-0.01840199633320385,"0,5"
2024-03-08,URBANA,030_ZW Parque Mutis,0.0,MR76,False,Laboral,Viernes,0.0,0.0,0.25,-0.022256213224347163,"0,4"
2024-03-09,URBANA,030_ZW Parque Mutis,0.0,MR76,False,Fin de Semana,Sábado,0.0,0.0,0.16666666666666666,0.03639136474041471,"2,4"
2024-03-10,URBANA,030_ZW Parque Mutis,0.0,MR76,False,Fin de Semana,Domingo,0.0,0.0,0.5,-0.0015643586205228736,"1,1"
2024-03-11,URBANA,030_ZW Parque Mutis,0.0,MR76,False,Laboral,Lunes,0.0,0.0,-0.08333333333333333,1.1273523948290012,"40,9"
2024-03-12,URBANA,030_ZW Parque Mutis,0.0,MR76,False,Laboral,Martes,0.0,0.0,-0.4166666666666667,1.633615119412708,"62,6"
2024-03-13,URBANA,030_ZW Parque Mutis,0.0,MR76,False,Laboral,Miércoles,0.0,0.0,0.4166666666666667,6.57276232480317,"295,2"
2024-03-14,URBANA,030_ZW Parque Mutis,0.0,MR76,False,Laboral,Jueves,0.0,0.0,0.9166666666666666,9.067667956947641,"310,3"
2024-03-15,URBANA,030_ZW Parque Mutis,0.0,MR76,False,Laboral,Viernes,0.0,0.0,1.5833333333333333,14.277828579547258,"363,4"
2024-03-16,URBANA,030_ZW Parque Mutis,0.0,MR76,False,Fin de Semana,Sábado,0.0,0.0,1.25,2.5826956241790895,"76,6"
2024-03-17,URBANA,030_ZW Parque Mutis,0.0,MR76,False,Fin de Semana,Domingo,0.0,0.0,0.9166666666666666,-0.012165722257573536,"0,6"
2024-03-18,URBANA,030_ZW Parque Mutis,0.0,MR76,False,Laboral,Lunes,0.0,0.0,0.0,-0.010376156453999544,"0,7"
2024-03-19,URBANA,030_ZW Parque Mutis,0.0,MR76,False,Laboral,Martes,0.0,0.0,-0.5,-0.026294827943223607,"0,4"
2024-03-20,URBANA,030_ZW Parque Mutis,0.0,MR76,False,Laboral,Miércoles,0.0,0.0,0.3333333333333333,0.017017501167601,"2,6"
2024-03-21,URBANA,030_ZW Parque Mutis,0.0,MR76,False,Laboral,Jueves,0.0,0.0,1.0833333333333333,-0.009272792402809498,"0,9"
2024-03-22,URBANA,030_ZW Parque Mutis,0.0,MR76,False,Laboral,Viernes,0.0,0.0,0.3333333333333333,0.021367476152977648,"1,9"
2024-03-23,URBANA,030_ZW Parque Mutis,0.0,MR76,False,Fin de Semana,Sábado,0.0,0.0,-0.08333333333333333,-0.01228361595071439,"0,9"
2024-03-24,URBANA,030_ZW Parque Mutis,0.0,MR76,True,Festivo,Domingo,0.0,0.0,0.5833333333333334,0.06033285319363434,"3,4"
2024-03-25,URBANA,030_ZW Parque Mutis,0.0,MR76,True,Festivo,Lunes,0.0,0.0,-0.25,0.009121646642372505,"2,0"
2024-03-26,URBANA,030_ZW Parque Mutis,0.0,MR76,False,Laboral,Martes,0.0,0.0,-0.3333333333333333,-0.019166793881015033,"0,6"
2024-03-27,URBANA,030_ZW Parque Mutis,0.0,MR76,False,Laboral,Miércoles,0.0,0.0,-0.9166666666666666,0.43653162800610024,"19,3"
2024-03-28,URBANA,030_ZW Parque Mutis,0.0,MR76,True,Festivo,Jueves,0.0,0.0,-1.0833333333333333,4.5972690984004245,"240,1"
2024-03-29,URBANA,030_ZW Parque Mutis,0.0,MR76,True,Festivo,Viernes,0.0,0.0,-1.0,3.801513875936537,"128,0"
2024-03-30,URBANA,030_ZW Parque Mutis,0.0,MR76,False,Fin de Semana,Sábado,0.0,0.0,0.25,0.024574789189450632,"3,1"
2024-03-31,URBANA,030_ZW Parque Mutis,0.0,MR76,True,Festivo,Domingo,0.0,0.0,0.5833333333333334,-0.01802110901690263,"0,7"
2024-04-01,URBANA,030_ZW Parque Mutis,0.0,MR76,False,Laboral,Lunes,0.0,0.0,-0.3333333333333333,-0.00716582050231782,"0,9"
2024-04-02,URBANA,030_ZW Parque Mutis,0.0,MR76,False,Laboral,Martes,0.0,0.0,-0.75,-0.009263723657183278,"1,2"
2024-04-03,URBANA,030_ZW Parque Mutis,0.0,MR76,False,Laboral,Miércoles,0.0,0.0,-0.08333333333333333,-0.016703117985892055,"0,6"
2024-04-04,URBANA,030_ZW Parque Mutis,0.0,MR76,False,Laboral,Jueves,0.0,0.0,1.0833333333333333,0.002437981115848691,"1,1"
2024-04-05,URBANA,030_ZW Parque Mutis,0.0,MR76,False,Laboral,Viernes,0.0,0.0,0.16666666666666666,0.011195366475568043,"1,3"
2024-04-06,URBANA,030_ZW Parque Mutis,0.0,MR76,False,Fin de Semana,Sábado,0.0,0.0,0.0,-0.018982396053281902,"0,4"
2024-04-07,URBANA,030_ZW Parque Mutis,0.0,MR76,False,Fin de Semana,Domingo,0.0,0.0,1.3333333333333333,-0.022195754920172367,"0,3"
2024-04-08,URBANA,030_ZW Parque Mutis,0.0,MR76,False,Laboral,Lunes,0.0,0.0,-0.16666666666666666,-0.005222086023098095,"1,4"
2024-04-09,URBANA,030_ZW Parque Mutis,0.0,MR76,False,Laboral,Martes,0.0,0.0,-0.9166666666666666,-0.029743974196395778,"0,2"
2024-04-10,URBANA,030_ZW Parque Mutis,0.0,MR76,False,Laboral,Miércoles,0.0,0.0,0.16666666666666666,0.5513872913621709,"45,6"
2024-04-11,URBANA,030_ZW Parque Mutis,0.0,MR76,False,Laboral,Jueves,0.0,0.0,-0.08333333333333333,-0.025935101033383565,"0,6"
2024-04-12,URBANA,030_ZW Parque Mutis,0.0,MR76,False,Laboral,Viernes,0.0,0.0,-0.4166666666666667,-0.02069336606142866,"0,7"
2024-04-13,URBANA,030_ZW Parque Mutis,0.0,MR76,False,Fin de Semana,Sábado,0.0,0.0,0.8333333333333334,-0.01699331784593108,"0,7"
2024-04-14,URBANA,030_ZW Parque Mutis,0.0,MR76,False,Fin de Semana,Domingo,0.0,0.0,0.25,-0.008127107538697094,"1,3"
2024-04-15,URBANA,030_ZW Parque Mutis,0.0,MR76,False,Laboral,Lunes,0.0,0.0,-0.5833333333333334,-0.017640221700601408,"1,4"
2024-04-16,URBANA,030_ZW Parque Mutis,0.0,MR76,False,Laboral,Martes,0.0,0.0,-0.16666666666666666,-0.02295148372235733,"0,9"
2024-04-17,URBANA,030_ZW Parque Mutis,0.0,MR76,False,Laboral,Miércoles,0.0,0.0,-0.08333333333333333,-0.023942999910824003,"0,9"
2024-04-18,URBANA,030_ZW Parque Mutis,0.0,MR76,False,Laboral,Jueves,0.0,0.0,0.0,0.1012298730526758,"15,4"
2024-04-19,URBANA,030_ZW Parque Mutis,0.0,MR76,False,Laboral,Viernes,0.0,0.0,-0.4166666666666667,-0.024493170478814656,"0,8"
2024-04-20,URBANA,030_ZW Parque Mutis,0.0,MR76,False,Fin de Semana,Sábado,0.0,0.0,0.4166666666666667,-0.0034325202195241026,"1,3"
2024-04-21,URBANA,030_ZW Parque Mutis,0.0,MR76,False,Fin de Semana,Domingo,0.0,0.0,0.08333333333333333,-0.016935882456965024,"0,9"
2024-04-22,URBANA,030_ZW Parque Mutis,0.0,MR76,False,Laboral,Lunes,0.0,0.0,-0.9166666666666666,-0.024626178747999206,"0,7"
2024-04-23,URBANA,030_ZW Parque Mutis,0.0,MR76,False,Laboral,Martes,0.0,0.0,-0.25,2.5997781180236785,"47,5"
2024-04-24,URBANA,030_ZW Parque Mutis,0.0,MR76,False,Laboral,Miércoles,0.0,0.0,-1.4166666666666667,3.0119858588026536,"54,9"
2024-04-25,URBANA,030_ZW Parque Mutis,0.0,MR76,False,Laboral,Jueves,0.0,0.0,0.16666666666666666,7.894120883356282,"221,0"
2024-04-26,URBANA,030_ZW Parque Mutis,0.0,MR76,False,Laboral,Viernes,0.0,0.0,-0.9166666666666666,2.8329325451585747,"94,7"
2024-04-27,URBANA,030_ZW Parque Mutis,0.0,MR76,False,Fin de Semana,Sábado,0.0,0.0,0.6666666666666666,24.905739457961072,"676,3"
2024-04-28,URBANA,030_ZW Parque Mutis,0.0,MR76,False,Fin de Semana,Domingo,0.0,0.0,-1.25,-0.02044548701431199,"0,6"
2024-04-29,URBANA,030_ZW Parque Mutis,0.0,MR76,False,Laboral,Lunes,0.0,0.0,0.3333333333333333,-0.01574787677993026,"0,8"
2024-04-30,URBANA,030_ZW Parque Mutis,0.0,MR76,False,Laboral,Martes,0.0,0.0,-0.16666666666666666,-0.018740562836582715,"0,8"
2024-05-01,URBANA,030_ZW Parque Mutis,0.0,MR76,True,Festivo,Miércoles,0.0,0.0,-0.4166666666666667,-0.021449094863613623,"0,8"
2024-05-02,URBANA,030_ZW Parque Mutis,0.0,MR76,False,Laboral,Jueves,0.0,0.0,-0.9166666666666666,-0.007114430943769243,"1,8"
2024-05-03,URBANA,030_ZW Parque Mutis,0.0,MR76,False,Laboral,Viernes,0.0,0.0,-0.6666666666666666,-0.02251920684750753,"0,8"
2024-05-04,URBANA,030_ZW Parque Mutis,0.0,MR76,False,Fin de Semana,Sábado,0.0,0.0,-0.6666666666666666,-0.015548364376153432,"0,9"
2024-05-05,URBANA,030_ZW Parque Mutis,0.0,MR76,False,Fin de Semana,Domingo,0.0,0.0,-0.3333333333333333,-0.010932372852407677,"1,3"
2024-05-06,URBANA,030_ZW Parque Mutis,0.0,MR76,False,Laboral,Lunes,0.0,0.0,-0.8333333333333334,-0.019786491498806704,"1,0"
2024-05-07,URBANA,030_ZW Parque Mutis,0.0,MR76,False,Laboral,Martes,0.0,0.0,-0.25,-0.005865966962559684,"1,5"
2024-05-08,URBANA,030_ZW Parque Mutis,0.0,MR76,False,Laboral,Miércoles,0.0,0.0,-1.0,-0.018918914833898366,"0,6"
2024-05-09,URBANA,030_ZW Parque Mutis,0.0,MR76,False,Laboral,Jueves,0.0,0.0,-1.0,-0.015258164516114406,"0,7"
2024-05-10,URBANA,030_ZW Parque Mutis,0.0,MR76,False,Laboral,Viernes,0.0,0.0,-1.0833333333333333,-0.02419390187314941,"0,4"
2024-05-11,URBANA,030_ZW Parque Mutis,0.0,MR76,False,Fin de Semana,Sábado,0.0,0.0,-0.3333333333333333,0.006271037600530824,"1,8"
2024-05-12,URBANA,030_ZW Parque Mutis,0.0,MR76,False,Fin de Semana,Domingo,0.0,0.0,-0.25,0.007619257783628798,"3,4"
2024-05-13,URBANA,030_ZW Parque Mutis,0.0,MR76,True,Festivo,Lunes,0.0,0.0,0.6666666666666666,-0.0016641148224112888,"1,9"
2024-05-14,URBANA,030_ZW Parque Mutis,0.0,MR76,False,Laboral,Martes,0.0,0.0,-1.6666666666666667,-0.006370793802419239,"4,3"
2024-05-15,URBANA,030_ZW Parque Mutis,0.0,MR76,False,Laboral,Miércoles,0.0,0.0,-1.25,-0.029341926473633376,"0,3"
2024-05-16,URBANA,030_ZW Parque Mutis,0.0,MR76,False,Laboral,Jueves,0.0,0.0,0.08333333333333333,-0.006413114615341597,"1,1"
2024-05-17,URBANA,030_ZW Parque Mutis,0.0,MR76,False,Laboral,Viernes,0.0,0.0,-0.08333333333333333,0.1848860285393425,"7,0"
2024-05-18,URBANA,030_ZW Parque Mutis,0.0,MR76,False,Fin de Semana,Sábado,0.0,0.0,0.0,-0.025082638944518926,"0,3"
2024-05-19,URBANA,030_ZW Parque Mutis,0.0,MR76,False,Fin de Semana,Domingo,0.0,0.0,-0.5833333333333334,-0.02248595478021139,"0,3"
2024-05-20,URBANA,030_ZW Parque Mutis,0.0,MR76,False,Laboral,Lunes,0.0,0.0,-0.25,-0.0219176467209683,"0,6"
2024-05-23,URBANA,030_ZW Parque Mutis,0.0,MR76,False,Laboral,Jueves,0.0,0.0,-0.25,5.9247490602512345,"371,2"
2024-05-24,URBANA,030_ZW Parque Mutis,0.0,MR76,False,Laboral,Viernes,0.0,0.0,-0.08333333333333333,0.3891141800418069,"29,7"
2024-05-25,URBANA,030_ZW Parque Mutis,0.0,MR76,False,Fin de Semana,Sábado,0.0,0.0,-0.8333333333333334,0.7994507363065719,"38,7"
2024-05-26,URBANA,030_ZW Parque Mutis,0.0,MR76,False,Fin de Semana,Domingo,0.0,0.0,0.3333333333333333,0.07060471907293236,"5,0"
2024-05-27,URBANA,030_ZW Parque Mutis,0.0,MR76,False,Laboral,Lunes,0.0,0.0,-0.5833333333333334,-0.017697657089567467,"0,6"
2024-05-28,URBANA,030_ZW Parque Mutis,0.0,MR76,False,Laboral,Martes,0.0,0.0,-1.25,-0.026669669429107347,"0,3"
2024-05-29,URBANA,030_ZW Parque Mutis,0.0,MR76,False,Laboral,Miércoles,0.0,0.0,-1.5833333333333333,-0.028211356185564675,"0,4"
2024-05-30,URBANA,030_ZW Parque Mutis,0.0,MR76,False,Laboral,Jueves,0.0,0.0,-0.5833333333333334,0.005817600319219846,"1,1"
2024-05-31,URBANA,030_ZW Parque Mutis,0.0,MR76,False,Laboral,Viernes,0.0,0.0,-0.25,-0.027488879450675848,"0,2"
2024-06-01,URBANA,030_ZW Parque Mutis,0.0,MR76,False,Fin de Semana,Sábado,0.0,0.0,-0.25,-0.011957141108170486,"0,7"
2024-06-02,URBANA,030_ZW Parque Mutis,0.0,MR76,False,Fin de Semana,Domingo,0.0,0.0,0.16666666666666666,-0.018583371245728245,"0,5"
2024-06-03,URBANA,030_ZW Parque Mutis,0.0,MR76,True,Festivo,Lunes,0.0,0.0,-0.4166666666666667,-0.02071452646788984,"0,6"
2024-06-04,URBANA,030_ZW Parque Mutis,0.0,MR76,False,Laboral,Martes,0.0,0.0,-0.8333333333333334,-0.027582589822146782,"0,5"
2024-06-05,URBANA,030_ZW Parque Mutis,0.0,MR76,False,Laboral,Miércoles,0.0,0.0,-2.1666666666666665,-0.024072985264799816,"1,2"
2024-06-12,URBANA,030_ZW Parque Mutis,0.0,MR76,False,Laboral,Miércoles,0.0,0.0,-1.3333333333333333,1.115538842193246,"51,3"
2024-06-13,URBANA,030_ZW Parque Mutis,0.0,MR76,False,Laboral,Jueves,0.0,0.0,-1.25,1.6713955136915386,"10985289600,0"
2024-06-14,URBANA,030_ZW Parque Mutis,0.0,MR76,False,Laboral,Viernes,0.0,0.0,-0.9166666666666666,4.173683104775753,"41838584600,0"
2024-06-18,URBANA,030_ZW Parque Mutis,0.0,MR76,False,Laboral,Martes,0.0,0.0,-1.5,0.3514547023713258,"20,2"
2024-06-19,URBANA,030_ZW Parque Mutis,0.0,MR76,False,Laboral,Miércoles,0.0,0.0,-0.5833333333333334,6.359489610996157,"300,0"
2024-06-20,URBANA,030_ZW Parque Mutis,0.0,MR76,False,Laboral,Jueves,0.0,0.0,0.08333333333333333,9.841244050525004,"654,0"
2024-06-21,URBANA,030_ZW Parque Mutis,0.0,MR76,False,Laboral,Viernes,0.0,0.0,0.25,4.21235828195637,"241,4"
2024-06-22,URBANA,030_ZW Parque Mutis,0.0,MR76,False,Fin de Semana,Sábado,0.0,0.0,0.5833333333333334,-0.0019754750889114936,"2,0"
2024-06-23,URBANA,030_ZW Parque Mutis,0.0,MR76,False,Fin de Semana,Domingo,0.0,0.0,-0.16666666666666666,-0.01781555078270832,"2,1"
2024-06-24,URBANA,030_ZW Parque Mutis,0.0,MR76,False,Laboral,Lunes,0.0,0.0,0.08333333333333333,0.04444441085649768,"5,0"
2024-06-25,URBANA,030_ZW Parque Mutis,0.0,MR76,False,Laboral,Martes,0.0,0.0,-0.25,-0.024275520583785386,"0,8"
2024-06-26,URBANA,030_ZW Parque Mutis,0.0,MR76,False,Laboral,Miércoles,0.0,0.0,0.0,-0.020131103832603046,"1,2"
2024-06-27,URBANA,030_ZW Parque Mutis,0.0,MR76,False,Laboral,Jueves,0.0,0.0,-0.9166666666666666,-0.01678473669652803,"1,7"
2024-06-28,URBANA,030_ZW Parque Mutis,0.0,MR76,False,Laboral,Viernes,0.0,0.0,0.4166666666666667,-0.022038563329317893,"0,7"
2024-06-29,URBANA,030_ZW Parque Mutis,0.0,MR76,False,Fin de Semana,Sábado,0.0,0.0,0.6666666666666666,0.013825302707171715,"2,7"
2024-06-30,URBANA,030_ZW Parque Mutis,0.0,MR76,False,Fin de Semana,Domingo,0.0,0.0,0.25,0.012271524289879432,"3,3"
2024-07-01,URBANA,030_ZW Parque Mutis,0.0,MR76,True,Festivo,Lunes,0.0,0.0,0.5833333333333334,-0.014995170892954037,"0,89"
2024-07-02,URBANA,030_ZW Parque Mutis,0.0,MR76,False,Laboral,Martes,0.0,0.0,0.16666666666666666,0.028132760390137436,"2,22"
2024-07-03,URBANA,030_ZW Parque Mutis,0.0,MR76,False,Laboral,Miércoles,0.0,0.0,-0.16666666666666666,-0.014698925202497532,"0,77"
2024-07-04,URBANA,030_ZW Parque Mutis,0.0,MR76,False,Laboral,Jueves,0.0,0.0,-0.4166666666666667,-0.014018769280531066,"0,84"
2024-07-05,URBANA,030_ZW Parque Mutis,0.0,MR76,False,Laboral,Viernes,0.0,0.0,-0.08333333333333333,0.002341247829169016,"1,42"
2024-07-06,URBANA,030_ZW Parque Mutis,0.0,MR76,False,Fin de Semana,Sábado,0.0,0.0,0.5,-0.009916673342271086,"0,96"
2024-07-07,URBANA,030_ZW Parque Mutis,0.0,MR76,False,Fin de Semana,Domingo,0.0,0.0,1.0833333333333333,0.000306825893687095,"1,3"
2024-07-08,URBANA,030_ZW Parque Mutis,0.0,MR76,False,Laboral,Lunes,0.0,0.0,0.0,-0.01821155267505324,"0,96"
2024-07-09,URBANA,030_ZW Parque Mutis,0.0,MR76,False,Laboral,Martes,0.0,0.0,0.0,-0.018565233754475805,"0,89"
2024-07-10,URBANA,030_ZW Parque Mutis,0.0,MR76,False,Laboral,Miércoles,0.0,0.0,0.0,-0.018290148470480477,"0,77"
2024-07-11,URBANA,030_ZW Parque Mutis,0.0,MR76,False,Laboral,Jueves,0.0,0.0,-0.75,-0.027482833620258367,"0,3"
2024-07-12,URBANA,030_ZW Parque Mutis,0.0,MR76,False,Laboral,Viernes,0.0,0.0,-0.5,-0.02474407244114006,"0,5"
2024-07-13,URBANA,030_ZW Parque Mutis,0.0,MR76,False,Fin de Semana,Sábado,0.0,0.0,0.08333333333333333,-0.005209994362263136,"1,36"
2024-07-14,URBANA,030_ZW Parque Mutis,0.0,MR76,False,Fin de Semana,Domingo,0.0,0.0,-0.5833333333333334,0.047234561594164566,"4,24"
2024-07-15,URBANA,030_ZW Parque Mutis,0.0,MR76,False,Laboral,Lunes,0.0,0.0,0.5833333333333334,-0.01620433697644998,"1,07"
2024-07-16,URBANA,030_ZW Parque Mutis,0.0,MR76,False,Laboral,Martes,0.0,0.0,0.16666666666666666,-0.018510821280718487,"0,83"
2024-07-17,URBANA,030_ZW Parque Mutis,0.0,MR76,False,Laboral,Miércoles,0.0,0.0,-0.25,-0.021267719951089233,"0,95"
2024-07-18,URBANA,030_ZW Parque Mutis,0.0,MR76,False,Laboral,Jueves,0.0,0.0,0.5,0.027552360670059384,"3,43"
2024-07-19,URBANA,030_ZW Parque Mutis,0.0,MR76,False,Laboral,Viernes,0.0,0.0,0.08333333333333333,-0.02664246319222869,"0,35"
2024-07-20,URBANA,030_ZW Parque Mutis,0.0,MR76,True,Festivo,Sábado,0.0,0.0,0.8333333333333334,0.006449389597846475,"1,73"
2024-07-21,URBANA,030_ZW Parque Mutis,0.0,MR76,False,Fin de Semana,Domingo,0.0,0.0,0.25,-0.007129545519812942,"1,37"
2024-07-22,URBANA,030_ZW Parque Mutis,0.0,MR76,False,Laboral,Lunes,0.0,0.0,-0.3333333333333333,-0.02583232191628641,"0,4"
2024-07-23,URBANA,030_ZW Parque Mutis,0.0,MR76,False,Laboral,Martes,0.0,0.0,-0.5,-0.020233882949700202,"0,67"
2024-07-24,URBANA,030_ZW Parque Mutis,0.0,MR76,False,Laboral,Miércoles,0.0,0.0,-0.25,-0.027624910635069142,"0,35"
2024-07-25,URBANA,030_ZW Parque Mutis,0.0,MR76,False,Laboral,Jueves,0.0,0.0,0.8333333333333334,-0.02341096683408579,"0,57"
2024-07-26,URBANA,030_ZW Parque Mutis,0.0,MR76,False,Laboral,Viernes,0.0,0.0,0.3333333333333333,-0.012398486728646504,"0,95"
2024-07-27,URBANA,030_ZW Parque Mutis,0.0,MR76,False,Fin de Semana,Sábado,0.0,0.0,0.4166666666666667,-0.020953336769380288,"0,75"
2024-07-28,URBANA,030_ZW Parque Mutis,0.0,MR76,False,Fin de Semana,Domingo,0.0,0.0,-0.16666666666666666,-0.02134933866172521,"0,9"
2024-07-29,URBANA,030_ZW Parque Mutis,0.0,MR76,False,Laboral,Lunes,0.0,0.0,-0.6666666666666666,-0.015899022540367253,"0,97"
2024-07-30,URBANA,030_ZW Parque Mutis,0.0,MR76,False,Laboral,Martes,0.0,0.0,-0.5,-0.023997412384581317,"0,5"
2024-07-31,URBANA,030_ZW Parque Mutis,0.0,MR76,False,Laboral,Miércoles,0.0,0.0,-0.3333333333333333,-0.024275520583785386,"0,55"
2024-08-01,URBANA,030_ZW Parque Mutis,0.0,MR76,False,Laboral,Jueves,0.0,0.0,0.6666666666666666,-0.026074155132985596,"0,4"
2024-08-02,URBANA,030_ZW Parque Mutis,0.0,MR76,False,Laboral,Viernes,0.0,0.0,-0.3333333333333333,0.031415646306828915,"3,62"
2024-08-03,URBANA,030_ZW Parque Mutis,0.0,MR76,False,Fin de Semana,Sábado,0.0,0.0,0.0,-0.022573619321264848,"0,79"
2024-08-04,URBANA,030_ZW Parque Mutis,0.0,MR76,False,Fin de Semana,Domingo,0.0,0.0,0.9166666666666666,0.006243831363652165,"2,14"
2024-08-05,URBANA,030_ZW Parque Mutis,0.0,MR76,False,Laboral,Lunes,0.0,0.0,-0.08333333333333333,0.06622451493546831,"4,8"
2024-08-06,URBANA,030_ZW Parque Mutis,0.0,MR76,False,Laboral,Martes,0.0,0.0,-0.6666666666666666,-0.01945699374105406,"0,47"
2024-08-07,URBANA,030_ZW Parque Mutis,0.0,MR76,True,Festivo,Miércoles,0.0,0.0,-0.16666666666666666,-0.016313161923964613,"0,71"
2024-08-08,URBANA,030_ZW Parque Mutis,0.0,MR76,False,Laboral,Jueves,0.0,0.0,0.9166666666666666,-0.006527985393273711,"1,15"
2024-08-09,URBANA,030_ZW Parque Mutis,0.0,MR76,False,Laboral,Viernes,0.0,0.0,-0.25,-0.010998876986999953,"1,42"
2024-08-10,URBANA,030_ZW Parque Mutis,0.0,MR76,False,Fin de Semana,Sábado,0.0,0.0,-0.08333333333333333,-0.007344172499633471,"1,69"
2024-08-11,URBANA,030_ZW Parque Mutis,0.0,MR76,False,Fin de Semana,Domingo,0.0,0.0,0.5,0.0015462211292704346,"2,06"
2024-08-12,URBANA,030_ZW Parque Mutis,0.0,MR76,False,Laboral,Lunes,0.0,0.0,-0.4166666666666667,-0.023014964941740868,"0,8"
2024-08-13,URBANA,030_ZW Parque Mutis,0.0,MR76,False,Laboral,Martes,0.0,0.0,-0.5,-0.017697657089567467,"0,62"
2024-08-14,URBANA,030_ZW Parque Mutis,0.0,MR76,False,Laboral,Miércoles,0.0,0.0,-0.4166666666666667,-0.02091706178687541,"0,59"
2024-08-15,URBANA,030_ZW Parque Mutis,0.0,MR76,False,Laboral,Jueves,0.0,0.0,-0.16666666666666666,-0.0203094558299187,"0,69"
2024-08-16,URBANA,030_ZW Parque Mutis,0.0,MR76,False,Laboral,Viernes,0.0,0.0,0.8333333333333334,9.276070754353375,"419,64"
2024-08-17,URBANA,030_ZW Parque Mutis,0.0,MR76,False,Fin de Semana,Sábado,0.0,0.0,0.6666666666666666,1.3056106817731816,"64,29"
2024-08-18,URBANA,030_ZW Parque Mutis,0.0,MR76,False,Fin de Semana,Domingo,0.0,0.0,0.08333333333333333,0.7550410889749748,"39,51"
2024-08-19,URBANA,030_ZW Parque Mutis,0.0,MR76,True,Festivo,Lunes,0.0,0.0,0.4166666666666667,14.203492071649137,"646,55"
2024-08-20,URBANA,030_ZW Parque Mutis,0.0,MR76,False,Laboral,Martes,0.0,0.0,-0.5,0.5724056208085392,"49,69"
2024-08-21,URBANA,030_ZW Parque Mutis,0.0,MR76,False,Laboral,Miércoles,0.0,0.0,0.0,-0.013405117493156876,"2,01"
2024-08-22,URBANA,030_ZW Parque Mutis,0.0,MR76,False,Laboral,Jueves,0.0,0.0,-0.08333333333333333,-0.01620735989165872,"1,59"
2024-08-23,URBANA,030_ZW Parque Mutis,0.0,MR76,False,Laboral,Viernes,0.0,0.0,0.08333333333333333,-0.013559286168802608,"2,79"
2024-08-24,URBANA,030_ZW Parque Mutis,0.0,MR76,False,Fin de Semana,Sábado,0.0,0.0,0.5,-0.008317551196847704,"5,82"
2024-08-25,URBANA,030_ZW Parque Mutis,0.0,MR76,False,Fin de Semana,Domingo,0.0,0.0,0.16666666666666666,0.004980252806398907,"12,42"
2024-08-26,URBANA,030_ZW Parque Mutis,0.0,MR76,False,Laboral,Lunes,0.0,0.0,0.08333333333333333,0.022839635859633955,"25,25"
2024-08-27,URBANA,030_ZW Parque Mutis,0.0,MR76,False,Laboral,Martes,0.0,0.0,-0.08333333333333333,-0.01806645274503373,"5,76"
2024-08-28,URBANA,030_ZW Parque Mutis,0.0,MR76,False,Laboral,Miércoles,0.0,0.0,-0.5833333333333334,-0.01575694552555648,"10,87"
2024-08-29,URBANA,030_ZW Parque Mutis,0.0,MR76,False,Laboral,Jueves,0.0,0.0,0.3333333333333333,0.007177912163152779,"39,17"
2024-08-30,URBANA,030_ZW Parque Mutis,0.0,MR76,False,Laboral,Viernes,0.0,0.0,0.3333333333333333,-0.00014056555720640314,"27,2"
2024-08-31,URBANA,030_ZW Parque Mutis,0.0,MR76,False,Fin de Semana,Sábado,0.0,0.0,0.25,-0.02458083501986811,"4,58"
2024-09-01,URBANA,030_ZW Parque Mutis,0.0,MR76,False,Fin de Semana,Domingo,0.0,0.0,0.08333333333333333,-0.0035201847605775584,"23,55"
2024-09-02,URBANA,030_ZW Parque Mutis,0.0,MR76,False,Laboral,Lunes,0.0,0.0,0.4166666666666667,-0.011763674534811136,"14,68"
2024-09-03,URBANA,030_ZW Parque Mutis,0.0,MR76,False,Laboral,Martes,0.0,0.0,-0.08333333333333333,-0.016808920018197948,"31,66"
2024-09-04,URBANA,030_ZW Parque Mutis,0.0,MR76,False,Laboral,Miércoles,0.0,0.0,-2.0833333333333335,-0.029816524161405535,"202,29"
2024-10-25,URBANA,030_ZW Parque Mutis,0.0,MR76,False,Laboral,Viernes,0.0,0.0,-0.5,0.9373500822988665,"71,8"
2024-10-26,URBANA,030_ZW Parque Mutis,0.0,MR76,False,Fin de Semana,Sábado,0.0,0.0,-0.5833333333333334,9.821595101668196,"422,21"
2024-10-27,URBANA,030_ZW Parque Mutis,0.0,MR76,False,Fin de Semana,Domingo,0.0,0.0,-0.75,6.039734708961281,"201,85"
2024-10-28,URBANA,030_ZW Parque Mutis,0.0,MR76,False,Laboral,Lunes,0.0,0.0,-0.75,1.6225935705616426,"91,02"
2024-10-29,URBANA,030_ZW Parque Mutis,0.0,MR76,False,Laboral,Martes,0.0,0.0,-0.6666666666666666,4.395685997705607,"231,16"
2024-10-30,URBANA,030_ZW Parque Mutis,0.0,MR76,False,Laboral,Miércoles,0.0,0.0,0.25,0.9118397008523109,"63,88"
2024-10-31,URBANA,030_ZW Parque Mutis,0.0,MR76,False,Laboral,Jueves,0.0,0.0,3.9166666666666665,0.07201339756020514,"7,49"
2024-11-01,URBANA,030_ZW Parque Mutis,0.0,MR76,False,Laboral,Viernes,0.0,0.0,-0.9166666666666666,-0.022845681690051436,"0,68"
2024-11-02,URBANA,030_ZW Parque Mutis,0.0,MR76,False,Fin de Semana,Sábado,0.0,0.0,-1.1666666666666667,-0.026851044341631738,"0,4"
2024-11-03,URBANA,030_ZW Parque Mutis,0.0,MR76,False,Fin de Semana,Domingo,0.0,0.0,-0.3333333333333333,0.019384443776044303,"3,02"
2024-11-04,URBANA,030_ZW Parque Mutis,0.0,MR76,True,Festivo,Lunes,0.0,0.0,-1.0833333333333333,2.6817535326542856,"135,44"
2024-11-05,URBANA,030_ZW Parque Mutis,0.0,MR76,False,Laboral,Martes,0.0,0.0,0.4166666666666667,4.431147816019335,"202,3"
2024-11-06,URBANA,030_ZW Parque Mutis,0.0,MR76,False,Laboral,Miércoles,0.0,0.0,-1.0,2.4079771709443434,"129,03"
2024-11-07,URBANA,030_ZW Parque Mutis,0.0,MR76,False,Laboral,Jueves,0.0,0.0,0.5,2.2431285358661333,"84,71"
2024-11-08,URBANA,030_ZW Parque Mutis,0.0,MR76,False,Laboral,Viernes,0.0,0.0,6.666666666666667,32.63568128195788,"873,93"
2024-11-09,URBANA,030_ZW Parque Mutis,0.0,MR76,False,Fin de Semana,Sábado,0.0,0.0,1.8333333333333333,14.95993730473857,"297,89"
2024-11-10,URBANA,030_ZW Parque Mutis,0.0,MR76,False,Fin de Semana,Domingo,0.0,0.0,2.8333333333333335,9.194730151916604,"157,6"
2024-11-11,URBANA,030_ZW Parque Mutis,0.0,MR76,True,Festivo,Lunes,0.0,0.0,0.25,14.021944852957846,"264,77"
2024-11-12,URBANA,030_ZW Parque Mutis,0.0,MR76,False,Laboral,Martes,0.0,0.0,0.25,51.91375471763705,"899,03"
2024-11-13,URBANA,030_ZW Parque Mutis,0.0,MR76,False,Laboral,Miércoles,0.0,0.0,1.0833333333333333,4.957122970679234,"101,92"
2024-11-14,URBANA,030_ZW Parque Mutis,0.0,MR76,False,Laboral,Jueves,0.0,0.0,1.0,12.255268563344432,"211,77"
2024-11-15,URBANA,030_ZW Parque Mutis,0.0,MR76,False,Laboral,Viernes,0.0,0.0,0.16666666666666666,5.198478566775441,"95,03"
2024-11-16,URBANA,030_ZW Parque Mutis,0.0,MR76,False,Fin de Semana,Sábado,0.0,0.0,0.08333333333333333,3.6862833710945826,"66,84"
2024-11-17,URBANA,030_ZW Parque Mutis,0.0,MR76,False,Fin de Semana,Domingo,0.0,0.0,0.8333333333333334,14.769889648480305,"285,07"
2024-11-18,URBANA,030_ZW Parque Mutis,0.0,MR76,False,Laboral,Lunes,0.0,0.0,0.25,8.231853062137533,"170,12"
2024-11-19,URBANA,030_ZW Parque Mutis,0.0,MR76,False,Laboral,Martes,0.0,0.0,0.25,11.459096178581738,"237,98"
2024-11-20,URBANA,030_ZW Parque Mutis,0.0,MR76,False,Laboral,Miércoles,0.0,0.0,1.6666666666666667,12.201663207947849,"212,11"
2024-11-21,URBANA,030_ZW Parque Mutis,0.0,MR76,False,Laboral,Jueves,0.0,0.0,0.8333333333333334,6.432882969349151,"118,49"
2024-11-22,URBANA,030_ZW Parque Mutis,0.0,MR76,False,Laboral,Viernes,0.0,0.0,0.8333333333333334,7.592959932770365,"124,98"
2024-11-23,URBANA,030_ZW Parque Mutis,0.0,MR76,False,Fin de Semana,Sábado,0.0,0.0,0.6666666666666666,12.114279798008805,"209,7"
2024-11-24,URBANA,030_ZW Parque Mutis,0.0,MR76,False,Fin de Semana,Domingo,0.0,0.0,1.0833333333333333,4.1301682403459425,"186,07"
2024-11-25,URBANA,030_ZW Parque Mutis,0.0,MR76,False,Laboral,Lunes,0.0,0.0,-1.8333333333333333,0.15055780342889272,"14,87"
2024-11-26,URBANA,030_ZW Parque Mutis,0.0,MR76,False,Laboral,Martes,0.0,0.0,-1.5833333333333333,0.15638598395134315,"8,01"
2024-11-27,URBANA,030_ZW Parque Mutis,0.0,MR76,False,Laboral,Miércoles,0.0,0.0,1.3333333333333333,32.45716907013617,"553,45"
2024-11-28,URBANA,030_ZW Parque Mutis,0.0,MR76,False,Laboral,Jueves,0.0,0.0,0.8333333333333334,2.940354860016354,"46,74"
2024-11-29,URBANA,030_ZW Parque Mutis,0.0,MR76,False,Laboral,Viernes,0.0,0.0,0.9166666666666666,10.569688020035882,"157,84"
2024-11-30,URBANA,030_ZW Parque Mutis,0.0,MR76,False,Fin de Semana,Sábado,0.0,0.0,1.6666666666666667,10.661862750580777,"155,24"
2024-12-01,URBANA,030_ZW Parque Mutis,0.0,MR76,False,Fin de Semana,Domingo,0.0,0.0,1.75,3.6530161892224005,"50,47"
2024-12-02,URBANA,030_ZW Parque Mutis,0.0,MR76,False,Laboral,Lunes,0.0,0.0,-0.08333333333333333,1.3852584516930593,"22,51"
