FECHA.CONEXION,AREA,NOMBRE.ZONA,COMUNA,MODEL,es_festivo,tipo_dia,dia_semana,LATITUD,LONGITUD,NUMERO.CONEXIONES,USAGE.KB,PORCENTAJE.USO
2024-01-01,URBANA,035_ZW Parque Colseguros,0.0,MR76,True,Festivo,Lunes,0.0,-7.652.952,-0.40476190476190477,1.7887362037526973,"894,4"
2024-01-02,URBANA,035_ZW Parque Colseguros,0.0,MR76,False,Laboral,Martes,0.0,-7.652.952,-1.2380952380952381,0.9837776687169663,"539,7"
2024-01-03,URBANA,035_ZW Parque Colseguros,0.0,MR76,False,Laboral,Miércoles,0.0,-7.652.952,-0.5952380952380952,-0.09336108155104145,"13,5"
2024-01-04,URBANA,035_ZW Parque Colseguros,0.0,MR76,False,Laboral,Jueves,0.0,-7.652.952,-0.5,-0.12708972207851985,"2,5"
2024-01-05,URBANA,035_ZW Parque Colseguros,0.0,MR76,False,Laboral,Viernes,0.0,-7.652.952,0.11904761904761904,-0.10278314885882832,"11,5"
2024-01-06,URBANA,035_ZW Parque Colseguros,0.0,MR76,False,Fin de Semana,Sábado,0.0,-7.652.952,-0.9761904761904762,-0.09252583200394979,"21,700000000000003"
2024-01-07,URBANA,035_ZW Parque Colseguros,0.0,MR76,False,Fin de Semana,Domingo,0.0,-7.652.952,-0.42857142857142855,1.190976600226995,"536,7"
2024-01-08,URBANA,035_ZW Parque Colseguros,0.0,MR76,True,Festivo,Lunes,0.0,-7.652.952,-0.7142857142857143,1.1881273592050057,"341,0"
2024-01-09,URBANA,035_ZW Parque Colseguros,0.0,MR76,False,Laboral,Martes,0.0,-7.652.952,-0.2619047619047619,2.067237219723003,"690,7"
2024-01-10,URBANA,035_ZW Parque Colseguros,0.0,MR76,False,Laboral,Miércoles,0.0,-7.652.952,0.40476190476190477,3.01023199136081,"1059,9"
2024-01-11,URBANA,035_ZW Parque Colseguros,0.0,MR76,False,Laboral,Jueves,0.0,-7.652.952,0.21428571428571427,2.617444888774364,"1039,8"
2024-01-12,URBANA,035_ZW Parque Colseguros,0.0,MR76,False,Laboral,Viernes,0.0,-7.652.952,0.38095238095238093,0.13854963108377377,"95,3"
2024-01-13,URBANA,035_ZW Parque Colseguros,0.0,MR76,False,Fin de Semana,Sábado,0.0,-7.652.952,0.5,0.16632997692675375,"135,4"
2024-01-14,URBANA,035_ZW Parque Colseguros,0.0,MR76,False,Fin de Semana,Domingo,0.0,-7.652.952,1.0714285714285714,0.0,"68,6"
2024-01-15,URBANA,035_ZW Parque Colseguros,0.0,MR76,False,Laboral,Lunes,0.0,-7.652.952,0.21428571428571427,-0.09856461000706163,"20,5"
2024-01-16,URBANA,035_ZW Parque Colseguros,0.0,MR76,False,Laboral,Martes,0.0,-7.652.952,-0.09523809523809523,-0.09477980097603962,"18,4"
2024-01-17,URBANA,035_ZW Parque Colseguros,0.0,MR76,False,Laboral,Miércoles,0.0,-7.652.952,-0.14285714285714285,-0.0835438873600705,"20,3"
2024-01-18,URBANA,035_ZW Parque Colseguros,0.0,MR76,False,Laboral,Jueves,0.0,-7.652.952,0.9285714285714286,-0.03752574348765984,"32,5"
2024-01-19,URBANA,035_ZW Parque Colseguros,0.0,MR76,False,Laboral,Viernes,0.0,-7.652.952,0.42857142857142855,0.6405727200662495,"205,1"
2024-01-20,URBANA,035_ZW Parque Colseguros,0.0,MR76,False,Fin de Semana,Sábado,0.0,-7.652.952,0.30952380952380953,1.478274414268039,"506,20000000000005"
2024-01-21,URBANA,035_ZW Parque Colseguros,0.0,MR76,False,Fin de Semana,Domingo,0.0,-7.652.952,0.5238095238095238,0.8325856985213845,"303,5"
2024-01-22,URBANA,035_ZW Parque Colseguros,0.0,MR76,False,Laboral,Lunes,0.0,-7.652.952,0.19047619047619047,1.241760116920184,"533,4"
2024-01-23,URBANA,035_ZW Parque Colseguros,0.0,MR76,False,Laboral,Martes,0.0,-7.652.952,0.0,1.2975086598437,"538,9"
2024-01-24,URBANA,035_ZW Parque Colseguros,0.0,MR76,False,Laboral,Miércoles,0.0,-7.652.952,-0.30952380952380953,1.327611328904896,"475,2"
2024-01-25,URBANA,035_ZW Parque Colseguros,0.0,MR76,False,Laboral,Jueves,0.0,-7.652.952,-0.16666666666666666,2.4521296527604295,"703,5"
2024-01-26,URBANA,035_ZW Parque Colseguros,0.0,MR76,False,Laboral,Viernes,0.0,-7.652.952,0.3333333333333333,4.623439654511086,"1404,4"
2024-01-27,URBANA,035_ZW Parque Colseguros,0.0,MR76,False,Fin de Semana,Sábado,0.0,-7.652.952,0.5952380952380952,1.7874986968435091,"629,4"
2024-01-28,URBANA,035_ZW Parque Colseguros,0.0,MR76,False,Fin de Semana,Domingo,0.0,-7.652.952,0.5952380952380952,0.18384980949327376,"125,5"
2024-01-29,URBANA,035_ZW Parque Colseguros,0.0,MR76,False,Laboral,Lunes,0.0,-7.652.952,1.0,0.0026222950897063424,"47,5"
2024-01-30,URBANA,035_ZW Parque Colseguros,0.0,MR76,False,Laboral,Martes,0.0,-7.652.952,0.7857142857142857,0.3343820874501604,"210,20000000000002"
2024-01-31,URBANA,035_ZW Parque Colseguros,0.0,MR76,False,Laboral,Miércoles,0.0,-7.652.952,0.6666666666666666,0.036243486676331337,"66,1"
2024-02-01,URBANA,035_ZW Parque Colseguros,0.0,MR76,False,Laboral,Jueves,0.0,-7.652.952,0.5,-0.03173210643198703,"29,8"
2024-02-02,URBANA,035_ZW Parque Colseguros,0.0,MR76,False,Laboral,Viernes,0.0,-7.652.952,-0.14285714285714285,0.7452697878166179,"374,20000000000005"
2024-02-03,URBANA,035_ZW Parque Colseguros,0.0,MR76,False,Fin de Semana,Sábado,0.0,-7.652.952,0.9761904761904762,2.9534092049073433,"707,6"
2024-02-04,URBANA,035_ZW Parque Colseguros,0.0,MR76,False,Fin de Semana,Domingo,0.0,-7.652.952,-0.4523809523809524,2.3562006152865664,"633,0999999999999"
2024-02-05,URBANA,035_ZW Parque Colseguros,0.0,MR76,False,Laboral,Lunes,0.0,-7.652.952,-0.7142857142857143,1.7731401252210448,"515,1"
2024-02-06,URBANA,035_ZW Parque Colseguros,0.0,MR76,False,Laboral,Martes,0.0,-7.652.952,-0.21428571428571427,1.3318160985560044,"398,8"
2024-02-07,URBANA,035_ZW Parque Colseguros,0.0,MR76,False,Laboral,Miércoles,0.0,-7.652.952,0.14285714285714285,2.7762792570926136,"716,9"
2024-02-08,URBANA,035_ZW Parque Colseguros,0.0,MR76,False,Laboral,Jueves,0.0,-7.652.952,-0.38095238095238093,2.0466584117030338,"652,6"
2024-02-09,URBANA,035_ZW Parque Colseguros,0.0,MR76,False,Laboral,Viernes,0.0,-7.652.952,-0.023809523809523808,1.0381419152171305,"396,0"
2024-02-10,URBANA,035_ZW Parque Colseguros,0.0,MR76,False,Fin de Semana,Sábado,0.0,-7.652.952,1.3571428571428572,2.4971709210218322,"669,8"
2024-02-11,URBANA,035_ZW Parque Colseguros,0.0,MR76,False,Fin de Semana,Domingo,0.0,-7.652.952,0.6190476190476191,0.762954113155291,"271,3"
2024-02-12,URBANA,035_ZW Parque Colseguros,0.0,MR76,False,Laboral,Lunes,0.0,-7.652.952,0.8333333333333334,-0.12480354301203231,"3,4000000000000004"
2024-02-13,URBANA,035_ZW Parque Colseguros,0.0,MR76,False,Laboral,Martes,0.0,-7.652.952,0.21428571428571427,-0.08188051874479967,"24,2"
2024-02-14,URBANA,035_ZW Parque Colseguros,0.0,MR76,False,Laboral,Miércoles,0.0,-7.652.952,0.5714285714285714,-0.10456896500852707,"15,5"
2024-02-15,URBANA,035_ZW Parque Colseguros,0.0,MR76,False,Laboral,Jueves,0.0,-7.652.952,0.0,-0.12228279577718286,"3,9000000000000004"
2024-02-16,URBANA,035_ZW Parque Colseguros,0.0,MR76,False,Laboral,Viernes,0.0,-7.652.952,0.07142857142857142,-0.11966541825914029,"5,4"
2024-02-17,URBANA,035_ZW Parque Colseguros,0.0,MR76,False,Fin de Semana,Sábado,0.0,-7.652.952,0.8095238095238095,-0.09783312122207558,"13,700000000000001"
2024-02-18,URBANA,035_ZW Parque Colseguros,0.0,MR76,False,Fin de Semana,Domingo,0.0,-7.652.952,-0.30952380952380953,-0.050438303162391986,"26,099999999999998"
2024-02-19,URBANA,035_ZW Parque Colseguros,0.0,MR76,False,Laboral,Lunes,0.0,-7.652.952,-0.09523809523809523,2.0285135557780483,"600,0"
2024-02-20,URBANA,035_ZW Parque Colseguros,0.0,MR76,False,Laboral,Martes,0.0,-7.652.952,-0.14285714285714285,1.6054374081643492,"579,2"
2024-02-21,URBANA,035_ZW Parque Colseguros,0.0,MR76,False,Laboral,Miércoles,0.0,-7.652.952,0.23809523809523808,2.545829800877688,"944,5"
2024-02-22,URBANA,035_ZW Parque Colseguros,0.0,MR76,False,Laboral,Jueves,0.0,-7.652.952,0.38095238095238093,1.8980508712953474,"539,8"
2024-02-23,URBANA,035_ZW Parque Colseguros,0.0,MR76,False,Laboral,Viernes,0.0,-7.652.952,0.2857142857142857,1.6097776569147941,"498,3"
2024-02-24,URBANA,035_ZW Parque Colseguros,0.0,MR76,False,Fin de Semana,Sábado,0.0,-7.652.952,0.7857142857142857,1.5038671783563902,"530,3"
2024-02-25,URBANA,035_ZW Parque Colseguros,0.0,MR76,False,Fin de Semana,Domingo,0.0,-7.652.952,0.8571428571428571,1.9496745551072916,"482,3"
2024-02-26,URBANA,035_ZW Parque Colseguros,0.0,MR76,False,Laboral,Lunes,0.0,-7.652.952,0.19047619047619047,3.261136578668361,"1240,2"
2024-02-27,URBANA,035_ZW Parque Colseguros,0.0,MR76,False,Laboral,Martes,0.0,-7.652.952,0.6904761904761905,2.065359936740358,"769,7"
2024-02-28,URBANA,035_ZW Parque Colseguros,0.0,MR76,False,Laboral,Miércoles,0.0,-7.652.952,0.5952380952380952,0.8660660016798425,"237,10000000000002"
2024-02-29,URBANA,035_ZW Parque Colseguros,0.0,MR76,False,Laboral,Jueves,0.0,-7.652.952,0.2619047619047619,1.3170383039492035,"745,1"
2024-03-01,URBANA,035_ZW Parque Colseguros,0.0,MR76,False,Laboral,Viernes,0.0,-7.652.952,0.38095238095238093,0.07097432830888645,"69,4"
2024-03-02,URBANA,035_ZW Parque Colseguros,0.0,MR76,False,Fin de Semana,Sábado,0.0,-7.652.952,-0.47619047619047616,-0.04899401236474219,"33,4"
2024-03-03,URBANA,035_ZW Parque Colseguros,0.0,MR76,False,Fin de Semana,Domingo,0.0,-7.652.952,-0.42857142857142855,-0.014300052519665369,"34,8"
2024-03-04,URBANA,035_ZW Parque Colseguros,0.0,MR76,False,Laboral,Lunes,0.0,-7.652.952,-0.07142857142857142,-0.005970915514151787,"36,5"
2024-03-05,URBANA,035_ZW Parque Colseguros,0.0,MR76,False,Laboral,Martes,0.0,-7.652.952,-0.2619047619047619,-0.10009127013007961,"9,899999999999999"
2024-03-06,URBANA,035_ZW Parque Colseguros,0.0,MR76,False,Laboral,Miércoles,0.0,-7.652.952,0.42857142857142855,-0.015333726083390214,"39,7"
2024-03-07,URBANA,035_ZW Parque Colseguros,0.0,MR76,False,Laboral,Jueves,0.0,-7.652.952,1.0476190476190477,-0.046723323648995535,"33,0"
2024-03-08,URBANA,035_ZW Parque Colseguros,0.0,MR76,False,Laboral,Viernes,0.0,-7.652.952,0.8571428571428571,-0.09938559859632834,"12,9"
2024-03-09,URBANA,035_ZW Parque Colseguros,0.0,MR76,False,Fin de Semana,Sábado,0.0,-7.652.952,0.7380952380952381,-0.06506193189753354,"28,1"
2024-03-10,URBANA,035_ZW Parque Colseguros,0.0,MR76,False,Fin de Semana,Domingo,0.0,-7.652.952,0.5714285714285714,-0.03696268153215797,"41,1"
2024-03-11,URBANA,035_ZW Parque Colseguros,0.0,MR76,False,Laboral,Lunes,0.0,-7.652.952,-0.023809523809523808,-0.047789453185701276,"37,099999999999994"
2024-03-12,URBANA,035_ZW Parque Colseguros,0.0,MR76,False,Laboral,Martes,0.0,-7.652.952,0.16666666666666666,0.7776419162006448,"420,2"
2024-03-13,URBANA,035_ZW Parque Colseguros,0.0,MR76,False,Laboral,Miércoles,0.0,-7.652.952,-0.30952380952380953,0.9046293527885582,"570,3"
2024-03-14,URBANA,035_ZW Parque Colseguros,0.0,MR76,False,Laboral,Jueves,0.0,-7.652.952,0.6666666666666666,1.072489923895661,"505,6"
2024-03-15,URBANA,035_ZW Parque Colseguros,0.0,MR76,False,Laboral,Viernes,0.0,-7.652.952,0.9761904761904762,1.3367317031911106,"458,9"
2024-03-16,URBANA,035_ZW Parque Colseguros,0.0,MR76,False,Fin de Semana,Sábado,0.0,-7.652.952,0.8095238095238095,-0.05138788625066633,"29,5"
2024-03-17,URBANA,035_ZW Parque Colseguros,0.0,MR76,False,Fin de Semana,Domingo,0.0,-7.652.952,0.19047619047619047,-0.10559845863633771,"8,7"
2024-03-18,URBANA,035_ZW Parque Colseguros,0.0,MR76,False,Laboral,Lunes,0.0,-7.652.952,-0.19047619047619047,-0.11405569838369255,"6,5"
2024-03-19,URBANA,035_ZW Parque Colseguros,0.0,MR76,False,Laboral,Martes,0.0,-7.652.952,0.19047619047619047,-0.08752072756456279,"24,8"
2024-03-20,URBANA,035_ZW Parque Colseguros,0.0,MR76,False,Laboral,Miércoles,0.0,-7.652.952,-0.5952380952380952,-0.11062175809088066,"14,200000000000001"
2024-03-21,URBANA,035_ZW Parque Colseguros,0.0,MR76,False,Laboral,Jueves,0.0,-7.652.952,0.07142857142857142,-0.10231524191502042,"14,6"
2024-03-22,URBANA,035_ZW Parque Colseguros,0.0,MR76,False,Laboral,Viernes,0.0,-7.652.952,-0.4523809523809524,0.22229710591072444,"148,3"
2024-03-23,URBANA,035_ZW Parque Colseguros,0.0,MR76,False,Fin de Semana,Sábado,0.0,-7.652.952,-0.6190476190476191,0.7786950141724416,"475,5"
2024-03-24,URBANA,035_ZW Parque Colseguros,0.0,MR76,True,Festivo,Domingo,0.0,-7.652.952,0.11904761904761904,0.6825488659096229,"364,9"
2024-03-25,URBANA,035_ZW Parque Colseguros,0.0,MR76,True,Festivo,Lunes,0.0,-7.652.952,-0.8095238095238095,0.12566731447477383,"150,2"
2024-03-26,URBANA,035_ZW Parque Colseguros,0.0,MR76,False,Laboral,Martes,0.0,-7.652.952,-0.6428571428571429,0.5967689587140353,"381,4"
2024-03-27,URBANA,035_ZW Parque Colseguros,0.0,MR76,False,Laboral,Miércoles,0.0,-7.652.952,-0.42857142857142855,0.7482235272364625,"444,0"
2024-03-28,URBANA,035_ZW Parque Colseguros,0.0,MR76,True,Festivo,Jueves,0.0,-7.652.952,-0.5476190476190477,-0.07297061652579463,"38,599999999999994"
2024-03-29,URBANA,035_ZW Parque Colseguros,0.0,MR76,True,Festivo,Viernes,0.0,-7.652.952,-0.7857142857142857,-0.09030604015492318,"17,7"
2024-03-30,URBANA,035_ZW Parque Colseguros,0.0,MR76,False,Fin de Semana,Sábado,0.0,-7.652.952,-0.23809523809523808,-0.08970289999036156,"28,5"
2024-03-31,URBANA,035_ZW Parque Colseguros,0.0,MR76,True,Festivo,Domingo,0.0,-7.652.952,-0.2619047619047619,-0.11518157641611311,"9,8"
2024-04-01,URBANA,035_ZW Parque Colseguros,0.0,MR76,False,Laboral,Lunes,0.0,-7.652.952,-0.19047619047619047,-0.07443334821718357,"22,900000000000002"
2024-04-02,URBANA,035_ZW Parque Colseguros,0.0,MR76,False,Laboral,Martes,0.0,-7.652.952,-0.6666666666666666,-0.09532958548804932,"22,099999999999998"
2024-04-03,URBANA,035_ZW Parque Colseguros,0.0,MR76,False,Laboral,Miércoles,0.0,-7.652.952,-0.5238095238095238,-0.09615278698456473,"16,799999999999997"
2024-04-04,URBANA,035_ZW Parque Colseguros,0.0,MR76,False,Laboral,Jueves,0.0,-7.652.952,-0.047619047619047616,-0.08763825752732694,"16,3"
2024-04-05,URBANA,035_ZW Parque Colseguros,0.0,MR76,False,Laboral,Viernes,0.0,-7.652.952,-0.3333333333333333,-0.12412860630117963,"3,4"
2024-04-06,URBANA,035_ZW Parque Colseguros,0.0,MR76,False,Fin de Semana,Sábado,0.0,-7.652.952,0.023809523809523808,-0.0874366370891123,"15,5"
2024-04-07,URBANA,035_ZW Parque Colseguros,0.0,MR76,False,Fin de Semana,Domingo,0.0,-7.652.952,-0.5476190476190477,-0.11925234223938345,"4,8"
2024-04-08,URBANA,035_ZW Parque Colseguros,0.0,MR76,False,Laboral,Lunes,0.0,-7.652.952,0.16666666666666666,-0.10737099734254427,"15,0"
2024-04-09,URBANA,035_ZW Parque Colseguros,0.0,MR76,False,Laboral,Martes,0.0,-7.652.952,0.16666666666666666,-0.09672986401930836,"19,599999999999998"
2024-04-10,URBANA,035_ZW Parque Colseguros,0.0,MR76,False,Laboral,Miércoles,0.0,-7.652.952,-0.2619047619047619,0.856431987033347,"947,1999999999999"
2024-04-11,URBANA,035_ZW Parque Colseguros,0.0,MR76,False,Laboral,Jueves,0.0,-7.652.952,-0.40476190476190477,0.6858657679968371,"754,4"
2024-04-12,URBANA,035_ZW Parque Colseguros,0.0,MR76,False,Laboral,Viernes,0.0,-7.652.952,0.0,1.5252069805913282,"993,5"
2024-04-13,URBANA,035_ZW Parque Colseguros,0.0,MR76,False,Fin de Semana,Sábado,0.0,-7.652.952,-0.23809523809523808,1.8551952177599085,"950,6"
2024-04-14,URBANA,035_ZW Parque Colseguros,0.0,MR76,False,Fin de Semana,Domingo,0.0,-7.652.952,-0.5476190476190477,0.03817240416144584,"101,2"
2024-04-15,URBANA,035_ZW Parque Colseguros,0.0,MR76,False,Laboral,Lunes,0.0,-7.652.952,-0.23809523809523808,-0.10245391743593879,"31,5"
2024-04-16,URBANA,035_ZW Parque Colseguros,0.0,MR76,False,Laboral,Martes,0.0,-7.652.952,0.023809523809523808,-0.0989919469846434,"33,1"
2024-04-17,URBANA,035_ZW Parque Colseguros,0.0,MR76,False,Laboral,Miércoles,0.0,-7.652.952,-0.2619047619047619,-0.10967365027410544,"26,0"
2024-04-18,URBANA,035_ZW Parque Colseguros,0.0,MR76,False,Laboral,Jueves,0.0,-7.652.952,-0.6190476190476191,-0.10036444123600213,"46,3"
2024-04-19,URBANA,035_ZW Parque Colseguros,0.0,MR76,False,Laboral,Viernes,0.0,-7.652.952,-1.1666666666666667,-0.11529123826421522,"18,3"
2024-04-20,URBANA,035_ZW Parque Colseguros,0.0,MR76,False,Fin de Semana,Sábado,0.0,-7.652.952,0.14285714285714285,-0.09222020492504637,"21,5"
2024-04-21,URBANA,035_ZW Parque Colseguros,0.0,MR76,False,Fin de Semana,Domingo,0.0,-7.652.952,-0.2619047619047619,-0.10188224973002531,"20,8"
2024-04-22,URBANA,035_ZW Parque Colseguros,0.0,MR76,False,Laboral,Lunes,0.0,-7.652.952,-1.0476190476190477,-0.11050717867111477,"20,099999999999998"
2024-04-23,URBANA,035_ZW Parque Colseguros,0.0,MR76,False,Laboral,Martes,0.0,-7.652.952,-1.0714285714285714,0.41152944346857967,"120,80000000000001"
2024-04-24,URBANA,035_ZW Parque Colseguros,0.0,MR76,False,Laboral,Miércoles,0.0,-7.652.952,-0.9285714285714286,0.5294990371394682,"146,79999999999998"
2024-04-25,URBANA,035_ZW Parque Colseguros,0.0,MR76,False,Laboral,Jueves,0.0,-7.652.952,-0.6666666666666666,0.2922517757351278,"145,9"
2024-04-26,URBANA,035_ZW Parque Colseguros,0.0,MR76,False,Laboral,Viernes,0.0,-7.652.952,-0.6904761904761905,1.754804221636922,"766,4000000000001"
2024-04-27,URBANA,035_ZW Parque Colseguros,0.0,MR76,False,Fin de Semana,Sábado,0.0,-7.652.952,-0.6666666666666666,3.5385407302790624,"1224,1"
2024-04-28,URBANA,035_ZW Parque Colseguros,0.0,MR76,False,Fin de Semana,Domingo,0.0,-7.652.952,-1.7619047619047619,0.7862793849494769,"506,40000000000003"
2024-04-29,URBANA,035_ZW Parque Colseguros,0.0,MR76,False,Laboral,Lunes,0.0,-7.652.952,-0.6666666666666666,0.8739874719944294,"511,7"
2024-04-30,URBANA,035_ZW Parque Colseguros,0.0,MR76,False,Laboral,Martes,0.0,-7.652.952,-0.47619047619047616,1.3685161817613167,"969,7"
2024-05-01,URBANA,035_ZW Parque Colseguros,0.0,MR76,True,Festivo,Miércoles,0.0,-7.652.952,-0.30952380952380953,1.8618135315835957,"1543,2"
2024-05-02,URBANA,035_ZW Parque Colseguros,0.0,MR76,False,Laboral,Jueves,0.0,-7.652.952,-0.6428571428571429,1.4190098076049262,"1233,7"
2024-05-03,URBANA,035_ZW Parque Colseguros,0.0,MR76,False,Laboral,Viernes,0.0,-7.652.952,-1.1428571428571428,1.23645528648789,"1216,0"
2024-05-04,URBANA,035_ZW Parque Colseguros,0.0,MR76,False,Fin de Semana,Sábado,0.0,-7.652.952,-0.5,2.652806408972798,"1569,6999999999998"
2024-05-05,URBANA,035_ZW Parque Colseguros,0.0,MR76,False,Fin de Semana,Domingo,0.0,-7.652.952,-0.047619047619047616,0.9118933437716988,"689,7"
2024-05-06,URBANA,035_ZW Parque Colseguros,0.0,MR76,False,Laboral,Lunes,0.0,-7.652.952,-0.7142857142857143,-0.09006311211473285,"37,0"
2024-05-07,URBANA,035_ZW Parque Colseguros,0.0,MR76,False,Laboral,Martes,0.0,-7.652.952,0.07142857142857142,-0.09765658039934616,"24,1"
2024-05-08,URBANA,035_ZW Parque Colseguros,0.0,MR76,False,Laboral,Miércoles,0.0,-7.652.952,-0.6190476190476191,-0.1098772377409856,"12,200000000000001"
2024-05-09,URBANA,035_ZW Parque Colseguros,0.0,MR76,False,Laboral,Jueves,0.0,-7.652.952,-0.9047619047619048,-0.12991609639227272,"1,7000000000000002"
2024-05-10,URBANA,035_ZW Parque Colseguros,0.0,MR76,False,Laboral,Viernes,0.0,-7.652.952,-0.5952380952380952,-0.08562746247401064,"24,700000000000003"
2024-05-11,URBANA,035_ZW Parque Colseguros,0.0,MR76,False,Fin de Semana,Sábado,0.0,-7.652.952,0.023809523809523808,-0.08966577232430008,"24,0"
2024-05-12,URBANA,035_ZW Parque Colseguros,0.0,MR76,False,Fin de Semana,Domingo,0.0,-7.652.952,-0.23809523809523808,-0.11833472336692362,"14,9"
2024-05-13,URBANA,035_ZW Parque Colseguros,0.0,MR76,True,Festivo,Lunes,0.0,-7.652.952,-0.21428571428571427,-0.08941915610536193,"32,1"
2024-05-14,URBANA,035_ZW Parque Colseguros,0.0,MR76,False,Laboral,Martes,0.0,-7.652.952,-0.6666666666666666,-0.09358065112582886,"74,89999999999999"
2024-05-15,URBANA,035_ZW Parque Colseguros,0.0,MR76,False,Laboral,Miércoles,0.0,-7.652.952,-0.7142857142857143,-0.06805107783335726,"43,0"
2024-05-16,URBANA,035_ZW Parque Colseguros,0.0,MR76,False,Laboral,Jueves,0.0,-7.652.952,-0.23809523809523808,0.7350697606716222,"432,9"
2024-05-17,URBANA,035_ZW Parque Colseguros,0.0,MR76,False,Laboral,Viernes,0.0,-7.652.952,0.11904761904761904,1.5059846847148104,"641,3"
2024-05-18,URBANA,035_ZW Parque Colseguros,0.0,MR76,False,Fin de Semana,Sábado,0.0,-7.652.952,0.07142857142857142,1.1383202263656589,"471,2"
2024-05-19,URBANA,035_ZW Parque Colseguros,0.0,MR76,False,Fin de Semana,Domingo,0.0,-7.652.952,-0.023809523809523808,1.5736755504237963,"593,8"
2024-05-20,URBANA,035_ZW Parque Colseguros,0.0,MR76,False,Laboral,Lunes,0.0,-7.652.952,-0.3333333333333333,-0.05169843090123352,"47,3"
2024-05-21,URBANA,035_ZW Parque Colseguros,0.0,MR76,False,Laboral,Martes,0.0,-7.652.952,-0.47619047619047616,-0.07919454110204747,"28,4"
2024-05-22,URBANA,035_ZW Parque Colseguros,0.0,MR76,False,Laboral,Miércoles,0.0,-7.652.952,-0.7380952380952381,-0.0782953631233268,"87,2"
2024-05-23,URBANA,035_ZW Parque Colseguros,0.0,MR76,False,Laboral,Jueves,0.0,-7.652.952,-0.5,-0.10441406150111826,"22,299999999999997"
2024-05-24,URBANA,035_ZW Parque Colseguros,0.0,MR76,False,Laboral,Viernes,0.0,-7.652.952,0.07142857142857142,-0.051561722408980666,"70,6"
2024-05-25,URBANA,035_ZW Parque Colseguros,0.0,MR76,False,Fin de Semana,Sábado,0.0,-7.652.952,-0.7619047619047619,-0.11006926891445588,"13,4"
2024-05-26,URBANA,035_ZW Parque Colseguros,0.0,MR76,False,Fin de Semana,Domingo,0.0,-7.652.952,-0.6666666666666666,-0.09070952690993565,"25,2"
2024-05-27,URBANA,035_ZW Parque Colseguros,0.0,MR76,False,Laboral,Lunes,0.0,-7.652.952,-0.42857142857142855,-0.11368147118007951,"9,4"
2024-05-28,URBANA,035_ZW Parque Colseguros,0.0,MR76,False,Laboral,Martes,0.0,-7.652.952,-0.11904761904761904,-0.10344603751910476,"16,400000000000002"
2024-05-29,URBANA,035_ZW Parque Colseguros,0.0,MR76,False,Laboral,Miércoles,0.0,-7.652.952,-1.7619047619047619,-0.11119490106829327,"18,1"
2024-05-30,URBANA,035_ZW Parque Colseguros,0.0,MR76,False,Laboral,Jueves,0.0,-7.652.952,-0.2619047619047619,-0.08433241997635632,"16,700000000000003"
2024-05-31,URBANA,035_ZW Parque Colseguros,0.0,MR76,False,Laboral,Viernes,0.0,-7.652.952,0.6428571428571429,-0.006030418131283427,"55,800000000000004"
2024-06-01,URBANA,035_ZW Parque Colseguros,0.0,MR76,False,Fin de Semana,Sábado,0.0,-7.652.952,-0.7142857142857143,-0.09081033712904298,"17,4"
2024-06-02,URBANA,035_ZW Parque Colseguros,0.0,MR76,False,Fin de Semana,Domingo,0.0,-7.652.952,0.2619047619047619,-0.10100987251687218,"13,5"
2024-06-03,URBANA,035_ZW Parque Colseguros,0.0,MR76,True,Festivo,Lunes,0.0,-7.652.952,-0.19047619047619047,-0.09877581971002064,"20,400000000000002"
2024-06-04,URBANA,035_ZW Parque Colseguros,0.0,MR76,False,Laboral,Martes,0.0,-7.652.952,-0.5476190476190477,-0.0793472317022076,"48,5"
2024-06-05,URBANA,035_ZW Parque Colseguros,0.0,MR76,False,Laboral,Miércoles,0.0,-7.652.952,-0.9761904761904762,0.6704046768073552,"1144,6"
2024-06-06,URBANA,035_ZW Parque Colseguros,0.0,MR76,False,Laboral,Jueves,0.0,-7.652.952,-0.35714285714285715,1.7406499751170874,"1248,7"
2024-06-07,URBANA,035_ZW Parque Colseguros,0.0,MR76,False,Laboral,Viernes,0.0,-7.652.952,-0.19047619047619047,1.7595897565015215,"1600,9"
2024-06-08,URBANA,035_ZW Parque Colseguros,0.0,MR76,False,Fin de Semana,Sábado,0.0,-7.652.952,-0.5952380952380952,0.8549542567483835,"1275,9"
2024-06-09,URBANA,035_ZW Parque Colseguros,0.0,MR76,False,Fin de Semana,Domingo,0.0,-7.652.952,-0.6666666666666666,-0.09805514958269487,"49,5"
2024-06-10,URBANA,035_ZW Parque Colseguros,0.0,MR76,True,Festivo,Lunes,0.0,-7.652.952,-0.8095238095238095,-0.10580598016054887,"20,6"
2024-06-11,URBANA,035_ZW Parque Colseguros,0.0,MR76,False,Laboral,Martes,0.0,-7.652.952,0.6190476190476191,-0.11315283222622403,"13,3"
2024-06-12,URBANA,035_ZW Parque Colseguros,0.0,MR76,False,Laboral,Miércoles,0.0,-7.652.952,-0.2857142857142857,-0.09443925913832342,"21,400000000000002"
2024-06-13,URBANA,035_ZW Parque Colseguros,0.0,MR76,False,Laboral,Jueves,0.0,-7.652.952,0.42857142857142855,-0.07616654635007997,"4539650000,0"
2024-06-14,URBANA,035_ZW Parque Colseguros,0.0,MR76,False,Laboral,Viernes,0.0,-7.652.952,0.16666666666666666,-0.08189527145979099,"6308007800,0"
2024-06-15,URBANA,035_ZW Parque Colseguros,0.0,MR76,False,Fin de Semana,Sábado,0.0,-7.652.952,-1.4047619047619047,1.028278249973937,"84767793000,0"
2024-06-16,URBANA,035_ZW Parque Colseguros,0.0,MR76,False,Fin de Semana,Domingo,0.0,-7.652.952,-0.9523809523809523,0.39076745590413486,"26348191300,0"
2024-06-17,URBANA,035_ZW Parque Colseguros,0.0,MR76,False,Laboral,Lunes,0.0,-7.652.952,-0.5238095238095238,0.633349299049335,"499,1"
2024-06-18,URBANA,035_ZW Parque Colseguros,0.0,MR76,False,Laboral,Martes,0.0,-7.652.952,-0.7142857142857143,1.6548973604442339,"1148,9"
2024-06-19,URBANA,035_ZW Parque Colseguros,0.0,MR76,False,Laboral,Miércoles,0.0,-7.652.952,-1.119047619047619,0.9159139503639987,"605,4000000000001"
2024-06-20,URBANA,035_ZW Parque Colseguros,0.0,MR76,False,Laboral,Jueves,0.0,-7.652.952,1.5952380952380953,0.6439437154417651,"632,9"
2024-06-21,URBANA,035_ZW Parque Colseguros,0.0,MR76,False,Laboral,Viernes,0.0,-7.652.952,1.2619047619047619,0.2462087981258151,"265,3"
2024-06-22,URBANA,035_ZW Parque Colseguros,0.0,MR76,False,Fin de Semana,Sábado,0.0,-7.652.952,0.38095238095238093,-0.10709610508653943,"20,3"
2024-06-23,URBANA,035_ZW Parque Colseguros,0.0,MR76,False,Fin de Semana,Domingo,0.0,-7.652.952,0.6904761904761905,-0.09661725162820797,"58,9"
2024-06-24,URBANA,035_ZW Parque Colseguros,0.0,MR76,False,Laboral,Lunes,0.0,-7.652.952,-0.09523809523809523,-0.04848258491170992,"66,3"
2024-06-25,URBANA,035_ZW Parque Colseguros,0.0,MR76,False,Laboral,Martes,0.0,-7.652.952,0.7857142857142857,-0.05899069792144081,"75,1"
2024-06-26,URBANA,035_ZW Parque Colseguros,0.0,MR76,False,Laboral,Miércoles,0.0,-7.652.952,-0.2857142857142857,-0.08717698930526514,"48,599999999999994"
2024-06-27,URBANA,035_ZW Parque Colseguros,0.0,MR76,False,Laboral,Jueves,0.0,-7.652.952,0.0,-0.08446888259002598,"59,300000000000004"
2024-06-28,URBANA,035_ZW Parque Colseguros,0.0,MR76,False,Laboral,Viernes,0.0,-7.652.952,0.5238095238095238,-0.08835204305432343,"31,599999999999998"
2024-06-29,URBANA,035_ZW Parque Colseguros,0.0,MR76,False,Fin de Semana,Sábado,0.0,-7.652.952,0.35714285714285715,-0.11055045330175596,"15,9"
2024-06-30,URBANA,035_ZW Parque Colseguros,0.0,MR76,False,Fin de Semana,Domingo,0.0,-7.652.952,-0.4523809523809524,-0.08936825923864189,"38,5"
2024-07-01,URBANA,035_ZW Parque Colseguros,0.0,MR76,True,Festivo,Lunes,0.0,-7.652.952,-0.09523809523809523,0.027799770251051868,"91,13000000000001"
2024-07-02,URBANA,035_ZW Parque Colseguros,0.0,MR76,False,Laboral,Martes,0.0,-7.652.952,0.38095238095238093,-0.0788124457837724,"23,96"
2024-07-03,URBANA,035_ZW Parque Colseguros,0.0,MR76,False,Laboral,Miércoles,0.0,-7.652.952,0.19047619047619047,-0.0964355473552316,"17,93"
2024-07-04,URBANA,035_ZW Parque Colseguros,0.0,MR76,False,Laboral,Jueves,0.0,-7.652.952,0.2619047619047619,-0.08853891077754676,"23,04"
2024-07-05,URBANA,035_ZW Parque Colseguros,0.0,MR76,False,Laboral,Viernes,0.0,-7.652.952,-0.9285714285714286,-0.08338800033832892,"23,92"
2024-07-06,URBANA,035_ZW Parque Colseguros,0.0,MR76,False,Fin de Semana,Sábado,0.0,-7.652.952,-0.2619047619047619,0.17931015321186275,"151,13"
2024-07-07,URBANA,035_ZW Parque Colseguros,0.0,MR76,False,Fin de Semana,Domingo,0.0,-7.652.952,0.5714285714285714,0.30526145745021943,"202,27"
2024-07-08,URBANA,035_ZW Parque Colseguros,0.0,MR76,False,Laboral,Lunes,0.0,-7.652.952,-0.14285714285714285,0.740328857687443,"639,6600000000001"
2024-07-09,URBANA,035_ZW Parque Colseguros,0.0,MR76,False,Laboral,Martes,0.0,-7.652.952,0.023809523809523808,1.2891305930001318,"996,35"
2024-07-10,URBANA,035_ZW Parque Colseguros,0.0,MR76,False,Laboral,Miércoles,0.0,-7.652.952,0.38095238095238093,0.4575087385248465,"348,08000000000004"
2024-07-11,URBANA,035_ZW Parque Colseguros,0.0,MR76,False,Laboral,Jueves,0.0,-7.652.952,1.0952380952380953,-0.03816207726095192,"52,55"
2024-07-12,URBANA,035_ZW Parque Colseguros,0.0,MR76,False,Laboral,Viernes,0.0,-7.652.952,0.9285714285714286,-0.05129396063188829,"52,72"
2024-07-13,URBANA,035_ZW Parque Colseguros,0.0,MR76,False,Fin de Semana,Sábado,0.0,-7.652.952,0.6904761904761905,0.3990014378979545,"307,40999999999997"
2024-07-14,URBANA,035_ZW Parque Colseguros,0.0,MR76,False,Fin de Semana,Domingo,0.0,-7.652.952,-0.9523809523809523,0.03476255996978644,"107,61999999999999"
2024-07-15,URBANA,035_ZW Parque Colseguros,0.0,MR76,False,Laboral,Lunes,0.0,-7.652.952,0.2619047619047619,0.8888847635926599,"743,8599999999999"
2024-07-16,URBANA,035_ZW Parque Colseguros,0.0,MR76,False,Laboral,Martes,0.0,-7.652.952,0.023809523809523808,0.6542543879491955,"510,01"
2024-07-17,URBANA,035_ZW Parque Colseguros,0.0,MR76,False,Laboral,Miércoles,0.0,-7.652.952,0.6666666666666666,0.05120716549202271,"166,01"
2024-07-18,URBANA,035_ZW Parque Colseguros,0.0,MR76,False,Laboral,Jueves,0.0,-7.652.952,1.1666666666666667,-0.07089515540509972,"42,73"
2024-07-19,URBANA,035_ZW Parque Colseguros,0.0,MR76,False,Laboral,Viernes,0.0,-7.652.952,0.7619047619047619,-0.023095129440321334,"62,57"
2024-07-20,URBANA,035_ZW Parque Colseguros,0.0,MR76,True,Festivo,Sábado,0.0,-7.652.952,0.9285714285714286,-0.06854283499973444,"33,92"
2024-07-21,URBANA,035_ZW Parque Colseguros,0.0,MR76,False,Fin de Semana,Domingo,0.0,-7.652.952,0.6666666666666666,-0.01388574710699259,"74,31"
2024-07-22,URBANA,035_ZW Parque Colseguros,0.0,MR76,False,Laboral,Lunes,0.0,-7.652.952,-0.07142857142857142,-0.09457818053782498,"22,770000000000003"
2024-07-23,URBANA,035_ZW Parque Colseguros,0.0,MR76,False,Laboral,Martes,0.0,-7.652.952,0.9761904761904762,-0.0450860181635427,"51,91"
2024-07-24,URBANA,035_ZW Parque Colseguros,0.0,MR76,False,Laboral,Miércoles,0.0,-7.652.952,1.0476190476190477,0.06680816159533894,"128,89"
2024-07-25,URBANA,035_ZW Parque Colseguros,0.0,MR76,False,Laboral,Jueves,0.0,-7.652.952,1.0714285714285714,-0.07046486788451968,"40,55"
2024-07-26,URBANA,035_ZW Parque Colseguros,0.0,MR76,False,Laboral,Viernes,0.0,-7.652.952,0.7380952380952381,-0.05479650104940979,"42,16"
2024-07-27,URBANA,035_ZW Parque Colseguros,0.0,MR76,False,Fin de Semana,Sábado,0.0,-7.652.952,0.8095238095238095,-0.06253725060535308,"49,36"
2024-07-28,URBANA,035_ZW Parque Colseguros,0.0,MR76,False,Fin de Semana,Domingo,0.0,-7.652.952,0.7619047619047619,-0.05995724663195517,"63,29"
2024-07-29,URBANA,035_ZW Parque Colseguros,0.0,MR76,False,Laboral,Lunes,0.0,-7.652.952,0.8333333333333334,-0.040899689406173716,"60,39"
2024-07-30,URBANA,035_ZW Parque Colseguros,0.0,MR76,False,Laboral,Martes,0.0,-7.652.952,1.3095238095238095,-0.026215328660984576,"63,769999999999996"
2024-07-31,URBANA,035_ZW Parque Colseguros,0.0,MR76,False,Laboral,Miércoles,0.0,-7.652.952,1.0,-0.08810665622830122,"30,66"
2024-08-01,URBANA,035_ZW Parque Colseguros,0.0,MR76,False,Laboral,Jueves,0.0,-7.652.952,0.7380952380952381,-0.04013353174095806,"56,660000000000004"
2024-08-02,URBANA,035_ZW Parque Colseguros,0.0,MR76,False,Laboral,Viernes,0.0,-7.652.952,0.23809523809523808,-0.07514393732259861,"39,48"
2024-08-03,URBANA,035_ZW Parque Colseguros,0.0,MR76,False,Fin de Semana,Sábado,0.0,-7.652.952,0.7619047619047619,-0.04758094814715735,"71,2"
2024-08-04,URBANA,035_ZW Parque Colseguros,0.0,MR76,False,Fin de Semana,Domingo,0.0,-7.652.952,0.7857142857142857,-0.08204943733145023,"33,36"
2024-08-05,URBANA,035_ZW Parque Colseguros,0.0,MR76,False,Laboral,Lunes,0.0,-7.652.952,-0.07142857142857142,-0.05756583153186291,"44,629999999999995"
2024-08-06,URBANA,035_ZW Parque Colseguros,0.0,MR76,False,Laboral,Martes,0.0,-7.652.952,0.2857142857142857,-0.06469729395866486,"26,94"
2024-08-07,URBANA,035_ZW Parque Colseguros,0.0,MR76,True,Festivo,Miércoles,0.0,-7.652.952,0.7619047619047619,-0.0658128450905915,"32,75"
2024-08-08,URBANA,035_ZW Parque Colseguros,0.0,MR76,False,Laboral,Jueves,0.0,-7.652.952,0.7619047619047619,0.2459995554515216,"193,64000000000001"
2024-08-09,URBANA,035_ZW Parque Colseguros,0.0,MR76,False,Laboral,Viernes,0.0,-7.652.952,0.42857142857142855,0.6804874198681697,"610,96"
2024-08-10,URBANA,035_ZW Parque Colseguros,0.0,MR76,False,Fin de Semana,Sábado,0.0,-7.652.952,0.21428571428571427,0.6154190951274733,"576,5300000000001"
2024-08-11,URBANA,035_ZW Parque Colseguros,0.0,MR76,False,Fin de Semana,Domingo,0.0,-7.652.952,0.6904761904761905,0.08140425192916337,"151,68"
2024-08-12,URBANA,035_ZW Parque Colseguros,0.0,MR76,False,Laboral,Lunes,0.0,-7.652.952,-0.21428571428571427,-0.07194210641231674,"53,67"
2024-08-13,URBANA,035_ZW Parque Colseguros,0.0,MR76,False,Laboral,Martes,0.0,-7.652.952,0.9285714285714286,-0.03848098178334753,"43,74"
2024-08-14,URBANA,035_ZW Parque Colseguros,0.0,MR76,False,Laboral,Miércoles,0.0,-7.652.952,0.8571428571428571,-0.05571928337211658,"41,989999999999995"
2024-08-15,URBANA,035_ZW Parque Colseguros,0.0,MR76,False,Laboral,Jueves,0.0,-7.652.952,0.8095238095238095,-0.02191982981267986,"68,13"
2024-08-16,URBANA,035_ZW Parque Colseguros,0.0,MR76,False,Laboral,Viernes,0.0,-7.652.952,0.3333333333333333,-0.07009408298107128,"35,14"
2024-08-17,URBANA,035_ZW Parque Colseguros,0.0,MR76,False,Fin de Semana,Sábado,0.0,-7.652.952,0.3333333333333333,-0.08565426323957818,"28,220000000000002"
2024-08-18,URBANA,035_ZW Parque Colseguros,0.0,MR76,False,Fin de Semana,Domingo,0.0,-7.652.952,-0.23809523809523808,-0.05317935760777842,"49,43"
2024-08-19,URBANA,035_ZW Parque Colseguros,0.0,MR76,True,Festivo,Lunes,0.0,-7.652.952,0.2857142857142857,-0.0625969991010679,"39,58"
2024-08-20,URBANA,035_ZW Parque Colseguros,0.0,MR76,False,Laboral,Martes,0.0,-7.652.952,-2.9047619047619047,-0.13310071580173138,"0,4"
2024-10-25,URBANA,035_ZW Parque Colseguros,0.0,MR76,False,Laboral,Viernes,0.0,-7.652.952,-0.9047619047619048,0.4080731282246976,"492,02"
2024-10-26,URBANA,035_ZW Parque Colseguros,0.0,MR76,False,Fin de Semana,Sábado,0.0,-7.652.952,-0.9285714285714286,0.38764381438330703,"274,47"
2024-10-27,URBANA,035_ZW Parque Colseguros,0.0,MR76,False,Fin de Semana,Domingo,0.0,-7.652.952,-1.1904761904761905,-0.038115114451562904,"38,97"
2024-10-28,URBANA,035_ZW Parque Colseguros,0.0,MR76,False,Laboral,Lunes,0.0,-7.652.952,-1.6428571428571428,-0.05607408616765772,"52,29"
2024-10-29,URBANA,035_ZW Parque Colseguros,0.0,MR76,False,Laboral,Martes,0.0,-7.652.952,-0.9285714285714286,-0.13132080073802915,"1,4"
2024-10-30,URBANA,035_ZW Parque Colseguros,0.0,MR76,False,Laboral,Miércoles,0.0,-7.652.952,-0.8333333333333334,-0.1126923016399118,"17,28"
2024-10-31,URBANA,035_ZW Parque Colseguros,0.0,MR76,False,Laboral,Jueves,0.0,-7.652.952,-0.6428571428571429,-0.12334351598505845,"8,799999999999999"
2024-11-01,URBANA,035_ZW Parque Colseguros,0.0,MR76,False,Laboral,Viernes,0.0,-7.652.952,-0.7857142857142857,-0.11403799512570297,"14,31"
2024-11-02,URBANA,035_ZW Parque Colseguros,0.0,MR76,False,Fin de Semana,Sábado,0.0,-7.652.952,-0.9285714285714286,0.18263467753515572,"206,92"
2024-11-03,URBANA,035_ZW Parque Colseguros,0.0,MR76,False,Fin de Semana,Domingo,0.0,-7.652.952,-0.6666666666666666,0.10298304814696065,"163,5"
2024-11-04,URBANA,035_ZW Parque Colseguros,0.0,MR76,True,Festivo,Lunes,0.0,-7.652.952,-1.5952380952380953,0.20661078993904178,"208,51"
2024-11-05,URBANA,035_ZW Parque Colseguros,0.0,MR76,False,Laboral,Martes,0.0,-7.652.952,-0.09523809523809523,-0.01026370969804143,"68,64"
2024-11-06,URBANA,035_ZW Parque Colseguros,0.0,MR76,False,Laboral,Miércoles,0.0,-7.652.952,-1.4523809523809523,0.13343338952478553,"173,38"
2024-11-07,URBANA,035_ZW Parque Colseguros,0.0,MR76,False,Laboral,Jueves,0.0,-7.652.952,0.0,0.3347336938241201,"214,13"
2024-11-08,URBANA,035_ZW Parque Colseguros,0.0,MR76,False,Laboral,Viernes,0.0,-7.652.952,0.0,0.7975312806733532,"306,19"
2024-11-09,URBANA,035_ZW Parque Colseguros,0.0,MR76,False,Fin de Semana,Sábado,0.0,-7.652.952,0.023809523809523808,0.4057407239845706,"131,71"
2024-11-10,URBANA,035_ZW Parque Colseguros,0.0,MR76,False,Fin de Semana,Domingo,0.0,-7.652.952,0.8571428571428571,0.9478594794061934,"227,03"
2024-11-11,URBANA,035_ZW Parque Colseguros,0.0,MR76,True,Festivo,Lunes,0.0,-7.652.952,-0.14285714285714285,0.7741580625554456,"210,19"
2024-11-12,URBANA,035_ZW Parque Colseguros,0.0,MR76,False,Laboral,Martes,0.0,-7.652.952,0.19047619047619047,0.24862848926297404,"81,30000000000001"
2024-11-13,URBANA,035_ZW Parque Colseguros,0.0,MR76,False,Laboral,Miércoles,0.0,-7.652.952,0.8095238095238095,1.0481710567468099,"296,64"
2024-11-14,URBANA,035_ZW Parque Colseguros,0.0,MR76,False,Laboral,Jueves,0.0,-7.652.952,0.07142857142857142,1.4586117498490305,"337,29999999999995"
2024-11-15,URBANA,035_ZW Parque Colseguros,0.0,MR76,False,Laboral,Viernes,0.0,-7.652.952,0.5238095238095238,1.437569706578334,"350,76"
2024-11-16,URBANA,035_ZW Parque Colseguros,0.0,MR76,False,Fin de Semana,Sábado,0.0,-7.652.952,0.9523809523809523,1.603678392780218,"383,71000000000004"
2024-11-17,URBANA,035_ZW Parque Colseguros,0.0,MR76,False,Fin de Semana,Domingo,0.0,-7.652.952,0.09523809523809523,0.8502188811147545,"232,88"
2024-11-18,URBANA,035_ZW Parque Colseguros,0.0,MR76,False,Laboral,Lunes,0.0,-7.652.952,-0.3333333333333333,0.27315954962911676,"102,89"
2024-11-19,URBANA,035_ZW Parque Colseguros,0.0,MR76,False,Laboral,Martes,0.0,-7.652.952,-0.40476190476190477,1.4645253756532994,"406,80999999999995"
2024-11-20,URBANA,035_ZW Parque Colseguros,0.0,MR76,False,Laboral,Miércoles,0.0,-7.652.952,0.5714285714285714,1.8079066192481623,"413,77"
2024-11-21,URBANA,035_ZW Parque Colseguros,0.0,MR76,False,Laboral,Jueves,0.0,-7.652.952,0.9523809523809523,0.8433438700502183,"220,03"
2024-11-22,URBANA,035_ZW Parque Colseguros,0.0,MR76,False,Laboral,Viernes,0.0,-7.652.952,0.16666666666666666,1.2878984954197739,"286,36"
2024-11-23,URBANA,035_ZW Parque Colseguros,0.0,MR76,False,Fin de Semana,Sábado,0.0,-7.652.952,0.4523809523809524,1.5559823734561284,"358,54"
2024-11-24,URBANA,035_ZW Parque Colseguros,0.0,MR76,False,Fin de Semana,Domingo,0.0,-7.652.952,0.16666666666666666,0.4131844522120221,"300,31"
2024-11-25,URBANA,035_ZW Parque Colseguros,0.0,MR76,False,Laboral,Lunes,0.0,-7.652.952,-1.7380952380952381,0.22828424941136669,"357,77"
2024-11-26,URBANA,035_ZW Parque Colseguros,0.0,MR76,False,Laboral,Martes,0.0,-7.652.952,-1.4047619047619047,0.11063774019878791,"126,08000000000001"
2024-11-27,URBANA,035_ZW Parque Colseguros,0.0,MR76,False,Laboral,Miércoles,0.0,-7.652.952,0.5476190476190477,1.718396979824187,"387,82000000000005"
2024-11-28,URBANA,035_ZW Parque Colseguros,0.0,MR76,False,Laboral,Jueves,0.0,-7.652.952,-0.047619047619047616,0.96010767514915,"211,24"
2024-11-29,URBANA,035_ZW Parque Colseguros,0.0,MR76,False,Laboral,Viernes,0.0,-7.652.952,0.6428571428571429,1.46298396281529,"292,15999999999997"
2024-11-30,URBANA,035_ZW Parque Colseguros,0.0,MR76,False,Fin de Semana,Sábado,0.0,-7.652.952,0.40476190476190477,1.2217315851693906,"241,82"
2024-12-01,URBANA,035_ZW Parque Colseguros,0.0,MR76,False,Fin de Semana,Domingo,0.0,-7.652.952,0.11904761904761904,1.5514454218391325,"283,57"
2024-12-02,URBANA,035_ZW Parque Colseguros,0.0,MR76,False,Laboral,Lunes,0.0,-7.652.952,0.6190476190476191,1.8701667646902618,"390,55"
2024-12-03,URBANA,035_ZW Parque Colseguros,0.0,MR76,False,Laboral,Martes,0.0,-7.652.952,0.6904761904761905,2.12155696219961,"491,22"
