FECHA.CONEXION,AREA,NOMBRE.ZONA,COMUNA,MODEL,es_festivo,tipo_dia,dia_semana,LATITUD,LONGITUD,NUMERO.CONEXIONES,USAGE.KB,PORCENTAJE.USO
2024-01-01,URBANA,019_ZW Parque Skate Board,0.0,MR76,True,Festivo,Lunes,0.0,-7.650.741,-0.8,-0.36999661687203506,"3,0"
2024-01-02,URBANA,019_ZW Parque Skate Board,0.0,MR76,False,Laboral,Martes,0.0,-7.650.741,-0.7619047619047619,-0.36011893574312287,"11,0"
2024-01-03,URBANA,019_ZW Parque Skate Board,0.0,MR76,False,Laboral,Miércoles,0.0,-7.650.741,-0.8380952380952381,-0.07615601482561855,"163,5"
2024-01-04,URBANA,019_ZW Parque Skate Board,0.0,MR76,False,Laboral,Jueves,0.0,-7.650.741,-0.5523809523809524,1.2104052987301992,"997,4"
2024-01-05,URBANA,019_ZW Parque Skate Board,0.0,MR76,False,Laboral,Viernes,0.0,-7.650.741,-0.6666666666666666,0.8186667468593295,"731,7"
2024-01-06,URBANA,019_ZW Parque Skate Board,0.0,MR76,False,Fin de Semana,Sábado,0.0,-7.650.741,-0.6666666666666666,1.6014615112808523,"1713,0"
2024-01-07,URBANA,019_ZW Parque Skate Board,0.0,MR76,False,Fin de Semana,Domingo,0.0,-7.650.741,-1.6952380952380952,-0.10414395585393908,"178,8"
2024-01-08,URBANA,019_ZW Parque Skate Board,0.0,MR76,True,Festivo,Lunes,0.0,-7.650.741,-0.8380952380952381,1.2397293497628052,"680,7"
2024-01-09,URBANA,019_ZW Parque Skate Board,0.0,MR76,False,Laboral,Martes,0.0,-7.650.741,-0.6285714285714286,1.7774855089352168,"1104,2"
2024-01-10,URBANA,019_ZW Parque Skate Board,0.0,MR76,False,Laboral,Miércoles,0.0,-7.650.741,-0.6285714285714286,1.020977799162488,"769,0"
2024-01-11,URBANA,019_ZW Parque Skate Board,0.0,MR76,False,Laboral,Jueves,0.0,-7.650.741,-0.780952380952381,0.08300361618789141,"282,5"
2024-01-12,URBANA,019_ZW Parque Skate Board,0.0,MR76,False,Laboral,Viernes,0.0,-7.650.741,-0.7047619047619048,-0.37033898942208654,"2,1"
2024-01-13,URBANA,019_ZW Parque Skate Board,0.0,MR76,False,Fin de Semana,Sábado,0.0,-7.650.741,-0.7047619047619048,-0.3655671250178554,"6,2"
2024-01-14,URBANA,019_ZW Parque Skate Board,0.0,MR76,False,Fin de Semana,Domingo,0.0,-7.650.741,-0.6476190476190476,-0.3710565132731387,"2,5"
2024-01-15,URBANA,019_ZW Parque Skate Board,0.0,MR76,False,Laboral,Lunes,0.0,-7.650.741,-0.7047619047619048,-0.3678601339718674,"5,9"
2024-01-16,URBANA,019_ZW Parque Skate Board,0.0,MR76,False,Laboral,Martes,0.0,-7.650.741,-0.8380952380952381,0.8482333305767106,"950,4"
2024-01-17,URBANA,019_ZW Parque Skate Board,0.0,MR76,False,Laboral,Miércoles,0.0,-7.650.741,-0.45714285714285713,1.1249294429867758,"996,8"
2024-01-18,URBANA,019_ZW Parque Skate Board,0.0,MR76,False,Laboral,Jueves,0.0,-7.650.741,-0.5523809523809524,1.6281853653402298,"1110,1"
2024-01-19,URBANA,019_ZW Parque Skate Board,0.0,MR76,False,Laboral,Viernes,0.0,-7.650.741,-0.6857142857142857,-0.039006713629494864,"145,1"
2024-01-20,URBANA,019_ZW Parque Skate Board,0.0,MR76,False,Fin de Semana,Sábado,0.0,-7.650.741,-0.3619047619047619,-0.3681083803838723,"3,0"
2024-01-21,URBANA,019_ZW Parque Skate Board,0.0,MR76,False,Fin de Semana,Domingo,0.0,-7.650.741,-0.49523809523809526,-0.36885748009593045,"2,6"
2024-01-22,URBANA,019_ZW Parque Skate Board,0.0,MR76,False,Laboral,Lunes,0.0,-7.650.741,-0.5142857142857142,-0.3709008893867517,"2,0"
2024-01-23,URBANA,019_ZW Parque Skate Board,0.0,MR76,False,Laboral,Martes,0.0,-7.650.741,-0.7047619047619048,-0.3721305436310737,"1,2"
2024-01-24,URBANA,019_ZW Parque Skate Board,0.0,MR76,False,Laboral,Miércoles,0.0,-7.650.741,-0.49523809523809526,-0.36855284821784334,"2,9"
2024-01-25,URBANA,019_ZW Parque Skate Board,0.0,MR76,False,Laboral,Jueves,0.0,-7.650.741,-1.4476190476190476,-0.37336696413132553,"0,3"
2024-01-28,URBANA,019_ZW Parque Skate Board,0.0,MR76,False,Fin de Semana,Domingo,0.0,-7.650.741,-0.6476190476190476,0.7349573349973311,"717,5"
2024-01-29,URBANA,019_ZW Parque Skate Board,0.0,MR76,False,Laboral,Lunes,0.0,-7.650.741,-0.45714285714285713,1.3033111049295933,"958,4"
2024-01-30,URBANA,019_ZW Parque Skate Board,0.0,MR76,False,Laboral,Martes,0.0,-7.650.741,-0.3619047619047619,0.009750475517430628,"282,0"
2024-01-31,URBANA,019_ZW Parque Skate Board,0.0,MR76,False,Laboral,Miércoles,0.0,-7.650.741,-0.47619047619047616,-0.2550714591806816,"75,7"
2024-02-01,URBANA,019_ZW Parque Skate Board,0.0,MR76,False,Laboral,Jueves,0.0,-7.650.741,-0.7619047619047619,-0.23315209791524136,"67,3"
2024-02-02,URBANA,019_ZW Parque Skate Board,0.0,MR76,False,Laboral,Viernes,0.0,-7.650.741,-0.9904761904761905,-0.20957289888958222,"114,5"
2024-02-03,URBANA,019_ZW Parque Skate Board,0.0,MR76,False,Fin de Semana,Sábado,0.0,-7.650.741,-1.9428571428571428,-0.37390465593588595,"0,0"
2024-02-16,URBANA,019_ZW Parque Skate Board,0.0,MR76,False,Laboral,Viernes,0.0,-7.650.741,-0.9904761904761905,0.0,"235,9"
2024-02-19,URBANA,019_ZW Parque Skate Board,0.0,MR76,False,Laboral,Lunes,0.0,-7.650.741,-1.0476190476190477,0.35589573951418285,"331,2"
2024-02-20,URBANA,019_ZW Parque Skate Board,0.0,MR76,False,Laboral,Martes,0.0,-7.650.741,-0.9142857142857143,0.6434559028064926,"554,2"
2024-02-21,URBANA,019_ZW Parque Skate Board,0.0,MR76,False,Laboral,Miércoles,0.0,-7.650.741,-0.8761904761904762,0.8150531151090495,"685,5"
2024-02-22,URBANA,019_ZW Parque Skate Board,0.0,MR76,False,Laboral,Jueves,0.0,-7.650.741,-0.8,1.95117484757129,"1010,3"
2024-02-23,URBANA,019_ZW Parque Skate Board,0.0,MR76,False,Laboral,Viernes,0.0,-7.650.741,-0.6857142857142857,0.5584953350424394,"435,9"
2024-02-24,URBANA,019_ZW Parque Skate Board,0.0,MR76,False,Fin de Semana,Sábado,0.0,-7.650.741,-0.7428571428571429,1.4184807500018795,"949,2"
2024-02-25,URBANA,019_ZW Parque Skate Board,0.0,MR76,False,Fin de Semana,Domingo,0.0,-7.650.741,-0.47619047619047616,2.3054969063174275,"1014,6"
2024-02-26,URBANA,019_ZW Parque Skate Board,0.0,MR76,False,Laboral,Lunes,0.0,-7.650.741,-0.8571428571428571,1.3541739529218948,"1032,4"
2024-02-27,URBANA,019_ZW Parque Skate Board,0.0,MR76,False,Laboral,Martes,0.0,-7.650.741,-0.5523809523809524,1.5769870614150496,"1116,7"
2024-02-28,URBANA,019_ZW Parque Skate Board,0.0,MR76,False,Laboral,Miércoles,0.0,-7.650.741,-0.6285714285714286,1.8378194612556666,"857,7"
2024-02-29,URBANA,019_ZW Parque Skate Board,0.0,MR76,False,Laboral,Jueves,0.0,-7.650.741,-0.49523809523809526,0.30842383827144715,"573,2"
2024-03-01,URBANA,019_ZW Parque Skate Board,0.0,MR76,False,Laboral,Viernes,0.0,-7.650.741,-0.3619047619047619,-0.34729357280867285,"14,8"
2024-03-02,URBANA,019_ZW Parque Skate Board,0.0,MR76,False,Fin de Semana,Sábado,0.0,-7.650.741,-0.6285714285714286,-0.1943533338846579,"116,1"
2024-03-03,URBANA,019_ZW Parque Skate Board,0.0,MR76,False,Fin de Semana,Domingo,0.0,-7.650.741,-0.2857142857142857,-0.051381744641501206,"153,9"
2024-03-04,URBANA,019_ZW Parque Skate Board,0.0,MR76,False,Laboral,Lunes,0.0,-7.650.741,-0.7619047619047619,-0.1845487283197883,"88,6"
2024-03-05,URBANA,019_ZW Parque Skate Board,0.0,MR76,False,Laboral,Martes,0.0,-7.650.741,-0.819047619047619,-0.23307270717899753,"68,0"
2024-03-06,URBANA,019_ZW Parque Skate Board,0.0,MR76,False,Laboral,Miércoles,0.0,-7.650.741,-0.4,-0.10697646094742619,"146,7"
2024-03-07,URBANA,019_ZW Parque Skate Board,0.0,MR76,False,Laboral,Jueves,0.0,-7.650.741,-0.4,0.23134580830445145,"376,8"
2024-03-08,URBANA,019_ZW Parque Skate Board,0.0,MR76,False,Laboral,Viernes,0.0,-7.650.741,-0.26666666666666666,2.3328921233262916,"1683,0"
2024-03-09,URBANA,019_ZW Parque Skate Board,0.0,MR76,False,Fin de Semana,Sábado,0.0,-7.650.741,-0.20952380952380953,1.672441490681362,"1376,7"
2024-03-10,URBANA,019_ZW Parque Skate Board,0.0,MR76,False,Fin de Semana,Domingo,0.0,-7.650.741,-0.38095238095238093,-0.09387142610120815,"195,2"
2024-03-11,URBANA,019_ZW Parque Skate Board,0.0,MR76,False,Laboral,Lunes,0.0,-7.650.741,-0.2857142857142857,-0.11949674092006045,"180,1"
2024-03-12,URBANA,019_ZW Parque Skate Board,0.0,MR76,False,Laboral,Martes,0.0,-7.650.741,-0.6285714285714286,-0.028723508228519018,"260,4"
2024-03-13,URBANA,019_ZW Parque Skate Board,0.0,MR76,False,Laboral,Miércoles,0.0,-7.650.741,-0.6095238095238096,0.013221564809454715,"347,9"
2024-03-14,URBANA,019_ZW Parque Skate Board,0.0,MR76,False,Laboral,Jueves,0.0,-7.650.741,-0.6666666666666666,0.6635425108823949,"711,2"
2024-03-15,URBANA,019_ZW Parque Skate Board,0.0,MR76,False,Laboral,Viernes,0.0,-7.650.741,-0.5714285714285714,1.9455546450346959,"1184,1"
2024-03-16,URBANA,019_ZW Parque Skate Board,0.0,MR76,False,Fin de Semana,Sábado,0.0,-7.650.741,-0.49523809523809526,0.6863201341222287,"623,6"
2024-03-17,URBANA,019_ZW Parque Skate Board,0.0,MR76,False,Fin de Semana,Domingo,0.0,-7.650.741,-0.4,0.05756204280784585,"221,6"
2024-03-18,URBANA,019_ZW Parque Skate Board,0.0,MR76,False,Laboral,Lunes,0.0,-7.650.741,-0.9142857142857143,0.44280333501236724,"452,5"
2024-03-19,URBANA,019_ZW Parque Skate Board,0.0,MR76,False,Laboral,Martes,0.0,-7.650.741,-0.49523809523809526,0.31821115229338487,"610,8"
2024-03-20,URBANA,019_ZW Parque Skate Board,0.0,MR76,False,Laboral,Miércoles,0.0,-7.650.741,-0.3238095238095238,0.19859863321630217,"581,0"
2024-03-21,URBANA,019_ZW Parque Skate Board,0.0,MR76,False,Laboral,Jueves,0.0,-7.650.741,-0.49523809523809526,1.1228909956169697,"1140,2"
2024-03-22,URBANA,019_ZW Parque Skate Board,0.0,MR76,False,Laboral,Viernes,0.0,-7.650.741,-0.38095238095238093,1.4129106177591664,"1218,3"
2024-03-23,URBANA,019_ZW Parque Skate Board,0.0,MR76,False,Fin de Semana,Sábado,0.0,-7.650.741,-0.38095238095238093,1.065712674700969,"1227,2"
2024-03-24,URBANA,019_ZW Parque Skate Board,0.0,MR76,True,Festivo,Domingo,0.0,-7.650.741,-0.19047619047619047,1.9105161149662062,"1670,5"
2024-03-25,URBANA,019_ZW Parque Skate Board,0.0,MR76,True,Festivo,Lunes,0.0,-7.650.741,-0.4380952380952381,0.08327802545615842,"433,4"
2024-03-26,URBANA,019_ZW Parque Skate Board,0.0,MR76,False,Laboral,Martes,0.0,-7.650.741,-0.7047619047619048,-0.14307939825430596,"197,2"
2024-03-27,URBANA,019_ZW Parque Skate Board,0.0,MR76,False,Laboral,Miércoles,0.0,-7.650.741,-0.3238095238095238,0.0024247254027801794,"309,9"
2024-03-28,URBANA,019_ZW Parque Skate Board,0.0,MR76,True,Festivo,Jueves,0.0,-7.650.741,-0.9333333333333333,0.26456015577424763,"665,5"
2024-03-29,URBANA,019_ZW Parque Skate Board,0.0,MR76,True,Festivo,Viernes,0.0,-7.650.741,-0.5523809523809524,1.3961727049235788,"1187,4"
2024-03-30,URBANA,019_ZW Parque Skate Board,0.0,MR76,False,Fin de Semana,Sábado,0.0,-7.650.741,-0.4380952380952381,0.7800006014449715,"1230,7"
2024-03-31,URBANA,019_ZW Parque Skate Board,0.0,MR76,True,Festivo,Domingo,0.0,-7.650.741,-0.20952380952380953,-0.04864261387984633,"284,1"
2024-04-01,URBANA,019_ZW Parque Skate Board,0.0,MR76,False,Laboral,Lunes,0.0,-7.650.741,-0.6285714285714286,1.0667412959635525,"913,4"
2024-04-02,URBANA,019_ZW Parque Skate Board,0.0,MR76,False,Laboral,Martes,0.0,-7.650.741,-0.9142857142857143,0.5099991730131641,"835,6"
2024-04-03,URBANA,019_ZW Parque Skate Board,0.0,MR76,False,Laboral,Miércoles,0.0,-7.650.741,-0.7047619047619048,0.4737176065497357,"625,8"
2024-04-04,URBANA,019_ZW Parque Skate Board,0.0,MR76,False,Laboral,Jueves,0.0,-7.650.741,-0.45714285714285713,0.24201469029342998,"356,3"
2024-04-05,URBANA,019_ZW Parque Skate Board,0.0,MR76,False,Laboral,Viernes,0.0,-7.650.741,-0.47619047619047616,0.3233700465368047,"412,7"
2024-04-06,URBANA,019_ZW Parque Skate Board,0.0,MR76,False,Fin de Semana,Sábado,0.0,-7.650.741,-0.4,0.9620543856615519,"738,3"
2024-04-07,URBANA,019_ZW Parque Skate Board,0.0,MR76,False,Fin de Semana,Domingo,0.0,-7.650.741,-0.24761904761904763,0.045674482945276026,"233,4"
2024-04-08,URBANA,019_ZW Parque Skate Board,0.0,MR76,False,Laboral,Lunes,0.0,-7.650.741,-0.20952380952380953,0.4632784765398871,"786,8"
2024-04-09,URBANA,019_ZW Parque Skate Board,0.0,MR76,False,Laboral,Martes,0.0,-7.650.741,-0.4380952380952381,1.8950976220369438,"1972,4"
2024-04-10,URBANA,019_ZW Parque Skate Board,0.0,MR76,False,Laboral,Miércoles,0.0,-7.650.741,-0.5714285714285714,-0.09703307195537278,"433,4"
2024-04-11,URBANA,019_ZW Parque Skate Board,0.0,MR76,False,Laboral,Jueves,0.0,-7.650.741,-0.7428571428571429,0.14388473307120356,"779,8"
2024-04-12,URBANA,019_ZW Parque Skate Board,0.0,MR76,False,Laboral,Viernes,0.0,-7.650.741,-1.7904761904761906,-0.3737300865328953,"0,3"
2024-04-16,URBANA,019_ZW Parque Skate Board,0.0,MR76,False,Laboral,Martes,0.0,-7.650.741,-1.0095238095238095,0.043101200634524446,"653,1"
2024-04-17,URBANA,019_ZW Parque Skate Board,0.0,MR76,False,Laboral,Miércoles,0.0,-7.650.741,-0.3047619047619048,1.2828290467849006,"2954,3"
2024-04-18,URBANA,019_ZW Parque Skate Board,0.0,MR76,False,Laboral,Jueves,0.0,-7.650.741,-1.0095238095238095,-0.05739739724688564,"722,8"
2024-04-19,URBANA,019_ZW Parque Skate Board,0.0,MR76,False,Laboral,Viernes,0.0,-7.650.741,-1.1238095238095238,-0.10363723846541316,"443,3"
2024-04-20,URBANA,019_ZW Parque Skate Board,0.0,MR76,False,Fin de Semana,Sábado,0.0,-7.650.741,-0.41904761904761906,0.7218220775412929,"932,5"
2024-04-21,URBANA,019_ZW Parque Skate Board,0.0,MR76,False,Fin de Semana,Domingo,0.0,-7.650.741,-0.5142857142857142,-0.03453121123499207,"364,8"
2024-04-22,URBANA,019_ZW Parque Skate Board,0.0,MR76,False,Laboral,Lunes,0.0,-7.650.741,-0.9714285714285714,-0.051199506815123336,"461,6"
2024-04-23,URBANA,019_ZW Parque Skate Board,0.0,MR76,False,Laboral,Martes,0.0,-7.650.741,-0.7619047619047619,0.8176375241517746,"431,7"
2024-04-24,URBANA,019_ZW Parque Skate Board,0.0,MR76,False,Laboral,Miércoles,0.0,-7.650.741,0.17142857142857143,1.7713864058400306,"776,9000000000001"
2024-04-25,URBANA,019_ZW Parque Skate Board,0.0,MR76,False,Laboral,Jueves,0.0,-7.650.741,0.38095238095238093,1.7980424469788667,"1217,3"
2024-04-26,URBANA,019_ZW Parque Skate Board,0.0,MR76,False,Laboral,Viernes,0.0,-7.650.741,-0.13333333333333333,1.1480494387766609,"1010,1999999999999"
2024-04-27,URBANA,019_ZW Parque Skate Board,0.0,MR76,False,Fin de Semana,Sábado,0.0,-7.650.741,0.0761904761904762,1.2235355942652222,"870,9"
2024-04-28,URBANA,019_ZW Parque Skate Board,0.0,MR76,False,Fin de Semana,Domingo,0.0,-7.650.741,-0.26666666666666666,1.098211001932142,"1325,3"
2024-04-29,URBANA,019_ZW Parque Skate Board,0.0,MR76,False,Laboral,Lunes,0.0,-7.650.741,0.4,0.2787924488583823,"542,2"
2024-04-30,URBANA,019_ZW Parque Skate Board,0.0,MR76,False,Laboral,Martes,0.0,-7.650.741,0.26666666666666666,-0.14353514318149355,"243,3"
2024-05-01,URBANA,019_ZW Parque Skate Board,0.0,MR76,True,Festivo,Miércoles,0.0,-7.650.741,1.0476190476190477,-0.17117559937750446,"256,5"
2024-05-02,URBANA,019_ZW Parque Skate Board,0.0,MR76,False,Laboral,Jueves,0.0,-7.650.741,0.47619047619047616,-0.24464405734777803,"168,10000000000002"
2024-05-03,URBANA,019_ZW Parque Skate Board,0.0,MR76,False,Laboral,Viernes,0.0,-7.650.741,-0.26666666666666666,-0.2888147775029508,"123,69999999999999"
2024-05-04,URBANA,019_ZW Parque Skate Board,0.0,MR76,False,Fin de Semana,Sábado,0.0,-7.650.741,0.49523809523809526,-0.1431715696961951,"212,6"
2024-05-05,URBANA,019_ZW Parque Skate Board,0.0,MR76,False,Fin de Semana,Domingo,0.0,-7.650.741,0.9142857142857143,-0.20527602565162803,"182,0"
2024-05-06,URBANA,019_ZW Parque Skate Board,0.0,MR76,False,Laboral,Lunes,0.0,-7.650.741,0.34285714285714286,-0.24887371911016218,"174,1"
2024-05-07,URBANA,019_ZW Parque Skate Board,0.0,MR76,False,Laboral,Martes,0.0,-7.650.741,0.0380952380952381,-0.13142339470578063,"266,0"
2024-05-08,URBANA,019_ZW Parque Skate Board,0.0,MR76,False,Laboral,Miércoles,0.0,-7.650.741,-0.0380952380952381,-0.14098155819356004,"195,60000000000002"
2024-05-09,URBANA,019_ZW Parque Skate Board,0.0,MR76,False,Laboral,Jueves,0.0,-7.650.741,-0.13333333333333333,-0.22039469826257585,"116,0"
2024-05-10,URBANA,019_ZW Parque Skate Board,0.0,MR76,False,Laboral,Viernes,0.0,-7.650.741,0.5904761904761905,-0.23072917684737582,"120,8"
2024-05-11,URBANA,019_ZW Parque Skate Board,0.0,MR76,False,Fin de Semana,Sábado,0.0,-7.650.741,0.5523809523809524,-0.21486922330899988,"142,0"
2024-05-12,URBANA,019_ZW Parque Skate Board,0.0,MR76,False,Fin de Semana,Domingo,0.0,-7.650.741,0.26666666666666666,-0.1904504071030651,"296,0"
2024-05-13,URBANA,019_ZW Parque Skate Board,0.0,MR76,True,Festivo,Lunes,0.0,-7.650.741,0.26666666666666666,-0.26208175140775714,"133,0"
2024-05-14,URBANA,019_ZW Parque Skate Board,0.0,MR76,False,Laboral,Martes,0.0,-7.650.741,-0.5142857142857142,-0.3653715050408607,"26,400000000000002"
2024-05-15,URBANA,019_ZW Parque Skate Board,0.0,MR76,False,Laboral,Miércoles,0.0,-7.650.741,-0.2857142857142857,0.21800260124950194,"637,2"
2024-05-16,URBANA,019_ZW Parque Skate Board,0.0,MR76,False,Laboral,Jueves,0.0,-7.650.741,0.05714285714285714,0.35332802056941803,"592,7"
2024-05-17,URBANA,019_ZW Parque Skate Board,0.0,MR76,False,Laboral,Viernes,0.0,-7.650.741,0.1523809523809524,0.08483817371234391,"293,5"
2024-05-18,URBANA,019_ZW Parque Skate Board,0.0,MR76,False,Fin de Semana,Sábado,0.0,-7.650.741,0.45714285714285713,0.6076481246193981,"594,6999999999999"
2024-05-19,URBANA,019_ZW Parque Skate Board,0.0,MR76,False,Fin de Semana,Domingo,0.0,-7.650.741,0.09523809523809523,0.09708314224925384,"267,9"
2024-05-20,URBANA,019_ZW Parque Skate Board,0.0,MR76,False,Laboral,Lunes,0.0,-7.650.741,-0.780952380952381,-0.3090885853262463,"61,400000000000006"
2024-05-21,URBANA,019_ZW Parque Skate Board,0.0,MR76,False,Laboral,Martes,0.0,-7.650.741,-0.11428571428571428,-0.32224744949741757,"44,300000000000004"
2024-05-22,URBANA,019_ZW Parque Skate Board,0.0,MR76,False,Laboral,Miércoles,0.0,-7.650.741,0.05714285714285714,-0.3375282115281965,"94,2"
2024-05-23,URBANA,019_ZW Parque Skate Board,0.0,MR76,False,Laboral,Jueves,0.0,-7.650.741,0.26666666666666666,-0.32334764271161465,"63,4"
2024-05-24,URBANA,019_ZW Parque Skate Board,0.0,MR76,False,Laboral,Viernes,0.0,-7.650.741,0.05714285714285714,-0.06850097358904769,"430,4"
2024-05-25,URBANA,019_ZW Parque Skate Board,0.0,MR76,False,Fin de Semana,Sábado,0.0,-7.650.741,0.19047619047619047,0.08632990760301625,"429,8"
2024-05-26,URBANA,019_ZW Parque Skate Board,0.0,MR76,False,Fin de Semana,Domingo,0.0,-7.650.741,-0.2857142857142857,0.13915211295136565,"493,90000000000003"
2024-05-27,URBANA,019_ZW Parque Skate Board,0.0,MR76,False,Laboral,Lunes,0.0,-7.650.741,-0.5904761904761905,0.4892360897055175,"675,3"
2024-05-28,URBANA,019_ZW Parque Skate Board,0.0,MR76,False,Laboral,Martes,0.0,-7.650.741,-0.47619047619047616,0.6805495703427484,"941,7"
2024-05-29,URBANA,019_ZW Parque Skate Board,0.0,MR76,False,Laboral,Miércoles,0.0,-7.650.741,-0.6476190476190476,0.27075082886635143,"857,3"
2024-05-30,URBANA,019_ZW Parque Skate Board,0.0,MR76,False,Laboral,Jueves,0.0,-7.650.741,-0.11428571428571428,1.019344124258531,"774,3"
2024-05-31,URBANA,019_ZW Parque Skate Board,0.0,MR76,False,Laboral,Viernes,0.0,-7.650.741,0.47619047619047616,-0.01358378504356717,"257,8"
2024-06-01,URBANA,019_ZW Parque Skate Board,0.0,MR76,False,Fin de Semana,Sábado,0.0,-7.650.741,0.24761904761904763,0.3748653139166848,"497,5"
2024-06-02,URBANA,019_ZW Parque Skate Board,0.0,MR76,False,Fin de Semana,Domingo,0.0,-7.650.741,0.7047619047619048,0.9957998090412216,"929,5"
2024-06-03,URBANA,019_ZW Parque Skate Board,0.0,MR76,True,Festivo,Lunes,0.0,-7.650.741,0.3238095238095238,0.12417162232263011,"478,29999999999995"
2024-06-04,URBANA,019_ZW Parque Skate Board,0.0,MR76,False,Laboral,Martes,0.0,-7.650.741,0.0380952380952381,-0.3406405388946945,"48,8"
2024-06-05,URBANA,019_ZW Parque Skate Board,0.0,MR76,False,Laboral,Miércoles,0.0,-7.650.741,0.38095238095238093,-0.2374355890025787,"317,9"
2024-06-06,URBANA,019_ZW Parque Skate Board,0.0,MR76,False,Laboral,Jueves,0.0,-7.650.741,0.05714285714285714,-0.32144316720922017,"57,2"
2024-06-07,URBANA,019_ZW Parque Skate Board,0.0,MR76,False,Laboral,Viernes,0.0,-7.650.741,0.05714285714285714,-0.3443331102974897,"41,0"
2024-06-08,URBANA,019_ZW Parque Skate Board,0.0,MR76,False,Fin de Semana,Sábado,0.0,-7.650.741,0.05714285714285714,-0.34691661717275757,"57,2"
2024-06-09,URBANA,019_ZW Parque Skate Board,0.0,MR76,False,Fin de Semana,Domingo,0.0,-7.650.741,0.22857142857142856,-0.37162442768751924,"5,5"
2024-06-10,URBANA,019_ZW Parque Skate Board,0.0,MR76,True,Festivo,Lunes,0.0,-7.650.741,0.3238095238095238,0.15248765158292799,"642,4"
2024-06-11,URBANA,019_ZW Parque Skate Board,0.0,MR76,False,Laboral,Martes,0.0,-7.650.741,0.26666666666666666,0.11030575958740875,"514,4"
2024-06-12,URBANA,019_ZW Parque Skate Board,0.0,MR76,False,Laboral,Miércoles,0.0,-7.650.741,0.0,0.28582469382691916,"591,7"
2024-06-13,URBANA,019_ZW Parque Skate Board,0.0,MR76,False,Laboral,Jueves,0.0,-7.650.741,0.3619047619047619,-0.1521364077195462,"2872760500,0"
2024-06-14,URBANA,019_ZW Parque Skate Board,0.0,MR76,False,Laboral,Viernes,0.0,-7.650.741,-0.3238095238095238,-0.3100791651943795,"12777987400,0"
2024-06-15,URBANA,019_ZW Parque Skate Board,0.0,MR76,False,Fin de Semana,Sábado,0.0,-7.650.741,-0.13333333333333333,0.5331081924323187,"6992417200,0"
2024-06-16,URBANA,019_ZW Parque Skate Board,0.0,MR76,False,Fin de Semana,Domingo,0.0,-7.650.741,0.20952380952380953,0.28497440099839866,"78588931400,0"
2024-06-17,URBANA,019_ZW Parque Skate Board,0.0,MR76,False,Laboral,Lunes,0.0,-7.650.741,0.17142857142857143,-0.06059512979934292,"333,6"
2024-06-18,URBANA,019_ZW Parque Skate Board,0.0,MR76,False,Laboral,Martes,0.0,-7.650.741,-0.09523809523809523,-0.07421485117995985,"314,9"
2024-06-19,URBANA,019_ZW Parque Skate Board,0.0,MR76,False,Laboral,Miércoles,0.0,-7.650.741,-0.4380952380952381,-0.22687436566350658,"138,8"
2024-06-20,URBANA,019_ZW Parque Skate Board,0.0,MR76,False,Laboral,Jueves,0.0,-7.650.741,0.7619047619047619,-0.3438507514303113,"40,1"
2024-06-21,URBANA,019_ZW Parque Skate Board,0.0,MR76,False,Laboral,Viernes,0.0,-7.650.741,0.3619047619047619,-0.06197679926022268,"356,5"
2024-06-22,URBANA,019_ZW Parque Skate Board,0.0,MR76,False,Fin de Semana,Sábado,0.0,-7.650.741,0.19047619047619047,-0.33666619052273083,"47,0"
2024-06-23,URBANA,019_ZW Parque Skate Board,0.0,MR76,False,Fin de Semana,Domingo,0.0,-7.650.741,0.38095238095238093,-0.32235510814732393,"134,8"
2024-06-24,URBANA,019_ZW Parque Skate Board,0.0,MR76,False,Laboral,Lunes,0.0,-7.650.741,0.5904761904761905,-0.36121717426116245,"16,3"
2024-06-25,URBANA,019_ZW Parque Skate Board,0.0,MR76,False,Laboral,Martes,0.0,-7.650.741,0.13333333333333333,-0.3347227714584289,"64,7"
2024-06-26,URBANA,019_ZW Parque Skate Board,0.0,MR76,False,Laboral,Miércoles,0.0,-7.650.741,-0.1523809523809524,-0.35306533947809615,"35,9"
2024-06-27,URBANA,019_ZW Parque Skate Board,0.0,MR76,False,Laboral,Jueves,0.0,-7.650.741,0.11428571428571428,-0.37236450572500435,"3,1999999999999997"
2024-06-28,URBANA,019_ZW Parque Skate Board,0.0,MR76,False,Laboral,Viernes,0.0,-7.650.741,0.26666666666666666,-0.32824626164359877,"52,4"
2024-06-29,URBANA,019_ZW Parque Skate Board,0.0,MR76,False,Fin de Semana,Sábado,0.0,-7.650.741,0.3238095238095238,-0.3077135317600535,"74,8"
2024-06-30,URBANA,019_ZW Parque Skate Board,0.0,MR76,False,Fin de Semana,Domingo,0.0,-7.650.741,0.47619047619047616,-0.0573870223211265,"452,3"
2024-07-01,URBANA,019_ZW Parque Skate Board,0.0,MR76,True,Festivo,Lunes,0.0,-7.650.741,0.3238095238095238,0.13371550149233533,"469,1"
2024-07-02,URBANA,019_ZW Parque Skate Board,0.0,MR76,False,Laboral,Martes,0.0,-7.650.741,0.11428571428571428,0.5177322517347929,"638,78"
2024-07-03,URBANA,019_ZW Parque Skate Board,0.0,MR76,False,Laboral,Miércoles,0.0,-7.650.741,-0.01904761904761905,0.1901976498537737,"446,28999999999996"
2024-07-04,URBANA,019_ZW Parque Skate Board,0.0,MR76,False,Laboral,Jueves,0.0,-7.650.741,-0.01904761904761905,0.25144339275108446,"524,19"
2024-07-05,URBANA,019_ZW Parque Skate Board,0.0,MR76,False,Laboral,Viernes,0.0,-7.650.741,-0.20952380952380953,0.8215443603256825,"933,24"
2024-07-06,URBANA,019_ZW Parque Skate Board,0.0,MR76,False,Fin de Semana,Sábado,0.0,-7.650.741,1.2,-0.3466888198897852,"21,58"
2024-07-07,URBANA,019_ZW Parque Skate Board,0.0,MR76,False,Fin de Semana,Domingo,0.0,-7.650.741,0.9714285714285714,-0.28147669776638373,"69,75"
2024-07-08,URBANA,019_ZW Parque Skate Board,0.0,MR76,False,Laboral,Lunes,0.0,-7.650.741,0.26666666666666666,-0.334872982340072,"46,84"
2024-07-09,URBANA,019_ZW Parque Skate Board,0.0,MR76,False,Laboral,Martes,0.0,-7.650.741,0.3238095238095238,-0.3047867501672769,"79,27"
2024-07-10,URBANA,019_ZW Parque Skate Board,0.0,MR76,False,Laboral,Miércoles,0.0,-7.650.741,0.6857142857142857,-0.35725726056851587,"16,13"
2024-07-11,URBANA,019_ZW Parque Skate Board,0.0,MR76,False,Laboral,Jueves,0.0,-7.650.741,0.5333333333333333,-0.3383183598595626,"32,160000000000004"
2024-07-12,URBANA,019_ZW Parque Skate Board,0.0,MR76,False,Laboral,Viernes,0.0,-7.650.741,0.5714285714285714,-0.3432210385451046,"32,28"
2024-07-13,URBANA,019_ZW Parque Skate Board,0.0,MR76,False,Fin de Semana,Sábado,0.0,-7.650.741,0.7619047619047619,-0.2664598197168698,"101,52"
2024-07-14,URBANA,019_ZW Parque Skate Board,0.0,MR76,False,Fin de Semana,Domingo,0.0,-7.650.741,0.5523809523809524,-0.3387453857893589,"36,87"
2024-07-15,URBANA,019_ZW Parque Skate Board,0.0,MR76,False,Laboral,Lunes,0.0,-7.650.741,0.5714285714285714,-0.30497951328065676,"82,11999999999999"
2024-07-16,URBANA,019_ZW Parque Skate Board,0.0,MR76,False,Laboral,Martes,0.0,-7.650.741,0.6476190476190476,-0.3083008427747664,"69,56"
2024-07-17,URBANA,019_ZW Parque Skate Board,0.0,MR76,False,Laboral,Miércoles,0.0,-7.650.741,0.4,-0.30310571147181103,"104,2"
2024-07-18,URBANA,019_ZW Parque Skate Board,0.0,MR76,False,Laboral,Jueves,0.0,-7.650.741,0.8761904761904762,-0.27759452083630926,"107,61"
2024-07-19,URBANA,019_ZW Parque Skate Board,0.0,MR76,False,Laboral,Viernes,0.0,-7.650.741,0.7047619047619048,-0.27193026245554947,"94,6"
2024-07-20,URBANA,019_ZW Parque Skate Board,0.0,MR76,True,Festivo,Sábado,0.0,-7.650.741,0.9142857142857143,-0.2753987956064445,"84,2"
2024-07-21,URBANA,019_ZW Parque Skate Board,0.0,MR76,False,Fin de Semana,Domingo,0.0,-7.650.741,0.6476190476190476,-0.366062414951922,"8,07"
2024-07-22,URBANA,019_ZW Parque Skate Board,0.0,MR76,False,Laboral,Lunes,0.0,-7.650.741,0.34285714285714286,0.031891769977370636,"388,40999999999997"
2024-07-23,URBANA,019_ZW Parque Skate Board,0.0,MR76,False,Laboral,Martes,0.0,-7.650.741,0.5333333333333333,0.23397622788749972,"583,72"
2024-07-24,URBANA,019_ZW Parque Skate Board,0.0,MR76,False,Laboral,Miércoles,0.0,-7.650.741,0.5523809523809524,-0.3193202168209122,"57,54"
2024-07-25,URBANA,019_ZW Parque Skate Board,0.0,MR76,False,Laboral,Jueves,0.0,-7.650.741,1.1047619047619048,-0.22946644312961892,"152,04000000000002"
2024-07-26,URBANA,019_ZW Parque Skate Board,0.0,MR76,False,Laboral,Viernes,0.0,-7.650.741,1.0857142857142856,-0.25562493891574506,"103,69"
2024-07-27,URBANA,019_ZW Parque Skate Board,0.0,MR76,False,Fin de Semana,Sábado,0.0,-7.650.741,0.7619047619047619,-0.23187026831963792,"161,67000000000002"
2024-07-28,URBANA,019_ZW Parque Skate Board,0.0,MR76,False,Fin de Semana,Domingo,0.0,-7.650.741,0.7619047619047619,-0.19506574545345193,"251,82999999999998"
2024-07-29,URBANA,019_ZW Parque Skate Board,0.0,MR76,False,Laboral,Lunes,0.0,-7.650.741,-0.11428571428571428,-0.1666791967702405,"221,10000000000002"
2024-07-30,URBANA,019_ZW Parque Skate Board,0.0,MR76,False,Laboral,Martes,0.0,-7.650.741,0.6666666666666666,-0.29503807898476087,"76,74"
2024-07-31,URBANA,019_ZW Parque Skate Board,0.0,MR76,False,Laboral,Miércoles,0.0,-7.650.741,-1.3714285714285714,-0.3736977588656748,"0,33999999999999997"
2024-08-02,URBANA,019_ZW Parque Skate Board,0.0,MR76,False,Laboral,Viernes,0.0,-7.650.741,-0.0380952380952381,-0.050058716065346995,"358,41999999999996"
2024-08-03,URBANA,019_ZW Parque Skate Board,0.0,MR76,False,Fin de Semana,Sábado,0.0,-7.650.741,0.41904761904761906,0.5050455218662837,"1191,1599999999999"
2024-08-04,URBANA,019_ZW Parque Skate Board,0.0,MR76,False,Fin de Semana,Domingo,0.0,-7.650.741,0.7238095238095238,0.8187620758873193,"1264,76"
2024-08-05,URBANA,019_ZW Parque Skate Board,0.0,MR76,False,Laboral,Lunes,0.0,-7.650.741,0.01904761904761905,0.5259293452519679,"864,8199999999999"
2024-08-06,URBANA,019_ZW Parque Skate Board,0.0,MR76,False,Laboral,Martes,0.0,-7.650.741,0.05714285714285714,0.39382090472359843,"491,63"
2024-08-07,URBANA,019_ZW Parque Skate Board,0.0,MR76,True,Festivo,Miércoles,0.0,-7.650.741,0.4380952380952381,1.1048888454511965,"1169,96"
2024-08-08,URBANA,019_ZW Parque Skate Board,0.0,MR76,False,Laboral,Jueves,0.0,-7.650.741,0.8761904761904762,0.4254107493252539,"667,03"
2024-08-09,URBANA,019_ZW Parque Skate Board,0.0,MR76,False,Laboral,Viernes,0.0,-7.650.741,1.1428571428571428,0.5786971198303925,"1169,33"
2024-08-10,URBANA,019_ZW Parque Skate Board,0.0,MR76,False,Fin de Semana,Sábado,0.0,-7.650.741,0.45714285714285713,0.4008203709411862,"975,38"
2024-08-11,URBANA,019_ZW Parque Skate Board,0.0,MR76,False,Fin de Semana,Domingo,0.0,-7.650.741,0.8380952380952381,-0.1160381316111959,"297,74"
2024-08-12,URBANA,019_ZW Parque Skate Board,0.0,MR76,False,Laboral,Lunes,0.0,-7.650.741,0.09523809523809523,-0.2779627555201371,"136,92"
2024-08-13,URBANA,019_ZW Parque Skate Board,0.0,MR76,False,Laboral,Martes,0.0,-7.650.741,0.780952380952381,-0.28067166367197194,"70,25999999999999"
2024-08-14,URBANA,019_ZW Parque Skate Board,0.0,MR76,False,Laboral,Miércoles,0.0,-7.650.741,0.41904761904761906,-0.1947063820829543,"158,26000000000002"
2024-08-15,URBANA,019_ZW Parque Skate Board,0.0,MR76,False,Laboral,Jueves,0.0,-7.650.741,0.8571428571428571,-0.1672650041725245,"206,42"
2024-08-16,URBANA,019_ZW Parque Skate Board,0.0,MR76,False,Laboral,Viernes,0.0,-7.650.741,0.5142857142857142,-0.25575966258937094,"107,15"
2024-08-17,URBANA,019_ZW Parque Skate Board,0.0,MR76,False,Fin de Semana,Sábado,0.0,-7.650.741,0.780952380952381,0.04925834316946464,"408,28"
2024-08-18,URBANA,019_ZW Parque Skate Board,0.0,MR76,False,Fin de Semana,Domingo,0.0,-7.650.741,0.8761904761904762,0.7439564553840602,"1125,1100000000001"
2024-08-19,URBANA,019_ZW Parque Skate Board,0.0,MR76,True,Festivo,Lunes,0.0,-7.650.741,0.34285714285714286,0.307782848293024,"622,4399999999999"
2024-08-20,URBANA,019_ZW Parque Skate Board,0.0,MR76,False,Laboral,Martes,0.0,-7.650.741,0.13333333333333333,-0.2796179320818266,"155,41"
2024-08-21,URBANA,019_ZW Parque Skate Board,0.0,MR76,False,Laboral,Miércoles,0.0,-7.650.741,0.26666666666666666,-0.13273755196860457,"467,31"
2024-08-22,URBANA,019_ZW Parque Skate Board,0.0,MR76,False,Laboral,Jueves,0.0,-7.650.741,0.8,-0.14313142324434452,"408,58000000000004"
2024-08-23,URBANA,019_ZW Parque Skate Board,0.0,MR76,False,Laboral,Viernes,0.0,-7.650.741,0.9142857142857143,-0.2891493312683723,"229,93"
2024-08-24,URBANA,019_ZW Parque Skate Board,0.0,MR76,False,Fin de Semana,Sábado,0.0,-7.650.741,0.8380952380952381,-0.3265350003383128,"213,96"
2024-08-25,URBANA,019_ZW Parque Skate Board,0.0,MR76,False,Fin de Semana,Domingo,0.0,-7.650.741,1.0285714285714285,-0.27442114680519947,"633,6600000000001"
2024-08-26,URBANA,019_ZW Parque Skate Board,0.0,MR76,False,Laboral,Lunes,0.0,-7.650.741,0.41904761904761906,-0.31469976618826734,"527,02"
2024-08-27,URBANA,019_ZW Parque Skate Board,0.0,MR76,False,Laboral,Martes,0.0,-7.650.741,0.780952380952381,-0.30646703705652834,"482,09999999999997"
2024-08-28,URBANA,019_ZW Parque Skate Board,0.0,MR76,False,Laboral,Miércoles,0.0,-7.650.741,0.45714285714285713,-0.33305842286092335,"483,14"
2024-08-29,URBANA,019_ZW Parque Skate Board,0.0,MR76,False,Laboral,Jueves,0.0,-7.650.741,-1.0476190476190477,-0.3570787817732101,"321,55"
2024-11-08,URBANA,019_ZW Parque Skate Board,0.0,MR76,False,Laboral,Viernes,0.0,-7.650.741,-0.41904761904761906,-0.2721361069970604,"54,78"
2024-11-09,URBANA,019_ZW Parque Skate Board,0.0,MR76,False,Fin de Semana,Sábado,0.0,-7.650.741,1.1047619047619048,0.1387727515355642,"204,81"
2024-11-10,URBANA,019_ZW Parque Skate Board,0.0,MR76,False,Fin de Semana,Domingo,0.0,-7.650.741,0.6476190476190476,0.7283579800470631,"378,46000000000004"
2024-11-11,URBANA,019_ZW Parque Skate Board,0.0,MR76,True,Festivo,Lunes,0.0,-7.650.741,0.0,0.4103235022140693,"297,01"
2024-11-12,URBANA,019_ZW Parque Skate Board,0.0,MR76,False,Laboral,Martes,0.0,-7.650.741,0.45714285714285713,0.3664835767932458,"257,64"
2024-11-13,URBANA,019_ZW Parque Skate Board,0.0,MR76,False,Laboral,Miércoles,0.0,-7.650.741,0.7428571428571429,1.4980218474885914,"768,48"
2024-11-14,URBANA,019_ZW Parque Skate Board,0.0,MR76,False,Laboral,Jueves,0.0,-7.650.741,1.1428571428571428,1.9199216617924564,"794,71"
2024-11-15,URBANA,019_ZW Parque Skate Board,0.0,MR76,False,Laboral,Viernes,0.0,-7.650.741,0.9523809523809523,1.2112333380947726,"578,76"
2024-11-16,URBANA,019_ZW Parque Skate Board,0.0,MR76,False,Fin de Semana,Sábado,0.0,-7.650.741,1.619047619047619,1.2741689910008795,"595,3"
2024-11-17,URBANA,019_ZW Parque Skate Board,0.0,MR76,False,Fin de Semana,Domingo,0.0,-7.650.741,1.619047619047619,1.6105568628630285,"768,27"
2024-11-18,URBANA,019_ZW Parque Skate Board,0.0,MR76,False,Laboral,Lunes,0.0,-7.650.741,0.819047619047619,0.8313025042665003,"498,69"
2024-11-19,URBANA,019_ZW Parque Skate Board,0.0,MR76,False,Laboral,Martes,0.0,-7.650.741,1.2190476190476192,1.637648801244991,"837,42"
2024-11-20,URBANA,019_ZW Parque Skate Board,0.0,MR76,False,Laboral,Miércoles,0.0,-7.650.741,1.0476190476190477,1.7155294595265125,"728,24"
2024-11-21,URBANA,019_ZW Parque Skate Board,0.0,MR76,False,Laboral,Jueves,0.0,-7.650.741,1.5047619047619047,1.5860120439355552,"721,95"
2024-11-22,URBANA,019_ZW Parque Skate Board,0.0,MR76,False,Laboral,Viernes,0.0,-7.650.741,0.8761904761904762,2.806885793117966,"1047,92"
2024-11-23,URBANA,019_ZW Parque Skate Board,0.0,MR76,False,Fin de Semana,Sábado,0.0,-7.650.741,1.6761904761904762,0.7430724816371332,"387,65999999999997"
2024-11-24,URBANA,019_ZW Parque Skate Board,0.0,MR76,False,Fin de Semana,Domingo,0.0,-7.650.741,0.49523809523809526,-0.016673858946118048,"320,98"
2024-11-25,URBANA,019_ZW Parque Skate Board,0.0,MR76,False,Laboral,Lunes,0.0,-7.650.741,-0.05714285714285714,-0.1181353702269703,"413,77"
2024-11-26,URBANA,019_ZW Parque Skate Board,0.0,MR76,False,Laboral,Martes,0.0,-7.650.741,0.3047619047619048,0.7747012698006962,"970,08"
2024-11-27,URBANA,019_ZW Parque Skate Board,0.0,MR76,False,Laboral,Miércoles,0.0,-7.650.741,0.8,0.8397833294490012,"415,65999999999997"
2024-11-28,URBANA,019_ZW Parque Skate Board,0.0,MR76,False,Laboral,Jueves,0.0,-7.650.741,1.4285714285714286,1.2527222151218302,"513,82"
2024-11-29,URBANA,019_ZW Parque Skate Board,0.0,MR76,False,Laboral,Viernes,0.0,-7.650.741,1.6571428571428573,1.6565849954515723,"607,65"
2024-11-30,URBANA,019_ZW Parque Skate Board,0.0,MR76,False,Fin de Semana,Sábado,0.0,-7.650.741,1.4095238095238096,1.0325698991827867,"410,40999999999997"
2024-12-01,URBANA,019_ZW Parque Skate Board,0.0,MR76,False,Fin de Semana,Domingo,0.0,-7.650.741,1.542857142857143,1.7828119056032117,"593,55"
2024-12-02,URBANA,019_ZW Parque Skate Board,0.0,MR76,False,Laboral,Lunes,0.0,-7.650.741,1.3714285714285714,0.9181359716719418,"411,85"
