FECHA.CONEXION,AREA,NOMBRE.ZONA,COMUNA,MODEL,es_festivo,tipo_dia,dia_semana,LATITUD,LONGITUD,NUMERO.CONEXIONES,USAGE.KB,PORCENTAJE.USO
2024-01-17,URBANA,004_ZW Parque San Nicolas,0.0,MR76,False,Laboral,Miércoles,0.0,-7.652.574,-1.5019157088122606,1.0561836106059843,"256,2"
2024-01-18,URBANA,004_ZW Parque San Nicolas,0.0,MR76,False,Laboral,Jueves,0.0,-7.652.574,-0.5210727969348659,2.112855954211684,"425,6"
2024-01-19,URBANA,004_ZW Parque San Nicolas,0.0,MR76,False,Laboral,Viernes,0.0,-7.652.574,-0.22988505747126436,2.0881066481512183,"328,7"
2024-01-20,URBANA,004_ZW Parque San Nicolas,0.0,MR76,False,Fin de Semana,Sábado,0.0,-7.652.574,-0.842911877394636,1.7692668849091993,"330,4"
2024-01-21,URBANA,004_ZW Parque San Nicolas,0.0,MR76,False,Fin de Semana,Domingo,0.0,-7.652.574,-1.4252873563218391,1.9758668592356452,"368,8"
2024-01-22,URBANA,004_ZW Parque San Nicolas,0.0,MR76,False,Laboral,Lunes,0.0,-7.652.574,-0.6130268199233716,2.7928899846634296,"642,7"
2024-01-23,URBANA,004_ZW Parque San Nicolas,0.0,MR76,False,Laboral,Martes,0.0,-7.652.574,-0.39846743295019155,1.7305391082545674,"387,5"
2024-01-24,URBANA,004_ZW Parque San Nicolas,0.0,MR76,False,Laboral,Miércoles,0.0,-7.652.574,-0.29118773946360155,3.6238346207356047,"698,7"
2024-01-25,URBANA,004_ZW Parque San Nicolas,0.0,MR76,False,Laboral,Jueves,0.0,-7.652.574,-0.27586206896551724,3.953567454664609,"637,7"
2024-01-26,URBANA,004_ZW Parque San Nicolas,0.0,MR76,False,Laboral,Viernes,0.0,-7.652.574,-0.47509578544061304,1.9595018914757045,"343,8"
2024-01-27,URBANA,004_ZW Parque San Nicolas,0.0,MR76,False,Fin de Semana,Sábado,0.0,-7.652.574,-0.22988505747126436,2.6092477804588916,"507,4"
2024-01-28,URBANA,004_ZW Parque San Nicolas,0.0,MR76,False,Fin de Semana,Domingo,0.0,-7.652.574,-1.0268199233716475,2.0524068956879344,"482,4"
2024-01-29,URBANA,004_ZW Parque San Nicolas,0.0,MR76,False,Laboral,Lunes,0.0,-7.652.574,0.04597701149425287,3.168134234229084,"656,6"
2024-01-30,URBANA,004_ZW Parque San Nicolas,0.0,MR76,False,Laboral,Martes,0.0,-7.652.574,-0.5057471264367817,1.4388068761469297,"384,8"
2024-03-04,URBANA,004_ZW Parque San Nicolas,0.0,MR76,False,Laboral,Lunes,0.0,-7.652.574,-1.2260536398467432,0.09174938245747882,"17,1"
2024-03-05,URBANA,004_ZW Parque San Nicolas,0.0,MR76,False,Laboral,Martes,0.0,-7.652.574,0.13793103448275862,1.0930836796751204,"192,4"
2024-03-06,URBANA,004_ZW Parque San Nicolas,0.0,MR76,False,Laboral,Miércoles,0.0,-7.652.574,0.12260536398467432,0.9888390720309497,"198,4"
2024-03-07,URBANA,004_ZW Parque San Nicolas,0.0,MR76,False,Laboral,Jueves,0.0,-7.652.574,0.06130268199233716,2.7338420577509446,"617,6"
2024-03-08,URBANA,004_ZW Parque San Nicolas,0.0,MR76,False,Laboral,Viernes,0.0,-7.652.574,0.1839080459770115,1.0396789454509736,"235,9"
2024-03-09,URBANA,004_ZW Parque San Nicolas,0.0,MR76,False,Fin de Semana,Sábado,0.0,-7.652.574,-0.01532567049808429,2.112912082629346,"516,3"
2024-03-10,URBANA,004_ZW Parque San Nicolas,0.0,MR76,False,Fin de Semana,Domingo,0.0,-7.652.574,-0.9042145593869731,0.6531350059948269,"167,0"
2024-03-11,URBANA,004_ZW Parque San Nicolas,0.0,MR76,False,Laboral,Lunes,0.0,-7.652.574,-0.1685823754789272,0.8823343601022576,"228,2"
2024-03-12,URBANA,004_ZW Parque San Nicolas,0.0,MR76,False,Laboral,Martes,0.0,-7.652.574,0.7049808429118773,0.0686664667524877,"21,299999999999997"
2024-03-13,URBANA,004_ZW Parque San Nicolas,0.0,MR76,False,Laboral,Miércoles,0.0,-7.652.574,0.3524904214559387,0.05194435594979417,"19,900000000000002"
2024-03-14,URBANA,004_ZW Parque San Nicolas,0.0,MR76,False,Laboral,Jueves,0.0,-7.652.574,0.5057471264367817,-0.005717822695525681,"0,9"
2024-03-15,URBANA,004_ZW Parque San Nicolas,0.0,MR76,False,Laboral,Viernes,0.0,-7.652.574,0.26053639846743293,0.00015944628276561343,"1,7000000000000002"
2024-03-16,URBANA,004_ZW Parque San Nicolas,0.0,MR76,False,Fin de Semana,Sábado,0.0,-7.652.574,0.3524904214559387,0.006370159638574567,"3,4"
2024-03-17,URBANA,004_ZW Parque San Nicolas,0.0,MR76,False,Fin de Semana,Domingo,0.0,-7.652.574,-1.0727969348659003,-0.005276279143251675,"0,8"
2024-03-18,URBANA,004_ZW Parque San Nicolas,0.0,MR76,False,Laboral,Lunes,0.0,-7.652.574,0.39846743295019155,-0.0028070445321826316,"1,3"
2024-03-19,URBANA,004_ZW Parque San Nicolas,0.0,MR76,False,Laboral,Martes,0.0,-7.652.574,0.07662835249042145,-0.0016865550092274079,"2,5"
2024-03-20,URBANA,004_ZW Parque San Nicolas,0.0,MR76,False,Laboral,Miércoles,0.0,-7.652.574,0.22988505747126436,0.028077305461762774,"13,7"
2024-03-21,URBANA,004_ZW Parque San Nicolas,0.0,MR76,False,Laboral,Jueves,0.0,-7.652.574,0.04597701149425287,-0.005280021037762472,"1,1"
2024-03-22,URBANA,004_ZW Parque San Nicolas,0.0,MR76,False,Laboral,Viernes,0.0,-7.652.574,0.0,0.030607241917118076,"9,8"
2024-03-23,URBANA,004_ZW Parque San Nicolas,0.0,MR76,False,Fin de Semana,Sábado,0.0,-7.652.574,0.12260536398467432,-0.0011219447041538667,"2,6"
2024-03-24,URBANA,004_ZW Parque San Nicolas,0.0,MR76,True,Festivo,Domingo,0.0,-7.652.574,-0.9195402298850575,-0.005506613538694047,"1,0"
2024-03-25,URBANA,004_ZW Parque San Nicolas,0.0,MR76,True,Festivo,Lunes,0.0,-7.652.574,-1.2720306513409962,-0.006480337643614691,"1,0"
2024-03-26,URBANA,004_ZW Parque San Nicolas,0.0,MR76,False,Laboral,Martes,0.0,-7.652.574,-1.839080459770115,-0.009357022990303816,"0,0"
2024-03-27,URBANA,004_ZW Parque San Nicolas,0.0,MR76,False,Laboral,Miércoles,0.0,-7.652.574,-0.27586206896551724,1.5799145496811855,"473,3"
2024-03-28,URBANA,004_ZW Parque San Nicolas,0.0,MR76,True,Festivo,Jueves,0.0,-7.652.574,-1.0268199233716475,0.7191154161376476,"274,6"
2024-03-29,URBANA,004_ZW Parque San Nicolas,0.0,MR76,True,Festivo,Viernes,0.0,-7.652.574,-1.0574712643678161,2.082906662079381,"507,6"
2024-03-30,URBANA,004_ZW Parque San Nicolas,0.0,MR76,False,Fin de Semana,Sábado,0.0,-7.652.574,-0.6896551724137931,1.5935529236409258,"618,2"
2024-03-31,URBANA,004_ZW Parque San Nicolas,0.0,MR76,True,Festivo,Domingo,0.0,-7.652.574,-1.0881226053639848,1.1562040351135223,"368,1"
2024-04-01,URBANA,004_ZW Parque San Nicolas,0.0,MR76,False,Laboral,Lunes,0.0,-7.652.574,0.3524904214559387,3.2356367639056853,"744,0"
2024-04-02,URBANA,004_ZW Parque San Nicolas,0.0,MR76,False,Laboral,Martes,0.0,-7.652.574,0.3218390804597701,2.8909421726582885,"991,4"
2024-04-03,URBANA,004_ZW Parque San Nicolas,0.0,MR76,False,Laboral,Miércoles,0.0,-7.652.574,0.5823754789272031,-0.0032273840155621234,"1,6"
2024-04-04,URBANA,004_ZW Parque San Nicolas,0.0,MR76,False,Laboral,Jueves,0.0,-7.652.574,0.3218390804597701,-0.0003527774991567745,"1,9"
2024-04-05,URBANA,004_ZW Parque San Nicolas,0.0,MR76,False,Laboral,Viernes,0.0,-7.652.574,0.29118773946360155,0.010493727389472492,"4,3"
2024-04-06,URBANA,004_ZW Parque San Nicolas,0.0,MR76,False,Fin de Semana,Sábado,0.0,-7.652.574,0.29118773946360155,0.0012063452136751693,"2,0999999999999996"
2024-04-07,URBANA,004_ZW Parque San Nicolas,0.0,MR76,False,Fin de Semana,Domingo,0.0,-7.652.574,-0.6283524904214559,2.692415127855858,"543,3"
2024-04-08,URBANA,004_ZW Parque San Nicolas,0.0,MR76,False,Laboral,Lunes,0.0,-7.652.574,0.5517241379310345,2.4254978928456534,"827,4"
2024-04-09,URBANA,004_ZW Parque San Nicolas,0.0,MR76,False,Laboral,Martes,0.0,-7.652.574,0.7816091954022989,3.5032188088406415,"1104,2"
2024-04-10,URBANA,004_ZW Parque San Nicolas,0.0,MR76,False,Laboral,Miércoles,0.0,-7.652.574,0.735632183908046,0.6135885859744439,"352,5"
2024-04-11,URBANA,004_ZW Parque San Nicolas,0.0,MR76,False,Laboral,Jueves,0.0,-7.652.574,0.8122605363984674,-0.001590097284060205,"4,2"
2024-04-12,URBANA,004_ZW Parque San Nicolas,0.0,MR76,False,Laboral,Viernes,0.0,-7.652.574,0.39846743295019155,-0.00235385953031948,"2,5"
2024-04-13,URBANA,004_ZW Parque San Nicolas,0.0,MR76,False,Fin de Semana,Sábado,0.0,-7.652.574,0.1685823754789272,0.005109556954492846,"4,1"
2024-04-14,URBANA,004_ZW Parque San Nicolas,0.0,MR76,False,Fin de Semana,Domingo,0.0,-7.652.574,-0.7049808429118773,-0.005793492117855125,"1,2"
2024-04-15,URBANA,004_ZW Parque San Nicolas,0.0,MR76,False,Laboral,Lunes,0.0,-7.652.574,0.842911877394636,0.0030926758131734435,"7,4"
2024-04-16,URBANA,004_ZW Parque San Nicolas,0.0,MR76,False,Laboral,Martes,0.0,-7.652.574,0.5057471264367817,-0.000931523850159992,"4,800000000000001"
2024-04-17,URBANA,004_ZW Parque San Nicolas,0.0,MR76,False,Laboral,Miércoles,0.0,-7.652.574,0.7509578544061303,0.03272723304051276,"27,200000000000003"
2024-04-18,URBANA,004_ZW Parque San Nicolas,0.0,MR76,False,Laboral,Jueves,0.0,-7.652.574,0.19923371647509577,-0.005833821425360378,"2,9000000000000004"
2024-04-19,URBANA,004_ZW Parque San Nicolas,0.0,MR76,False,Laboral,Viernes,0.0,-7.652.574,0.07662835249042145,-0.003757069971868229,"3,3"
2024-04-20,URBANA,004_ZW Parque San Nicolas,0.0,MR76,False,Fin de Semana,Sábado,0.0,-7.652.574,0.27586206896551724,-0.004761144998932001,"1,4"
2024-04-21,URBANA,004_ZW Parque San Nicolas,0.0,MR76,False,Fin de Semana,Domingo,0.0,-7.652.574,-1.1647509578544062,-0.007129348458209534,"0,8999999999999999"
2024-04-22,URBANA,004_ZW Parque San Nicolas,0.0,MR76,False,Laboral,Lunes,0.0,-7.652.574,0.07662835249042145,-0.0008737323682710212,"4,4"
2024-04-23,URBANA,004_ZW Parque San Nicolas,0.0,MR76,False,Laboral,Martes,0.0,-7.652.574,-0.24521072796934865,2.172103864597468,"285,8"
2024-04-24,URBANA,004_ZW Parque San Nicolas,0.0,MR76,False,Laboral,Miércoles,0.0,-7.652.574,-0.10727969348659004,2.492292788693658,"327,5"
2024-04-25,URBANA,004_ZW Parque San Nicolas,0.0,MR76,False,Laboral,Jueves,0.0,-7.652.574,0.03065134099616858,2.0213333721381654,"411,6"
2024-04-26,URBANA,004_ZW Parque San Nicolas,0.0,MR76,False,Laboral,Viernes,0.0,-7.652.574,0.1685823754789272,1.6569809459613265,"399,9"
2024-04-27,URBANA,004_ZW Parque San Nicolas,0.0,MR76,False,Fin de Semana,Sábado,0.0,-7.652.574,-0.21455938697318008,1.9624854286989797,"388,70000000000005"
2024-04-28,URBANA,004_ZW Parque San Nicolas,0.0,MR76,False,Fin de Semana,Domingo,0.0,-7.652.574,-1.1494252873563218,0.996801823549925,"327,59999999999997"
2024-04-29,URBANA,004_ZW Parque San Nicolas,0.0,MR76,False,Laboral,Lunes,0.0,-7.652.574,-0.07662835249042145,-0.004127517528437099,"1,6"
2024-04-30,URBANA,004_ZW Parque San Nicolas,0.0,MR76,False,Laboral,Martes,0.0,-7.652.574,0.13793103448275862,-0.004632257521337894,"1,8"
2024-05-01,URBANA,004_ZW Parque San Nicolas,0.0,MR76,True,Festivo,Miércoles,0.0,-7.652.574,-1.0114942528735633,-0.008097251838335606,"0,6"
2024-05-02,URBANA,004_ZW Parque San Nicolas,0.0,MR76,False,Laboral,Jueves,0.0,-7.652.574,0.4444444444444444,-0.00029748061360833486,"4,2"
2024-05-03,URBANA,004_ZW Parque San Nicolas,0.0,MR76,False,Laboral,Viernes,0.0,-7.652.574,0.10727969348659004,-0.0025891831184429144,"3,5"
2024-05-04,URBANA,004_ZW Parque San Nicolas,0.0,MR76,False,Fin de Semana,Sábado,0.0,-7.652.574,-0.1839080459770115,-0.007049105609255784,"0,8"
2024-05-05,URBANA,004_ZW Parque San Nicolas,0.0,MR76,False,Fin de Semana,Domingo,0.0,-7.652.574,-1.0881226053639848,-0.0006346668856367899,"3,4000000000000004"
2024-05-06,URBANA,004_ZW Parque San Nicolas,0.0,MR76,False,Laboral,Lunes,0.0,-7.652.574,0.0,3.2756908342813666,"1653,4"
2024-05-07,URBANA,004_ZW Parque San Nicolas,0.0,MR76,False,Laboral,Martes,0.0,-7.652.574,-0.1839080459770115,1.8474741432490767,"736,6"
2024-05-08,URBANA,004_ZW Parque San Nicolas,0.0,MR76,False,Laboral,Miércoles,0.0,-7.652.574,-0.39846743295019155,1.5004687242582344,"458,4"
2024-05-09,URBANA,004_ZW Parque San Nicolas,0.0,MR76,False,Laboral,Jueves,0.0,-7.652.574,-0.1532567049808429,2.130578398146931,"584,1"
2024-05-10,URBANA,004_ZW Parque San Nicolas,0.0,MR76,False,Laboral,Viernes,0.0,-7.652.574,0.29118773946360155,1.2268539138397607,"376,79999999999995"
2024-05-11,URBANA,004_ZW Parque San Nicolas,0.0,MR76,False,Fin de Semana,Sábado,0.0,-7.652.574,0.1685823754789272,0.005777277241641673,"4,9"
2024-05-12,URBANA,004_ZW Parque San Nicolas,0.0,MR76,False,Fin de Semana,Domingo,0.0,-7.652.574,-1.1187739463601531,-0.008249837981164758,"0,7"
2024-05-13,URBANA,004_ZW Parque San Nicolas,0.0,MR76,True,Festivo,Lunes,0.0,-7.652.574,-1.2260536398467432,-0.006162276610196974,"1,4000000000000001"
2024-05-14,URBANA,004_ZW Parque San Nicolas,0.0,MR76,False,Laboral,Martes,0.0,-7.652.574,0.03065134099616858,-0.000288749526416476,"10,1"
2024-05-15,URBANA,004_ZW Parque San Nicolas,0.0,MR76,False,Laboral,Miércoles,0.0,-7.652.574,-0.01532567049808429,0.004471771823430392,"5,4"
2024-05-16,URBANA,004_ZW Parque San Nicolas,0.0,MR76,False,Laboral,Jueves,0.0,-7.652.574,-0.21455938697318008,0.0009747635200625313,"3,0"
2024-05-17,URBANA,004_ZW Parque San Nicolas,0.0,MR76,False,Laboral,Viernes,0.0,-7.652.574,0.07662835249042145,-0.0018366465557160298,"1,7999999999999998"
2024-05-18,URBANA,004_ZW Parque San Nicolas,0.0,MR76,False,Fin de Semana,Sábado,0.0,-7.652.574,0.13793103448275862,-0.003062324891030315,"1,4"
2024-05-19,URBANA,004_ZW Parque San Nicolas,0.0,MR76,False,Fin de Semana,Domingo,0.0,-7.652.574,-1.1954022988505748,-0.006911487044469818,"0,5"
2024-05-20,URBANA,004_ZW Parque San Nicolas,0.0,MR76,False,Laboral,Lunes,0.0,-7.652.574,-0.01532567049808429,0.0027978976789340172,"4,2"
2024-05-21,URBANA,004_ZW Parque San Nicolas,0.0,MR76,False,Laboral,Martes,0.0,-7.652.574,0.10727969348659004,-0.00019062873702225232,"2,9"
2024-05-22,URBANA,004_ZW Parque San Nicolas,0.0,MR76,False,Laboral,Miércoles,0.0,-7.652.574,-0.21455938697318008,-0.006168097334991547,"2,9000000000000004"
2024-05-23,URBANA,004_ZW Parque San Nicolas,0.0,MR76,False,Laboral,Jueves,0.0,-7.652.574,-0.03065134099616858,-0.001205929447618414,"3,6999999999999997"
2024-05-24,URBANA,004_ZW Parque San Nicolas,0.0,MR76,False,Laboral,Viernes,0.0,-7.652.574,0.3371647509578544,-0.003794488916976196,"2,8"
2024-05-25,URBANA,004_ZW Parque San Nicolas,0.0,MR76,False,Fin de Semana,Sábado,0.0,-7.652.574,0.01532567049808429,-0.005442585565953749,"1,3"
2024-05-26,URBANA,004_ZW Parque San Nicolas,0.0,MR76,False,Fin de Semana,Domingo,0.0,-7.652.574,-1.2720306513409962,-0.008058169829000619,"0,5"
2024-05-27,URBANA,004_ZW Parque San Nicolas,0.0,MR76,False,Laboral,Lunes,0.0,-7.652.574,0.07662835249042145,-0.005397267065767434,"1,2"
2024-05-28,URBANA,004_ZW Parque San Nicolas,0.0,MR76,False,Laboral,Martes,0.0,-7.652.574,-0.21455938697318008,0.0005332199677885247,"3,2"
2024-05-29,URBANA,004_ZW Parque San Nicolas,0.0,MR76,False,Laboral,Miércoles,0.0,-7.652.574,-0.45977011494252873,-0.006511935863928085,"1,2999999999999998"
2024-05-30,URBANA,004_ZW Parque San Nicolas,0.0,MR76,False,Laboral,Jueves,0.0,-7.652.574,-0.3065134099616858,-0.005768130388393059,"0,7"
2024-05-31,URBANA,004_ZW Parque San Nicolas,0.0,MR76,False,Laboral,Viernes,0.0,-7.652.574,0.04597701149425287,-0.004391113208419887,"1,2999999999999998"
2024-06-01,URBANA,004_ZW Parque San Nicolas,0.0,MR76,False,Fin de Semana,Sábado,0.0,-7.652.574,-0.39846743295019155,-0.005825090338168519,"0,8999999999999999"
2024-06-02,URBANA,004_ZW Parque San Nicolas,0.0,MR76,False,Fin de Semana,Domingo,0.0,-7.652.574,-0.9195402298850575,-0.00783781381892037,"0,4"
2024-06-03,URBANA,004_ZW Parque San Nicolas,0.0,MR76,True,Festivo,Lunes,0.0,-7.652.574,-1.4406130268199233,-0.008794075749457295,"0,2"
2024-06-04,URBANA,004_ZW Parque San Nicolas,0.0,MR76,False,Laboral,Martes,0.0,-7.652.574,-0.19923371647509577,-0.006057919329951423,"1,7"
2024-06-05,URBANA,004_ZW Parque San Nicolas,0.0,MR76,False,Laboral,Miércoles,0.0,-7.652.574,-0.19923371647509577,-0.008049022975752005,"1,1"
2024-06-06,URBANA,004_ZW Parque San Nicolas,0.0,MR76,False,Laboral,Jueves,0.0,-7.652.574,-0.27586206896551724,-0.005208093509943825,"1,7000000000000002"
2024-06-07,URBANA,004_ZW Parque San Nicolas,0.0,MR76,False,Laboral,Viernes,0.0,-7.652.574,-0.13793103448275862,-0.004543283585192284,"2,5"
2024-06-08,URBANA,004_ZW Parque San Nicolas,0.0,MR76,False,Fin de Semana,Sábado,0.0,-7.652.574,-0.12260536398467432,-0.0035329720672771844,"4,5"
2024-06-09,URBANA,004_ZW Parque San Nicolas,0.0,MR76,False,Fin de Semana,Domingo,0.0,-7.652.574,-1.2567049808429118,-0.008295156481351073,"0,9"
2024-06-10,URBANA,004_ZW Parque San Nicolas,0.0,MR76,True,Festivo,Lunes,0.0,-7.652.574,-1.3793103448275863,-0.00873503696939806,"0,30000000000000004"
2024-06-11,URBANA,004_ZW Parque San Nicolas,0.0,MR76,False,Laboral,Martes,0.0,-7.652.574,0.0,-0.0014919764946659812,"3,0"
2024-06-12,URBANA,004_ZW Parque San Nicolas,0.0,MR76,False,Laboral,Miércoles,0.0,-7.652.574,-0.1839080459770115,-0.00588205028794398,"1,2"
2024-06-13,URBANA,004_ZW Parque San Nicolas,0.0,MR76,False,Laboral,Jueves,0.0,-7.652.574,0.09195402298850575,-0.004508775002481604,"227046800,0"
2024-06-14,URBANA,004_ZW Parque San Nicolas,0.0,MR76,False,Laboral,Viernes,0.0,-7.652.574,-0.07662835249042145,-0.004950734320812365,"109950900,0"
2024-06-15,URBANA,004_ZW Parque San Nicolas,0.0,MR76,False,Fin de Semana,Sábado,0.0,-7.652.574,-0.4444444444444444,-0.007215412031957858,"92428200,0"
2024-06-16,URBANA,004_ZW Parque San Nicolas,0.0,MR76,False,Fin de Semana,Domingo,0.0,-7.652.574,-1.2413793103448276,-0.005312866556246131,"174441500,0"
2024-06-17,URBANA,004_ZW Parque San Nicolas,0.0,MR76,False,Laboral,Lunes,0.0,-7.652.574,-0.1839080459770115,-0.003669343333892885,"2,2"
2024-06-18,URBANA,004_ZW Parque San Nicolas,0.0,MR76,False,Laboral,Martes,0.0,-7.652.574,-0.21455938697318008,-0.0034697756266503965,"2,2"
2024-06-19,URBANA,004_ZW Parque San Nicolas,0.0,MR76,False,Laboral,Miércoles,0.0,-7.652.574,-0.5823754789272031,-0.003720898324930528,"1,9"
2024-06-20,URBANA,004_ZW Parque San Nicolas,0.0,MR76,False,Laboral,Jueves,0.0,-7.652.574,0.3371647509578544,0.0030839447259815847,"6,0"
2024-06-21,URBANA,004_ZW Parque San Nicolas,0.0,MR76,False,Laboral,Viernes,0.0,-7.652.574,1.0268199233716475,-0.0038368970547652246,"2,3"
2024-06-22,URBANA,004_ZW Parque San Nicolas,0.0,MR76,False,Fin de Semana,Sábado,0.0,-7.652.574,1.1494252873563218,-0.002414977140662492,"3,0999999999999996"
2024-06-23,URBANA,004_ZW Parque San Nicolas,0.0,MR76,False,Fin de Semana,Domingo,0.0,-7.652.574,-1.1800766283524904,-0.009059334493667104,"0,30000000000000004"
2024-06-24,URBANA,004_ZW Parque San Nicolas,0.0,MR76,False,Laboral,Lunes,0.0,-7.652.574,0.8122605363984674,-0.006550186341149562,"1,2"
2024-06-25,URBANA,004_ZW Parque San Nicolas,0.0,MR76,False,Laboral,Martes,0.0,-7.652.574,0.842911877394636,-0.004037712060177979,"3,2"
2024-06-26,URBANA,004_ZW Parque San Nicolas,0.0,MR76,False,Laboral,Miércoles,0.0,-7.652.574,0.3065134099616858,-0.00570327088353925,"2,2"
2024-06-27,URBANA,004_ZW Parque San Nicolas,0.0,MR76,False,Laboral,Jueves,0.0,-7.652.574,0.4444444444444444,-0.006202190151645472,"2,2"
2024-06-28,URBANA,004_ZW Parque San Nicolas,0.0,MR76,False,Laboral,Viernes,0.0,-7.652.574,0.6896551724137931,-0.005023493380744522,"1,8"
2024-06-29,URBANA,004_ZW Parque San Nicolas,0.0,MR76,False,Fin de Semana,Sábado,0.0,-7.652.574,0.0,-0.007222895820979451,"0,9"
2024-06-30,URBANA,004_ZW Parque San Nicolas,0.0,MR76,False,Fin de Semana,Domingo,0.0,-7.652.574,-0.8275862068965517,-0.00819953028829738,"0,6000000000000001"
2024-07-01,URBANA,004_ZW Parque San Nicolas,0.0,MR76,True,Festivo,Lunes,0.0,-7.652.574,-0.9961685823754789,0.06315008271145992,"24,22"
2024-07-02,URBANA,004_ZW Parque San Nicolas,0.0,MR76,False,Laboral,Martes,0.0,-7.652.574,0.6590038314176245,-0.0003074589989704593,"2,35"
2024-07-03,URBANA,004_ZW Parque San Nicolas,0.0,MR76,False,Laboral,Miércoles,0.0,-7.652.574,0.5057471264367817,-0.004164936473545065,"1,49"
2024-07-04,URBANA,004_ZW Parque San Nicolas,0.0,MR76,False,Laboral,Jueves,0.0,-7.652.574,0.6743295019157088,-0.0020586656300232986,"2,21"
2024-07-05,URBANA,004_ZW Parque San Nicolas,0.0,MR76,False,Laboral,Viernes,0.0,-7.652.574,0.1685823754789272,-0.007365087812389724,"0,56"
2024-07-06,URBANA,004_ZW Parque San Nicolas,0.0,MR76,False,Fin de Semana,Sábado,0.0,-7.652.574,0.5363984674329502,-0.002392110007540957,"1,99"
2024-07-07,URBANA,004_ZW Parque San Nicolas,0.0,MR76,False,Fin de Semana,Domingo,0.0,-7.652.574,-0.9348659003831418,0.001167678970396937,"2,87"
2024-07-08,URBANA,004_ZW Parque San Nicolas,0.0,MR76,False,Laboral,Lunes,0.0,-7.652.574,0.6130268199233716,-0.00586043045299271,"1,52"
2024-07-09,URBANA,004_ZW Parque San Nicolas,0.0,MR76,False,Laboral,Martes,0.0,-7.652.574,0.6896551724137931,-0.006504036308849736,"1,1800000000000002"
2024-07-10,URBANA,004_ZW Parque San Nicolas,0.0,MR76,False,Laboral,Miércoles,0.0,-7.652.574,0.3831417624521073,-0.006612135483606085,"0,95"
2024-07-11,URBANA,004_ZW Parque San Nicolas,0.0,MR76,False,Laboral,Jueves,0.0,-7.652.574,0.5670498084291188,-0.005772703815017366,"1,16"
2024-07-12,URBANA,004_ZW Parque San Nicolas,0.0,MR76,False,Laboral,Viernes,0.0,-7.652.574,0.6590038314176245,-0.006334819523750376,"1,14"
2024-07-13,URBANA,004_ZW Parque San Nicolas,0.0,MR76,False,Fin de Semana,Sábado,0.0,-7.652.574,1.0421455938697317,-0.0031600299143677837,"2,12"
2024-07-14,URBANA,004_ZW Parque San Nicolas,0.0,MR76,False,Fin de Semana,Domingo,0.0,-7.652.574,-0.7662835249042146,-0.007612468616159059,"0,66"
2024-07-15,URBANA,004_ZW Parque San Nicolas,0.0,MR76,False,Laboral,Lunes,0.0,-7.652.574,0.5823754789272031,-0.006342719078828725,"1,3"
2024-07-16,URBANA,004_ZW Parque San Nicolas,0.0,MR76,False,Laboral,Martes,0.0,-7.652.574,0.7662835249042146,-0.006723145020759719,"1,01"
2024-07-17,URBANA,004_ZW Parque San Nicolas,0.0,MR76,False,Laboral,Miércoles,0.0,-7.652.574,0.7509578544061303,-0.00691647623715088,"1,3"
2024-07-18,URBANA,004_ZW Parque San Nicolas,0.0,MR76,False,Laboral,Jueves,0.0,-7.652.574,0.9348659003831418,-0.004448904690308857,"1,98"
2024-07-19,URBANA,004_ZW Parque San Nicolas,0.0,MR76,False,Laboral,Viernes,0.0,-7.652.574,0.8888888888888888,-0.0026989453574262834,"2,23"
2024-07-20,URBANA,004_ZW Parque San Nicolas,0.0,MR76,True,Festivo,Sábado,0.0,-7.652.574,0.03065134099616858,-0.0003565193936675711,"2,78"
2024-07-21,URBANA,004_ZW Parque San Nicolas,0.0,MR76,False,Fin de Semana,Domingo,0.0,-7.652.574,-1.0727969348659003,-0.008210340205773015,"0,43000000000000005"
2024-07-22,URBANA,004_ZW Parque San Nicolas,0.0,MR76,False,Laboral,Lunes,0.0,-7.652.574,0.8888888888888888,0.7504537826655697,"262,94"
2024-07-23,URBANA,004_ZW Parque San Nicolas,0.0,MR76,False,Laboral,Martes,0.0,-7.652.574,0.5977011494252874,1.7667914138072789,"616,72"
2024-07-24,URBANA,004_ZW Parque San Nicolas,0.0,MR76,False,Laboral,Miércoles,0.0,-7.652.574,0.6590038314176245,1.9832795522615334,"758,23"
2024-07-25,URBANA,004_ZW Parque San Nicolas,0.0,MR76,False,Laboral,Jueves,0.0,-7.652.574,1.2413793103448276,1.783487331348397,"682,06"
2024-07-26,URBANA,004_ZW Parque San Nicolas,0.0,MR76,False,Laboral,Viernes,0.0,-7.652.574,1.0268199233716475,2.453932133467141,"780,33"
2024-07-27,URBANA,004_ZW Parque San Nicolas,0.0,MR76,False,Fin de Semana,Sábado,0.0,-7.652.574,0.735632183908046,1.6324241395851382,"675,35"
2024-07-28,URBANA,004_ZW Parque San Nicolas,0.0,MR76,False,Fin de Semana,Domingo,0.0,-7.652.574,-0.5977011494252874,0.471885119680858,"244,94"
2024-07-29,URBANA,004_ZW Parque San Nicolas,0.0,MR76,False,Laboral,Lunes,0.0,-7.652.574,0.8888888888888888,1.2728043784323437,"494,5"
2024-07-30,URBANA,004_ZW Parque San Nicolas,0.0,MR76,False,Laboral,Martes,0.0,-7.652.574,1.3639846743295019,3.351696611350725,"1181,38"
2024-07-31,URBANA,004_ZW Parque San Nicolas,0.0,MR76,False,Laboral,Miércoles,0.0,-7.652.574,1.4559386973180077,1.3303260281504803,"535,22"
2024-08-01,URBANA,004_ZW Parque San Nicolas,0.0,MR76,False,Laboral,Jueves,0.0,-7.652.574,1.0574712643678161,-0.0014533102513877491,"2,84"
2024-08-02,URBANA,004_ZW Parque San Nicolas,0.0,MR76,False,Laboral,Viernes,0.0,-7.652.574,0.9042145593869731,0.048128039314838326,"23,0"
2024-08-03,URBANA,004_ZW Parque San Nicolas,0.0,MR76,False,Fin de Semana,Sábado,0.0,-7.652.574,0.367816091954023,-0.004465951098635819,"2,3899999999999997"
2024-08-04,URBANA,004_ZW Parque San Nicolas,0.0,MR76,False,Fin de Semana,Domingo,0.0,-7.652.574,-0.7203065134099617,-0.006027568407808295,"1,28"
2024-08-05,URBANA,004_ZW Parque San Nicolas,0.0,MR76,False,Laboral,Lunes,0.0,-7.652.574,0.9501915708812261,-0.0028839612526823408,"2,25"
2024-08-06,URBANA,004_ZW Parque San Nicolas,0.0,MR76,False,Laboral,Martes,0.0,-7.652.574,0.8735632183908046,-0.0008275823359711957,"1,98"
2024-08-07,URBANA,004_ZW Parque San Nicolas,0.0,MR76,True,Festivo,Miércoles,0.0,-7.652.574,-0.22988505747126436,0.005182316014425003,"4,16"
2024-08-08,URBANA,004_ZW Parque San Nicolas,0.0,MR76,False,Laboral,Jueves,0.0,-7.652.574,0.5977011494252874,-0.003830660563913897,"1,6600000000000001"
2024-08-09,URBANA,004_ZW Parque San Nicolas,0.0,MR76,False,Laboral,Viernes,0.0,-7.652.574,0.6896551724137931,0.3183809653983896,"145,48000000000002"
2024-08-10,URBANA,004_ZW Parque San Nicolas,0.0,MR76,False,Fin de Semana,Sábado,0.0,-7.652.574,0.5977011494252874,0.6310869320050994,"291,56"
2024-08-11,URBANA,004_ZW Parque San Nicolas,0.0,MR76,False,Fin de Semana,Domingo,0.0,-7.652.574,-1.0574712643678161,0.2787464029739746,"120,25999999999999"
2024-08-12,URBANA,004_ZW Parque San Nicolas,0.0,MR76,False,Laboral,Lunes,0.0,-7.652.574,0.10727969348659004,0.49817733357794236,"261,67"
2024-08-13,URBANA,004_ZW Parque San Nicolas,0.0,MR76,False,Laboral,Martes,0.0,-7.652.574,1.318007662835249,1.9765046443667078,"540,64"
2024-08-14,URBANA,004_ZW Parque San Nicolas,0.0,MR76,False,Laboral,Miércoles,0.0,-7.652.574,-0.09195402298850575,0.0750921311596391,"26,96"
2024-08-15,URBANA,004_ZW Parque San Nicolas,0.0,MR76,False,Laboral,Jueves,0.0,-7.652.574,-0.3831417624521073,-0.0037840947655573163,"2,01"
2024-08-16,URBANA,004_ZW Parque San Nicolas,0.0,MR76,False,Laboral,Viernes,0.0,-7.652.574,-0.26053639846743293,-0.00015944628276561343,"3,01"
2024-08-17,URBANA,004_ZW Parque San Nicolas,0.0,MR76,False,Fin de Semana,Sábado,0.0,-7.652.574,-0.4444444444444444,-0.0030926758131734435,"2,19"
2024-08-18,URBANA,004_ZW Parque San Nicolas,0.0,MR76,False,Fin de Semana,Domingo,0.0,-7.652.574,-1.3486590038314177,-0.007042037586290946,"0,84"
2024-08-19,URBANA,004_ZW Parque San Nicolas,0.0,MR76,True,Festivo,Lunes,0.0,-7.652.574,-1.318007662835249,-0.00726447242665497,"0,69"
2024-08-20,URBANA,004_ZW Parque San Nicolas,0.0,MR76,False,Laboral,Martes,0.0,-7.652.574,-0.3065134099616858,-0.005131176789444115,"2,52"
2024-08-21,URBANA,004_ZW Parque San Nicolas,0.0,MR76,False,Laboral,Miércoles,0.0,-7.652.574,-0.21455938697318008,-0.005706597011993292,"2,56"
2024-08-22,URBANA,004_ZW Parque San Nicolas,0.0,MR76,False,Laboral,Jueves,0.0,-7.652.574,-1.6398467432950192,-0.00925474454034204,"0,07"
2024-10-25,URBANA,004_ZW Parque San Nicolas,0.0,MR76,False,Laboral,Viernes,0.0,-7.652.574,-0.9655172413793104,0.601630738416108,"328,27"
2024-10-26,URBANA,004_ZW Parque San Nicolas,0.0,MR76,False,Fin de Semana,Sábado,0.0,-7.652.574,-0.39846743295019155,2.7855059794954573,"870,51"
2024-10-27,URBANA,004_ZW Parque San Nicolas,0.0,MR76,False,Fin de Semana,Domingo,0.0,-7.652.574,-1.3333333333333333,0.09585964569456058,"25,42"
2024-10-28,URBANA,004_ZW Parque San Nicolas,0.0,MR76,False,Laboral,Lunes,0.0,-7.652.574,-0.6743295019157088,0.39700398979502216,"162,3"
2024-12-11,URBANA,004_ZW Parque San Nicolas,0.0,MR76,False,Laboral,Miércoles,0.0,-7.652.574,-1.2413793103448276,0.013631513819803872,"1,83"
2024-12-12,URBANA,004_ZW Parque San Nicolas,0.0,MR76,False,Laboral,Jueves,0.0,-7.652.574,-0.6590038314176245,0.6737906794604812,"47,88"
2024-12-13,URBANA,004_ZW Parque San Nicolas,0.0,MR76,False,Laboral,Viernes,0.0,-7.652.574,-0.5670498084291188,0.7808758008044033,"56,02"
2024-12-14,URBANA,004_ZW Parque San Nicolas,0.0,MR76,False,Fin de Semana,Sábado,0.0,-7.652.574,-0.26053639846743293,0.6393893643924436,"51,37"
2024-12-15,URBANA,004_ZW Parque San Nicolas,0.0,MR76,False,Fin de Semana,Domingo,0.0,-7.652.574,-0.8888888888888888,0.9830037954243906,"80,57"
2024-12-16,URBANA,004_ZW Parque San Nicolas,0.0,MR76,False,Laboral,Lunes,0.0,-7.652.574,0.3371647509578544,1.427286830246357,"103,9"
2024-12-17,URBANA,004_ZW Parque San Nicolas,0.0,MR76,False,Laboral,Martes,0.0,-7.652.574,0.9655172413793104,1.2230180562001374,"96,5"
2024-12-18,URBANA,004_ZW Parque San Nicolas,0.0,MR76,False,Laboral,Miércoles,0.0,-7.652.574,1.103448275862069,0.7186081815484063,"55,5"
2024-12-19,URBANA,004_ZW Parque San Nicolas,0.0,MR76,False,Laboral,Jueves,0.0,-7.652.574,1.0574712643678161,0.5128243559913708,"44,1"
2024-12-20,URBANA,004_ZW Parque San Nicolas,0.0,MR76,False,Laboral,Viernes,0.0,-7.652.574,0.7969348659003831,1.0604988465090464,"84,9"
2024-12-21,URBANA,004_ZW Parque San Nicolas,0.0,MR76,False,Fin de Semana,Sábado,0.0,-7.652.574,0.9961685823754789,0.9304638545982946,"86,7"
2024-12-22,URBANA,004_ZW Parque San Nicolas,0.0,MR76,False,Fin de Semana,Domingo,0.0,-7.652.574,0.41379310344827586,0.47404211398330387,"36,3"
2024-12-23,URBANA,004_ZW Parque San Nicolas,0.0,MR76,False,Laboral,Lunes,0.0,-7.652.574,0.9501915708812261,0.26880418925878785,"26,7"
2024-12-24,URBANA,004_ZW Parque San Nicolas,0.0,MR76,False,Laboral,Martes,0.0,-7.652.574,-0.3371647509578544,0.7495673694325676,"76,3"
2024-12-25,URBANA,004_ZW Parque San Nicolas,0.0,MR76,True,Festivo,Miércoles,0.0,-7.652.574,-0.8735632183908046,2.0762128285656227,"177,3"
2024-12-26,URBANA,004_ZW Parque San Nicolas,0.0,MR76,False,Laboral,Jueves,0.0,-7.652.574,-0.4444444444444444,0.859247286736699,"76,3"
2024-12-27,URBANA,004_ZW Parque San Nicolas,0.0,MR76,False,Laboral,Viernes,0.0,-7.652.574,-0.12260536398467432,0.5546599839202477,"41,6"
2024-12-28,URBANA,004_ZW Parque San Nicolas,0.0,MR76,False,Fin de Semana,Sábado,0.0,-7.652.574,-0.47509578544061304,0.4163691254205084,"43,5"
2024-12-29,URBANA,004_ZW Parque San Nicolas,0.0,MR76,False,Fin de Semana,Domingo,0.0,-7.652.574,-0.9961685823754789,2.3822702801587603,"177,5"
2024-12-30,URBANA,004_ZW Parque San Nicolas,0.0,MR76,False,Laboral,Lunes,0.0,-7.652.574,-0.5823754789272031,0.9423493588627551,"93,6"
