FECHA.CONEXION,AREA,NOMBRE.ZONA,COMUNA,MODEL,es_festivo,tipo_dia,dia_semana,LATITUD,LONGITUD,NUMERO.CONEXIONES,USAGE.KB,PORCENTAJE.USO
2024-01-01,URBANA,051_ZW Parque La Mecerd,0.0,MR76,True,Festivo,Lunes,3.480.722,-76.513.002,-1.0,-0.21837222838641615,"25,4"
2024-01-02,URBANA,051_ZW Parque La Mecerd,0.0,MR76,False,Laboral,Martes,3.480.722,-76.513.002,-1.5,-0.41978736562562524,"0,0"
2024-01-03,URBANA,051_ZW Parque La Mecerd,0.0,MR76,False,Laboral,Miércoles,3.480.722,-76.513.002,-1.25,-0.39221037888571586,"2,5"
2024-01-04,URBANA,051_ZW Parque La Mecerd,0.0,MR76,False,Laboral,Jueves,3.480.722,-76.513.002,-1.25,-0.3492069410844535,"7,4"
2024-01-05,URBANA,051_ZW Parque La Mecerd,0.0,MR76,False,Laboral,Viernes,3.480.722,-76.513.002,-0.625,-0.24225858086108737,"18,0"
2024-01-06,URBANA,051_ZW Parque La Mecerd,0.0,MR76,False,Fin de Semana,Sábado,3.480.722,-76.513.002,-1.0,0.11518816959819561,"76,7"
2024-01-07,URBANA,051_ZW Parque La Mecerd,0.0,MR76,False,Fin de Semana,Domingo,3.480.722,-76.513.002,-0.75,-0.01068264910780872,"44,8"
2024-01-08,URBANA,051_ZW Parque La Mecerd,0.0,MR76,True,Festivo,Lunes,3.480.722,-76.513.002,-0.875,3.8102733870527676,"295,0"
2024-01-09,URBANA,051_ZW Parque La Mecerd,0.0,MR76,False,Laboral,Martes,3.480.722,-76.513.002,-0.625,0.31502901213234624,"62,4"
2024-01-10,URBANA,051_ZW Parque La Mecerd,0.0,MR76,False,Laboral,Miércoles,3.480.722,-76.513.002,-1.0,-0.3474007312148717,"6,6"
2024-01-11,URBANA,051_ZW Parque La Mecerd,0.0,MR76,False,Laboral,Jueves,3.480.722,-76.513.002,-1.0,-0.11716172217472762,"30,9"
2024-01-12,URBANA,051_ZW Parque La Mecerd,0.0,MR76,False,Laboral,Viernes,3.480.722,-76.513.002,-1.0,-0.3924650308310748,"2,6"
2024-01-13,URBANA,051_ZW Parque La Mecerd,0.0,MR76,False,Fin de Semana,Sábado,3.480.722,-76.513.002,-1.375,0.2767566436873602,"85,1"
2024-01-14,URBANA,051_ZW Parque La Mecerd,0.0,MR76,False,Fin de Semana,Domingo,3.480.722,-76.513.002,-1.375,-0.41099550721210687,"1,3"
2024-01-15,URBANA,051_ZW Parque La Mecerd,0.0,MR76,False,Laboral,Lunes,3.480.722,-76.513.002,-0.75,-0.012552521963730287,"64,8"
2024-01-16,URBANA,051_ZW Parque La Mecerd,0.0,MR76,False,Laboral,Martes,3.480.722,-76.513.002,-0.5,-0.0745539043600051,"44,4"
2024-01-17,URBANA,051_ZW Parque La Mecerd,0.0,MR76,False,Laboral,Miércoles,3.480.722,-76.513.002,-0.875,-0.412907215744766,"0,8"
2024-01-18,URBANA,051_ZW Parque La Mecerd,0.0,MR76,False,Laboral,Jueves,3.480.722,-76.513.002,-1.125,0.13199156010695381,"50,6"
2024-01-19,URBANA,051_ZW Parque La Mecerd,0.0,MR76,False,Laboral,Viernes,3.480.722,-76.513.002,-0.5,-0.38956199865398256,"2,2"
2024-01-20,URBANA,051_ZW Parque La Mecerd,0.0,MR76,False,Fin de Semana,Sábado,3.480.722,-76.513.002,-1.125,-0.4190279571457155,"0,1"
2024-01-21,URBANA,051_ZW Parque La Mecerd,0.0,MR76,False,Fin de Semana,Domingo,3.480.722,-76.513.002,-1.375,-0.39098259272059227,"2,5"
2024-01-22,URBANA,051_ZW Parque La Mecerd,0.0,MR76,False,Laboral,Lunes,3.480.722,-76.513.002,-0.5,0.056247157902395546,"49,9"
2024-01-23,URBANA,051_ZW Parque La Mecerd,0.0,MR76,False,Laboral,Martes,3.480.722,-76.513.002,0.375,0.49752714771631773,"93,4"
2024-01-24,URBANA,051_ZW Parque La Mecerd,0.0,MR76,False,Laboral,Miércoles,3.480.722,-76.513.002,0.25,4.470878731105735,"430,0"
2024-01-25,URBANA,051_ZW Parque La Mecerd,0.0,MR76,False,Laboral,Jueves,3.480.722,-76.513.002,0.25,0.6104380013460174,"75,8"
2024-01-26,URBANA,051_ZW Parque La Mecerd,0.0,MR76,False,Laboral,Viernes,3.480.722,-76.513.002,-0.75,1.1902732051585208,"128,5"
2024-01-27,URBANA,051_ZW Parque La Mecerd,0.0,MR76,False,Fin de Semana,Sábado,3.480.722,-76.513.002,-1.25,2.789126361933172,"284,3"
2024-01-28,URBANA,051_ZW Parque La Mecerd,0.0,MR76,False,Fin de Semana,Domingo,3.480.722,-76.513.002,-0.5,0.6180093493642796,"111,0"
2024-01-29,URBANA,051_ZW Parque La Mecerd,0.0,MR76,False,Laboral,Lunes,3.480.722,-76.513.002,0.125,0.8835603979846117,"123,1"
2024-01-30,URBANA,051_ZW Parque La Mecerd,0.0,MR76,False,Laboral,Martes,3.480.722,-76.513.002,-0.125,0.8241691980282664,"151,1"
2024-01-31,URBANA,051_ZW Parque La Mecerd,0.0,MR76,False,Laboral,Miércoles,3.480.722,-76.513.002,-0.25,0.0980855630536406,"54,5"
2024-02-01,URBANA,051_ZW Parque La Mecerd,0.0,MR76,False,Laboral,Jueves,3.480.722,-76.513.002,0.375,0.6698219255324954,"86,1"
2024-02-02,URBANA,051_ZW Parque La Mecerd,0.0,MR76,False,Laboral,Viernes,3.480.722,-76.513.002,-0.875,-0.30385979591465523,"13,4"
2024-02-03,URBANA,051_ZW Parque La Mecerd,0.0,MR76,False,Fin de Semana,Sábado,3.480.722,-76.513.002,-0.625,-0.1807346708623606,"14,8"
2024-02-04,URBANA,051_ZW Parque La Mecerd,0.0,MR76,False,Fin de Semana,Domingo,3.480.722,-76.513.002,-1.375,-0.41997744511341106,"0,0"
2024-02-05,URBANA,051_ZW Parque La Mecerd,0.0,MR76,False,Laboral,Lunes,3.480.722,-76.513.002,-0.75,3.9732151627044034,"320,9"
2024-02-06,URBANA,051_ZW Parque La Mecerd,0.0,MR76,False,Laboral,Martes,3.480.722,-76.513.002,-0.625,0.11240518762391545,"39,2"
2024-02-07,URBANA,051_ZW Parque La Mecerd,0.0,MR76,False,Laboral,Miércoles,3.480.722,-76.513.002,-0.25,-0.09811921348927734,"21,4"
2024-02-08,URBANA,051_ZW Parque La Mecerd,0.0,MR76,False,Laboral,Jueves,3.480.722,-76.513.002,-0.125,0.05729214034960074,"38,6"
2024-02-09,URBANA,051_ZW Parque La Mecerd,0.0,MR76,False,Laboral,Viernes,3.480.722,-76.513.002,0.0,0.18707004747439837,"55,5"
2024-02-10,URBANA,051_ZW Parque La Mecerd,0.0,MR76,False,Fin de Semana,Sábado,3.480.722,-76.513.002,-1.25,-0.36101187769430854,"4,1"
2024-02-11,URBANA,051_ZW Parque La Mecerd,0.0,MR76,False,Fin de Semana,Domingo,3.480.722,-76.513.002,-0.625,5.683561307455845,"499,4"
2024-02-12,URBANA,051_ZW Parque La Mecerd,0.0,MR76,False,Laboral,Lunes,3.480.722,-76.513.002,-0.75,0.13148862251486987,"58,6"
2024-02-13,URBANA,051_ZW Parque La Mecerd,0.0,MR76,False,Laboral,Martes,3.480.722,-76.513.002,-0.25,0.2693135311130109,"87,5"
2024-02-14,URBANA,051_ZW Parque La Mecerd,0.0,MR76,False,Laboral,Miércoles,3.480.722,-76.513.002,-0.75,0.42341888426069085,"122,8"
2024-02-15,URBANA,051_ZW Parque La Mecerd,0.0,MR76,False,Laboral,Jueves,3.480.722,-76.513.002,-0.25,1.1742183094748713,"150,1"
2024-02-16,URBANA,051_ZW Parque La Mecerd,0.0,MR76,False,Laboral,Viernes,3.480.722,-76.513.002,-0.125,0.3639076341015334,"81,7"
2024-02-17,URBANA,051_ZW Parque La Mecerd,0.0,MR76,False,Fin de Semana,Sábado,3.480.722,-76.513.002,-0.75,-0.014126816668788766,"42,2"
2024-02-18,URBANA,051_ZW Parque La Mecerd,0.0,MR76,False,Fin de Semana,Domingo,3.480.722,-76.513.002,-0.5,0.6603461447514415,"91,8"
2024-02-19,URBANA,051_ZW Parque La Mecerd,0.0,MR76,False,Laboral,Lunes,3.480.722,-76.513.002,-0.25,0.3763464721610855,"59,7"
2024-02-20,URBANA,051_ZW Parque La Mecerd,0.0,MR76,False,Laboral,Martes,3.480.722,-76.513.002,-0.375,0.2940320497662659,"64,3"
2024-02-21,URBANA,051_ZW Parque La Mecerd,0.0,MR76,False,Laboral,Miércoles,3.480.722,-76.513.002,-0.125,-0.40999690779780634,"1,0"
2024-02-22,URBANA,051_ZW Parque La Mecerd,0.0,MR76,False,Laboral,Jueves,3.480.722,-76.513.002,-0.375,-0.4186423413427433,"0,1"
2024-02-23,URBANA,051_ZW Parque La Mecerd,0.0,MR76,False,Laboral,Viernes,3.480.722,-76.513.002,0.25,-0.34733433981483164,"5,6"
2024-02-24,URBANA,051_ZW Parque La Mecerd,0.0,MR76,False,Fin de Semana,Sábado,3.480.722,-76.513.002,-0.125,-0.4194062971788202,"0,1"
2024-02-25,URBANA,051_ZW Parque La Mecerd,0.0,MR76,False,Fin de Semana,Domingo,3.480.722,-76.513.002,0.25,-0.4167224475689834,"0,2"
2024-02-26,URBANA,051_ZW Parque La Mecerd,0.0,MR76,False,Laboral,Lunes,3.480.722,-76.513.002,-0.25,-0.41222965967586445,"0,8"
2024-02-27,URBANA,051_ZW Parque La Mecerd,0.0,MR76,False,Laboral,Martes,3.480.722,-76.513.002,0.0,-0.4174382014296888,"0,2"
2024-02-28,URBANA,051_ZW Parque La Mecerd,0.0,MR76,False,Laboral,Miércoles,3.480.722,-76.513.002,-0.375,-0.4162367899303345,"0,2"
2024-02-29,URBANA,051_ZW Parque La Mecerd,0.0,MR76,False,Laboral,Jueves,3.480.722,-76.513.002,0.25,-0.4172963239172745,"0,4"
2024-03-01,URBANA,051_ZW Parque La Mecerd,0.0,MR76,False,Laboral,Viernes,3.480.722,-76.513.002,-0.625,-0.16971642686941812,"22,9"
2024-03-02,URBANA,051_ZW Parque La Mecerd,0.0,MR76,False,Fin de Semana,Sábado,3.480.722,-76.513.002,-0.875,-0.21940629717882024,"21,4"
2024-03-03,URBANA,051_ZW Parque La Mecerd,0.0,MR76,False,Fin de Semana,Domingo,3.480.722,-76.513.002,-1.125,-0.38569856485439363,"2,7"
2024-03-04,URBANA,051_ZW Parque La Mecerd,0.0,MR76,False,Laboral,Lunes,3.480.722,-76.513.002,0.625,0.7554222674936791,"90,9"
2024-03-05,URBANA,051_ZW Parque La Mecerd,0.0,MR76,False,Laboral,Martes,3.480.722,-76.513.002,0.0,2.7280735580333593,"251,1"
2024-03-06,URBANA,051_ZW Parque La Mecerd,0.0,MR76,False,Laboral,Miércoles,3.480.722,-76.513.002,-0.875,-0.10232733688633429,"28,9"
2024-03-07,URBANA,051_ZW Parque La Mecerd,0.0,MR76,False,Laboral,Jueves,3.480.722,-76.513.002,0.0,-0.20655001182312605,"22,0"
2024-03-08,URBANA,051_ZW Parque La Mecerd,0.0,MR76,False,Laboral,Viernes,3.480.722,-76.513.002,-0.125,0.9939674773086927,"145,3"
2024-03-09,URBANA,051_ZW Parque La Mecerd,0.0,MR76,False,Fin de Semana,Sábado,3.480.722,-76.513.002,-0.5,-0.1787674845844626,"26,8"
2024-03-10,URBANA,051_ZW Parque La Mecerd,0.0,MR76,False,Fin de Semana,Domingo,3.480.722,-76.513.002,-0.25,0.06527820725030467,"55,9"
2024-03-11,URBANA,051_ZW Parque La Mecerd,0.0,MR76,False,Laboral,Lunes,3.480.722,-76.513.002,0.0,4.821943721920076,"613,2"
2024-03-12,URBANA,051_ZW Parque La Mecerd,0.0,MR76,False,Laboral,Martes,3.480.722,-76.513.002,1.0,1.8246184768175782,"279,9"
2024-03-13,URBANA,051_ZW Parque La Mecerd,0.0,MR76,False,Laboral,Miércoles,3.480.722,-76.513.002,0.5,0.0,"62,4"
2024-03-14,URBANA,051_ZW Parque La Mecerd,0.0,MR76,False,Laboral,Jueves,3.480.722,-76.513.002,-0.75,0.21613129126725722,"72,1"
2024-03-15,URBANA,051_ZW Parque La Mecerd,0.0,MR76,False,Laboral,Viernes,3.480.722,-76.513.002,-0.375,0.3531213052731142,"65,2"
2024-03-16,URBANA,051_ZW Parque La Mecerd,0.0,MR76,False,Fin de Semana,Sábado,3.480.722,-76.513.002,-1.125,4.50632810084217,"479,0"
2024-03-17,URBANA,051_ZW Parque La Mecerd,0.0,MR76,False,Fin de Semana,Domingo,3.480.722,-76.513.002,-0.375,2.28884169743711,"230,0"
2024-03-18,URBANA,051_ZW Parque La Mecerd,0.0,MR76,False,Laboral,Lunes,3.480.722,-76.513.002,0.25,0.8839951252341889,"119,4"
2024-03-19,URBANA,051_ZW Parque La Mecerd,0.0,MR76,False,Laboral,Martes,3.480.722,-76.513.002,0.125,0.5165405533222984,"136,6"
2024-03-20,URBANA,051_ZW Parque La Mecerd,0.0,MR76,False,Laboral,Miércoles,3.480.722,-76.513.002,0.25,1.4135120141149935,"307,6"
2024-03-21,URBANA,051_ZW Parque La Mecerd,0.0,MR76,False,Laboral,Jueves,3.480.722,-76.513.002,0.0,0.5297006020699565,"119,6"
2024-03-22,URBANA,051_ZW Parque La Mecerd,0.0,MR76,False,Laboral,Viernes,3.480.722,-76.513.002,0.125,0.11928715644724157,"60,8"
2024-03-23,URBANA,051_ZW Parque La Mecerd,0.0,MR76,False,Fin de Semana,Sábado,3.480.722,-76.513.002,-0.375,-0.04084344362187824,"53,4"
2024-03-24,URBANA,051_ZW Parque La Mecerd,0.0,MR76,True,Festivo,Domingo,3.480.722,-76.513.002,-0.625,-0.06135111046437601,"43,4"
2024-03-25,URBANA,051_ZW Parque La Mecerd,0.0,MR76,True,Festivo,Lunes,3.480.722,-76.513.002,-0.625,0.35704840205904287,"121,8"
2024-03-26,URBANA,051_ZW Parque La Mecerd,0.0,MR76,False,Laboral,Martes,3.480.722,-76.513.002,0.125,0.08222165632901031,"70,9"
2024-03-27,URBANA,051_ZW Parque La Mecerd,0.0,MR76,False,Laboral,Miércoles,3.480.722,-76.513.002,0.5,1.6088173236080543,"276,2"
2024-03-28,URBANA,051_ZW Parque La Mecerd,0.0,MR76,True,Festivo,Jueves,3.480.722,-76.513.002,0.625,0.2594594102988522,"117,1"
2024-03-29,URBANA,051_ZW Parque La Mecerd,0.0,MR76,True,Festivo,Viernes,3.480.722,-76.513.002,0.0,0.6108227076777561,"114,3"
2024-03-30,URBANA,051_ZW Parque La Mecerd,0.0,MR76,False,Fin de Semana,Sábado,3.480.722,-76.513.002,-0.625,0.047799079615111775,"82,5"
2024-03-31,URBANA,051_ZW Parque La Mecerd,0.0,MR76,True,Festivo,Domingo,3.480.722,-76.513.002,-0.375,-0.09671044254870219,"46,7"
2024-04-01,URBANA,051_ZW Parque La Mecerd,0.0,MR76,False,Laboral,Lunes,3.480.722,-76.513.002,-0.125,0.07608454444585917,"52,0"
2024-04-02,URBANA,051_ZW Parque La Mecerd,0.0,MR76,False,Laboral,Martes,3.480.722,-76.513.002,-0.5,-0.4189515615621078,"0,2"
2024-04-03,URBANA,051_ZW Parque La Mecerd,0.0,MR76,False,Laboral,Miércoles,3.480.722,-76.513.002,0.625,-0.41567564617931135,"0,5"
2024-04-04,URBANA,051_ZW Parque La Mecerd,0.0,MR76,False,Laboral,Jueves,3.480.722,-76.513.002,-0.375,-0.4169861942266766,"0,3"
2024-04-05,URBANA,051_ZW Parque La Mecerd,0.0,MR76,False,Laboral,Viernes,3.480.722,-76.513.002,1.5,-0.41272259308438075,"0,7"
2024-04-06,URBANA,051_ZW Parque La Mecerd,0.0,MR76,False,Fin de Semana,Sábado,3.480.722,-76.513.002,0.125,-0.4181675973588955,"0,2"
2024-04-07,URBANA,051_ZW Parque La Mecerd,0.0,MR76,False,Fin de Semana,Domingo,3.480.722,-76.513.002,0.375,-0.4088027720683195,"1,0"
2024-04-08,URBANA,051_ZW Parque La Mecerd,0.0,MR76,False,Laboral,Lunes,3.480.722,-76.513.002,0.625,-0.4018635065572876,"2,8"
2024-04-09,URBANA,051_ZW Parque La Mecerd,0.0,MR76,False,Laboral,Martes,3.480.722,-76.513.002,0.0,-0.4171971915528312,"0,4"
2024-04-10,URBANA,051_ZW Parque La Mecerd,0.0,MR76,False,Laboral,Miércoles,3.480.722,-76.513.002,-0.125,0.30567782891027157,"187,7"
2024-04-11,URBANA,051_ZW Parque La Mecerd,0.0,MR76,False,Laboral,Jueves,3.480.722,-76.513.002,0.625,1.0199856303545118,"358,5"
2024-04-12,URBANA,051_ZW Parque La Mecerd,0.0,MR76,False,Laboral,Viernes,3.480.722,-76.513.002,-0.75,-0.016352292776979464,"65,4"
2024-04-13,URBANA,051_ZW Parque La Mecerd,0.0,MR76,False,Fin de Semana,Sábado,3.480.722,-76.513.002,-0.875,-0.27281681430416355,"19,0"
2024-04-14,URBANA,051_ZW Parque La Mecerd,0.0,MR76,False,Fin de Semana,Domingo,3.480.722,-76.513.002,-0.875,0.2241200865816614,"102,7"
2024-04-15,URBANA,051_ZW Parque La Mecerd,0.0,MR76,False,Laboral,Lunes,3.480.722,-76.513.002,-0.375,-0.13010440729759717,"79,6"
2024-04-16,URBANA,051_ZW Parque La Mecerd,0.0,MR76,False,Laboral,Martes,3.480.722,-76.513.002,0.375,0.0654328173599869,"125,7"
2024-04-17,URBANA,051_ZW Parque La Mecerd,0.0,MR76,False,Laboral,Miércoles,3.480.722,-76.513.002,-0.25,0.15741310002364625,"170,2"
2024-04-18,URBANA,051_ZW Parque La Mecerd,0.0,MR76,False,Laboral,Jueves,3.480.722,-76.513.002,-0.375,-0.3943976572021027,"9,7"
2024-04-19,URBANA,051_ZW Parque La Mecerd,0.0,MR76,False,Laboral,Viernes,3.480.722,-76.513.002,-0.25,-0.41524546628590137,"1,3"
2024-04-20,URBANA,051_ZW Parque La Mecerd,0.0,MR76,False,Fin de Semana,Sábado,3.480.722,-76.513.002,0.875,-0.41849045964676135,"0,2"
2024-04-21,URBANA,051_ZW Parque La Mecerd,0.0,MR76,False,Fin de Semana,Domingo,3.480.722,-76.513.002,0.25,-0.417520053840697,"0,4"
2024-04-22,URBANA,051_ZW Parque La Mecerd,0.0,MR76,False,Laboral,Lunes,3.480.722,-76.513.002,-0.25,-0.4161740364152282,"0,9"
2024-04-23,URBANA,051_ZW Parque La Mecerd,0.0,MR76,False,Laboral,Martes,3.480.722,-76.513.002,0.125,-0.03368590501482438,"23,1"
2024-04-24,URBANA,051_ZW Parque La Mecerd,0.0,MR76,False,Laboral,Miércoles,3.480.722,-76.513.002,-0.5,0.09331629590556051,"30,7"
2024-04-25,URBANA,051_ZW Parque La Mecerd,0.0,MR76,False,Laboral,Jueves,3.480.722,-76.513.002,0.0,0.23690179529621477,"60,9"
2024-04-26,URBANA,051_ZW Parque La Mecerd,0.0,MR76,False,Laboral,Viernes,3.480.722,-76.513.002,-0.25,0.016406861050984958,"47,9"
2024-04-27,URBANA,051_ZW Parque La Mecerd,0.0,MR76,False,Fin de Semana,Sábado,3.480.722,-76.513.002,-0.25,-0.2277925314222311,"17,3"
2024-04-28,URBANA,051_ZW Parque La Mecerd,0.0,MR76,False,Fin de Semana,Domingo,3.480.722,-76.513.002,-1.0,0.9815513760299762,"208,6"
2024-04-29,URBANA,051_ZW Parque La Mecerd,0.0,MR76,False,Laboral,Lunes,3.480.722,-76.513.002,0.125,-0.0659584917329065,"48,6"
2024-04-30,URBANA,051_ZW Parque La Mecerd,0.0,MR76,False,Laboral,Martes,3.480.722,-76.513.002,-0.25,-0.24754624661221966,"30,1"
2024-05-01,URBANA,051_ZW Parque La Mecerd,0.0,MR76,True,Festivo,Miércoles,3.480.722,-76.513.002,0.625,0.1121841861141932,"111,3"
2024-05-02,URBANA,051_ZW Parque La Mecerd,0.0,MR76,False,Laboral,Jueves,3.480.722,-76.513.002,0.125,-0.41796023791767467,"0,4"
2024-05-03,URBANA,051_ZW Parque La Mecerd,0.0,MR76,False,Laboral,Viernes,3.480.722,-76.513.002,-0.875,-0.4195354420939666,"0,1"
2024-05-04,URBANA,051_ZW Parque La Mecerd,0.0,MR76,False,Fin de Semana,Sábado,3.480.722,-76.513.002,0.5,-0.4162440657002019,"0,6"
2024-05-05,URBANA,051_ZW Parque La Mecerd,0.0,MR76,False,Fin de Semana,Domingo,3.480.722,-76.513.002,-0.75,-0.1097022391181767,"55,3"
2024-05-06,URBANA,051_ZW Parque La Mecerd,0.0,MR76,False,Laboral,Lunes,3.480.722,-76.513.002,0.0,0.6596094730523674,"248,4"
2024-05-07,URBANA,051_ZW Parque La Mecerd,0.0,MR76,False,Laboral,Martes,3.480.722,-76.513.002,0.25,0.9203548756752824,"243,1"
2024-05-08,URBANA,051_ZW Parque La Mecerd,0.0,MR76,False,Laboral,Miércoles,3.480.722,-76.513.002,-0.75,-0.2028020808701821,"30,1"
2024-05-09,URBANA,051_ZW Parque La Mecerd,0.0,MR76,False,Laboral,Jueves,3.480.722,-76.513.002,-0.75,-0.1676582934681776,"31,5"
2024-05-10,URBANA,051_ZW Parque La Mecerd,0.0,MR76,False,Laboral,Viernes,3.480.722,-76.513.002,-0.625,0.14604107172090147,"78,9"
2024-05-11,URBANA,051_ZW Parque La Mecerd,0.0,MR76,False,Fin de Semana,Sábado,3.480.722,-76.513.002,0.375,3.8088200520217543,"624,0"
2024-05-12,URBANA,051_ZW Parque La Mecerd,0.0,MR76,False,Fin de Semana,Domingo,3.480.722,-76.513.002,0.625,0.9432626371027885,"363,4"
2024-05-13,URBANA,051_ZW Parque La Mecerd,0.0,MR76,True,Festivo,Lunes,3.480.722,-76.513.002,0.5,-0.005548683995125234,"81,4"
2024-05-14,URBANA,051_ZW Parque La Mecerd,0.0,MR76,False,Laboral,Martes,3.480.722,-76.513.002,0.375,-0.4101487894937883,"5,0"
2024-05-15,URBANA,051_ZW Parque La Mecerd,0.0,MR76,False,Laboral,Miércoles,3.480.722,-76.513.002,-0.375,-0.28007803263182784,"24,9"
2024-05-16,URBANA,051_ZW Parque La Mecerd,0.0,MR76,False,Laboral,Jueves,3.480.722,-76.513.002,0.625,1.1686532549975444,"214,0"
2024-05-17,URBANA,051_ZW Parque La Mecerd,0.0,MR76,False,Laboral,Viernes,3.480.722,-76.513.002,0.875,1.2967822907761428,"181,6"
2024-05-18,URBANA,051_ZW Parque La Mecerd,0.0,MR76,False,Fin de Semana,Sábado,3.480.722,-76.513.002,0.5,0.3226212779889772,"74,4"
2024-05-19,URBANA,051_ZW Parque La Mecerd,0.0,MR76,False,Fin de Semana,Domingo,3.480.722,-76.513.002,-0.125,4.266581479527803,"440,7"
2024-05-20,URBANA,051_ZW Parque La Mecerd,0.0,MR76,False,Laboral,Lunes,3.480.722,-76.513.002,0.125,0.6863461083725921,"172,8"
2024-05-21,URBANA,051_ZW Parque La Mecerd,0.0,MR76,False,Laboral,Martes,3.480.722,-76.513.002,0.875,1.152885752223657,"222,7"
2024-05-22,URBANA,051_ZW Parque La Mecerd,0.0,MR76,False,Laboral,Miércoles,3.480.722,-76.513.002,0.125,0.8722320243010714,"551,6"
2024-05-23,URBANA,051_ZW Parque La Mecerd,0.0,MR76,False,Laboral,Jueves,3.480.722,-76.513.002,2.0,2.1478536478891175,"531,7"
2024-05-24,URBANA,051_ZW Parque La Mecerd,0.0,MR76,False,Laboral,Viernes,3.480.722,-76.513.002,-0.5,0.04533623151499718,"108,4"
2024-05-25,URBANA,051_ZW Parque La Mecerd,0.0,MR76,False,Fin de Semana,Sábado,3.480.722,-76.513.002,0.25,-0.11736908161594849,"46,7"
2024-05-26,URBANA,051_ZW Parque La Mecerd,0.0,MR76,False,Fin de Semana,Domingo,3.480.722,-76.513.002,-0.875,0.6198646706804664,"165,5"
2024-05-27,URBANA,051_ZW Parque La Mecerd,0.0,MR76,False,Laboral,Lunes,3.480.722,-76.513.002,0.125,2.1190843443621876,"328,4"
2024-05-28,URBANA,051_ZW Parque La Mecerd,0.0,MR76,False,Laboral,Martes,3.480.722,-76.513.002,1.125,1.671317096240246,"308,8"
2024-05-29,URBANA,051_ZW Parque La Mecerd,0.0,MR76,False,Laboral,Miércoles,3.480.722,-76.513.002,-0.25,-0.2204130818342216,"43,9"
2024-05-30,URBANA,051_ZW Parque La Mecerd,0.0,MR76,False,Laboral,Jueves,3.480.722,-76.513.002,0.75,0.8405487749422486,"115,8"
2024-05-31,URBANA,051_ZW Parque La Mecerd,0.0,MR76,False,Laboral,Viernes,3.480.722,-76.513.002,0.25,0.9143905633264819,"157,8"
2024-06-01,URBANA,051_ZW Parque La Mecerd,0.0,MR76,False,Fin de Semana,Sábado,3.480.722,-76.513.002,0.375,1.8234916419593648,"246,4"
2024-06-02,URBANA,051_ZW Parque La Mecerd,0.0,MR76,False,Fin de Semana,Domingo,3.480.722,-76.513.002,0.75,1.808917365443731,"250,0"
2024-06-03,URBANA,051_ZW Parque La Mecerd,0.0,MR76,True,Festivo,Lunes,3.480.722,-76.513.002,-0.125,0.18299470687742148,"95,7"
2024-06-04,URBANA,051_ZW Parque La Mecerd,0.0,MR76,False,Laboral,Martes,3.480.722,-76.513.002,0.75,0.8105880640995325,"297,6"
2024-06-05,URBANA,051_ZW Parque La Mecerd,0.0,MR76,False,Laboral,Miércoles,3.480.722,-76.513.002,-0.875,-0.3242037579351365,"36,9"
2024-06-06,URBANA,051_ZW Parque La Mecerd,0.0,MR76,False,Laboral,Jueves,3.480.722,-76.513.002,0.125,0.41877512414282336,"151,1"
2024-06-07,URBANA,051_ZW Parque La Mecerd,0.0,MR76,False,Laboral,Viernes,3.480.722,-76.513.002,0.375,-0.41787201920803246,"0,5"
2024-06-08,URBANA,051_ZW Parque La Mecerd,0.0,MR76,False,Fin de Semana,Sábado,3.480.722,-76.513.002,-0.125,-0.4183203885261109,"0,6"
2024-06-09,URBANA,051_ZW Parque La Mecerd,0.0,MR76,False,Fin de Semana,Domingo,3.480.722,-76.513.002,-1.0,-0.34779544173017807,"27,2"
2024-06-10,URBANA,051_ZW Parque La Mecerd,0.0,MR76,True,Festivo,Lunes,3.480.722,-76.513.002,-0.625,-0.19836840860723576,"44,7"
2024-06-11,URBANA,051_ZW Parque La Mecerd,0.0,MR76,False,Laboral,Martes,3.480.722,-76.513.002,0.5,1.0007730505484111,"249,5"
2024-06-12,URBANA,051_ZW Parque La Mecerd,0.0,MR76,False,Laboral,Miércoles,3.480.722,-76.513.002,0.25,-0.08857067500954945,"49,1"
2024-06-13,URBANA,051_ZW Parque La Mecerd,0.0,MR76,False,Laboral,Jueves,3.480.722,-76.513.002,0.75,0.983327573348855,"30041193700,0"
2024-06-14,URBANA,051_ZW Parque La Mecerd,0.0,MR76,False,Laboral,Viernes,3.480.722,-76.513.002,-1.375,0.04049784455317678,"15218957200,0"
2024-06-15,URBANA,051_ZW Parque La Mecerd,0.0,MR76,False,Fin de Semana,Sábado,3.480.722,-76.513.002,-0.625,0.5983029266784292,"20087384500,0"
2024-06-16,URBANA,051_ZW Parque La Mecerd,0.0,MR76,False,Fin de Semana,Domingo,3.480.722,-76.513.002,-0.125,0.5203003074012769,"18540063400,0"
2024-06-17,URBANA,051_ZW Parque La Mecerd,0.0,MR76,False,Laboral,Lunes,3.480.722,-76.513.002,0.125,0.555969769176201,"171,7"
2024-06-18,URBANA,051_ZW Parque La Mecerd,0.0,MR76,False,Laboral,Martes,3.480.722,-76.513.002,1.125,0.8213552940320498,"215,6"
2024-06-19,URBANA,051_ZW Parque La Mecerd,0.0,MR76,False,Laboral,Miércoles,3.480.722,-76.513.002,0.875,2.1817769248958654,"405,8"
2024-06-20,URBANA,051_ZW Parque La Mecerd,0.0,MR76,False,Laboral,Jueves,3.480.722,-76.513.002,1.75,1.4289357367626463,"407,0"
2024-06-21,URBANA,051_ZW Parque La Mecerd,0.0,MR76,False,Laboral,Viernes,3.480.722,-76.513.002,2.125,3.1546846863233715,"675,3"
2024-06-22,URBANA,051_ZW Parque La Mecerd,0.0,MR76,False,Fin de Semana,Sábado,3.480.722,-76.513.002,1.0,3.328014442403187,"779,7"
2024-06-23,URBANA,051_ZW Parque La Mecerd,0.0,MR76,False,Fin de Semana,Domingo,3.480.722,-76.513.002,1.125,0.8161722174727614,"533,5"
2024-06-24,URBANA,051_ZW Parque La Mecerd,0.0,MR76,False,Laboral,Lunes,3.480.722,-76.513.002,1.375,1.1121605398621242,"322,6"
2024-06-25,URBANA,051_ZW Parque La Mecerd,0.0,MR76,False,Laboral,Martes,3.480.722,-76.513.002,3.0,1.5360650817614638,"532,9"
2024-06-26,URBANA,051_ZW Parque La Mecerd,0.0,MR76,False,Laboral,Miércoles,3.480.722,-76.513.002,1.375,-0.41648234716335925,"1,0"
2024-06-27,URBANA,051_ZW Parque La Mecerd,0.0,MR76,False,Laboral,Jueves,3.480.722,-76.513.002,2.5,-0.40719391745639083,"4,2"
2024-06-28,URBANA,051_ZW Parque La Mecerd,0.0,MR76,False,Laboral,Viernes,3.480.722,-76.513.002,0.625,2.037341069901959,"464,8"
2024-06-29,URBANA,051_ZW Parque La Mecerd,0.0,MR76,False,Fin de Semana,Sábado,3.480.722,-76.513.002,0.875,0.38083380322680394,"149,3"
2024-06-30,URBANA,051_ZW Parque La Mecerd,0.0,MR76,False,Fin de Semana,Domingo,3.480.722,-76.513.002,0.125,1.3833757753242264,"425,9"
2024-07-01,URBANA,051_ZW Parque La Mecerd,0.0,MR76,True,Festivo,Lunes,3.480.722,-76.513.002,1.0,0.07953962566164033,"76,31"
2024-07-02,URBANA,051_ZW Parque La Mecerd,0.0,MR76,False,Laboral,Martes,3.480.722,-76.513.002,0.0,0.3392527784346181,"89,92"
2024-07-03,URBANA,051_ZW Parque La Mecerd,0.0,MR76,False,Laboral,Miércoles,3.480.722,-76.513.002,0.25,-0.36560834530803793,"7,12"
2024-07-04,URBANA,051_ZW Parque La Mecerd,0.0,MR76,False,Laboral,Jueves,3.480.722,-76.513.002,0.625,0.38462629827018574,"111,49"
2024-07-05,URBANA,051_ZW Parque La Mecerd,0.0,MR76,False,Laboral,Viernes,3.480.722,-76.513.002,0.0,0.9669998362951779,"179,0"
2024-07-06,URBANA,051_ZW Parque La Mecerd,0.0,MR76,False,Fin de Semana,Sábado,3.480.722,-76.513.002,1.0,0.5269985630354512,"123,7"
2024-07-07,URBANA,051_ZW Parque La Mecerd,0.0,MR76,False,Fin de Semana,Domingo,3.480.722,-76.513.002,0.375,1.4634710879094894,"234,74"
2024-07-08,URBANA,051_ZW Parque La Mecerd,0.0,MR76,False,Laboral,Lunes,3.480.722,-76.513.002,2.0,1.1686014151372393,"314,39"
2024-07-09,URBANA,051_ZW Parque La Mecerd,0.0,MR76,False,Laboral,Martes,3.480.722,-76.513.002,1.875,1.5002300962220565,"363,59"
2024-07-10,URBANA,051_ZW Parque La Mecerd,0.0,MR76,False,Laboral,Miércoles,3.480.722,-76.513.002,2.0,0.6116576022700402,"164,27"
2024-07-11,URBANA,051_ZW Parque La Mecerd,0.0,MR76,False,Laboral,Jueves,3.480.722,-76.513.002,1.0,0.15878731105735125,"86,25"
2024-07-12,URBANA,051_ZW Parque La Mecerd,0.0,MR76,False,Laboral,Viernes,3.480.722,-76.513.002,1.0,-0.4166606035251105,"0,58"
2024-07-13,URBANA,051_ZW Parque La Mecerd,0.0,MR76,False,Fin de Semana,Sábado,3.480.722,-76.513.002,0.125,-0.4192926132746421,"0,11"
2024-07-14,URBANA,051_ZW Parque La Mecerd,0.0,MR76,False,Fin de Semana,Domingo,3.480.722,-76.513.002,1.125,-0.41659330265383704,"0,59"
2024-07-15,URBANA,051_ZW Parque La Mecerd,0.0,MR76,False,Laboral,Lunes,3.480.722,-76.513.002,1.5,-0.41368117576441055,"1,25"
2024-07-16,URBANA,051_ZW Parque La Mecerd,0.0,MR76,False,Laboral,Martes,3.480.722,-76.513.002,1.75,-0.41568837877657927,"0,76"
2024-07-17,URBANA,051_ZW Parque La Mecerd,0.0,MR76,False,Laboral,Miércoles,3.480.722,-76.513.002,1.375,-0.41606944722338435,"0,96"
2024-07-18,URBANA,051_ZW Parque La Mecerd,0.0,MR76,False,Laboral,Jueves,3.480.722,-76.513.002,1.125,-0.4161067355439547,"0,72"
2024-07-19,URBANA,051_ZW Parque La Mecerd,0.0,MR76,False,Laboral,Viernes,3.480.722,-76.513.002,0.5,-0.41836586208778215,"0,25"
2024-07-20,URBANA,051_ZW Parque La Mecerd,0.0,MR76,True,Festivo,Sábado,3.480.722,-76.513.002,-0.125,-0.41738181421321646,"0,37"
2024-07-21,URBANA,051_ZW Parque La Mecerd,0.0,MR76,False,Fin de Semana,Domingo,3.480.722,-76.513.002,0.875,-0.41534368917911124,"0,78"
2024-07-22,URBANA,051_ZW Parque La Mecerd,0.0,MR76,False,Laboral,Lunes,3.480.722,-76.513.002,1.375,-0.4153091292722411,"0,74"
2024-07-23,URBANA,051_ZW Parque La Mecerd,0.0,MR76,False,Laboral,Martes,3.480.722,-76.513.002,0.875,-0.4186487076413773,"0,22"
2024-07-24,URBANA,051_ZW Parque La Mecerd,0.0,MR76,False,Laboral,Miércoles,3.480.722,-76.513.002,1.625,-0.39037961329283155,"5,16"
2024-07-25,URBANA,051_ZW Parque La Mecerd,0.0,MR76,False,Laboral,Jueves,3.480.722,-76.513.002,0.375,-0.4147825454280881,"0,91"
2024-07-26,URBANA,051_ZW Parque La Mecerd,0.0,MR76,False,Laboral,Viernes,3.480.722,-76.513.002,1.25,-0.4119277152263674,"1,17"
2024-07-27,URBANA,051_ZW Parque La Mecerd,0.0,MR76,False,Fin de Semana,Sábado,3.480.722,-76.513.002,1.125,-0.4156465430998417,"0,82"
2024-07-28,URBANA,051_ZW Parque La Mecerd,0.0,MR76,False,Fin de Semana,Domingo,3.480.722,-76.513.002,-0.125,-0.23375502482856467,"43,34"
2024-07-29,URBANA,051_ZW Parque La Mecerd,0.0,MR76,False,Laboral,Lunes,3.480.722,-76.513.002,1.375,0.414917147170635,"147,21"
2024-07-30,URBANA,051_ZW Parque La Mecerd,0.0,MR76,False,Laboral,Martes,3.480.722,-76.513.002,1.25,0.3684222493042545,"126,69"
2024-07-31,URBANA,051_ZW Parque La Mecerd,0.0,MR76,False,Laboral,Miércoles,3.480.722,-76.513.002,0.125,-0.12179184022409371,"54,47"
2024-08-01,URBANA,051_ZW Parque La Mecerd,0.0,MR76,False,Laboral,Jueves,3.480.722,-76.513.002,0.375,-0.29620568601415137,"20,31"
2024-08-02,URBANA,051_ZW Parque La Mecerd,0.0,MR76,False,Laboral,Viernes,3.480.722,-76.513.002,1.875,1.8379113083653165,"413,02"
2024-08-03,URBANA,051_ZW Parque La Mecerd,0.0,MR76,False,Fin de Semana,Sábado,3.480.722,-76.513.002,0.0,-0.2580579151281445,"36,28"
2024-08-04,URBANA,051_ZW Parque La Mecerd,0.0,MR76,False,Fin de Semana,Domingo,3.480.722,-76.513.002,-0.375,-0.015009003765210907,"71,0"
2024-08-05,URBANA,051_ZW Parque La Mecerd,0.0,MR76,False,Laboral,Lunes,3.480.722,-76.513.002,0.5,0.048232897393455446,"74,39"
2024-08-06,URBANA,051_ZW Parque La Mecerd,0.0,MR76,False,Laboral,Martes,3.480.722,-76.513.002,0.375,0.04085435727667934,"48,79"
2024-08-07,URBANA,051_ZW Parque La Mecerd,0.0,MR76,True,Festivo,Miércoles,3.480.722,-76.513.002,1.5,0.5602433745020645,"128,21"
2024-08-08,URBANA,051_ZW Parque La Mecerd,0.0,MR76,False,Laboral,Jueves,3.480.722,-76.513.002,1.125,0.26744183931462245,"94,83"
2024-08-09,URBANA,051_ZW Parque La Mecerd,0.0,MR76,False,Laboral,Viernes,3.480.722,-76.513.002,0.0,0.13829965258198884,"113,29"
2024-08-10,URBANA,051_ZW Parque La Mecerd,0.0,MR76,False,Fin de Semana,Sábado,3.480.722,-76.513.002,1.625,0.7187451115921203,"237,0"
2024-08-11,URBANA,051_ZW Parque La Mecerd,0.0,MR76,False,Fin de Semana,Domingo,3.480.722,-76.513.002,0.5,0.3093366316823399,"139,18"
2024-08-12,URBANA,051_ZW Parque La Mecerd,0.0,MR76,False,Laboral,Lunes,3.480.722,-76.513.002,0.375,-0.4193462720774142,"0,16"
2024-08-13,URBANA,051_ZW Parque La Mecerd,0.0,MR76,False,Laboral,Martes,3.480.722,-76.513.002,1.25,-0.41891245429907054,"0,14"
2024-08-14,URBANA,051_ZW Parque La Mecerd,0.0,MR76,False,Laboral,Miércoles,3.480.722,-76.513.002,1.0,-0.41848227440566055,"0,22"
2024-08-15,URBANA,051_ZW Parque La Mecerd,0.0,MR76,False,Laboral,Jueves,3.480.722,-76.513.002,0.625,-0.41855503210433453,"0,24"
2024-08-16,URBANA,051_ZW Parque La Mecerd,0.0,MR76,False,Laboral,Viernes,3.480.722,-76.513.002,0.0,-0.4180357240300489,"0,3"
2024-08-17,URBANA,051_ZW Parque La Mecerd,0.0,MR76,False,Fin de Semana,Sábado,3.480.722,-76.513.002,0.125,-0.4157456754642851,"0,68"
2024-08-18,URBANA,051_ZW Parque La Mecerd,0.0,MR76,False,Fin de Semana,Domingo,3.480.722,-76.513.002,0.25,-0.4189952161813122,"0,17"
2024-08-19,URBANA,051_ZW Parque La Mecerd,0.0,MR76,True,Festivo,Lunes,3.480.722,-76.513.002,-0.25,-0.41860232460847263,"0,21"
2024-08-20,URBANA,051_ZW Parque La Mecerd,0.0,MR76,False,Laboral,Martes,3.480.722,-76.513.002,-1.75,-0.41954908416246794,"0,13"
2024-10-25,URBANA,051_ZW Parque La Mecerd,0.0,MR76,False,Laboral,Viernes,3.480.722,-76.513.002,-1.25,-0.4141459155646907,"1,44"
2024-10-26,URBANA,051_ZW Parque La Mecerd,0.0,MR76,False,Fin de Semana,Sábado,3.480.722,-76.513.002,0.0,-0.2765720210269749,"20,42"
2024-10-27,URBANA,051_ZW Parque La Mecerd,0.0,MR76,False,Fin de Semana,Domingo,3.480.722,-76.513.002,-0.875,2.0436909980537314,"272,13"
2024-10-28,URBANA,051_ZW Parque La Mecerd,0.0,MR76,False,Laboral,Lunes,3.480.722,-76.513.002,-0.75,-0.2599023227895302,"29,24"
2024-10-29,URBANA,051_ZW Parque La Mecerd,0.0,MR76,False,Laboral,Martes,3.480.722,-76.513.002,-0.625,-0.2555086672608545,"28,53"
2024-10-30,URBANA,051_ZW Parque La Mecerd,0.0,MR76,False,Laboral,Miércoles,3.480.722,-76.513.002,-1.375,-0.41693617330883825,"0,69"
2024-10-31,URBANA,051_ZW Parque La Mecerd,0.0,MR76,False,Laboral,Jueves,3.480.722,-76.513.002,-0.5,-0.34916055805154883,"16,61"
2024-11-01,URBANA,051_ZW Parque La Mecerd,0.0,MR76,False,Laboral,Viernes,3.480.722,-76.513.002,-0.75,-0.36750732124342905,"10,44"
2024-11-02,URBANA,051_ZW Parque La Mecerd,0.0,MR76,False,Fin de Semana,Sábado,3.480.722,-76.513.002,-0.5,-0.2700183713189152,"26,54"
2024-11-03,URBANA,051_ZW Parque La Mecerd,0.0,MR76,False,Fin de Semana,Domingo,3.480.722,-76.513.002,-1.5,-0.3906770103861615,"5,48"
2024-11-04,URBANA,051_ZW Parque La Mecerd,0.0,MR76,True,Festivo,Lunes,3.480.722,-76.513.002,-0.375,0.2259317532786438,"107,06"
2024-11-05,URBANA,051_ZW Parque La Mecerd,0.0,MR76,False,Laboral,Martes,3.480.722,-76.513.002,0.625,1.5882296232970152,"302,4"
2024-11-06,URBANA,051_ZW Parque La Mecerd,0.0,MR76,False,Laboral,Miércoles,3.480.722,-76.513.002,-1.75,-0.4191862051403314,"0,15"
2024-11-07,URBANA,051_ZW Parque La Mecerd,0.0,MR76,False,Laboral,Jueves,3.480.722,-76.513.002,0.625,0.4538952652927588,"108,04"
2024-11-08,URBANA,051_ZW Parque La Mecerd,0.0,MR76,False,Laboral,Viernes,3.480.722,-76.513.002,-0.25,-0.09253142223111482,"29,12"
2024-11-09,URBANA,051_ZW Parque La Mecerd,0.0,MR76,False,Fin de Semana,Sábado,3.480.722,-76.513.002,0.25,1.3033213889444677,"113,8"
2024-11-10,URBANA,051_ZW Parque La Mecerd,0.0,MR76,False,Fin de Semana,Domingo,3.480.722,-76.513.002,1.0,0.5528020808701821,"55,22"
2024-11-11,URBANA,051_ZW Parque La Mecerd,0.0,MR76,True,Festivo,Lunes,3.480.722,-76.513.002,-0.375,-0.11761918620514034,"18,93"
2024-11-12,URBANA,051_ZW Parque La Mecerd,0.0,MR76,False,Laboral,Martes,3.480.722,-76.513.002,0.125,-0.08273096021972826,"19,4"
2024-11-13,URBANA,051_ZW Parque La Mecerd,0.0,MR76,False,Laboral,Miércoles,3.480.722,-76.513.002,0.375,0.06560743583680448,"32,96"
2024-11-14,URBANA,051_ZW Parque La Mecerd,0.0,MR76,False,Laboral,Jueves,3.480.722,-76.513.002,0.875,0.09399112356076177,"29,44"
2024-11-15,URBANA,051_ZW Parque La Mecerd,0.0,MR76,False,Laboral,Viernes,3.480.722,-76.513.002,1.25,2.03615966676974,"148,25"
2024-11-16,URBANA,051_ZW Parque La Mecerd,0.0,MR76,False,Fin de Semana,Sábado,3.480.722,-76.513.002,0.0,0.1605143969296251,"34,67"
2024-11-17,URBANA,051_ZW Parque La Mecerd,0.0,MR76,False,Fin de Semana,Domingo,3.480.722,-76.513.002,0.25,-0.003269549084162468,"26,67"
2024-11-18,URBANA,051_ZW Parque La Mecerd,0.0,MR76,False,Laboral,Lunes,3.480.722,-76.513.002,1.25,0.5464739800280117,"66,11"
2024-11-19,URBANA,051_ZW Parque La Mecerd,0.0,MR76,False,Laboral,Martes,3.480.722,-76.513.002,-0.25,-0.1237353802499227,"20,39"
2024-11-20,URBANA,051_ZW Parque La Mecerd,0.0,MR76,False,Laboral,Miércoles,3.480.722,-76.513.002,0.375,-0.13926187314695238,"16,18"
2024-11-21,URBANA,051_ZW Parque La Mecerd,0.0,MR76,False,Laboral,Jueves,3.480.722,-76.513.002,-0.25,0.06880786510722665,"29,77"
2024-11-22,URBANA,051_ZW Parque La Mecerd,0.0,MR76,False,Laboral,Viernes,3.480.722,-76.513.002,0.375,-0.02141713807592266,"21,71"
2024-11-23,URBANA,051_ZW Parque La Mecerd,0.0,MR76,False,Fin de Semana,Sábado,3.480.722,-76.513.002,-0.5,0.17981792385906833,"34,42"
2024-11-24,URBANA,051_ZW Parque La Mecerd,0.0,MR76,False,Fin de Semana,Domingo,3.480.722,-76.513.002,-0.25,-0.4196536733543118,"0,05"
2024-11-25,URBANA,051_ZW Parque La Mecerd,0.0,MR76,False,Laboral,Lunes,3.480.722,-76.513.002,-0.125,-0.1843116212234207,"63,02"
2024-11-26,URBANA,051_ZW Parque La Mecerd,0.0,MR76,False,Laboral,Martes,3.480.722,-76.513.002,0.25,-0.002688396966003965,"58,27"
2024-11-27,URBANA,051_ZW Parque La Mecerd,0.0,MR76,False,Laboral,Miércoles,3.480.722,-76.513.002,1.25,-0.10032286228786584,"18,1"
2024-11-28,URBANA,051_ZW Parque La Mecerd,0.0,MR76,False,Laboral,Jueves,3.480.722,-76.513.002,0.125,0.6972297506229878,"58,34"
2024-11-29,URBANA,051_ZW Parque La Mecerd,0.0,MR76,False,Laboral,Viernes,3.480.722,-76.513.002,0.125,-0.09006857413100024,"16,32"
2024-11-30,URBANA,051_ZW Parque La Mecerd,0.0,MR76,False,Fin de Semana,Sábado,3.480.722,-76.513.002,-0.5,-0.1957418556851047,"10,82"
2024-12-01,URBANA,051_ZW Parque La Mecerd,0.0,MR76,False,Fin de Semana,Domingo,3.480.722,-76.513.002,-0.75,-0.41931444058424433,"0,03"
2024-12-02,URBANA,051_ZW Parque La Mecerd,0.0,MR76,False,Laboral,Lunes,3.480.722,-76.513.002,1.125,-0.17317059861396583,"13,01"
2024-12-03,URBANA,051_ZW Parque La Mecerd,0.0,MR76,False,Laboral,Martes,3.480.722,-76.513.002,0.0,-0.3845489932153446,"2,09"
