FECHA.CONEXION,AREA,NOMBRE.ZONA,COMUNA,MODEL,es_festivo,tipo_dia,dia_semana,LATITUD,LONGITUD,NUMERO.CONEXIONES,USAGE.KB,PORCENTAJE.USO
2024-01-01,URBANA,039_ZW Biblioteca Daniel Guillard,0.0,MR76,True,Festivo,Lunes,0.0,0.0,-0.03571428571428571,-0.1908078255132831,"2,7"
2024-01-02,URBANA,039_ZW Biblioteca Daniel Guillard,0.0,MR76,False,Laboral,Martes,0.0,0.0,-0.9285714285714286,-0.18872965191008115,"3,9"
2024-01-03,URBANA,039_ZW Biblioteca Daniel Guillard,0.0,MR76,False,Laboral,Miércoles,0.0,0.0,-0.21428571428571427,-0.19264723377456391,"1,1"
2024-01-04,URBANA,039_ZW Biblioteca Daniel Guillard,0.0,MR76,False,Laboral,Jueves,0.0,0.0,-0.6071428571428571,-0.19078869100852983,"2,2"
2024-01-05,URBANA,039_ZW Biblioteca Daniel Guillard,0.0,MR76,False,Laboral,Viernes,0.0,0.0,0.0,-0.19207340661571343,"1,6"
2024-01-06,URBANA,039_ZW Biblioteca Daniel Guillard,0.0,MR76,False,Fin de Semana,Sábado,0.0,0.0,0.07142857142857142,-0.18981303924986087,"3,6"
2024-01-07,URBANA,039_ZW Biblioteca Daniel Guillard,0.0,MR76,False,Fin de Semana,Domingo,0.0,0.0,-0.17857142857142858,0.7901466867773085,"472,2"
2024-01-08,URBANA,039_ZW Biblioteca Daniel Guillard,0.0,MR76,True,Festivo,Lunes,0.0,0.0,-0.39285714285714285,1.0082962636967696,"367,1"
2024-01-09,URBANA,039_ZW Biblioteca Daniel Guillard,0.0,MR76,False,Laboral,Martes,0.0,0.0,0.17857142857142858,1.010803715754436,"447,6"
2024-01-10,URBANA,039_ZW Biblioteca Daniel Guillard,0.0,MR76,False,Laboral,Miércoles,0.0,0.0,0.21428571428571427,0.520316476389269,"285,29999999999995"
2024-01-11,URBANA,039_ZW Biblioteca Daniel Guillard,0.0,MR76,False,Laboral,Jueves,0.0,0.0,0.10714285714285714,1.2457176146427213,"644,0"
2024-01-12,URBANA,039_ZW Biblioteca Daniel Guillard,0.0,MR76,False,Laboral,Viernes,0.0,0.0,0.32142857142857145,4.8997722161999375,"2109,3"
2024-01-13,URBANA,039_ZW Biblioteca Daniel Guillard,0.0,MR76,False,Fin de Semana,Sábado,0.0,0.0,0.9642857142857143,2.4031170108243063,"1387,8000000000002"
2024-01-14,URBANA,039_ZW Biblioteca Daniel Guillard,0.0,MR76,False,Fin de Semana,Domingo,0.0,0.0,0.8214285714285714,1.9938553281692355,"1330,3000000000002"
2024-01-15,URBANA,039_ZW Biblioteca Daniel Guillard,0.0,MR76,False,Laboral,Lunes,0.0,0.0,0.07142857142857142,-0.15010041455320516,"31,6"
2024-01-16,URBANA,039_ZW Biblioteca Daniel Guillard,0.0,MR76,False,Laboral,Martes,0.0,0.0,0.07142857142857142,-0.19324227527564086,"1,4"
2024-01-17,URBANA,039_ZW Biblioteca Daniel Guillard,0.0,MR76,False,Laboral,Miércoles,0.0,0.0,-0.6071428571428571,-0.19351431801713287,"1,0"
2024-01-18,URBANA,039_ZW Biblioteca Daniel Guillard,0.0,MR76,False,Laboral,Jueves,0.0,0.0,-0.17857142857142858,0.06748469447603486,"105,39999999999999"
2024-01-19,URBANA,039_ZW Biblioteca Daniel Guillard,0.0,MR76,False,Laboral,Viernes,0.0,0.0,0.21428571428571427,0.5813247649575671,"243,39999999999998"
2024-01-20,URBANA,039_ZW Biblioteca Daniel Guillard,0.0,MR76,False,Fin de Semana,Sábado,0.0,0.0,0.8928571428571429,1.783242874268833,"734,6999999999999"
2024-01-21,URBANA,039_ZW Biblioteca Daniel Guillard,0.0,MR76,False,Fin de Semana,Domingo,0.0,0.0,0.8214285714285714,1.3720382074463173,"582,2"
2024-01-22,URBANA,039_ZW Biblioteca Daniel Guillard,0.0,MR76,False,Laboral,Lunes,0.0,0.0,0.9285714285714286,2.4010251102937814,"1190,7"
2024-01-23,URBANA,039_ZW Biblioteca Daniel Guillard,0.0,MR76,False,Laboral,Martes,0.0,0.0,0.4642857142857143,2.7701324107728924,"1320,4"
2024-01-24,URBANA,039_ZW Biblioteca Daniel Guillard,0.0,MR76,False,Laboral,Miércoles,0.0,0.0,0.6785714285714286,0.7922400431940646,"379,70000000000005"
2024-01-25,URBANA,039_ZW Biblioteca Daniel Guillard,0.0,MR76,False,Laboral,Jueves,0.0,0.0,0.7142857142857143,-0.19237248724435677,"1,0"
2024-01-26,URBANA,039_ZW Biblioteca Daniel Guillard,0.0,MR76,False,Laboral,Viernes,0.0,0.0,0.5,-0.1899819220526831,"2,0"
2024-01-27,URBANA,039_ZW Biblioteca Daniel Guillard,0.0,MR76,False,Fin de Semana,Sábado,0.0,0.0,-0.10714285714285714,-0.19195963950593045,"1,4"
2024-01-28,URBANA,039_ZW Biblioteca Daniel Guillard,0.0,MR76,False,Fin de Semana,Domingo,0.0,0.0,0.17857142857142858,-0.1924960295902637,"1,4"
2024-01-29,URBANA,039_ZW Biblioteca Daniel Guillard,0.0,MR76,False,Laboral,Lunes,0.0,0.0,0.4642857142857143,-0.18946300260312457,"2,5"
2024-01-30,URBANA,039_ZW Biblioteca Daniel Guillard,0.0,MR76,False,Laboral,Martes,0.0,0.0,0.03571428571428571,-0.18720055539979885,"4,5"
2024-01-31,URBANA,039_ZW Biblioteca Daniel Guillard,0.0,MR76,False,Laboral,Miércoles,0.0,0.0,-0.4642857142857143,-0.1932589139754263,"1,1"
2024-02-01,URBANA,039_ZW Biblioteca Daniel Guillard,0.0,MR76,False,Laboral,Jueves,0.0,0.0,0.21428571428571427,-0.19202785817505078,"1,3"
2024-02-02,URBANA,039_ZW Biblioteca Daniel Guillard,0.0,MR76,False,Laboral,Viernes,0.0,0.0,-1.3214285714285714,-0.18723632860433753,"4,2"
2024-02-03,URBANA,039_ZW Biblioteca Daniel Guillard,0.0,MR76,False,Fin de Semana,Sábado,0.0,0.0,-0.21428571428571427,0.06609827481641274,"70,9"
2024-02-04,URBANA,039_ZW Biblioteca Daniel Guillard,0.0,MR76,False,Fin de Semana,Domingo,0.0,0.0,-1.2142857142857142,0.25064703743790645,"134,2"
2024-02-05,URBANA,039_ZW Biblioteca Daniel Guillard,0.0,MR76,False,Laboral,Lunes,0.0,0.0,-0.8928571428571429,1.8205624379688474,"644,0"
2024-02-06,URBANA,039_ZW Biblioteca Daniel Guillard,0.0,MR76,False,Laboral,Martes,0.0,0.0,-1.1428571428571428,0.7622670894005659,"308,2"
2024-02-07,URBANA,039_ZW Biblioteca Daniel Guillard,0.0,MR76,False,Laboral,Miércoles,0.0,0.0,-0.5357142857142857,2.438974864748169,"767,3"
2024-02-08,URBANA,039_ZW Biblioteca Daniel Guillard,0.0,MR76,False,Laboral,Jueves,0.0,0.0,-0.21428571428571427,1.6685340140780038,"659,7"
2024-02-09,URBANA,039_ZW Biblioteca Daniel Guillard,0.0,MR76,False,Laboral,Viernes,0.0,0.0,0.25,2.656564341436103,"1139,6"
2024-02-10,URBANA,039_ZW Biblioteca Daniel Guillard,0.0,MR76,False,Fin de Semana,Sábado,0.0,0.0,0.4642857142857143,1.3984978997801196,"479,8"
2024-02-11,URBANA,039_ZW Biblioteca Daniel Guillard,0.0,MR76,False,Fin de Semana,Domingo,0.0,0.0,0.17857142857142858,1.0770151337293898,"455,3"
2024-02-12,URBANA,039_ZW Biblioteca Daniel Guillard,0.0,MR76,False,Laboral,Lunes,0.0,0.0,-0.07142857142857142,2.251066540656247,"1136,2"
2024-02-13,URBANA,039_ZW Biblioteca Daniel Guillard,0.0,MR76,False,Laboral,Martes,0.0,0.0,-0.2857142857142857,3.1971937584909367,"1883,1999999999998"
2024-02-14,URBANA,039_ZW Biblioteca Daniel Guillard,0.0,MR76,False,Laboral,Miércoles,0.0,0.0,0.03571428571428571,1.210976425458209,"895,4"
2024-02-15,URBANA,039_ZW Biblioteca Daniel Guillard,0.0,MR76,False,Laboral,Jueves,0.0,0.0,0.6071428571428571,1.3058432201874017,"618,2"
2024-02-16,URBANA,039_ZW Biblioteca Daniel Guillard,0.0,MR76,False,Laboral,Viernes,0.0,0.0,0.6785714285714286,2.551844732645212,"1252,8"
2024-02-17,URBANA,039_ZW Biblioteca Daniel Guillard,0.0,MR76,False,Fin de Semana,Sábado,0.0,0.0,0.7142857142857143,2.458825041575951,"1206,9"
2024-02-18,URBANA,039_ZW Biblioteca Daniel Guillard,0.0,MR76,False,Fin de Semana,Domingo,0.0,0.0,0.2857142857142857,3.7399955657865074,"1462,0"
2024-02-19,URBANA,039_ZW Biblioteca Daniel Guillard,0.0,MR76,False,Laboral,Lunes,0.0,0.0,0.4642857142857143,2.2701024611132787,"809,0"
2024-02-20,URBANA,039_ZW Biblioteca Daniel Guillard,0.0,MR76,False,Laboral,Martes,0.0,0.0,0.17857142857142858,3.186714913349811,"1331,8000000000002"
2024-02-21,URBANA,039_ZW Biblioteca Daniel Guillard,0.0,MR76,False,Laboral,Miércoles,0.0,0.0,0.6071428571428571,1.4194505984524346,"673,0999999999999"
2024-02-22,URBANA,039_ZW Biblioteca Daniel Guillard,0.0,MR76,False,Laboral,Jueves,0.0,0.0,0.6785714285714286,3.036405267146804,"1015,2"
2024-02-23,URBANA,039_ZW Biblioteca Daniel Guillard,0.0,MR76,False,Laboral,Viernes,0.0,0.0,-0.07142857142857142,1.9533979136734338,"726,2"
2024-02-24,URBANA,039_ZW Biblioteca Daniel Guillard,0.0,MR76,False,Fin de Semana,Sábado,0.0,0.0,1.3214285714285714,1.8525915190883324,"784,1"
2024-02-25,URBANA,039_ZW Biblioteca Daniel Guillard,0.0,MR76,False,Fin de Semana,Domingo,0.0,0.0,0.39285714285714285,2.3336200735929693,"692,4000000000001"
2024-02-26,URBANA,039_ZW Biblioteca Daniel Guillard,0.0,MR76,False,Laboral,Lunes,0.0,0.0,0.8928571428571429,0.41834038120925077,"265,2"
2024-02-27,URBANA,039_ZW Biblioteca Daniel Guillard,0.0,MR76,False,Laboral,Martes,0.0,0.0,0.2857142857142857,-0.1880343622427969,"3,2"
2024-02-28,URBANA,039_ZW Biblioteca Daniel Guillard,0.0,MR76,False,Laboral,Miércoles,0.0,0.0,-0.25,-0.19035088522042534,"1,5"
2024-02-29,URBANA,039_ZW Biblioteca Daniel Guillard,0.0,MR76,False,Laboral,Jueves,0.0,0.0,0.17857142857142858,-0.19050458520969338,"3,0"
2024-03-01,URBANA,039_ZW Biblioteca Daniel Guillard,0.0,MR76,False,Laboral,Viernes,0.0,0.0,0.75,2.120511190773508,"928,2"
2024-03-02,URBANA,039_ZW Biblioteca Daniel Guillard,0.0,MR76,False,Fin de Semana,Sábado,0.0,0.0,-0.10714285714285714,1.1178159293920136,"613,6"
2024-03-03,URBANA,039_ZW Biblioteca Daniel Guillard,0.0,MR76,False,Fin de Semana,Domingo,0.0,0.0,0.6428571428571429,1.4959927771404231,"583,5"
2024-03-04,URBANA,039_ZW Biblioteca Daniel Guillard,0.0,MR76,False,Laboral,Lunes,0.0,0.0,-0.17857142857142858,1.2495405639021744,"488,70000000000005"
2024-03-05,URBANA,039_ZW Biblioteca Daniel Guillard,0.0,MR76,False,Laboral,Martes,0.0,0.0,-0.14285714285714285,0.7486108765516627,"329,3"
2024-03-06,URBANA,039_ZW Biblioteca Daniel Guillard,0.0,MR76,False,Laboral,Miércoles,0.0,0.0,0.14285714285714285,1.2510590532413435,"574,8"
2024-03-07,URBANA,039_ZW Biblioteca Daniel Guillard,0.0,MR76,False,Laboral,Jueves,0.0,0.0,0.6785714285714286,1.369093989519283,"704,0999999999999"
2024-03-08,URBANA,039_ZW Biblioteca Daniel Guillard,0.0,MR76,False,Laboral,Viernes,0.0,0.0,0.5,0.6423663309254362,"376,7"
2024-03-09,URBANA,039_ZW Biblioteca Daniel Guillard,0.0,MR76,False,Fin de Semana,Sábado,0.0,0.0,1.0,-0.05358576459401156,"69,0"
2024-03-10,URBANA,039_ZW Biblioteca Daniel Guillard,0.0,MR76,False,Fin de Semana,Domingo,0.0,0.0,0.5714285714285714,0.9316089123531531,"567,9"
2024-03-11,URBANA,039_ZW Biblioteca Daniel Guillard,0.0,MR76,False,Laboral,Lunes,0.0,0.0,0.7142857142857143,3.066803339719821,"1668,9"
2024-03-12,URBANA,039_ZW Biblioteca Daniel Guillard,0.0,MR76,False,Laboral,Martes,0.0,0.0,1.1071428571428572,1.1846504666739321,"752,7"
2024-03-13,URBANA,039_ZW Biblioteca Daniel Guillard,0.0,MR76,False,Laboral,Miércoles,0.0,0.0,0.4642857142857143,-0.09418627190796802,"65,8"
2024-03-14,URBANA,039_ZW Biblioteca Daniel Guillard,0.0,MR76,False,Laboral,Jueves,0.0,0.0,1.0357142857142858,-0.17333386299860984,"11,0"
2024-03-15,URBANA,039_ZW Biblioteca Daniel Guillard,0.0,MR76,False,Laboral,Viernes,0.0,0.0,0.6071428571428571,-0.18689648316121985,"3,2"
2024-03-16,URBANA,039_ZW Biblioteca Daniel Guillard,0.0,MR76,False,Fin de Semana,Sábado,0.0,0.0,1.3571428571428572,-0.14220285570004418,"22,700000000000003"
2024-03-17,URBANA,039_ZW Biblioteca Daniel Guillard,0.0,MR76,False,Fin de Semana,Domingo,0.0,0.0,0.7142857142857143,-0.1914556948861788,"1,5"
2024-03-18,URBANA,039_ZW Biblioteca Daniel Guillard,0.0,MR76,False,Laboral,Lunes,0.0,0.0,0.5357142857142857,1.024824732096135,"488,8"
2024-03-19,URBANA,039_ZW Biblioteca Daniel Guillard,0.0,MR76,False,Laboral,Martes,0.0,0.0,0.35714285714285715,1.0730888165475196,"809,3"
2024-03-20,URBANA,039_ZW Biblioteca Daniel Guillard,0.0,MR76,False,Laboral,Miércoles,0.0,0.0,0.42857142857142855,0.7784642396904536,"714,5"
2024-03-21,URBANA,039_ZW Biblioteca Daniel Guillard,0.0,MR76,False,Laboral,Jueves,0.0,0.0,0.9285714285714286,0.7998882295341913,"548,2"
2024-03-22,URBANA,039_ZW Biblioteca Daniel Guillard,0.0,MR76,False,Laboral,Viernes,0.0,0.0,0.39285714285714285,1.7291219674929723,"948,7"
2024-03-23,URBANA,039_ZW Biblioteca Daniel Guillard,0.0,MR76,False,Fin de Semana,Sábado,0.0,0.0,0.6071428571428571,1.1820504618487093,"848,9"
2024-03-24,URBANA,039_ZW Biblioteca Daniel Guillard,0.0,MR76,True,Festivo,Domingo,0.0,0.0,1.2142857142857142,0.19280446948753638,"205,3"
2024-03-25,URBANA,039_ZW Biblioteca Daniel Guillard,0.0,MR76,True,Festivo,Lunes,0.0,0.0,-0.17857142857142858,-0.188001084843226,"5,2"
2024-03-26,URBANA,039_ZW Biblioteca Daniel Guillard,0.0,MR76,False,Laboral,Martes,0.0,0.0,0.6071428571428571,-0.19088706732101127,"2,9"
2024-03-27,URBANA,039_ZW Biblioteca Daniel Guillard,0.0,MR76,False,Laboral,Miércoles,0.0,0.0,1.4642857142857142,-0.19033923813057552,"3,1"
2024-03-28,URBANA,039_ZW Biblioteca Daniel Guillard,0.0,MR76,True,Festivo,Jueves,0.0,0.0,1.25,-0.18991411935105743,"4,300000000000001"
2024-03-29,URBANA,039_ZW Biblioteca Daniel Guillard,0.0,MR76,True,Festivo,Viernes,0.0,0.0,0.14285714285714285,-0.18078841646998337,"7,2"
2024-03-30,URBANA,039_ZW Biblioteca Daniel Guillard,0.0,MR76,False,Fin de Semana,Sábado,0.0,0.0,1.1428571428571428,-0.19021174409346955,"4,1"
2024-03-31,URBANA,039_ZW Biblioteca Daniel Guillard,0.0,MR76,True,Festivo,Domingo,0.0,0.0,-0.6428571428571429,-0.1753904062920907,"12,8"
2024-04-01,URBANA,039_ZW Biblioteca Daniel Guillard,0.0,MR76,False,Laboral,Lunes,0.0,0.0,-0.6428571428571429,0.8799580205604414,"493,0"
2024-04-02,URBANA,039_ZW Biblioteca Daniel Guillard,0.0,MR76,False,Laboral,Martes,0.0,0.0,-0.42857142857142855,0.6914962517169059,"606,1999999999999"
2024-04-03,URBANA,039_ZW Biblioteca Daniel Guillard,0.0,MR76,False,Laboral,Miércoles,0.0,0.0,0.25,0.7919908786647776,"527,1"
2024-04-04,URBANA,039_ZW Biblioteca Daniel Guillard,0.0,MR76,False,Laboral,Jueves,0.0,0.0,0.0,1.3750808016858331,"656,9"
2024-04-05,URBANA,039_ZW Biblioteca Daniel Guillard,0.0,MR76,False,Laboral,Viernes,0.0,0.0,0.35714285714285715,-0.19104555093646763,"2,0"
2024-04-06,URBANA,039_ZW Biblioteca Daniel Guillard,0.0,MR76,False,Fin de Semana,Sábado,0.0,0.0,0.7857142857142857,-0.18939790369021403,"2,5"
2024-04-07,URBANA,039_ZW Biblioteca Daniel Guillard,0.0,MR76,False,Fin de Semana,Domingo,0.0,0.0,-0.35714285714285715,-0.1890981991103287,"2,5999999999999996"
2024-04-08,URBANA,039_ZW Biblioteca Daniel Guillard,0.0,MR76,False,Laboral,Lunes,0.0,0.0,-0.5,-0.19022214328083548,"3,7"
2024-04-09,URBANA,039_ZW Biblioteca Daniel Guillard,0.0,MR76,False,Laboral,Martes,0.0,0.0,-0.03571428571428571,-0.19113477596406706,"2,8"
2024-04-10,URBANA,039_ZW Biblioteca Daniel Guillard,0.0,MR76,False,Laboral,Miércoles,0.0,0.0,-0.07142857142857142,-0.15170292932629073,"49,7"
2024-04-11,URBANA,039_ZW Biblioteca Daniel Guillard,0.0,MR76,False,Laboral,Jueves,0.0,0.0,0.03571428571428571,1.4934214740723302,"1838,6"
2024-04-12,URBANA,039_ZW Biblioteca Daniel Guillard,0.0,MR76,False,Laboral,Viernes,0.0,0.0,-0.03571428571428571,1.2850244630483596,"1048,5"
2024-04-13,URBANA,039_ZW Biblioteca Daniel Guillard,0.0,MR76,False,Fin de Semana,Sábado,0.0,0.0,0.7857142857142857,0.494425827588129,"390,0"
2024-04-14,URBANA,039_ZW Biblioteca Daniel Guillard,0.0,MR76,False,Fin de Semana,Domingo,0.0,0.0,-0.03571428571428571,0.7447525700551656,"655,6"
2024-04-15,URBANA,039_ZW Biblioteca Daniel Guillard,0.0,MR76,False,Laboral,Lunes,0.0,0.0,0.39285714285714285,-0.18879350292050778,"8,2"
2024-04-16,URBANA,039_ZW Biblioteca Daniel Guillard,0.0,MR76,False,Laboral,Martes,0.0,0.0,-0.42857142857142855,-0.19291678071108811,"3,0"
2024-04-17,URBANA,039_ZW Biblioteca Daniel Guillard,0.0,MR76,False,Laboral,Miércoles,0.0,0.0,0.03571428571428571,-0.166486622069405,"37,5"
2024-04-18,URBANA,039_ZW Biblioteca Daniel Guillard,0.0,MR76,False,Laboral,Jueves,0.0,0.0,-0.03571428571428571,1.529274752353752,"2846,8999999999996"
2024-04-19,URBANA,039_ZW Biblioteca Daniel Guillard,0.0,MR76,False,Laboral,Viernes,0.0,0.0,-0.35714285714285715,0.3500607728509663,"646,8"
2024-04-20,URBANA,039_ZW Biblioteca Daniel Guillard,0.0,MR76,False,Fin de Semana,Sábado,0.0,0.0,-0.5714285714285714,0.17043477754474354,"225,2"
2024-04-21,URBANA,039_ZW Biblioteca Daniel Guillard,0.0,MR76,False,Fin de Semana,Domingo,0.0,0.0,-0.4642857142857143,0.8770845171074951,"833,5"
2024-04-22,URBANA,039_ZW Biblioteca Daniel Guillard,0.0,MR76,False,Laboral,Lunes,0.0,0.0,-0.6071428571428571,0.5096267357283633,"729,0"
2024-04-23,URBANA,039_ZW Biblioteca Daniel Guillard,0.0,MR76,False,Laboral,Martes,0.0,0.0,0.25,2.455202172681418,"694,2"
2024-04-24,URBANA,039_ZW Biblioteca Daniel Guillard,0.0,MR76,False,Laboral,Miércoles,0.0,0.0,0.35714285714285715,2.8895612541253577,"807,5999999999999"
2024-04-25,URBANA,039_ZW Biblioteca Daniel Guillard,0.0,MR76,False,Laboral,Jueves,0.0,0.0,-0.07142857142857142,2.3588551576225627,"1035,1"
2024-04-26,URBANA,039_ZW Biblioteca Daniel Guillard,0.0,MR76,False,Laboral,Viernes,0.0,0.0,-0.21428571428571427,0.6080277982757315,"385,6"
2024-04-27,URBANA,039_ZW Biblioteca Daniel Guillard,0.0,MR76,False,Fin de Semana,Sábado,0.0,0.0,0.42857142857142855,-0.10823786186052277,"34,4"
2024-04-28,URBANA,039_ZW Biblioteca Daniel Guillard,0.0,MR76,False,Fin de Semana,Domingo,0.0,0.0,-0.9642857142857143,-0.1910946351008347,"2,9"
2024-04-29,URBANA,039_ZW Biblioteca Daniel Guillard,0.0,MR76,False,Laboral,Lunes,0.0,0.0,-0.35714285714285715,-0.18652419225352054,"5,5"
2024-04-30,URBANA,039_ZW Biblioteca Daniel Guillard,0.0,MR76,False,Laboral,Martes,0.0,0.0,-0.07142857142857142,-0.19250726071261887,"2,4"
2024-05-01,URBANA,039_ZW Biblioteca Daniel Guillard,0.0,MR76,True,Festivo,Miércoles,0.0,0.0,-0.39285714285714285,-0.19277119208796548,"2,6"
2024-05-02,URBANA,039_ZW Biblioteca Daniel Guillard,0.0,MR76,False,Laboral,Jueves,0.0,0.0,-1.1071428571428572,-0.19106926108366187,"4,2"
2024-05-03,URBANA,039_ZW Biblioteca Daniel Guillard,0.0,MR76,False,Laboral,Viernes,0.0,0.0,-0.6785714285714286,1.3402738896371682,"1611,6"
2024-05-04,URBANA,039_ZW Biblioteca Daniel Guillard,0.0,MR76,False,Fin de Semana,Sábado,0.0,0.0,-0.5357142857142857,0.8643698466827008,"706,0"
2024-05-05,URBANA,039_ZW Biblioteca Daniel Guillard,0.0,MR76,False,Fin de Semana,Domingo,0.0,0.0,-0.21428571428571427,0.4553504650932558,"507,7"
2024-05-06,URBANA,039_ZW Biblioteca Daniel Guillard,0.0,MR76,False,Laboral,Lunes,0.0,0.0,-0.25,0.615655602208621,"816,3000000000001"
2024-05-07,URBANA,039_ZW Biblioteca Daniel Guillard,0.0,MR76,False,Laboral,Martes,0.0,0.0,-0.5357142857142857,0.047029076959810054,"192,4"
2024-05-08,URBANA,039_ZW Biblioteca Daniel Guillard,0.0,MR76,False,Laboral,Miércoles,0.0,0.0,-1.0357142857142858,-0.19305550587054926,"1,6"
2024-05-09,URBANA,039_ZW Biblioteca Daniel Guillard,0.0,MR76,False,Laboral,Jueves,0.0,0.0,-1.0714285714285714,-0.19401784666938987,"0,8999999999999999"
2024-05-10,URBANA,039_ZW Biblioteca Daniel Guillard,0.0,MR76,False,Laboral,Viernes,0.0,0.0,-0.7142857142857143,-0.19295047407815363,"1,6"
2024-05-11,URBANA,039_ZW Biblioteca Daniel Guillard,0.0,MR76,False,Fin de Semana,Sábado,0.0,0.0,-0.21428571428571427,-0.1900210229971789,"3,6"
2024-05-12,URBANA,039_ZW Biblioteca Daniel Guillard,0.0,MR76,False,Fin de Semana,Domingo,0.0,0.0,-0.9285714285714286,-0.183111594927526,"14,600000000000001"
2024-05-13,URBANA,039_ZW Biblioteca Daniel Guillard,0.0,MR76,True,Festivo,Lunes,0.0,0.0,0.21428571428571427,-0.1876678948800225,"6,9"
2024-05-14,URBANA,039_ZW Biblioteca Daniel Guillard,0.0,MR76,False,Laboral,Martes,0.0,0.0,-0.5357142857142857,-0.19393590107294656,"3,6"
2024-05-15,URBANA,039_ZW Biblioteca Daniel Guillard,0.0,MR76,False,Laboral,Miércoles,0.0,0.0,-0.75,-0.1928392027733385,"2,2"
2024-05-16,URBANA,039_ZW Biblioteca Daniel Guillard,0.0,MR76,False,Laboral,Jueves,0.0,0.0,-0.2857142857142857,-0.19284128261081165,"1,6"
2024-05-17,URBANA,039_ZW Biblioteca Daniel Guillard,0.0,MR76,False,Laboral,Viernes,0.0,0.0,-0.75,-0.18839105436944736,"3,4"
2024-05-18,URBANA,039_ZW Biblioteca Daniel Guillard,0.0,MR76,False,Fin de Semana,Sábado,0.0,0.0,-0.5357142857142857,-0.19040641688095924,"2,3"
2024-05-19,URBANA,039_ZW Biblioteca Daniel Guillard,0.0,MR76,False,Fin de Semana,Domingo,0.0,0.0,-0.8928571428571429,-0.19345046700670623,"0,9"
2024-05-20,URBANA,039_ZW Biblioteca Daniel Guillard,0.0,MR76,False,Laboral,Lunes,0.0,0.0,-0.7857142857142857,-0.19267260779173673,"2,0"
2024-05-21,URBANA,039_ZW Biblioteca Daniel Guillard,0.0,MR76,False,Laboral,Martes,0.0,0.0,-0.5714285714285714,-0.1944134317567888,"0,7"
2024-05-22,URBANA,039_ZW Biblioteca Daniel Guillard,0.0,MR76,False,Laboral,Miércoles,0.0,0.0,-1.5357142857142858,-0.19369360000732103,"3,6"
2024-05-23,URBANA,039_ZW Biblioteca Daniel Guillard,0.0,MR76,False,Laboral,Jueves,0.0,0.0,-0.9285714285714286,-0.19001353558227546,"5,1"
2024-05-24,URBANA,039_ZW Biblioteca Daniel Guillard,0.0,MR76,False,Laboral,Viernes,0.0,0.0,-0.35714285714285715,-0.1928776797665923,"2,8"
2024-05-25,URBANA,039_ZW Biblioteca Daniel Guillard,0.0,MR76,False,Fin de Semana,Sábado,0.0,0.0,0.14285714285714285,-0.19314036323945502,"1,6"
2024-05-26,URBANA,039_ZW Biblioteca Daniel Guillard,0.0,MR76,False,Fin de Semana,Domingo,0.0,0.0,-0.8571428571428571,-0.19214744882975865,"2,4"
2024-05-27,URBANA,039_ZW Biblioteca Daniel Guillard,0.0,MR76,False,Laboral,Lunes,0.0,0.0,-0.7857142857142857,-0.19253388263227558,"1,8"
2024-05-28,URBANA,039_ZW Biblioteca Daniel Guillard,0.0,MR76,False,Laboral,Martes,0.0,0.0,-0.8928571428571429,-0.19461538397543462,"0,7"
2024-05-29,URBANA,039_ZW Biblioteca Daniel Guillard,0.0,MR76,False,Laboral,Miércoles,0.0,0.0,-1.6785714285714286,-0.19416031553630272,"1,4"
2024-05-30,URBANA,039_ZW Biblioteca Daniel Guillard,0.0,MR76,False,Laboral,Jueves,0.0,0.0,-0.7142857142857143,-0.19354530759548325,"0,8"
2024-05-31,URBANA,039_ZW Biblioteca Daniel Guillard,0.0,MR76,False,Laboral,Viernes,0.0,0.0,-0.35714285714285715,-0.19434646099015238,"0,6"
2024-06-01,URBANA,039_ZW Biblioteca Daniel Guillard,0.0,MR76,False,Fin de Semana,Sábado,0.0,0.0,-0.25,-0.1912146417230372,"2,1"
2024-06-02,URBANA,039_ZW Biblioteca Daniel Guillard,0.0,MR76,False,Fin de Semana,Domingo,0.0,0.0,-0.8928571428571429,-0.19305696175678047,"1,2000000000000002"
2024-06-03,URBANA,039_ZW Biblioteca Daniel Guillard,0.0,MR76,True,Festivo,Lunes,0.0,0.0,-0.5,-0.19232257114500045,"2,2"
2024-06-04,URBANA,039_ZW Biblioteca Daniel Guillard,0.0,MR76,False,Laboral,Martes,0.0,0.0,-1.1071428571428572,-0.19323208407202228,"2,5"
2024-06-05,URBANA,039_ZW Biblioteca Daniel Guillard,0.0,MR76,False,Laboral,Miércoles,0.0,0.0,-1.6428571428571428,-0.19409584057463414,"2,5"
2024-06-06,URBANA,039_ZW Biblioteca Daniel Guillard,0.0,MR76,False,Laboral,Jueves,0.0,0.0,-0.8571428571428571,-0.19365221124160473,"1,5"
2024-06-07,URBANA,039_ZW Biblioteca Daniel Guillard,0.0,MR76,False,Laboral,Viernes,0.0,0.0,-0.6071428571428571,-0.19208027007937492,"3,5"
2024-06-08,URBANA,039_ZW Biblioteca Daniel Guillard,0.0,MR76,False,Fin de Semana,Sábado,0.0,0.0,-0.5,-0.1922838861679993,"5,1"
2024-06-09,URBANA,039_ZW Biblioteca Daniel Guillard,0.0,MR76,False,Fin de Semana,Domingo,0.0,0.0,-0.5357142857142857,-0.19075811739767407,"8,0"
2024-06-10,URBANA,039_ZW Biblioteca Daniel Guillard,0.0,MR76,True,Festivo,Lunes,0.0,0.0,-0.39285714285714285,-0.19110233049948544,"4,0"
2024-06-11,URBANA,039_ZW Biblioteca Daniel Guillard,0.0,MR76,False,Laboral,Martes,0.0,0.0,-0.6428571428571429,-0.1929361231995887,"2,0"
2024-06-12,URBANA,039_ZW Biblioteca Daniel Guillard,0.0,MR76,False,Laboral,Miércoles,0.0,0.0,-0.2857142857142857,-0.19329489516371232,"1,4"
2024-06-13,URBANA,039_ZW Biblioteca Daniel Guillard,0.0,MR76,False,Laboral,Jueves,0.0,0.0,-1.1785714285714286,-0.19289036677517873,"253057200,0"
2024-06-14,URBANA,039_ZW Biblioteca Daniel Guillard,0.0,MR76,False,Laboral,Viernes,0.0,0.0,-1.4285714285714286,-0.19389243246975707,"245858300,0"
2024-06-15,URBANA,039_ZW Biblioteca Daniel Guillard,0.0,MR76,False,Fin de Semana,Sábado,0.0,0.0,-0.39285714285714285,-0.19432524664792594,"109417600,0"
2024-06-16,URBANA,039_ZW Biblioteca Daniel Guillard,0.0,MR76,False,Fin de Semana,Domingo,0.0,0.0,-0.17857142857142858,-0.19323312399075887,"141199400,0"
2024-06-17,URBANA,039_ZW Biblioteca Daniel Guillard,0.0,MR76,False,Laboral,Lunes,0.0,0.0,-0.7857142857142857,-0.1929627451192454,"2,0"
2024-06-18,URBANA,039_ZW Biblioteca Daniel Guillard,0.0,MR76,False,Laboral,Martes,0.0,0.0,-1.0357142857142858,0.30390377174366084,"379,4"
2024-06-19,URBANA,039_ZW Biblioteca Daniel Guillard,0.0,MR76,False,Laboral,Miércoles,0.0,0.0,-1.5,-0.09128656250285978,"71,19999999999999"
2024-06-20,URBANA,039_ZW Biblioteca Daniel Guillard,0.0,MR76,False,Laboral,Jueves,0.0,0.0,-0.2857142857142857,-0.014416809412845243,"174,39999999999998"
2024-06-21,URBANA,039_ZW Biblioteca Daniel Guillard,0.0,MR76,False,Laboral,Viernes,0.0,0.0,-0.42857142857142855,-0.051340372057965905,"119,10000000000001"
2024-06-22,URBANA,039_ZW Biblioteca Daniel Guillard,0.0,MR76,False,Fin de Semana,Sábado,0.0,0.0,0.9285714285714286,-0.1923741511143353,"2,9"
2024-06-23,URBANA,039_ZW Biblioteca Daniel Guillard,0.0,MR76,False,Fin de Semana,Domingo,0.0,0.0,-2.607142857142857,-0.19538533980800604,"0,4"
2024-06-25,URBANA,039_ZW Biblioteca Daniel Guillard,0.0,MR76,False,Laboral,Martes,0.0,0.0,-0.7142857142857143,0.06980662503109357,"316,1"
2024-06-26,URBANA,039_ZW Biblioteca Daniel Guillard,0.0,MR76,False,Laboral,Miércoles,0.0,0.0,-0.07142857142857142,0.46804787286702265,"824,0"
2024-06-27,URBANA,039_ZW Biblioteca Daniel Guillard,0.0,MR76,False,Laboral,Jueves,0.0,0.0,-0.42857142857142855,1.2013449061036574,"1998,7"
2024-06-28,URBANA,039_ZW Biblioteca Daniel Guillard,0.0,MR76,False,Laboral,Viernes,0.0,0.0,-3.0357142857142856,-0.19474267002879328,"0,7"
2024-06-29,URBANA,039_ZW Biblioteca Daniel Guillard,0.0,MR76,False,Fin de Semana,Sábado,0.0,0.0,0.0,0.16848888160483588,"296,8"
2024-06-30,URBANA,039_ZW Biblioteca Daniel Guillard,0.0,MR76,False,Fin de Semana,Domingo,0.0,0.0,-1.0357142857142858,1.1380643950959097,"1377,3"
2024-07-01,URBANA,039_ZW Biblioteca Daniel Guillard,0.0,MR76,True,Festivo,Lunes,0.0,0.0,0.17857142857142858,1.2090698384465444,"938,26"
2024-07-02,URBANA,039_ZW Biblioteca Daniel Guillard,0.0,MR76,False,Laboral,Martes,0.0,0.0,-2.9285714285714284,-0.19539345117415144,"0,11"
2024-07-03,URBANA,039_ZW Biblioteca Daniel Guillard,0.0,MR76,False,Laboral,Miércoles,0.0,0.0,-0.9642857142857143,0.013521023413146403,"119,58"
2024-07-04,URBANA,039_ZW Biblioteca Daniel Guillard,0.0,MR76,False,Laboral,Jueves,0.0,0.0,-0.5357142857142857,0.44729608649461694,"389,53999999999996"
2024-07-05,URBANA,039_ZW Biblioteca Daniel Guillard,0.0,MR76,False,Laboral,Viernes,0.0,0.0,-0.5714285714285714,0.6036364294348583,"451,03"
2024-07-06,URBANA,039_ZW Biblioteca Daniel Guillard,0.0,MR76,False,Fin de Semana,Sábado,0.0,0.0,0.42857142857142855,1.392300192093789,"906,97"
2024-07-07,URBANA,039_ZW Biblioteca Daniel Guillard,0.0,MR76,False,Fin de Semana,Domingo,0.0,0.0,1.25,0.3807460709790294,"314,1"
2024-07-08,URBANA,039_ZW Biblioteca Daniel Guillard,0.0,MR76,False,Laboral,Lunes,0.0,0.0,-0.6071428571428571,-0.19138144468838628,"3,65"
2024-07-09,URBANA,039_ZW Biblioteca Daniel Guillard,0.0,MR76,False,Laboral,Martes,0.0,0.0,-0.39285714285714285,-0.19179616428053847,"3,1500000000000004"
2024-07-10,URBANA,039_ZW Biblioteca Daniel Guillard,0.0,MR76,False,Laboral,Miércoles,0.0,0.0,0.32142857142857145,-0.1934292526644798,"1,5"
2024-07-11,URBANA,039_ZW Biblioteca Daniel Guillard,0.0,MR76,False,Laboral,Jueves,0.0,0.0,0.35714285714285715,-0.18921467000882683,"4,16"
2024-07-12,URBANA,039_ZW Biblioteca Daniel Guillard,0.0,MR76,False,Laboral,Viernes,0.0,0.0,-0.10714285714285714,-0.19358420055623174,"1,5299999999999998"
2024-07-13,URBANA,039_ZW Biblioteca Daniel Guillard,0.0,MR76,False,Fin de Semana,Sábado,0.0,0.0,-0.03571428571428571,-0.10808000219630837,"59,73"
2024-07-14,URBANA,039_ZW Biblioteca Daniel Guillard,0.0,MR76,False,Fin de Semana,Domingo,0.0,0.0,0.03571428571428571,0.14278541817628204,"255,84999999999997"
2024-07-15,URBANA,039_ZW Biblioteca Daniel Guillard,0.0,MR76,False,Laboral,Lunes,0.0,0.0,-0.6785714285714286,0.11890243648800308,"270,51"
2024-07-16,URBANA,039_ZW Biblioteca Daniel Guillard,0.0,MR76,False,Laboral,Martes,0.0,0.0,0.03571428571428571,0.412595038173337,"465,51"
2024-07-17,URBANA,039_ZW Biblioteca Daniel Guillard,0.0,MR76,False,Laboral,Miércoles,0.0,0.0,0.7857142857142857,-0.1842053814546716,"12,100000000000001"
2024-07-18,URBANA,039_ZW Biblioteca Daniel Guillard,0.0,MR76,False,Laboral,Jueves,0.0,0.0,-0.25,-0.19346294603154532,"1,72"
2024-07-19,URBANA,039_ZW Biblioteca Daniel Guillard,0.0,MR76,False,Laboral,Viernes,0.0,0.0,-0.2857142857142857,-0.19217344679817341,"2,29"
2024-07-20,URBANA,039_ZW Biblioteca Daniel Guillard,0.0,MR76,True,Festivo,Sábado,0.0,0.0,1.3571428571428572,-0.19221545951513164,"2,09"
2024-07-21,URBANA,039_ZW Biblioteca Daniel Guillard,0.0,MR76,False,Fin de Semana,Domingo,0.0,0.0,0.2857142857142857,-0.19298291954273525,"1,92"
2024-07-22,URBANA,039_ZW Biblioteca Daniel Guillard,0.0,MR76,False,Laboral,Lunes,0.0,0.0,-0.17857142857142858,-0.19367654534004095,"1,32"
2024-07-23,URBANA,039_ZW Biblioteca Daniel Guillard,0.0,MR76,False,Laboral,Martes,0.0,0.0,0.17857142857142858,-0.19226662351697188,"2,31"
2024-07-24,URBANA,039_ZW Biblioteca Daniel Guillard,0.0,MR76,False,Laboral,Miércoles,0.0,0.0,0.39285714285714285,-0.1926838389140919,"2,21"
2024-07-25,URBANA,039_ZW Biblioteca Daniel Guillard,0.0,MR76,False,Laboral,Jueves,0.0,0.0,0.6428571428571429,-0.1902468933467663,"4,07"
2024-07-26,URBANA,039_ZW Biblioteca Daniel Guillard,0.0,MR76,False,Laboral,Viernes,0.0,0.0,1.3571428571428572,-0.19224291336977764,"2,12"
2024-07-27,URBANA,039_ZW Biblioteca Daniel Guillard,0.0,MR76,False,Fin de Semana,Sábado,0.0,0.0,-0.39285714285714285,-0.19405299592268663,"1,27"
2024-07-28,URBANA,039_ZW Biblioteca Daniel Guillard,0.0,MR76,False,Fin de Semana,Domingo,0.0,0.0,0.17857142857142858,-0.14604244365928268,"50,41"
2024-07-29,URBANA,039_ZW Biblioteca Daniel Guillard,0.0,MR76,False,Laboral,Lunes,0.0,0.0,0.10714285714285714,0.0471863126727825,"187,18"
2024-07-30,URBANA,039_ZW Biblioteca Daniel Guillard,0.0,MR76,False,Laboral,Martes,0.0,0.0,0.42857142857142855,0.42102711525710534,"433,26"
2024-07-31,URBANA,039_ZW Biblioteca Daniel Guillard,0.0,MR76,False,Laboral,Miércoles,0.0,0.0,0.8214285714285714,0.32265621035309816,"413,88"
2024-08-01,URBANA,039_ZW Biblioteca Daniel Guillard,0.0,MR76,False,Laboral,Jueves,0.0,0.0,0.8214285714285714,0.5666687742353061,"546,9100000000001"
2024-08-02,URBANA,039_ZW Biblioteca Daniel Guillard,0.0,MR76,False,Laboral,Viernes,0.0,0.0,1.6071428571428572,0.4664946502420515,"529,59"
2024-08-03,URBANA,039_ZW Biblioteca Daniel Guillard,0.0,MR76,False,Fin de Semana,Sábado,0.0,0.0,0.7142857142857143,0.2341757645690535,"421,02000000000004"
2024-08-04,URBANA,039_ZW Biblioteca Daniel Guillard,0.0,MR76,False,Fin de Semana,Domingo,0.0,0.0,1.0357142857142858,0.22677570283947732,"323,78"
2024-08-05,URBANA,039_ZW Biblioteca Daniel Guillard,0.0,MR76,False,Laboral,Lunes,0.0,0.0,0.07142857142857142,0.1187011082205992,"218,34999999999997"
2024-08-06,URBANA,039_ZW Biblioteca Daniel Guillard,0.0,MR76,False,Laboral,Martes,0.0,0.0,-0.6428571428571429,0.02916888862636718,"104,03999999999999"
2024-08-07,URBANA,039_ZW Biblioteca Daniel Guillard,0.0,MR76,True,Festivo,Miércoles,0.0,0.0,0.6785714285714286,0.7296078175267072,"529,15"
2024-08-08,URBANA,039_ZW Biblioteca Daniel Guillard,0.0,MR76,False,Laboral,Jueves,0.0,0.0,0.32142857142857145,0.4582537102220684,"394,40999999999997"
2024-08-09,URBANA,039_ZW Biblioteca Daniel Guillard,0.0,MR76,False,Laboral,Viernes,0.0,0.0,0.9285714285714286,1.1096569349684737,"1158,1999999999998"
2024-08-10,URBANA,039_ZW Biblioteca Daniel Guillard,0.0,MR76,False,Fin de Semana,Sábado,0.0,0.0,0.9285714285714286,0.1698235133113758,"332,56"
2024-08-11,URBANA,039_ZW Biblioteca Daniel Guillard,0.0,MR76,False,Fin de Semana,Domingo,0.0,0.0,0.42857142857142855,-0.1927391625908785,"2,38"
2024-08-12,URBANA,039_ZW Biblioteca Daniel Guillard,0.0,MR76,False,Laboral,Lunes,0.0,0.0,0.5,-0.19318923942007477,"2,48"
2024-08-13,URBANA,039_ZW Biblioteca Daniel Guillard,0.0,MR76,False,Laboral,Martes,0.0,0.0,0.8214285714285714,-0.19322979625080178,"1,28"
2024-08-14,URBANA,039_ZW Biblioteca Daniel Guillard,0.0,MR76,False,Laboral,Miércoles,0.0,0.0,0.75,-0.19276744838051374,"1,7999999999999998"
2024-08-15,URBANA,039_ZW Biblioteca Daniel Guillard,0.0,MR76,False,Laboral,Jueves,0.0,0.0,0.75,-0.19286769654672106,"1,96"
2024-08-16,URBANA,039_ZW Biblioteca Daniel Guillard,0.0,MR76,False,Laboral,Viernes,0.0,0.0,1.9642857142857142,-0.19165431936486754,"2,58"
2024-08-17,URBANA,039_ZW Biblioteca Daniel Guillard,0.0,MR76,False,Fin de Semana,Sábado,0.0,0.0,0.5714285714285714,-0.1931285081658579,"1,7200000000000002"
2024-08-18,URBANA,039_ZW Biblioteca Daniel Guillard,0.0,MR76,False,Fin de Semana,Domingo,0.0,0.0,1.9285714285714286,0.12159790585324501,"230,78"
2024-08-19,URBANA,039_ZW Biblioteca Daniel Guillard,0.0,MR76,True,Festivo,Lunes,0.0,0.0,0.32142857142857145,0.5223187359246999,"473,83"
2024-08-20,URBANA,039_ZW Biblioteca Daniel Guillard,0.0,MR76,False,Laboral,Martes,0.0,0.0,0.5714285714285714,0.12874360345985122,"386,09000000000003"
2024-08-21,URBANA,039_ZW Biblioteca Daniel Guillard,0.0,MR76,False,Laboral,Miércoles,0.0,0.0,0.0,-0.019562535305241106,"246,5"
2024-08-22,URBANA,039_ZW Biblioteca Daniel Guillard,0.0,MR76,False,Laboral,Jueves,0.0,0.0,0.35714285714285715,-0.19277763958413233,"3,5999999999999996"
2024-08-23,URBANA,039_ZW Biblioteca Daniel Guillard,0.0,MR76,False,Laboral,Viernes,0.0,0.0,0.6785714285714286,0.57822955082998,"1515,91"
2024-08-24,URBANA,039_ZW Biblioteca Daniel Guillard,0.0,MR76,False,Fin de Semana,Sábado,0.0,0.0,1.2142857142857142,0.8788278368775151,"3501,09"
2024-08-25,URBANA,039_ZW Biblioteca Daniel Guillard,0.0,MR76,False,Fin de Semana,Domingo,0.0,0.0,1.1071428571428572,0.5168547948989074,"3277,44"
2024-08-26,URBANA,039_ZW Biblioteca Daniel Guillard,0.0,MR76,False,Laboral,Lunes,0.0,0.0,-0.03571428571428571,0.29122716234462576,"3127,67"
2024-08-27,URBANA,039_ZW Biblioteca Daniel Guillard,0.0,MR76,False,Laboral,Martes,0.0,0.0,0.7857142857142857,0.621253276783939,"4215,48"
2024-08-28,URBANA,039_ZW Biblioteca Daniel Guillard,0.0,MR76,False,Laboral,Miércoles,0.0,0.0,-1.5357142857142858,0.04651972476262815,"2065,36"
2024-12-06,URBANA,039_ZW Biblioteca Daniel Guillard,0.0,MR76,False,Laboral,Viernes,0.0,0.0,-0.9285714285714286,0.0,"41,82"
2024-12-07,URBANA,039_ZW Biblioteca Daniel Guillard,0.0,MR76,False,Fin de Semana,Sábado,0.0,0.0,-0.5357142857142857,0.5140218482766883,"166,31"
2024-12-08,URBANA,039_ZW Biblioteca Daniel Guillard,0.0,MR76,True,Festivo,Domingo,0.0,0.0,-1.5714285714285714,0.1606410308672839,"64,5"
2024-12-09,URBANA,039_ZW Biblioteca Daniel Guillard,0.0,MR76,False,Laboral,Lunes,0.0,0.0,0.5,0.8079197299206251,"178,89000000000001"
2024-12-10,URBANA,039_ZW Biblioteca Daniel Guillard,0.0,MR76,False,Laboral,Martes,0.0,0.0,-0.17857142857142858,0.7297650532396797,"146,91"
2024-12-11,URBANA,039_ZW Biblioteca Daniel Guillard,0.0,MR76,False,Laboral,Miércoles,0.0,0.0,-0.2857142857142857,0.5812307563037794,"123,87"
2024-12-12,URBANA,039_ZW Biblioteca Daniel Guillard,0.0,MR76,False,Laboral,Jueves,0.0,0.0,-0.32142857142857145,1.8560771187096357,"287,47"
2024-12-13,URBANA,039_ZW Biblioteca Daniel Guillard,0.0,MR76,False,Laboral,Viernes,0.0,0.0,-0.25,1.8609703523327874,"291,46"
2024-12-14,URBANA,039_ZW Biblioteca Daniel Guillard,0.0,MR76,False,Fin de Semana,Sábado,0.0,0.0,1.1071428571428572,0.7623072302637983,"151,62"
