FECHA.CONEXION,AREA,NOMBRE.ZONA,COMUNA,MODEL,es_festivo,tipo_dia,dia_semana,LATITUD,LONGITUD,NUMERO.CONEXIONES,USAGE.KB,PORCENTAJE.USO
2024-01-01,URBANA,012_ZW Polideportivo Los Naranjos,0.0,MR76,True,Festivo,Lunes,0.0,-7.648.069,-0.896551724137931,-0.2522880877585458,"0,2"
2024-01-02,URBANA,012_ZW Polideportivo Los Naranjos,0.0,MR76,False,Laboral,Martes,0.0,-7.648.069,-0.6206896551724138,-0.25195226603098747,"0,3"
2024-01-03,URBANA,012_ZW Polideportivo Los Naranjos,0.0,MR76,False,Laboral,Miércoles,0.0,-7.648.069,-0.9655172413793104,-0.25243423737437914,"0,1"
2024-01-04,URBANA,012_ZW Polideportivo Los Naranjos,0.0,MR76,False,Laboral,Jueves,0.0,-7.648.069,-0.8275862068965517,-0.24919208008784022,"0,7"
2024-01-05,URBANA,012_ZW Polideportivo Los Naranjos,0.0,MR76,False,Laboral,Viernes,0.0,-7.648.069,-0.896551724137931,-0.24764407625248744,"1,0"
2024-01-06,URBANA,012_ZW Polideportivo Los Naranjos,0.0,MR76,False,Fin de Semana,Sábado,0.0,-7.648.069,-1.5172413793103448,-0.2531859407293457,"0,0"
2024-01-07,URBANA,012_ZW Polideportivo Los Naranjos,0.0,MR76,False,Fin de Semana,Domingo,0.0,-7.648.069,-1.103448275862069,-0.17251887519601913,"15,0"
2024-01-08,URBANA,012_ZW Polideportivo Los Naranjos,0.0,MR76,True,Festivo,Lunes,0.0,-7.648.069,-0.8275862068965517,1.358725575349933,"190,3"
2024-01-09,URBANA,012_ZW Polideportivo Los Naranjos,0.0,MR76,False,Laboral,Martes,0.0,-7.648.069,-0.8275862068965517,0.8044692767447752,"151,9"
2024-01-10,URBANA,012_ZW Polideportivo Los Naranjos,0.0,MR76,False,Laboral,Miércoles,0.0,-7.648.069,-0.8275862068965517,1.8440863002735202,"323,6"
2024-01-11,URBANA,012_ZW Polideportivo Los Naranjos,0.0,MR76,False,Laboral,Jueves,0.0,-7.648.069,-0.6206896551724138,3.2302896153444203,"602,6"
2024-01-12,URBANA,012_ZW Polideportivo Los Naranjos,0.0,MR76,False,Laboral,Viernes,0.0,-7.648.069,0.0,0.3194287914205877,"91,8"
2024-01-13,URBANA,012_ZW Polideportivo Los Naranjos,0.0,MR76,False,Fin de Semana,Sábado,0.0,-7.648.069,-0.6206896551724138,0.7067403181924301,"198,5"
2024-01-14,URBANA,012_ZW Polideportivo Los Naranjos,0.0,MR76,False,Fin de Semana,Domingo,0.0,-7.648.069,-0.06896551724137931,-0.23727121473166635,"3,8"
2024-01-15,URBANA,012_ZW Polideportivo Los Naranjos,0.0,MR76,False,Laboral,Lunes,0.0,-7.648.069,-0.4827586206896552,-0.25179375817558,"0,4"
2024-01-16,URBANA,012_ZW Polideportivo Los Naranjos,0.0,MR76,False,Laboral,Martes,0.0,-7.648.069,0.20689655172413793,-0.24579356420495013,"1,7"
2024-01-17,URBANA,012_ZW Polideportivo Los Naranjos,0.0,MR76,False,Laboral,Miércoles,0.0,-7.648.069,0.06896551724137931,-0.24705894047438984,"1,2"
2024-01-18,URBANA,012_ZW Polideportivo Los Naranjos,0.0,MR76,False,Laboral,Jueves,0.0,-7.648.069,0.06896551724137931,-0.044532647648052384,"32,4"
2024-01-19,URBANA,012_ZW Polideportivo Los Naranjos,0.0,MR76,False,Laboral,Viernes,0.0,-7.648.069,-0.5517241379310345,0.8920042995927423,"138,9"
2024-01-20,URBANA,012_ZW Polideportivo Los Naranjos,0.0,MR76,False,Fin de Semana,Sábado,0.0,-7.648.069,-0.4827586206896552,0.9006410971107779,"165,9"
2024-01-21,URBANA,012_ZW Polideportivo Los Naranjos,0.0,MR76,False,Fin de Semana,Domingo,0.0,-7.648.069,0.3448275862068966,2.974175309150766,"463,9"
2024-01-22,URBANA,012_ZW Polideportivo Los Naranjos,0.0,MR76,False,Laboral,Lunes,0.0,-7.648.069,-0.13793103448275862,1.8789531926302983,"378,5"
2024-01-23,URBANA,012_ZW Polideportivo Los Naranjos,0.0,MR76,False,Laboral,Martes,0.0,-7.648.069,-0.20689655172413793,1.227254861556821,"255,2"
2024-01-24,URBANA,012_ZW Polideportivo Los Naranjos,0.0,MR76,False,Laboral,Miércoles,0.0,-7.648.069,-0.3448275862068966,1.966561827600946,"330,3"
2024-01-25,URBANA,012_ZW Polideportivo Los Naranjos,0.0,MR76,False,Laboral,Jueves,0.0,-7.648.069,0.5517241379310345,0.604910036045761,"106,9"
2024-01-26,URBANA,012_ZW Polideportivo Los Naranjos,0.0,MR76,False,Laboral,Viernes,0.0,-7.648.069,-0.3448275862068966,-0.2511597267539499,"0,3"
2024-01-27,URBANA,012_ZW Polideportivo Los Naranjos,0.0,MR76,False,Fin de Semana,Sábado,0.0,-7.648.069,0.7586206896551724,-0.2482383463815746,"0,8"
2024-01-28,URBANA,012_ZW Polideportivo Los Naranjos,0.0,MR76,False,Fin de Semana,Domingo,0.0,-7.648.069,0.41379310344827586,-0.24440030702165622,"1,6"
2024-01-29,URBANA,012_ZW Polideportivo Los Naranjos,0.0,MR76,False,Laboral,Lunes,0.0,-7.648.069,-0.4827586206896552,-0.25054181477524257,"0,5"
2024-01-30,URBANA,012_ZW Polideportivo Los Naranjos,0.0,MR76,False,Laboral,Martes,0.0,-7.648.069,0.41379310344827586,-0.24758389699890898,"1,2"
2024-01-31,URBANA,012_ZW Polideportivo Los Naranjos,0.0,MR76,False,Laboral,Miércoles,0.0,-7.648.069,-0.41379310344827586,-0.25114736851437575,"0,4"
2024-02-01,URBANA,012_ZW Polideportivo Los Naranjos,0.0,MR76,False,Laboral,Jueves,0.0,-7.648.069,-0.13793103448275862,-0.2458107582774011,"1,0"
2024-02-02,URBANA,012_ZW Polideportivo Los Naranjos,0.0,MR76,False,Laboral,Viernes,0.0,-7.648.069,-1.1724137931034482,0.3374771943464815,"115,1"
2024-02-03,URBANA,012_ZW Polideportivo Los Naranjos,0.0,MR76,False,Fin de Semana,Sábado,0.0,-7.648.069,-0.3448275862068966,0.4621653838724436,"75,1"
2024-02-04,URBANA,012_ZW Polideportivo Los Naranjos,0.0,MR76,False,Fin de Semana,Domingo,0.0,-7.648.069,-0.6896551724137931,-0.06198946701867948,"22,3"
2024-02-05,URBANA,012_ZW Polideportivo Los Naranjos,0.0,MR76,False,Laboral,Lunes,0.0,-7.648.069,-1.2413793103448276,-0.17357577333699065,"9,9"
2024-02-06,URBANA,012_ZW Polideportivo Los Naranjos,0.0,MR76,False,Laboral,Martes,0.0,-7.648.069,-0.5517241379310345,0.4908923804199276,"92,7"
2024-02-07,URBANA,012_ZW Polideportivo Los Naranjos,0.0,MR76,False,Laboral,Miércoles,0.0,-7.648.069,-0.9655172413793104,-0.12956754489869332,"14,0"
2024-02-08,URBANA,012_ZW Polideportivo Los Naranjos,0.0,MR76,False,Laboral,Jueves,0.0,-7.648.069,0.41379310344827586,0.7207470394628142,"133,4"
2024-02-09,URBANA,012_ZW Polideportivo Los Naranjos,0.0,MR76,False,Laboral,Viernes,0.0,-7.648.069,0.5517241379310345,1.3185946102493329,"243,1"
2024-02-10,URBANA,012_ZW Polideportivo Los Naranjos,0.0,MR76,False,Fin de Semana,Sábado,0.0,-7.648.069,-0.13793103448275862,3.4617572933091147,"432,9"
2024-02-11,URBANA,012_ZW Polideportivo Los Naranjos,0.0,MR76,False,Fin de Semana,Domingo,0.0,-7.648.069,0.4827586206896552,3.0221516071218923,"453,7"
2024-02-12,URBANA,012_ZW Polideportivo Los Naranjos,0.0,MR76,False,Laboral,Lunes,0.0,-7.648.069,-0.5517241379310345,0.9155537310734233,"210,1"
2024-02-13,URBANA,012_ZW Polideportivo Los Naranjos,0.0,MR76,False,Laboral,Martes,0.0,-7.648.069,0.5517241379310345,1.5793636742443273,"393,8"
2024-02-14,URBANA,012_ZW Polideportivo Los Naranjos,0.0,MR76,False,Laboral,Miércoles,0.0,-7.648.069,-0.896551724137931,0.43453558407323817,"169,5"
2024-02-15,URBANA,012_ZW Polideportivo Los Naranjos,0.0,MR76,False,Laboral,Jueves,0.0,-7.648.069,0.13793103448275862,0.1222520043855631,"59,9"
2024-02-16,URBANA,012_ZW Polideportivo Los Naranjos,0.0,MR76,False,Laboral,Viernes,0.0,-7.648.069,0.0,0.5248544347139725,"137,4"
2024-02-17,URBANA,012_ZW Polideportivo Los Naranjos,0.0,MR76,False,Fin de Semana,Sábado,0.0,-7.648.069,0.0,0.05183582992160846,"53,7"
2024-02-18,URBANA,012_ZW Polideportivo Los Naranjos,0.0,MR76,False,Fin de Semana,Domingo,0.0,-7.648.069,0.3448275862068966,-0.25003082843458985,"0,5"
2024-02-19,URBANA,012_ZW Polideportivo Los Naranjos,0.0,MR76,False,Laboral,Lunes,0.0,-7.648.069,-0.896551724137931,-0.25207531111196485,"0,2"
2024-02-20,URBANA,012_ZW Polideportivo Los Naranjos,0.0,MR76,False,Laboral,Martes,0.0,-7.648.069,0.13793103448275862,-0.2508534573384167,"0,4"
2024-02-21,URBANA,012_ZW Polideportivo Los Naranjos,0.0,MR76,False,Laboral,Miércoles,0.0,-7.648.069,0.5517241379310345,-0.24709870176693274,"1,0"
2024-02-22,URBANA,012_ZW Polideportivo Los Naranjos,0.0,MR76,False,Laboral,Jueves,0.0,-7.648.069,0.41379310344827586,-0.24992873862941212,"0,4"
2024-02-23,URBANA,012_ZW Polideportivo Los Naranjos,0.0,MR76,False,Laboral,Viernes,0.0,-7.648.069,0.9655172413793104,-0.2507567406808799,"0,3"
2024-02-24,URBANA,012_ZW Polideportivo Los Naranjos,0.0,MR76,False,Fin de Semana,Sábado,0.0,-7.648.069,-0.3448275862068966,-0.24858007857153797,"0,7"
2024-02-25,URBANA,012_ZW Polideportivo Los Naranjos,0.0,MR76,False,Fin de Semana,Domingo,0.0,-7.648.069,0.41379310344827586,-0.2499142311307816,"0,4"
2024-02-26,URBANA,012_ZW Polideportivo Los Naranjos,0.0,MR76,False,Laboral,Lunes,0.0,-7.648.069,-0.20689655172413793,-0.24835010785250602,"0,8"
2024-02-27,URBANA,012_ZW Polideportivo Los Naranjos,0.0,MR76,False,Laboral,Martes,0.0,-7.648.069,0.4827586206896552,1.8688124510875654,"339,9"
2024-02-28,URBANA,012_ZW Polideportivo Los Naranjos,0.0,MR76,False,Laboral,Miércoles,0.0,-7.648.069,-0.13793103448275862,0.46568264631819833,"78,0"
2024-02-29,URBANA,012_ZW Polideportivo Los Naranjos,0.0,MR76,False,Laboral,Jueves,0.0,-7.648.069,0.20689655172413793,0.8762196037679735,"265,5"
2024-03-01,URBANA,012_ZW Polideportivo Los Naranjos,0.0,MR76,False,Laboral,Viernes,0.0,-7.648.069,0.7586206896551724,-0.15513727989236512,"15,2"
2024-03-02,URBANA,012_ZW Polideportivo Los Naranjos,0.0,MR76,False,Fin de Semana,Sábado,0.0,-7.648.069,-0.3448275862068966,0.07754258018012403,"59,8"
2024-03-03,URBANA,012_ZW Polideportivo Los Naranjos,0.0,MR76,False,Fin de Semana,Domingo,0.0,-7.648.069,-0.06896551724137931,0.22112974190353965,"63,4"
2024-03-04,URBANA,012_ZW Polideportivo Los Naranjos,0.0,MR76,False,Laboral,Lunes,0.0,-7.648.069,-0.4827586206896552,0.8444137936222349,"143,7"
2024-03-05,URBANA,012_ZW Polideportivo Los Naranjos,0.0,MR76,False,Laboral,Martes,0.0,-7.648.069,1.0344827586206897,0.3692110043138316,"84,1"
2024-03-06,URBANA,012_ZW Polideportivo Los Naranjos,0.0,MR76,False,Laboral,Miércoles,0.0,-7.648.069,-1.0344827586206897,0.030022999758477012,"43,6"
2024-03-07,URBANA,012_ZW Polideportivo Los Naranjos,0.0,MR76,False,Laboral,Jueves,0.0,-7.648.069,0.13793103448275862,1.280550038377707,"267,2"
2024-03-08,URBANA,012_ZW Polideportivo Los Naranjos,0.0,MR76,False,Laboral,Viernes,0.0,-7.648.069,0.0,1.437460994306344,"294,2"
2024-03-09,URBANA,012_ZW Polideportivo Los Naranjos,0.0,MR76,False,Fin de Semana,Sábado,0.0,-7.648.069,-0.06896551724137931,0.33791456856445345,"111,3"
2024-03-10,URBANA,012_ZW Polideportivo Los Naranjos,0.0,MR76,False,Fin de Semana,Domingo,0.0,-7.648.069,1.3793103448275863,-0.24341111054096046,"1,9"
2024-03-11,URBANA,012_ZW Polideportivo Los Naranjos,0.0,MR76,False,Laboral,Lunes,0.0,-7.648.069,-0.41379310344827586,-0.2383641129618321,"3,0"
2024-03-12,URBANA,012_ZW Polideportivo Los Naranjos,0.0,MR76,False,Laboral,Martes,0.0,-7.648.069,0.8275862068965517,-0.2114661358713217,"8,8"
2024-03-13,URBANA,012_ZW Polideportivo Los Naranjos,0.0,MR76,False,Laboral,Miércoles,0.0,-7.648.069,-0.6206896551724138,-0.25019470943763833,"0,8"
2024-03-14,URBANA,012_ZW Polideportivo Los Naranjos,0.0,MR76,False,Laboral,Jueves,0.0,-7.648.069,0.5517241379310345,-0.24836139146255198,"1,0"
2024-03-15,URBANA,012_ZW Polideportivo Los Naranjos,0.0,MR76,False,Laboral,Viernes,0.0,-7.648.069,0.4827586206896552,-0.2505950089368878,"0,4"
2024-03-16,URBANA,012_ZW Polideportivo Los Naranjos,0.0,MR76,False,Fin de Semana,Sábado,0.0,-7.648.069,0.41379310344827586,-0.25068850170584006,"0,4"
2024-03-17,URBANA,012_ZW Polideportivo Los Naranjos,0.0,MR76,False,Fin de Semana,Domingo,0.0,-7.648.069,0.0,-0.2489938109398898,"0,6"
2024-03-18,URBANA,012_ZW Polideportivo Los Naranjos,0.0,MR76,False,Laboral,Lunes,0.0,-7.648.069,-0.41379310344827586,-0.25204952000328834,"0,2"
2024-03-19,URBANA,012_ZW Polideportivo Los Naranjos,0.0,MR76,False,Laboral,Martes,0.0,-7.648.069,-0.20689655172413793,-0.24944622997125634,"1,0"
2024-03-20,URBANA,012_ZW Polideportivo Los Naranjos,0.0,MR76,False,Laboral,Miércoles,0.0,-7.648.069,-0.896551724137931,-0.2501549481450954,"0,9"
2024-03-21,URBANA,012_ZW Polideportivo Los Naranjos,0.0,MR76,False,Laboral,Jueves,0.0,-7.648.069,-0.41379310344827586,1.4031179838445569,"353,1"
2024-03-22,URBANA,012_ZW Polideportivo Los Naranjos,0.0,MR76,False,Laboral,Viernes,0.0,-7.648.069,0.6206896551724138,0.8487031773839917,"210,3"
2024-03-23,URBANA,012_ZW Polideportivo Los Naranjos,0.0,MR76,False,Fin de Semana,Sábado,0.0,-7.648.069,-0.6896551724137931,-0.19481206475825,"14,0"
2024-03-24,URBANA,012_ZW Polideportivo Los Naranjos,0.0,MR76,True,Festivo,Domingo,0.0,-7.648.069,0.8275862068965517,-0.23676452690912636,"3,4"
2024-03-25,URBANA,012_ZW Polideportivo Los Naranjos,0.0,MR76,True,Festivo,Lunes,0.0,-7.648.069,-0.3448275862068966,-0.24331385656865956,"2,7"
2024-03-26,URBANA,012_ZW Polideportivo Los Naranjos,0.0,MR76,False,Laboral,Martes,0.0,-7.648.069,0.06896551724137931,-0.24581774336933432,"1,8"
2024-03-27,URBANA,012_ZW Polideportivo Los Naranjos,0.0,MR76,False,Laboral,Miércoles,0.0,-7.648.069,-1.1724137931034482,-0.2524777598702707,"0,2"
2024-03-28,URBANA,012_ZW Polideportivo Los Naranjos,0.0,MR76,True,Festivo,Jueves,0.0,-7.648.069,-0.9655172413793104,-0.2525035509789472,"0,3"
2024-03-29,URBANA,012_ZW Polideportivo Los Naranjos,0.0,MR76,True,Festivo,Viernes,0.0,-7.648.069,-1.3103448275862069,-0.25254116301243373,"0,2"
2024-03-30,URBANA,012_ZW Polideportivo Los Naranjos,0.0,MR76,False,Fin de Semana,Sábado,0.0,-7.648.069,-0.8275862068965517,-0.24744365784548064,"1,8"
2024-03-31,URBANA,012_ZW Polideportivo Los Naranjos,0.0,MR76,True,Festivo,Domingo,0.0,-7.648.069,-1.103448275862069,-0.2344696555516839,"4,6"
2024-04-01,URBANA,012_ZW Polideportivo Los Naranjos,0.0,MR76,False,Laboral,Lunes,0.0,-7.648.069,-0.8275862068965517,0.367560373358537,"110,2"
2024-04-02,URBANA,012_ZW Polideportivo Los Naranjos,0.0,MR76,False,Laboral,Martes,0.0,-7.648.069,-0.7586206896551724,0.20449662606626756,"121,1"
2024-04-03,URBANA,012_ZW Polideportivo Los Naranjos,0.0,MR76,False,Laboral,Miércoles,0.0,-7.648.069,-1.0344827586206897,0.4430509484545887,"143,9"
2024-04-04,URBANA,012_ZW Polideportivo Los Naranjos,0.0,MR76,False,Laboral,Jueves,0.0,-7.648.069,-0.4827586206896552,0.06051668725029975,"50,8"
2024-04-05,URBANA,012_ZW Polideportivo Los Naranjos,0.0,MR76,False,Laboral,Viernes,0.0,-7.648.069,1.3793103448275863,1.2079733212473331,"242,0"
2024-04-06,URBANA,012_ZW Polideportivo Los Naranjos,0.0,MR76,False,Fin de Semana,Sábado,0.0,-7.648.069,0.06896551724137931,0.7328548903568926,"152,5"
2024-04-07,URBANA,012_ZW Polideportivo Los Naranjos,0.0,MR76,False,Fin de Semana,Domingo,0.0,-7.648.069,1.3793103448275863,-0.2475677775559862,"0,9"
2024-04-08,URBANA,012_ZW Polideportivo Los Naranjos,0.0,MR76,False,Laboral,Lunes,0.0,-7.648.069,-0.41379310344827586,-0.25156754865989667,"0,5"
2024-04-09,URBANA,012_ZW Polideportivo Los Naranjos,0.0,MR76,False,Laboral,Martes,0.0,-7.648.069,0.27586206896551724,-0.24846294395296561,"1,2"
2024-04-10,URBANA,012_ZW Polideportivo Los Naranjos,0.0,MR76,False,Laboral,Miércoles,0.0,-7.648.069,0.27586206896551724,-0.222439177983635,"13,5"
2024-04-11,URBANA,012_ZW Polideportivo Los Naranjos,0.0,MR76,False,Laboral,Jueves,0.0,-7.648.069,0.13793103448275862,-0.250803487065356,"1,1"
2024-04-12,URBANA,012_ZW Polideportivo Los Naranjos,0.0,MR76,False,Laboral,Viernes,0.0,-7.648.069,0.06896551724137931,-0.25209089324012357,"0,4"
2024-04-13,URBANA,012_ZW Polideportivo Los Naranjos,0.0,MR76,False,Fin de Semana,Sábado,0.0,-7.648.069,-0.6896551724137931,-0.25087978576185727,"0,5"
2024-04-14,URBANA,012_ZW Polideportivo Los Naranjos,0.0,MR76,False,Fin de Semana,Domingo,0.0,-7.648.069,1.1724137931034482,-0.2426529594088248,"2,9"
2024-04-15,URBANA,012_ZW Polideportivo Los Naranjos,0.0,MR76,False,Laboral,Lunes,0.0,-7.648.069,-1.103448275862069,-0.2524777598702707,"0,4"
2024-04-16,URBANA,012_ZW Polideportivo Los Naranjos,0.0,MR76,False,Laboral,Martes,0.0,-7.648.069,0.0,-0.2485354814461182,"2,1"
2024-04-17,URBANA,012_ZW Polideportivo Los Naranjos,0.0,MR76,False,Laboral,Miércoles,0.0,-7.648.069,-0.3448275862068966,-0.2502661723012627,"1,6"
2024-04-18,URBANA,012_ZW Polideportivo Los Naranjos,0.0,MR76,False,Laboral,Jueves,0.0,-7.648.069,-0.13793103448275862,1.238415963836567,"953,1"
2024-04-19,URBANA,012_ZW Polideportivo Los Naranjos,0.0,MR76,False,Laboral,Viernes,0.0,-7.648.069,-1.103448275862069,0.7086182332929363,"441,4"
2024-04-20,URBANA,012_ZW Polideportivo Los Naranjos,0.0,MR76,False,Fin de Semana,Sábado,0.0,-7.648.069,0.0,1.7484125706938318,"476,7"
2024-04-21,URBANA,012_ZW Polideportivo Los Naranjos,0.0,MR76,False,Fin de Semana,Domingo,0.0,-7.648.069,-0.3448275862068966,-0.0833240870417679,"51,1"
2024-04-22,URBANA,012_ZW Polideportivo Los Naranjos,0.0,MR76,False,Laboral,Lunes,0.0,-7.648.069,-1.2413793103448276,-0.10580641140095959,"59,1"
2024-04-23,URBANA,012_ZW Polideportivo Los Naranjos,0.0,MR76,False,Laboral,Martes,0.0,-7.648.069,0.5517241379310345,1.934125209922162,"221,8"
2024-04-24,URBANA,012_ZW Polideportivo Los Naranjos,0.0,MR76,False,Laboral,Miércoles,0.0,-7.648.069,0.0,-0.018977420153011126,"23,8"
2024-04-25,URBANA,012_ZW Polideportivo Los Naranjos,0.0,MR76,False,Laboral,Jueves,0.0,-7.648.069,-0.3448275862068966,2.4856820391525147,"429,6"
2024-04-26,URBANA,012_ZW Polideportivo Los Naranjos,0.0,MR76,False,Laboral,Viernes,0.0,-7.648.069,-0.41379310344827586,2.348348146653617,"483,2"
2024-04-27,URBANA,012_ZW Polideportivo Los Naranjos,0.0,MR76,False,Fin de Semana,Sábado,0.0,-7.648.069,-1.7241379310344827,-0.154681636972414,"15,1"
2024-04-28,URBANA,012_ZW Polideportivo Los Naranjos,0.0,MR76,False,Fin de Semana,Domingo,0.0,-7.648.069,0.41379310344827586,0.559895954369081,"204,9"
2024-04-29,URBANA,012_ZW Polideportivo Los Naranjos,0.0,MR76,False,Laboral,Lunes,0.0,-7.648.069,-0.6896551724137931,2.6919082814443986,"684,6"
2024-04-30,URBANA,012_ZW Polideportivo Los Naranjos,0.0,MR76,False,Laboral,Martes,0.0,-7.648.069,0.3448275862068966,0.489633451927657,"219,5"
2024-05-01,URBANA,012_ZW Polideportivo Los Naranjos,0.0,MR76,True,Festivo,Miércoles,0.0,-7.648.069,0.4827586206896552,-0.2478385841970892,"2,0"
2024-05-02,URBANA,012_ZW Polideportivo Los Naranjos,0.0,MR76,False,Laboral,Jueves,0.0,-7.648.069,0.13793103448275862,-0.2483119585042554,"1,8"
2024-05-03,URBANA,012_ZW Polideportivo Los Naranjos,0.0,MR76,False,Laboral,Viernes,0.0,-7.648.069,-0.06896551724137931,1.4377296516883908,"686,9"
2024-05-04,URBANA,012_ZW Polideportivo Los Naranjos,0.0,MR76,False,Fin de Semana,Sábado,0.0,-7.648.069,-0.27586206896551724,1.4850563361097282,"448,2"
2024-05-05,URBANA,012_ZW Polideportivo Los Naranjos,0.0,MR76,False,Fin de Semana,Domingo,0.0,-7.648.069,0.41379310344827586,3.587983815004676,"1159,7"
2024-05-06,URBANA,012_ZW Polideportivo Los Naranjos,0.0,MR76,False,Laboral,Lunes,0.0,-7.648.069,-0.13793103448275862,0.3121170121108061,"220,2"
2024-05-07,URBANA,012_ZW Polideportivo Los Naranjos,0.0,MR76,False,Laboral,Martes,0.0,-7.648.069,-0.13793103448275862,-0.24836085414778789,"1,5"
2024-05-08,URBANA,012_ZW Polideportivo Los Naranjos,0.0,MR76,False,Laboral,Miércoles,0.0,-7.648.069,-0.8275862068965517,-0.2520043855631045,"0,3"
2024-05-09,URBANA,012_ZW Polideportivo Los Naranjos,0.0,MR76,False,Laboral,Jueves,0.0,-7.648.069,-0.41379310344827586,-0.2510114278790601,"0,5"
2024-05-10,URBANA,012_ZW Polideportivo Los Naranjos,0.0,MR76,False,Laboral,Viernes,0.0,-7.648.069,0.8275862068965517,-0.24839739155174623,"1,2"
2024-05-11,URBANA,012_ZW Polideportivo Los Naranjos,0.0,MR76,False,Fin de Semana,Sábado,0.0,-7.648.069,-0.4827586206896552,-0.24873428790883273,"1,2"
2024-05-12,URBANA,012_ZW Polideportivo Los Naranjos,0.0,MR76,False,Fin de Semana,Domingo,0.0,-7.648.069,-0.4827586206896552,-0.2506906509648964,"1,2"
2024-05-13,URBANA,012_ZW Polideportivo Los Naranjos,0.0,MR76,True,Festivo,Lunes,0.0,-7.648.069,-1.1724137931034482,-0.2514466528379757,"0,6"
2024-05-14,URBANA,012_ZW Polideportivo Los Naranjos,0.0,MR76,False,Laboral,Martes,0.0,-7.648.069,-0.20689655172413793,-0.18667335802652885,"57,3"
2024-05-15,URBANA,012_ZW Polideportivo Los Naranjos,0.0,MR76,False,Laboral,Miércoles,0.0,-7.648.069,-1.0344827586206897,0.04581629261947127,"90,1"
2024-05-16,URBANA,012_ZW Polideportivo Los Naranjos,0.0,MR76,False,Laboral,Jueves,0.0,-7.648.069,-0.27586206896551724,0.9543161554698777,"275,4"
2024-05-17,URBANA,012_ZW Polideportivo Los Naranjos,0.0,MR76,False,Laboral,Viernes,0.0,-7.648.069,0.4827586206896552,3.1173019921213534,"603,4"
2024-05-18,URBANA,012_ZW Polideportivo Los Naranjos,0.0,MR76,False,Fin de Semana,Sábado,0.0,-7.648.069,0.06896551724137931,1.6528124532368245,"323,2"
2024-05-19,URBANA,012_ZW Polideportivo Los Naranjos,0.0,MR76,False,Fin de Semana,Domingo,0.0,-7.648.069,1.0344827586206897,1.9070880683077513,"343,9"
2024-05-20,URBANA,012_ZW Polideportivo Los Naranjos,0.0,MR76,False,Laboral,Lunes,0.0,-7.648.069,-0.7586206896551724,-0.21262942233558368,"10,8"
2024-05-21,URBANA,012_ZW Polideportivo Los Naranjos,0.0,MR76,False,Laboral,Martes,0.0,-7.648.069,-0.20689655172413793,0.7153926978386245,"232,1"
2024-05-22,URBANA,012_ZW Polideportivo Los Naranjos,0.0,MR76,False,Laboral,Miércoles,0.0,-7.648.069,-0.3448275862068966,0.8982817479816443,"832,0"
2024-05-23,URBANA,012_ZW Polideportivo Los Naranjos,0.0,MR76,False,Laboral,Jueves,0.0,-7.648.069,-0.27586206896551724,1.3537586376706545,"563,2"
2024-05-24,URBANA,012_ZW Polideportivo Los Naranjos,0.0,MR76,False,Laboral,Viernes,0.0,-7.648.069,0.4827586206896552,1.208759950061966,"576,5"
2024-05-25,URBANA,012_ZW Polideportivo Los Naranjos,0.0,MR76,False,Fin de Semana,Sábado,0.0,-7.648.069,-0.13793103448275862,0.6568167915162297,"237,8"
2024-05-26,URBANA,012_ZW Polideportivo Los Naranjos,0.0,MR76,False,Fin de Semana,Domingo,0.0,-7.648.069,-0.20689655172413793,1.1512404045657785,"378,3"
2024-05-27,URBANA,012_ZW Polideportivo Los Naranjos,0.0,MR76,False,Laboral,Lunes,0.0,-7.648.069,-0.06896551724137931,0.1342260639033822,"84,8"
2024-05-28,URBANA,012_ZW Polideportivo Los Naranjos,0.0,MR76,False,Laboral,Martes,0.0,-7.648.069,0.4827586206896552,0.2569337112088964,"127,5"
2024-05-29,URBANA,012_ZW Polideportivo Los Naranjos,0.0,MR76,False,Laboral,Miércoles,0.0,-7.648.069,-1.1724137931034482,0.3840860262429904,"237,2"
2024-05-30,URBANA,012_ZW Polideportivo Los Naranjos,0.0,MR76,False,Laboral,Jueves,0.0,-7.648.069,0.6206896551724138,0.5094474711683614,"118,6"
2024-05-31,URBANA,012_ZW Polideportivo Los Naranjos,0.0,MR76,False,Laboral,Viernes,0.0,-7.648.069,0.06896551724137931,-0.05586300407848772,"39,5"
2024-06-01,URBANA,012_ZW Polideportivo Los Naranjos,0.0,MR76,False,Fin de Semana,Sábado,0.0,-7.648.069,-0.41379310344827586,-0.24834258544580873,"0,9"
2024-06-02,URBANA,012_ZW Polideportivo Los Naranjos,0.0,MR76,False,Fin de Semana,Domingo,0.0,-7.648.069,0.7586206896551724,-0.24475923328407054,"1,6"
2024-06-03,URBANA,012_ZW Polideportivo Los Naranjos,0.0,MR76,True,Festivo,Lunes,0.0,-7.648.069,-0.27586206896551724,2.3626321223422733,"702,8"
2024-06-04,URBANA,012_ZW Polideportivo Los Naranjos,0.0,MR76,False,Laboral,Martes,0.0,-7.648.069,-0.20689655172413793,0.18188588347845758,"178,2"
2024-06-05,URBANA,012_ZW Polideportivo Los Naranjos,0.0,MR76,False,Laboral,Miércoles,0.0,-7.648.069,-0.6896551724137931,-0.12258621416882913,"85,2"
2024-06-06,URBANA,012_ZW Polideportivo Los Naranjos,0.0,MR76,False,Laboral,Jueves,0.0,-7.648.069,-0.6896551724137931,0.07580114302969766,"100,4"
2024-06-07,URBANA,012_ZW Polideportivo Los Naranjos,0.0,MR76,False,Laboral,Viernes,0.0,-7.648.069,0.41379310344827586,1.4939515820292928,"676,2"
2024-06-08,URBANA,012_ZW Polideportivo Los Naranjos,0.0,MR76,False,Fin de Semana,Sábado,0.0,-7.648.069,-0.41379310344827586,-0.2521886845271885,"0,7"
2024-06-09,URBANA,012_ZW Polideportivo Los Naranjos,0.0,MR76,False,Fin de Semana,Domingo,0.0,-7.648.069,1.7241379310344827,-0.2479594800190102,"3,5"
2024-06-10,URBANA,012_ZW Polideportivo Los Naranjos,0.0,MR76,True,Festivo,Lunes,0.0,-7.648.069,0.20689655172413793,-0.04811170129167783,"70,1"
2024-06-11,URBANA,012_ZW Polideportivo Los Naranjos,0.0,MR76,False,Laboral,Martes,0.0,-7.648.069,0.41379310344827586,0.0,"75,3"
2024-06-12,URBANA,012_ZW Polideportivo Los Naranjos,0.0,MR76,False,Laboral,Miércoles,0.0,-7.648.069,-0.4827586206896552,0.26685469101311504,"130,6"
2024-06-13,URBANA,012_ZW Polideportivo Los Naranjos,0.0,MR76,False,Laboral,Jueves,0.0,-7.648.069,-0.13793103448275862,0.08467543367346253,"12249115700,0"
2024-06-14,URBANA,012_ZW Polideportivo Los Naranjos,0.0,MR76,False,Laboral,Viernes,0.0,-7.648.069,0.41379310344827586,-0.24708150769448176,"35246700,0"
2024-06-15,URBANA,012_ZW Polideportivo Los Naranjos,0.0,MR76,False,Fin de Semana,Sábado,0.0,-7.648.069,-1.103448275862069,-0.2524627150568761,"30713700,0"
2024-06-16,URBANA,012_ZW Polideportivo Los Naranjos,0.0,MR76,False,Fin de Semana,Domingo,0.0,-7.648.069,-1.0344827586206897,-0.2510468906534903,"779500,0"
2024-06-17,URBANA,012_ZW Polideportivo Los Naranjos,0.0,MR76,False,Laboral,Lunes,0.0,-7.648.069,-0.7586206896551724,-0.25187596733448625,"0,4"
2024-06-18,URBANA,012_ZW Polideportivo Los Naranjos,0.0,MR76,False,Laboral,Martes,0.0,-7.648.069,0.4827586206896552,-0.24971112614995433,"1,1"
2024-06-19,URBANA,012_ZW Polideportivo Los Naranjos,0.0,MR76,False,Laboral,Miércoles,0.0,-7.648.069,-0.27586206896551724,-0.2519737586215512,"0,4"
2024-06-20,URBANA,012_ZW Polideportivo Los Naranjos,0.0,MR76,False,Laboral,Jueves,0.0,-7.648.069,0.13793103448275862,-0.24991745501936616,"1,3"
2024-06-21,URBANA,012_ZW Polideportivo Los Naranjos,0.0,MR76,False,Laboral,Viernes,0.0,-7.648.069,0.9655172413793104,1.263593996367215,"485,0"
2024-06-22,URBANA,012_ZW Polideportivo Los Naranjos,0.0,MR76,False,Fin de Semana,Sábado,0.0,-7.648.069,1.4482758620689655,2.6629427171416573,"1026,9"
2024-06-23,URBANA,012_ZW Polideportivo Los Naranjos,0.0,MR76,False,Fin de Semana,Domingo,0.0,-7.648.069,1.2413793103448276,0.3503888681276434,"441,0"
2024-06-24,URBANA,012_ZW Polideportivo Los Naranjos,0.0,MR76,False,Laboral,Lunes,0.0,-7.648.069,-0.13793103448275862,-0.21312106534472905,"14,4"
2024-06-25,URBANA,012_ZW Polideportivo Los Naranjos,0.0,MR76,False,Laboral,Martes,0.0,-7.648.069,1.0344827586206897,-0.2485182873736672,"2,2"
2024-06-26,URBANA,012_ZW Polideportivo Los Naranjos,0.0,MR76,False,Laboral,Miércoles,0.0,-7.648.069,0.13793103448275862,-0.2203796504928654,"15,9"
2024-06-27,URBANA,012_ZW Polideportivo Los Naranjos,0.0,MR76,False,Laboral,Jueves,0.0,-7.648.069,-0.5517241379310345,1.220274068141721,"816,1"
2024-06-28,URBANA,012_ZW Polideportivo Los Naranjos,0.0,MR76,False,Laboral,Viernes,0.0,-7.648.069,1.3103448275862069,5.126201536559031,"1722,3"
2024-06-29,URBANA,012_ZW Polideportivo Los Naranjos,0.0,MR76,False,Fin de Semana,Sábado,0.0,-7.648.069,0.20689655172413793,1.5766233689474514,"577,5"
2024-06-30,URBANA,012_ZW Polideportivo Los Naranjos,0.0,MR76,False,Fin de Semana,Domingo,0.0,-7.648.069,0.7586206896551724,0.9729330374161822,"490,2"
2024-07-01,URBANA,012_ZW Polideportivo Los Naranjos,0.0,MR76,True,Festivo,Lunes,0.0,-7.648.069,0.06896551724137931,2.677741977689079,"757,85"
2024-07-02,URBANA,012_ZW Polideportivo Los Naranjos,0.0,MR76,False,Laboral,Martes,0.0,-7.648.069,0.8275862068965517,1.478898171598455,"347,25"
2024-07-03,URBANA,012_ZW Polideportivo Los Naranjos,0.0,MR76,False,Laboral,Miércoles,0.0,-7.648.069,0.0,-0.026143049846959324,"50,3"
2024-07-04,URBANA,012_ZW Polideportivo Los Naranjos,0.0,MR76,False,Laboral,Jueves,0.0,-7.648.069,0.5517241379310345,1.1416670674139282,"327,19"
2024-07-05,URBANA,012_ZW Polideportivo Los Naranjos,0.0,MR76,False,Laboral,Viernes,0.0,-7.648.069,-0.13793103448275862,1.2207447558750668,"322,01"
2024-07-06,URBANA,012_ZW Polideportivo Los Naranjos,0.0,MR76,False,Fin de Semana,Sábado,0.0,-7.648.069,-0.3448275862068966,-0.1389157471643885,"25,31"
2024-07-07,URBANA,012_ZW Polideportivo Los Naranjos,0.0,MR76,False,Fin de Semana,Domingo,0.0,-7.648.069,1.2413793103448276,0.8848397445283223,"240,11"
2024-07-08,URBANA,012_ZW Polideportivo Los Naranjos,0.0,MR76,False,Laboral,Lunes,0.0,-7.648.069,0.7586206896551724,0.7002371976026089,"319,44"
2024-07-09,URBANA,012_ZW Polideportivo Los Naranjos,0.0,MR76,False,Laboral,Martes,0.0,-7.648.069,1.103448275862069,0.6415033207395708,"286,8"
2024-07-10,URBANA,012_ZW Polideportivo Los Naranjos,0.0,MR76,False,Laboral,Miércoles,0.0,-7.648.069,0.20689655172413793,-0.2513574585871362,"0,55"
2024-07-11,URBANA,012_ZW Polideportivo Los Naranjos,0.0,MR76,False,Laboral,Jueves,0.0,-7.648.069,0.896551724137931,-0.24765213597394883,"1,45"
2024-07-12,URBANA,012_ZW Polideportivo Los Naranjos,0.0,MR76,False,Laboral,Viernes,0.0,-7.648.069,1.3793103448275863,-0.24625511758730625,"2,09"
2024-07-13,URBANA,012_ZW Polideportivo Los Naranjos,0.0,MR76,False,Fin de Semana,Sábado,0.0,-7.648.069,0.41379310344827586,-0.25024629165499124,"0,83"
2024-07-14,URBANA,012_ZW Polideportivo Los Naranjos,0.0,MR76,False,Fin de Semana,Domingo,0.0,-7.648.069,0.27586206896551724,-0.24609553510237056,"2,13"
2024-07-15,URBANA,012_ZW Polideportivo Los Naranjos,0.0,MR76,False,Laboral,Lunes,0.0,-7.648.069,0.4827586206896552,-0.2510769802802795,"0,77"
2024-07-16,URBANA,012_ZW Polideportivo Los Naranjos,0.0,MR76,False,Laboral,Martes,0.0,-7.648.069,1.3793103448275863,0.17704360282444878,"127,52"
2024-07-17,URBANA,012_ZW Polideportivo Los Naranjos,0.0,MR76,False,Laboral,Miércoles,0.0,-7.648.069,0.5517241379310345,0.2069784829616145,"189,33"
2024-07-18,URBANA,012_ZW Polideportivo Los Naranjos,0.0,MR76,False,Laboral,Jueves,0.0,-7.648.069,1.793103448275862,0.9969682014436035,"390,55"
2024-07-19,URBANA,012_ZW Polideportivo Los Naranjos,0.0,MR76,False,Laboral,Viernes,0.0,-7.648.069,2.3448275862068964,0.7718628676005377,"265,87"
2024-07-20,URBANA,012_ZW Polideportivo Los Naranjos,0.0,MR76,True,Festivo,Sábado,0.0,-7.648.069,3.5172413793103448,-0.2395193397046327,"3,31"
2024-07-21,URBANA,012_ZW Polideportivo Los Naranjos,0.0,MR76,False,Fin de Semana,Domingo,0.0,-7.648.069,2.6206896551724137,-0.24227146592631857,"3,16"
2024-07-22,URBANA,012_ZW Polideportivo Los Naranjos,0.0,MR76,False,Laboral,Lunes,0.0,-7.648.069,1.103448275862069,0.3170533228485312,"152,75"
2024-07-23,URBANA,012_ZW Polideportivo Los Naranjos,0.0,MR76,False,Laboral,Martes,0.0,-7.648.069,2.3448275862068964,0.4137570848309863,"179,24"
2024-07-24,URBANA,012_ZW Polideportivo Los Naranjos,0.0,MR76,False,Laboral,Miércoles,0.0,-7.648.069,0.9655172413793104,-0.24181152448825471,"3,41"
2024-07-25,URBANA,012_ZW Polideportivo Los Naranjos,0.0,MR76,False,Laboral,Jueves,0.0,-7.648.069,1.5172413793103448,-0.2476381657900824,"1,69"
2024-07-26,URBANA,012_ZW Polideportivo Los Naranjos,0.0,MR76,False,Laboral,Viernes,0.0,-7.648.069,2.1379310344827585,-0.1550658170287407,"24,1"
2024-07-27,URBANA,012_ZW Polideportivo Los Naranjos,0.0,MR76,False,Fin de Semana,Sábado,0.0,-7.648.069,0.3448275862068966,-0.2496584693030732,"1,19"
2024-07-28,URBANA,012_ZW Polideportivo Los Naranjos,0.0,MR76,False,Fin de Semana,Domingo,0.0,-7.648.069,3.3793103448275863,0.4623733246861477,"281,89"
2024-07-29,URBANA,012_ZW Polideportivo Los Naranjos,0.0,MR76,False,Laboral,Lunes,0.0,-7.648.069,-0.13793103448275862,-0.011445879104715393,"72,2"
2024-07-30,URBANA,012_ZW Polideportivo Los Naranjos,0.0,MR76,False,Laboral,Martes,0.0,-7.648.069,0.896551724137931,0.8876112140815154,"310,33"
2024-07-31,URBANA,012_ZW Polideportivo Los Naranjos,0.0,MR76,False,Laboral,Miércoles,0.0,-7.648.069,0.3448275862068966,1.0635334409933015,"407,1"
2024-08-01,URBANA,012_ZW Polideportivo Los Naranjos,0.0,MR76,False,Laboral,Jueves,0.0,-7.648.069,1.103448275862069,0.24692998493100743,"138,95"
2024-08-02,URBANA,012_ZW Polideportivo Los Naranjos,0.0,MR76,False,Laboral,Viernes,0.0,-7.648.069,1.5862068965517242,-0.24682789512582973,"2,03"
2024-08-03,URBANA,012_ZW Polideportivo Los Naranjos,0.0,MR76,False,Fin de Semana,Sábado,0.0,-7.648.069,-0.3448275862068966,-0.25171584753478643,"0,63"
2024-08-04,URBANA,012_ZW Polideportivo Los Naranjos,0.0,MR76,False,Fin de Semana,Domingo,0.0,-7.648.069,2.0689655172413794,1.4600556174512314,"508,43"
2024-08-05,URBANA,012_ZW Polideportivo Los Naranjos,0.0,MR76,False,Laboral,Lunes,0.0,-7.648.069,-0.6896551724137931,-0.127215718176257,"33,93"
2024-08-06,URBANA,012_ZW Polideportivo Los Naranjos,0.0,MR76,False,Laboral,Martes,0.0,-7.648.069,0.3448275862068966,0.11462535862402286,"65,94"
2024-08-07,URBANA,012_ZW Polideportivo Los Naranjos,0.0,MR76,True,Festivo,Miércoles,0.0,-7.648.069,0.13793103448275862,0.7067360196743174,"212,55"
2024-08-08,URBANA,012_ZW Polideportivo Los Naranjos,0.0,MR76,False,Laboral,Jueves,0.0,-7.648.069,1.9310344827586208,0.49235387657826135,"174,13"
2024-08-09,URBANA,012_ZW Polideportivo Los Naranjos,0.0,MR76,False,Laboral,Viernes,0.0,-7.648.069,1.7241379310344827,-0.24867625791431067,"1,62"
2024-08-10,URBANA,012_ZW Polideportivo Los Naranjos,0.0,MR76,False,Fin de Semana,Sábado,0.0,-7.648.069,0.4827586206896552,-0.24572532522991028,"2,7"
2024-08-11,URBANA,012_ZW Polideportivo Los Naranjos,0.0,MR76,False,Fin de Semana,Domingo,0.0,-7.648.069,4.413793103448276,-0.24230209286787188,"3,58"
2024-08-12,URBANA,012_ZW Polideportivo Los Naranjos,0.0,MR76,False,Laboral,Lunes,0.0,-7.648.069,-0.27586206896551724,-0.2515444441250407,"0,73"
2024-08-13,URBANA,012_ZW Polideportivo Los Naranjos,0.0,MR76,False,Laboral,Martes,0.0,-7.648.069,1.3103448275862069,-0.2445115311778235,"1,87"
2024-08-14,URBANA,012_ZW Polideportivo Los Naranjos,0.0,MR76,False,Laboral,Miércoles,0.0,-7.648.069,0.27586206896551724,-0.25166211605837707,"0,42"
2024-08-15,URBANA,012_ZW Polideportivo Los Naranjos,0.0,MR76,False,Laboral,Jueves,0.0,-7.648.069,0.5517241379310345,-0.2509883233442041,"0,67"
2024-08-16,URBANA,012_ZW Polideportivo Los Naranjos,0.0,MR76,False,Laboral,Viernes,0.0,-7.648.069,1.5862068965517242,-0.24721100055262824,"1,56"
2024-08-17,URBANA,012_ZW Polideportivo Los Naranjos,0.0,MR76,False,Fin de Semana,Sábado,0.0,-7.648.069,0.41379310344827586,-0.24620031148136876,"1,94"
2024-08-18,URBANA,012_ZW Polideportivo Los Naranjos,0.0,MR76,False,Fin de Semana,Domingo,0.0,-7.648.069,2.1379310344827585,-0.24714706009570114,"1,76"
2024-08-19,URBANA,012_ZW Polideportivo Los Naranjos,0.0,MR76,True,Festivo,Lunes,0.0,-7.648.069,-0.3448275862068966,-0.2516331010611161,"0,45"
2024-08-20,URBANA,012_ZW Polideportivo Los Naranjos,0.0,MR76,False,Laboral,Martes,0.0,-7.648.069,0.4827586206896552,-0.23368732525516406,"9,08"
2024-08-21,URBANA,012_ZW Polideportivo Los Naranjos,0.0,MR76,False,Laboral,Miércoles,0.0,-7.648.069,0.41379310344827586,-0.23778596227566773,"8,45"
2024-08-22,URBANA,012_ZW Polideportivo Los Naranjos,0.0,MR76,False,Laboral,Jueves,0.0,-7.648.069,1.0344827586206897,-0.24434765017477506,"4,47"
2024-08-23,URBANA,012_ZW Polideportivo Los Naranjos,0.0,MR76,False,Laboral,Viernes,0.0,-7.648.069,1.6551724137931034,-0.2215021010350563,"24,17"
2024-08-24,URBANA,012_ZW Polideportivo Los Naranjos,0.0,MR76,False,Fin de Semana,Sábado,0.0,-7.648.069,-2.0689655172413794,-0.2533589560833837,"0,03"
2024-10-25,URBANA,012_ZW Polideportivo Los Naranjos,0.0,MR76,False,Laboral,Viernes,0.0,-7.648.069,0.13793103448275862,0.6133920869117377,"360,35"
2024-10-26,URBANA,012_ZW Polideportivo Los Naranjos,0.0,MR76,False,Fin de Semana,Sábado,0.0,-7.648.069,-0.06896551724137931,0.5125429415243029,"184,59"
2024-10-27,URBANA,012_ZW Polideportivo Los Naranjos,0.0,MR76,False,Fin de Semana,Domingo,0.0,-7.648.069,0.3448275862068966,0.05768879964687674,"58,16"
2024-10-28,URBANA,012_ZW Polideportivo Los Naranjos,0.0,MR76,False,Laboral,Lunes,0.0,-7.648.069,-0.20689655172413793,2.294177146767259,"787,35"
2024-10-29,URBANA,012_ZW Polideportivo Los Naranjos,0.0,MR76,False,Laboral,Martes,0.0,-7.648.069,-0.41379310344827586,0.7057210320849452,"281,56"
2024-10-30,URBANA,012_ZW Polideportivo Los Naranjos,0.0,MR76,False,Laboral,Miércoles,0.0,-7.648.069,-0.8275862068965517,-0.0025882452186374075,"95,27"
2024-10-31,URBANA,012_ZW Polideportivo Los Naranjos,0.0,MR76,False,Laboral,Jueves,0.0,-7.648.069,-1.4482758620689655,-0.18456923341033948,"27,3"
2024-11-01,URBANA,012_ZW Polideportivo Los Naranjos,0.0,MR76,False,Laboral,Viernes,0.0,-7.648.069,0.13793103448275862,0.5872716042848704,"282,92"
2024-11-02,URBANA,012_ZW Polideportivo Los Naranjos,0.0,MR76,False,Fin de Semana,Sábado,0.0,-7.648.069,-0.6896551724137931,0.6878015847024337,"281,9"
2024-11-03,URBANA,012_ZW Polideportivo Los Naranjos,0.0,MR76,False,Fin de Semana,Domingo,0.0,-7.648.069,-0.3448275862068966,0.040149771117343365,"92,87"
2024-11-04,URBANA,012_ZW Polideportivo Los Naranjos,0.0,MR76,True,Festivo,Lunes,0.0,-7.648.069,-0.5517241379310345,2.34499207863709,"728,96"
2024-11-05,URBANA,012_ZW Polideportivo Los Naranjos,0.0,MR76,False,Laboral,Martes,0.0,-7.648.069,1.3103448275862069,0.21887087063529143,"120,36"
2024-11-06,URBANA,012_ZW Polideportivo Los Naranjos,0.0,MR76,False,Laboral,Miércoles,0.0,-7.648.069,-0.6896551724137931,-0.12261952768420292,"38,87"
2024-11-07,URBANA,012_ZW Polideportivo Los Naranjos,0.0,MR76,False,Laboral,Jueves,0.0,-7.648.069,1.4482758620689655,0.8008821633796884,"220,62"
2024-11-08,URBANA,012_ZW Polideportivo Los Naranjos,0.0,MR76,False,Laboral,Viernes,0.0,-7.648.069,-0.20689655172413793,0.08175029209773862,"50,44"
2024-11-09,URBANA,012_ZW Polideportivo Los Naranjos,0.0,MR76,False,Fin de Semana,Sábado,0.0,-7.648.069,-0.8275862068965517,-0.0989685437131083,"17,26"
2024-11-10,URBANA,012_ZW Polideportivo Los Naranjos,0.0,MR76,False,Fin de Semana,Domingo,0.0,-7.648.069,1.3793103448275863,0.36571093594052784,"59,48"
2024-11-11,URBANA,012_ZW Polideportivo Los Naranjos,0.0,MR76,True,Festivo,Lunes,0.0,-7.648.069,-0.5517241379310345,-0.1804319097268211,"7,73"
2024-11-12,URBANA,012_ZW Polideportivo Los Naranjos,0.0,MR76,False,Laboral,Martes,0.0,-7.648.069,0.41379310344827586,0.00428723450270041,"25,09"
2024-11-13,URBANA,012_ZW Polideportivo Los Naranjos,0.0,MR76,False,Laboral,Miércoles,0.0,-7.648.069,0.20689655172413793,0.3192504029189087,"65,78"
2024-11-14,URBANA,012_ZW Polideportivo Los Naranjos,0.0,MR76,False,Laboral,Jueves,0.0,-7.648.069,0.9655172413793104,0.7128329303024841,"93,67"
2024-11-15,URBANA,012_ZW Polideportivo Los Naranjos,0.0,MR76,False,Laboral,Viernes,0.0,-7.648.069,1.3103448275862069,1.4009993517297372,"169,02"
2024-11-16,URBANA,012_ZW Polideportivo Los Naranjos,0.0,MR76,False,Fin de Semana,Sábado,0.0,-7.648.069,0.13793103448275862,-0.1757438384101071,"7,85"
2024-11-17,URBANA,012_ZW Polideportivo Los Naranjos,0.0,MR76,False,Fin de Semana,Domingo,0.0,-7.648.069,-0.5517241379310345,0.3210391237685753,"62,23"
2024-11-18,URBANA,012_ZW Polideportivo Los Naranjos,0.0,MR76,False,Laboral,Lunes,0.0,-7.648.069,-0.13793103448275862,0.19065593505798836,"51,41"
2024-11-19,URBANA,012_ZW Polideportivo Los Naranjos,0.0,MR76,False,Laboral,Martes,0.0,-7.648.069,-0.4827586206896552,-0.09318112638905941,"18,66"
2024-11-20,URBANA,012_ZW Polideportivo Los Naranjos,0.0,MR76,False,Laboral,Miércoles,0.0,-7.648.069,0.6206896551724138,0.60735804211097,"83,95"
2024-11-21,URBANA,012_ZW Polideportivo Los Naranjos,0.0,MR76,False,Laboral,Jueves,0.0,-7.648.069,1.1724137931034482,0.9962498116040108,"128,81"
2024-11-22,URBANA,012_ZW Polideportivo Los Naranjos,0.0,MR76,False,Laboral,Viernes,0.0,-7.648.069,1.5862068965517242,1.5972127333927424,"170,61"
2024-11-23,URBANA,012_ZW Polideportivo Los Naranjos,0.0,MR76,False,Fin de Semana,Sábado,0.0,-7.648.069,0.27586206896551724,0.6748480003696725,"90,14"
2024-11-24,URBANA,012_ZW Polideportivo Los Naranjos,0.0,MR76,False,Fin de Semana,Domingo,0.0,-7.648.069,-0.13793103448275862,-0.04207174602850509,"53,12"
2024-11-25,URBANA,012_ZW Polideportivo Los Naranjos,0.0,MR76,False,Laboral,Lunes,0.0,-7.648.069,-0.20689655172413793,0.03371220292874159,"129,92"
2024-11-26,URBANA,012_ZW Polideportivo Los Naranjos,0.0,MR76,False,Laboral,Martes,0.0,-7.648.069,0.9655172413793104,1.0238178202053456,"301,83"
2024-11-27,URBANA,012_ZW Polideportivo Los Naranjos,0.0,MR76,False,Laboral,Miércoles,0.0,-7.648.069,0.8275862068965517,0.7917290063733591,"100,15"
2024-11-28,URBANA,012_ZW Polideportivo Los Naranjos,0.0,MR76,False,Laboral,Jueves,0.0,-7.648.069,2.206896551724138,2.602716179863968,"252,45"
2024-11-29,URBANA,012_ZW Polideportivo Los Naranjos,0.0,MR76,False,Laboral,Viernes,0.0,-7.648.069,2.1379310344827585,2.42348839252348,"224,16"
2024-11-30,URBANA,012_ZW Polideportivo Los Naranjos,0.0,MR76,False,Fin de Semana,Sábado,0.0,-7.648.069,-0.27586206896551724,0.15062920902162236,"32,99"
2024-12-01,URBANA,012_ZW Polideportivo Los Naranjos,0.0,MR76,False,Fin de Semana,Domingo,0.0,-7.648.069,1.8620689655172413,1.971826437659532,"171,37"
