FECHA.CONEXION,AREA,NOMBRE.ZONA,COMUNA,MODEL,es_festivo,tipo_dia,dia_semana,LATITUD,LONGITUD,NUMERO.CONEXIONES,USAGE.KB,PORCENTAJE.USO
2024-01-01,URBANA,020_ZW Parque Petecuy1,0.0,MR76,True,Festivo,Lunes,0.0,0.0,-1.5555555555555556,0.9133622737568144,"493,6"
2024-01-02,URBANA,020_ZW Parque Petecuy1,0.0,MR76,False,Laboral,Martes,0.0,0.0,-1.1111111111111112,0.4948492428865743,"318,3"
2024-01-03,URBANA,020_ZW Parque Petecuy1,0.0,MR76,False,Laboral,Miércoles,0.0,0.0,-0.8888888888888888,0.6376133519829942,"267,2"
2024-01-04,URBANA,020_ZW Parque Petecuy1,0.0,MR76,False,Laboral,Jueves,0.0,0.0,-1.3333333333333333,0.03777580267948933,"84,7"
2024-01-05,URBANA,020_ZW Parque Petecuy1,0.0,MR76,False,Laboral,Viernes,0.0,0.0,-0.5555555555555556,0.1928842191922212,"138,4"
2024-01-06,URBANA,020_ZW Parque Petecuy1,0.0,MR76,False,Fin de Semana,Sábado,0.0,0.0,-0.2222222222222222,0.030553325605875054,"113,0"
2024-01-07,URBANA,020_ZW Parque Petecuy1,0.0,MR76,False,Fin de Semana,Domingo,0.0,0.0,0.3333333333333333,0.37899752612112997,"221,9"
2024-01-08,URBANA,020_ZW Parque Petecuy1,0.0,MR76,True,Festivo,Lunes,0.0,0.0,-0.7777777777777778,0.19636080745112655,"96,0"
2024-01-09,URBANA,020_ZW Parque Petecuy1,0.0,MR76,False,Laboral,Martes,0.0,0.0,0.5555555555555556,-0.1867791346338946,"1,3"
2024-01-10,URBANA,020_ZW Parque Petecuy1,0.0,MR76,False,Laboral,Miércoles,0.0,0.0,0.2222222222222222,-0.14844937149550894,"13,8"
2024-01-11,URBANA,020_ZW Parque Petecuy1,0.0,MR76,False,Laboral,Jueves,0.0,0.0,0.2222222222222222,-0.1657217254895536,"9,3"
2024-01-12,URBANA,020_ZW Parque Petecuy1,0.0,MR76,False,Laboral,Viernes,0.0,0.0,-0.6666666666666666,-0.1901651027437938,"0,4"
2024-01-13,URBANA,020_ZW Parque Petecuy1,0.0,MR76,False,Fin de Semana,Sábado,0.0,0.0,-0.6666666666666666,-0.18671488136440154,"2,0"
2024-01-14,URBANA,020_ZW Parque Petecuy1,0.0,MR76,False,Fin de Semana,Domingo,0.0,0.0,1.0,0.5702331753709794,"375,9"
2024-01-15,URBANA,020_ZW Parque Petecuy1,0.0,MR76,False,Laboral,Lunes,0.0,0.0,0.5555555555555556,2.3386070505547796,"1428,6"
2024-01-16,URBANA,020_ZW Parque Petecuy1,0.0,MR76,False,Laboral,Martes,0.0,0.0,-0.4444444444444444,0.4085983162059545,"273,9"
2024-01-17,URBANA,020_ZW Parque Petecuy1,0.0,MR76,False,Laboral,Miércoles,0.0,0.0,-0.3333333333333333,0.12307777768675943,"122,8"
2024-01-18,URBANA,020_ZW Parque Petecuy1,0.0,MR76,False,Laboral,Jueves,0.0,0.0,-1.2222222222222223,0.4380324573726915,"204,9"
2024-01-19,URBANA,020_ZW Parque Petecuy1,0.0,MR76,False,Laboral,Viernes,0.0,0.0,-0.3333333333333333,0.9101613857817498,"280,3"
2024-01-20,URBANA,020_ZW Parque Petecuy1,0.0,MR76,False,Fin de Semana,Sábado,0.0,0.0,0.3333333333333333,1.1064469324311594,"391,5"
2024-01-21,URBANA,020_ZW Parque Petecuy1,0.0,MR76,False,Fin de Semana,Domingo,0.0,0.0,0.3333333333333333,2.0133641680763135,"665,2"
2024-01-22,URBANA,020_ZW Parque Petecuy1,0.0,MR76,False,Laboral,Lunes,0.0,0.0,0.1111111111111111,2.202822740844805,"891,9"
2024-01-23,URBANA,020_ZW Parque Petecuy1,0.0,MR76,False,Laboral,Martes,0.0,0.0,0.3333333333333333,1.8214360682528434,"728,0"
2024-01-24,URBANA,020_ZW Parque Petecuy1,0.0,MR76,False,Laboral,Miércoles,0.0,0.0,0.3333333333333333,0.7283817186904825,"287,2"
2024-01-25,URBANA,020_ZW Parque Petecuy1,0.0,MR76,False,Laboral,Jueves,0.0,0.0,-0.2222222222222222,0.10154346080908945,"76,5"
2024-01-26,URBANA,020_ZW Parque Petecuy1,0.0,MR76,False,Laboral,Viernes,0.0,0.0,0.0,0.6490670732456554,"238,3"
2024-01-27,URBANA,020_ZW Parque Petecuy1,0.0,MR76,False,Fin de Semana,Sábado,0.0,0.0,-0.2222222222222222,0.06863657122026942,"81,8"
2024-01-28,URBANA,020_ZW Parque Petecuy1,0.0,MR76,False,Fin de Semana,Domingo,0.0,0.0,-0.3333333333333333,0.28698223640288184,"181,7"
2024-01-29,URBANA,020_ZW Parque Petecuy1,0.0,MR76,False,Laboral,Lunes,0.0,0.0,-0.3333333333333333,0.8624980032848524,"353,6"
2024-01-30,URBANA,020_ZW Parque Petecuy1,0.0,MR76,False,Laboral,Martes,0.0,0.0,0.6666666666666666,0.2515740771080192,"191,1"
2024-01-31,URBANA,020_ZW Parque Petecuy1,0.0,MR76,False,Laboral,Miércoles,0.0,0.0,0.2222222222222222,-0.049339087286146686,"53,1"
2024-02-01,URBANA,020_ZW Parque Petecuy1,0.0,MR76,False,Laboral,Jueves,0.0,0.0,-0.1111111111111111,1.4985567333330603,"474,5"
2024-02-02,URBANA,020_ZW Parque Petecuy1,0.0,MR76,False,Laboral,Viernes,0.0,0.0,-1.0,0.5508033450610483,"303,4"
2024-02-03,URBANA,020_ZW Parque Petecuy1,0.0,MR76,False,Fin de Semana,Sábado,0.0,0.0,-0.7777777777777778,0.9395376734070309,"249,0"
2024-02-04,URBANA,020_ZW Parque Petecuy1,0.0,MR76,False,Fin de Semana,Domingo,0.0,0.0,-0.1111111111111111,0.46225798788454686,"159,6"
2024-02-05,URBANA,020_ZW Parque Petecuy1,0.0,MR76,False,Laboral,Lunes,0.0,0.0,-1.1111111111111112,1.5663761872775455,"456,1"
2024-02-06,URBANA,020_ZW Parque Petecuy1,0.0,MR76,False,Laboral,Martes,0.0,0.0,0.0,1.4840498298184321,"437,9"
2024-02-07,URBANA,020_ZW Parque Petecuy1,0.0,MR76,False,Laboral,Miércoles,0.0,0.0,-0.5555555555555556,0.46252959234244384,"154,7"
2024-02-08,URBANA,020_ZW Parque Petecuy1,0.0,MR76,False,Laboral,Jueves,0.0,0.0,-0.5555555555555556,0.43484872066876645,"180,0"
2024-02-09,URBANA,020_ZW Parque Petecuy1,0.0,MR76,False,Laboral,Viernes,0.0,0.0,-0.4444444444444444,0.3396683814524618,"172,3"
2024-02-10,URBANA,020_ZW Parque Petecuy1,0.0,MR76,False,Fin de Semana,Sábado,0.0,0.0,0.4444444444444444,1.0304719210652424,"298,8"
2024-02-11,URBANA,020_ZW Parque Petecuy1,0.0,MR76,False,Fin de Semana,Domingo,0.0,0.0,0.0,0.9873917677994356,"342,6"
2024-02-12,URBANA,020_ZW Parque Petecuy1,0.0,MR76,False,Laboral,Lunes,0.0,0.0,0.6666666666666666,1.9395054187777236,"803,9"
2024-02-13,URBANA,020_ZW Parque Petecuy1,0.0,MR76,False,Laboral,Martes,0.0,0.0,-0.2222222222222222,1.0544793488455915,"561,8"
2024-02-14,URBANA,020_ZW Parque Petecuy1,0.0,MR76,False,Laboral,Miércoles,0.0,0.0,0.3333333333333333,1.2087491449963343,"724,1"
2024-02-15,URBANA,020_ZW Parque Petecuy1,0.0,MR76,False,Laboral,Jueves,0.0,0.0,0.5555555555555556,0.9518988761053611,"382,4"
2024-02-16,URBANA,020_ZW Parque Petecuy1,0.0,MR76,False,Laboral,Viernes,0.0,0.0,-0.1111111111111111,0.5434247146233274,"272,2"
2024-02-17,URBANA,020_ZW Parque Petecuy1,0.0,MR76,False,Fin de Semana,Sábado,0.0,0.0,1.2222222222222223,1.4305291602328067,"599,1"
2024-02-18,URBANA,020_ZW Parque Petecuy1,0.0,MR76,False,Fin de Semana,Domingo,0.0,0.0,0.8888888888888888,2.075640177595013,"684,2"
2024-02-19,URBANA,020_ZW Parque Petecuy1,0.0,MR76,False,Laboral,Lunes,0.0,0.0,0.4444444444444444,1.3004101457704453,"397,6"
2024-02-20,URBANA,020_ZW Parque Petecuy1,0.0,MR76,False,Laboral,Martes,0.0,0.0,1.0,2.31541929994143,"801,9"
2024-02-21,URBANA,020_ZW Parque Petecuy1,0.0,MR76,False,Laboral,Miércoles,0.0,0.0,-0.3333333333333333,0.27385946606812994,"157,5"
2024-02-22,URBANA,020_ZW Parque Petecuy1,0.0,MR76,False,Laboral,Jueves,0.0,0.0,0.8888888888888888,2.015349875691683,"563,1"
2024-02-23,URBANA,020_ZW Parque Petecuy1,0.0,MR76,False,Laboral,Viernes,0.0,0.0,0.1111111111111111,1.365137251127376,"427,3"
2024-02-24,URBANA,020_ZW Parque Petecuy1,0.0,MR76,False,Fin de Semana,Sábado,0.0,0.0,1.1111111111111112,0.6735946709208646,"269,0"
2024-02-25,URBANA,020_ZW Parque Petecuy1,0.0,MR76,False,Fin de Semana,Domingo,0.0,0.0,0.5555555555555556,2.3652511662864373,"568,6"
2024-02-26,URBANA,020_ZW Parque Petecuy1,0.0,MR76,False,Laboral,Lunes,0.0,0.0,1.4444444444444444,0.9812423971230918,"411,4"
2024-02-27,URBANA,020_ZW Parque Petecuy1,0.0,MR76,False,Laboral,Martes,0.0,0.0,0.7777777777777778,2.379070227031632,"864,1"
2024-02-28,URBANA,020_ZW Parque Petecuy1,0.0,MR76,False,Laboral,Miércoles,0.0,0.0,0.8888888888888888,1.9825891558912312,"495,2"
2024-02-29,URBANA,020_ZW Parque Petecuy1,0.0,MR76,False,Laboral,Jueves,0.0,0.0,1.4444444444444444,2.4549438667054404,"1305,6"
2024-03-01,URBANA,020_ZW Parque Petecuy1,0.0,MR76,False,Laboral,Viernes,0.0,0.0,0.5555555555555556,2.0685503028863286,"735,7"
2024-03-02,URBANA,020_ZW Parque Petecuy1,0.0,MR76,False,Fin de Semana,Sábado,0.0,0.0,-0.2222222222222222,1.2114129677945207,"532,4"
2024-03-03,URBANA,020_ZW Parque Petecuy1,0.0,MR76,False,Fin de Semana,Domingo,0.0,0.0,0.2222222222222222,2.762185850150112,"827,7"
2024-03-04,URBANA,020_ZW Parque Petecuy1,0.0,MR76,False,Laboral,Lunes,0.0,0.0,0.8888888888888888,3.586005689102236,"1037,8"
2024-03-05,URBANA,020_ZW Parque Petecuy1,0.0,MR76,False,Laboral,Martes,0.0,0.0,0.6666666666666666,0.5748588987962368,"217,1"
2024-03-06,URBANA,020_ZW Parque Petecuy1,0.0,MR76,False,Laboral,Miércoles,0.0,0.0,-2.4444444444444446,-0.19120928237033638,"0,0"
2024-03-09,URBANA,020_ZW Parque Petecuy1,0.0,MR76,False,Fin de Semana,Sábado,0.0,0.0,-1.0,0.3864654967622496,"228,3"
2024-03-10,URBANA,020_ZW Parque Petecuy1,0.0,MR76,False,Fin de Semana,Domingo,0.0,0.0,-1.3333333333333333,0.6036087810412408,"325,3"
2024-03-12,URBANA,020_ZW Parque Petecuy1,0.0,MR76,False,Laboral,Martes,0.0,0.0,-0.5555555555555556,0.29328699247596773,"214,7"
2024-03-13,URBANA,020_ZW Parque Petecuy1,0.0,MR76,False,Laboral,Miércoles,0.0,0.0,1.7777777777777777,1.537187539678314,"912,1"
2024-03-14,URBANA,020_ZW Parque Petecuy1,0.0,MR76,False,Laboral,Jueves,0.0,0.0,0.1111111111111111,1.4960173212479162,"679,3"
2024-03-15,URBANA,020_ZW Parque Petecuy1,0.0,MR76,False,Laboral,Viernes,0.0,0.0,1.1111111111111112,2.6638819316734317,"856,1"
2024-03-16,URBANA,020_ZW Parque Petecuy1,0.0,MR76,False,Fin de Semana,Sábado,0.0,0.0,1.0,1.5825319167236669,"612,7"
2024-03-17,URBANA,020_ZW Parque Petecuy1,0.0,MR76,False,Fin de Semana,Domingo,0.0,0.0,2.2222222222222223,1.8105772657085164,"603,9"
2024-03-18,URBANA,020_ZW Parque Petecuy1,0.0,MR76,False,Laboral,Lunes,0.0,0.0,1.8888888888888888,0.05749771657703634,"80,9"
2024-03-19,URBANA,020_ZW Parque Petecuy1,0.0,MR76,False,Laboral,Martes,0.0,0.0,1.5555555555555556,-0.18869495721909801,"1,3"
2024-03-20,URBANA,020_ZW Parque Petecuy1,0.0,MR76,False,Laboral,Miércoles,0.0,0.0,-0.4444444444444444,-0.19092564642372958,"0,2"
2024-03-27,URBANA,020_ZW Parque Petecuy1,0.0,MR76,False,Laboral,Miércoles,0.0,0.0,-0.7777777777777778,0.3659438728491794,"269,5"
2024-03-28,URBANA,020_ZW Parque Petecuy1,0.0,MR76,True,Festivo,Jueves,0.0,0.0,-1.3333333333333333,1.1658509999959041,"830,8"
2024-03-29,URBANA,020_ZW Parque Petecuy1,0.0,MR76,True,Festivo,Viernes,0.0,0.0,-0.3333333333333333,2.1400419207785344,"918,5"
2024-03-30,URBANA,020_ZW Parque Petecuy1,0.0,MR76,False,Fin de Semana,Sábado,0.0,0.0,0.5555555555555556,2.023478298266237,"1387,3"
2024-03-31,URBANA,020_ZW Parque Petecuy1,0.0,MR76,True,Festivo,Domingo,0.0,0.0,0.4444444444444444,1.5586384041023793,"897,4"
2024-04-01,URBANA,020_ZW Parque Petecuy1,0.0,MR76,False,Laboral,Lunes,0.0,0.0,0.2222222222222222,0.7236431040626498,"340,7"
2024-04-02,URBANA,020_ZW Parque Petecuy1,0.0,MR76,False,Laboral,Martes,0.0,0.0,-2.111111111111111,-0.19083477028560195,"0,2"
2024-04-03,URBANA,020_ZW Parque Petecuy1,0.0,MR76,False,Laboral,Miércoles,0.0,0.0,-0.7777777777777778,0.694362300379683,"384,0"
2024-04-04,URBANA,020_ZW Parque Petecuy1,0.0,MR76,False,Laboral,Jueves,0.0,0.0,-0.3333333333333333,1.5558780734053925,"593,6"
2024-04-05,URBANA,020_ZW Parque Petecuy1,0.0,MR76,False,Laboral,Viernes,0.0,0.0,0.6666666666666666,1.9992737588623435,"761,5"
2024-04-06,URBANA,020_ZW Parque Petecuy1,0.0,MR76,False,Fin de Semana,Sábado,0.0,0.0,0.8888888888888888,1.0328088457552909,"397,3"
2024-04-07,URBANA,020_ZW Parque Petecuy1,0.0,MR76,False,Fin de Semana,Domingo,0.0,0.0,2.2222222222222223,-0.1867566075912038,"1,5"
2024-04-08,URBANA,020_ZW Parque Petecuy1,0.0,MR76,False,Laboral,Lunes,0.0,0.0,0.7777777777777778,-0.1878883354972947,"1,8"
2024-04-09,URBANA,020_ZW Parque Petecuy1,0.0,MR76,False,Laboral,Martes,0.0,0.0,0.8888888888888888,-0.1873261833865108,"2,0"
2024-04-10,URBANA,020_ZW Parque Petecuy1,0.0,MR76,False,Laboral,Miércoles,0.0,0.0,0.6666666666666666,-0.18105572985570406,"9,3"
2024-04-11,URBANA,020_ZW Parque Petecuy1,0.0,MR76,False,Laboral,Jueves,0.0,0.0,0.3333333333333333,-0.18435542963166238,"6,1"
2024-04-12,URBANA,020_ZW Parque Petecuy1,0.0,MR76,False,Laboral,Viernes,0.0,0.0,0.4444444444444444,-0.18728471314883002,"2,3"
2024-04-13,URBANA,020_ZW Parque Petecuy1,0.0,MR76,False,Fin de Semana,Sábado,0.0,0.0,0.4444444444444444,-0.18935310525043927,"0,9"
2024-04-14,URBANA,020_ZW Parque Petecuy1,0.0,MR76,False,Fin de Semana,Domingo,0.0,0.0,1.3333333333333333,-0.04317512522987823,"83,8"
2024-04-15,URBANA,020_ZW Parque Petecuy1,0.0,MR76,False,Laboral,Lunes,0.0,0.0,-0.1111111111111111,-0.1884955416934602,"2,6"
2024-04-16,URBANA,020_ZW Parque Petecuy1,0.0,MR76,False,Laboral,Martes,0.0,0.0,0.7777777777777778,-0.18796794811407694,"3,0"
2024-04-17,URBANA,020_ZW Parque Petecuy1,0.0,MR76,False,Laboral,Miércoles,0.0,0.0,0.2222222222222222,-0.1864786034052697,"5,0"
2024-04-18,URBANA,020_ZW Parque Petecuy1,0.0,MR76,False,Laboral,Jueves,0.0,0.0,-0.6666666666666666,-0.18995672759890395,"1,7"
2024-04-19,URBANA,020_ZW Parque Petecuy1,0.0,MR76,False,Laboral,Viernes,0.0,0.0,-0.8888888888888888,-0.190833746329116,"0,4"
2024-04-20,URBANA,020_ZW Parque Petecuy1,0.0,MR76,False,Fin de Semana,Sábado,0.0,0.0,0.8888888888888888,-0.18352884075838313,"3,8"
2024-04-21,URBANA,020_ZW Parque Petecuy1,0.0,MR76,False,Fin de Semana,Domingo,0.0,0.0,-0.4444444444444444,-0.18783841761860487,"2,1"
2024-04-22,URBANA,020_ZW Parque Petecuy1,0.0,MR76,False,Laboral,Lunes,0.0,0.0,-1.0,-0.18877584978148768,"2,0"
2024-04-23,URBANA,020_ZW Parque Petecuy1,0.0,MR76,False,Laboral,Martes,0.0,0.0,0.0,1.4895231332249306,"357,7"
2024-04-24,URBANA,020_ZW Parque Petecuy1,0.0,MR76,False,Laboral,Miércoles,0.0,0.0,-0.6666666666666666,0.8110941077447973,"213,2"
2024-04-25,URBANA,020_ZW Parque Petecuy1,0.0,MR76,False,Laboral,Jueves,0.0,0.0,0.2222222222222222,0.02968117066897125,"72,7"
2024-04-26,URBANA,020_ZW Parque Petecuy1,0.0,MR76,False,Laboral,Viernes,0.0,0.0,-0.5555555555555556,0.6964649950235715,"346,1"
2024-04-27,URBANA,020_ZW Parque Petecuy1,0.0,MR76,False,Fin de Semana,Sábado,0.0,0.0,-0.5555555555555556,1.8556549020892807,"655,4"
2024-04-28,URBANA,020_ZW Parque Petecuy1,0.0,MR76,False,Fin de Semana,Domingo,0.0,0.0,0.5555555555555556,2.1375682978976127,"1231,3"
2024-04-29,URBANA,020_ZW Parque Petecuy1,0.0,MR76,False,Laboral,Lunes,0.0,0.0,0.3333333333333333,-0.0840729712350144,"52,3"
2024-04-30,URBANA,020_ZW Parque Petecuy1,0.0,MR76,False,Laboral,Martes,0.0,0.0,0.3333333333333333,-0.18744265843678706,"2,3"
2024-05-01,URBANA,020_ZW Parque Petecuy1,0.0,MR76,True,Festivo,Miércoles,0.0,0.0,-0.3333333333333333,-0.19006526698641416,"0,9"
2024-05-02,URBANA,020_ZW Parque Petecuy1,0.0,MR76,False,Laboral,Jueves,0.0,0.0,0.1111111111111111,-0.18569169284582082,"4,2"
2024-05-03,URBANA,020_ZW Parque Petecuy1,0.0,MR76,False,Laboral,Viernes,0.0,0.0,-1.3333333333333333,0.0659233425216362,"219,2"
2024-05-04,URBANA,020_ZW Parque Petecuy1,0.0,MR76,False,Fin de Semana,Sábado,0.0,0.0,-1.3333333333333333,0.3748151758542869,"306,3"
2024-05-05,URBANA,020_ZW Parque Petecuy1,0.0,MR76,False,Fin de Semana,Domingo,0.0,0.0,-0.4444444444444444,1.260532416414432,"919,9"
2024-05-06,URBANA,020_ZW Parque Petecuy1,0.0,MR76,False,Laboral,Lunes,0.0,0.0,-0.6666666666666666,0.7766451396881439,"791,2"
2024-05-07,URBANA,020_ZW Parque Petecuy1,0.0,MR76,False,Laboral,Martes,0.0,0.0,-0.4444444444444444,1.0262406768761956,"784,4"
2024-05-08,URBANA,020_ZW Parque Petecuy1,0.0,MR76,False,Laboral,Miércoles,0.0,0.0,-0.5555555555555556,1.1914284090583287,"681,8"
2024-05-09,URBANA,020_ZW Parque Petecuy1,0.0,MR76,False,Laboral,Jueves,0.0,0.0,-0.6666666666666666,1.087080587423357,"566,7"
2024-05-10,URBANA,020_ZW Parque Petecuy1,0.0,MR76,False,Laboral,Viernes,0.0,0.0,0.1111111111111111,0.6688263615549394,"425,8"
2024-05-11,URBANA,020_ZW Parque Petecuy1,0.0,MR76,False,Fin de Semana,Sábado,0.0,0.0,0.3333333333333333,1.4344928957899006,"852,2"
2024-05-12,URBANA,020_ZW Parque Petecuy1,0.0,MR76,False,Fin de Semana,Domingo,0.0,0.0,1.0,1.2138801909474055,"1330,7"
2024-05-13,URBANA,020_ZW Parque Petecuy1,0.0,MR76,True,Festivo,Lunes,0.0,0.0,1.0,0.9132616700320704,"771,1"
2024-05-14,URBANA,020_ZW Parque Petecuy1,0.0,MR76,False,Laboral,Martes,0.0,0.0,-1.0,-0.19055267027372405,"1,2"
2024-05-15,URBANA,020_ZW Parque Petecuy1,0.0,MR76,False,Laboral,Miércoles,0.0,0.0,-0.7777777777777778,-0.1896625960983162,"1,0"
2024-05-16,URBANA,020_ZW Parque Petecuy1,0.0,MR76,False,Laboral,Jueves,0.0,0.0,0.2222222222222222,-0.1885032213671048,"1,3"
2024-05-17,URBANA,020_ZW Parque Petecuy1,0.0,MR76,False,Laboral,Viernes,0.0,0.0,-0.1111111111111111,-0.18827769495107535,"1,1"
2024-05-18,URBANA,020_ZW Parque Petecuy1,0.0,MR76,False,Fin de Semana,Sábado,0.0,0.0,-0.1111111111111111,-0.18994623204492303,"0,4"
2024-05-19,URBANA,020_ZW Parque Petecuy1,0.0,MR76,False,Fin de Semana,Domingo,0.0,0.0,-0.6666666666666666,-0.19059977227207753,"0,2"
2024-05-20,URBANA,020_ZW Parque Petecuy1,0.0,MR76,False,Laboral,Lunes,0.0,0.0,-0.2222222222222222,-0.19041674005021483,"0,4"
2024-05-21,URBANA,020_ZW Parque Petecuy1,0.0,MR76,False,Laboral,Martes,0.0,0.0,-0.6666666666666666,-0.19026084267522966,"0,5"
2024-05-22,URBANA,020_ZW Parque Petecuy1,0.0,MR76,False,Laboral,Miércoles,0.0,0.0,-1.1111111111111112,-0.19073903035416606,"0,7"
2024-05-23,URBANA,020_ZW Parque Petecuy1,0.0,MR76,False,Laboral,Jueves,0.0,0.0,-0.5555555555555556,-0.18152777379572477,"7,1"
2024-05-24,URBANA,020_ZW Parque Petecuy1,0.0,MR76,False,Laboral,Viernes,0.0,0.0,-0.8888888888888888,-0.18969587468410942,"1,3"
2024-05-25,URBANA,020_ZW Parque Petecuy1,0.0,MR76,False,Fin de Semana,Sábado,0.0,0.0,0.1111111111111111,-0.1900865140834975,"0,6"
2024-05-26,URBANA,020_ZW Parque Petecuy1,0.0,MR76,False,Fin de Semana,Domingo,0.0,0.0,-0.6666666666666666,-0.19086164914335801,"0,2"
2024-05-27,URBANA,020_ZW Parque Petecuy1,0.0,MR76,False,Laboral,Lunes,0.0,0.0,-0.6666666666666666,-0.1894700922789585,"0,8"
2024-05-28,URBANA,020_ZW Parque Petecuy1,0.0,MR76,False,Laboral,Martes,0.0,0.0,0.0,-0.1881463725317529,"1,6"
2024-05-29,URBANA,020_ZW Parque Petecuy1,0.0,MR76,False,Laboral,Miércoles,0.0,0.0,-1.6666666666666667,-0.1899859103587534,"1,0"
2024-05-30,URBANA,020_ZW Parque Petecuy1,0.0,MR76,False,Laboral,Jueves,0.0,0.0,-0.5555555555555556,-0.19041571609372887,"0,3"
2024-05-31,URBANA,020_ZW Parque Petecuy1,0.0,MR76,False,Laboral,Viernes,0.0,0.0,-0.3333333333333333,-0.19088852800111406,"0,1"
2024-06-01,URBANA,020_ZW Parque Petecuy1,0.0,MR76,False,Fin de Semana,Sábado,0.0,0.0,-0.7777777777777778,-0.19043491527784034,"0,3"
2024-06-02,URBANA,020_ZW Parque Petecuy1,0.0,MR76,False,Fin de Semana,Domingo,0.0,0.0,0.1111111111111111,-0.1896157500890842,"0,6"
2024-06-03,URBANA,020_ZW Parque Petecuy1,0.0,MR76,True,Festivo,Lunes,0.0,0.0,-0.3333333333333333,-0.1904187879631867,"0,4"
2024-06-04,URBANA,020_ZW Parque Petecuy1,0.0,MR76,False,Laboral,Martes,0.0,0.0,0.6666666666666666,-0.18972864129165967,"1,3"
2024-06-05,URBANA,020_ZW Parque Petecuy1,0.0,MR76,False,Laboral,Miércoles,0.0,0.0,-1.4444444444444444,-0.1907441501365958,"0,6"
2024-06-06,URBANA,020_ZW Parque Petecuy1,0.0,MR76,False,Laboral,Jueves,0.0,0.0,-0.7777777777777778,-0.08097755077800214,"70,5"
2024-06-07,URBANA,020_ZW Parque Petecuy1,0.0,MR76,False,Laboral,Viernes,0.0,0.0,0.0,0.15933198102813423,"284,7"
2024-06-08,URBANA,020_ZW Parque Petecuy1,0.0,MR76,False,Fin de Semana,Sábado,0.0,0.0,-0.5555555555555556,0.0,"237,1"
2024-06-09,URBANA,020_ZW Parque Petecuy1,0.0,MR76,False,Fin de Semana,Domingo,0.0,0.0,0.5555555555555556,-0.1792376951149084,"16,0"
2024-06-10,URBANA,020_ZW Parque Petecuy1,0.0,MR76,True,Festivo,Lunes,0.0,0.0,-0.3333333333333333,-0.19048380920004424,"0,5"
2024-06-11,URBANA,020_ZW Parque Petecuy1,0.0,MR76,False,Laboral,Martes,0.0,0.0,0.2222222222222222,-0.18768380018922715,"2,2"
2024-06-12,URBANA,020_ZW Parque Petecuy1,0.0,MR76,False,Laboral,Miércoles,0.0,0.0,0.0,-0.19000946135793012,"0,6"
2024-06-13,URBANA,020_ZW Parque Petecuy1,0.0,MR76,False,Laboral,Jueves,0.0,0.0,0.2222222222222222,-0.18906844534734651,"162877100,0"
2024-06-14,URBANA,020_ZW Parque Petecuy1,0.0,MR76,False,Laboral,Viernes,0.0,0.0,-1.2222222222222223,-0.19093946983628984,"31769200,0"
2024-06-15,URBANA,020_ZW Parque Petecuy1,0.0,MR76,False,Fin de Semana,Sábado,0.0,0.0,-0.2222222222222222,-0.18802042588398163,"223535600,0"
2024-06-16,URBANA,020_ZW Parque Petecuy1,0.0,MR76,False,Fin de Semana,Domingo,0.0,0.0,-0.3333333333333333,-0.1895020909191443,"119641700,0"
2024-06-17,URBANA,020_ZW Parque Petecuy1,0.0,MR76,False,Laboral,Lunes,0.0,0.0,0.0,-0.1884115772616127,"1,7"
2024-06-18,URBANA,020_ZW Parque Petecuy1,0.0,MR76,False,Laboral,Martes,0.0,0.0,-0.2222222222222222,-0.1897542402038083,"0,9"
2024-06-19,URBANA,020_ZW Parque Petecuy1,0.0,MR76,False,Laboral,Miércoles,0.0,0.0,0.5555555555555556,-0.18651111402369844,"2,6"
2024-06-20,URBANA,020_ZW Parque Petecuy1,0.0,MR76,False,Laboral,Jueves,0.0,0.0,0.8888888888888888,-0.19024855519739833,"0,8"
2024-06-21,URBANA,020_ZW Parque Petecuy1,0.0,MR76,False,Laboral,Viernes,0.0,0.0,0.8888888888888888,-0.18979084664818083,"1,0"
2024-06-22,URBANA,020_ZW Parque Petecuy1,0.0,MR76,False,Fin de Semana,Sábado,0.0,0.0,0.7777777777777778,-0.1907907401567063,"0,3"
2024-06-23,URBANA,020_ZW Parque Petecuy1,0.0,MR76,False,Fin de Semana,Domingo,0.0,0.0,0.5555555555555556,-0.19093716593419646,"0,4"
2024-06-24,URBANA,020_ZW Parque Petecuy1,0.0,MR76,False,Laboral,Lunes,0.0,0.0,0.4444444444444444,-0.1890725411732903,"1,6"
2024-06-25,URBANA,020_ZW Parque Petecuy1,0.0,MR76,False,Laboral,Martes,0.0,0.0,-0.3333333333333333,-0.19069116038844813,"0,5"
2024-06-26,URBANA,020_ZW Parque Petecuy1,0.0,MR76,False,Laboral,Miércoles,0.0,0.0,0.1111111111111111,-0.1907362144738297,"0,5"
2024-06-27,URBANA,020_ZW Parque Petecuy1,0.0,MR76,False,Laboral,Jueves,0.0,0.0,0.4444444444444444,-0.19011262497388912,"1,3"
2024-06-28,URBANA,020_ZW Parque Petecuy1,0.0,MR76,False,Laboral,Viernes,0.0,0.0,0.5555555555555556,-0.19078920422197737,"0,3"
2024-06-29,URBANA,020_ZW Parque Petecuy1,0.0,MR76,False,Fin de Semana,Sábado,0.0,0.0,0.1111111111111111,-0.1904994245364549,"0,5"
2024-06-30,URBANA,020_ZW Parque Petecuy1,0.0,MR76,False,Fin de Semana,Domingo,0.0,0.0,0.3333333333333333,-0.1902923293371725,"0,8"
2024-07-01,URBANA,020_ZW Parque Petecuy1,0.0,MR76,True,Festivo,Lunes,0.0,0.0,0.3333333333333333,-0.18828204676614063,"1,59"
2024-07-02,URBANA,020_ZW Parque Petecuy1,0.0,MR76,False,Laboral,Martes,0.0,0.0,0.2222222222222222,-0.1889058922552027,"0,97"
2024-07-03,URBANA,020_ZW Parque Petecuy1,0.0,MR76,False,Laboral,Miércoles,0.0,0.0,0.3333333333333333,-0.18835653960049314,"1,33"
2024-07-04,URBANA,020_ZW Parque Petecuy1,0.0,MR76,False,Laboral,Jueves,0.0,0.0,0.0,-0.1908752165667968,"0,16"
2024-07-05,URBANA,020_ZW Parque Petecuy1,0.0,MR76,False,Laboral,Viernes,0.0,0.0,0.0,-0.18857464233199947,"1,21"
2024-07-06,URBANA,020_ZW Parque Petecuy1,0.0,MR76,False,Fin de Semana,Sábado,0.0,0.0,0.4444444444444444,-0.19041622807197187,"0,37"
2024-07-07,URBANA,020_ZW Parque Petecuy1,0.0,MR76,False,Fin de Semana,Domingo,0.0,0.0,1.1111111111111112,-0.19026493850117346,"0,42"
2024-07-08,URBANA,020_ZW Parque Petecuy1,0.0,MR76,False,Laboral,Lunes,0.0,0.0,0.1111111111111111,-0.10178639448537995,"62,87"
2024-07-09,URBANA,020_ZW Parque Petecuy1,0.0,MR76,False,Laboral,Martes,0.0,0.0,0.3333333333333333,-0.02346421886455513,"112,84"
2024-07-10,URBANA,020_ZW Parque Petecuy1,0.0,MR76,False,Laboral,Miércoles,0.0,0.0,-1.0,-0.005890309685399609,"104,83"
2024-07-11,URBANA,020_ZW Parque Petecuy1,0.0,MR76,False,Laboral,Jueves,0.0,0.0,0.3333333333333333,0.19856333785239463,"206,35"
2024-07-12,URBANA,020_ZW Parque Petecuy1,0.0,MR76,False,Laboral,Viernes,0.0,0.0,0.7777777777777778,0.1045587566710765,"182,19"
2024-07-13,URBANA,020_ZW Parque Petecuy1,0.0,MR76,False,Fin de Semana,Sábado,0.0,0.0,-0.3333333333333333,0.07270193445859324,"146,34"
2024-07-14,URBANA,020_ZW Parque Petecuy1,0.0,MR76,False,Fin de Semana,Domingo,0.0,0.0,0.2222222222222222,0.06616115641549697,"158,11"
2024-07-15,URBANA,020_ZW Parque Petecuy1,0.0,MR76,False,Laboral,Lunes,0.0,0.0,0.2222222222222222,-0.020400541058607172,"119,37"
2024-07-16,URBANA,020_ZW Parque Petecuy1,0.0,MR76,False,Laboral,Martes,0.0,0.0,0.1111111111111111,0.011243554193920976,"125,9"
2024-07-17,URBANA,020_ZW Parque Petecuy1,0.0,MR76,False,Laboral,Miércoles,0.0,0.0,0.0,-0.04145820619206966,"129,27"
2024-07-18,URBANA,020_ZW Parque Petecuy1,0.0,MR76,False,Laboral,Jueves,0.0,0.0,-0.1111111111111111,0.06828944997153401,"170,13"
2024-07-19,URBANA,020_ZW Parque Petecuy1,0.0,MR76,False,Laboral,Viernes,0.0,0.0,0.5555555555555556,0.3606794565658138,"300,4"
2024-07-20,URBANA,020_ZW Parque Petecuy1,0.0,MR76,True,Festivo,Sábado,0.0,0.0,0.7777777777777778,-0.1906281870645625,"0,29"
2024-07-21,URBANA,020_ZW Parque Petecuy1,0.0,MR76,False,Fin de Semana,Domingo,0.0,0.0,-0.6666666666666666,-0.1906670974110284,"0,32"
2024-07-22,URBANA,020_ZW Parque Petecuy1,0.0,MR76,False,Laboral,Lunes,0.0,0.0,0.0,-0.1749158307768553,"9,16"
2024-07-23,URBANA,020_ZW Parque Petecuy1,0.0,MR76,False,Laboral,Martes,0.0,0.0,1.1111111111111112,0.31962417725096354,"288,08"
2024-07-24,URBANA,020_ZW Parque Petecuy1,0.0,MR76,False,Laboral,Miércoles,0.0,0.0,0.0,0.7492857903510532,"581,24"
2024-07-25,URBANA,020_ZW Parque Petecuy1,0.0,MR76,False,Laboral,Jueves,0.0,0.0,0.6666666666666666,0.04620834033036932,"146,7"
2024-07-26,URBANA,020_ZW Parque Petecuy1,0.0,MR76,False,Laboral,Viernes,0.0,0.0,0.8888888888888888,0.2605275526211238,"232,42"
2024-07-27,URBANA,020_ZW Parque Petecuy1,0.0,MR76,False,Fin de Semana,Sábado,0.0,0.0,-2.3333333333333335,-0.19120672247912152,"0,0"
2024-07-28,URBANA,020_ZW Parque Petecuy1,0.0,MR76,False,Fin de Semana,Domingo,0.0,0.0,-0.8888888888888888,-0.1403726587234949,"42,02"
2024-07-29,URBANA,020_ZW Parque Petecuy1,0.0,MR76,False,Laboral,Lunes,0.0,0.0,-0.6666666666666666,-0.11456716335382612,"48,01"
2024-07-30,URBANA,020_ZW Parque Petecuy1,0.0,MR76,False,Laboral,Martes,0.0,0.0,-0.4444444444444444,-0.1445521931100016,"26,64"
2024-07-31,URBANA,020_ZW Parque Petecuy1,0.0,MR76,False,Laboral,Miércoles,0.0,0.0,-0.2222222222222222,0.20185996575889512,"255,05"
2024-08-01,URBANA,020_ZW Parque Petecuy1,0.0,MR76,False,Laboral,Jueves,0.0,0.0,-0.2222222222222222,-0.12795744232053113,"36,87"
2024-08-02,URBANA,020_ZW Parque Petecuy1,0.0,MR76,False,Laboral,Viernes,0.0,0.0,-0.2222222222222222,0.0744751711031288,"172,66"
2024-08-03,URBANA,020_ZW Parque Petecuy1,0.0,MR76,False,Fin de Semana,Sábado,0.0,0.0,0.5555555555555556,-0.16191286335095903,"23,32"
2024-08-04,URBANA,020_ZW Parque Petecuy1,0.0,MR76,False,Fin de Semana,Domingo,0.0,0.0,-0.3333333333333333,0.4272317643589418,"385,18"
2024-08-05,URBANA,020_ZW Parque Petecuy1,0.0,MR76,False,Laboral,Lunes,0.0,0.0,0.1111111111111111,0.3610780316279679,"311,75"
2024-08-06,URBANA,020_ZW Parque Petecuy1,0.0,MR76,False,Laboral,Martes,0.0,0.0,-0.4444444444444444,-0.07832345556643225,"42,46"
2024-08-07,URBANA,020_ZW Parque Petecuy1,0.0,MR76,True,Festivo,Miércoles,0.0,0.0,0.3333333333333333,-0.03737159585666248,"71,48"
2024-08-08,URBANA,020_ZW Parque Petecuy1,0.0,MR76,False,Laboral,Jueves,0.0,0.0,0.0,0.3864928875982486,"283,13"
2024-08-09,URBANA,020_ZW Parque Petecuy1,0.0,MR76,False,Laboral,Viernes,0.0,0.0,0.8888888888888888,-0.18957453584052492,"1,18"
2024-08-10,URBANA,020_ZW Parque Petecuy1,0.0,MR76,False,Fin de Semana,Sábado,0.0,0.0,0.4444444444444444,-0.19046025820086748,"0,55"
2024-08-11,URBANA,020_ZW Parque Petecuy1,0.0,MR76,False,Fin de Semana,Domingo,0.0,0.0,-0.1111111111111111,-0.1855127564499019,"3,86"
2024-08-12,URBANA,020_ZW Parque Petecuy1,0.0,MR76,False,Laboral,Lunes,0.0,0.0,0.4444444444444444,-0.18960602250246775,"1,34"
2024-08-13,URBANA,020_ZW Parque Petecuy1,0.0,MR76,False,Laboral,Martes,0.0,0.0,0.6666666666666666,-0.18743984255645071,"1,67"
2024-08-14,URBANA,020_ZW Parque Petecuy1,0.0,MR76,False,Laboral,Miércoles,0.0,0.0,-0.1111111111111111,-0.18955328874344157,"0,86"
2024-08-15,URBANA,020_ZW Parque Petecuy1,0.0,MR76,False,Laboral,Jueves,0.0,0.0,-0.3333333333333333,-0.18949825108232202,"1,0"
2024-08-16,URBANA,020_ZW Parque Petecuy1,0.0,MR76,False,Laboral,Viernes,0.0,0.0,-0.3333333333333333,-0.18920411958173425,"1,07"
2024-08-17,URBANA,020_ZW Parque Petecuy1,0.0,MR76,False,Fin de Semana,Sábado,0.0,0.0,-0.3333333333333333,-0.19097146847647561,"0,14"
2024-08-18,URBANA,020_ZW Parque Petecuy1,0.0,MR76,False,Fin de Semana,Domingo,0.0,0.0,0.0,-0.19002046889015403,"0,7"
2024-08-19,URBANA,020_ZW Parque Petecuy1,0.0,MR76,True,Festivo,Lunes,0.0,0.0,0.3333333333333333,-0.18865425494878169,"1,37"
2024-08-20,URBANA,020_ZW Parque Petecuy1,0.0,MR76,False,Laboral,Martes,0.0,0.0,-0.3333333333333333,-0.19103290586563235,"0,17"
2024-12-06,URBANA,020_ZW Parque Petecuy1,0.0,MR76,False,Laboral,Viernes,0.0,0.0,-1.6666666666666667,-0.07826534603585486,"19,62"
2024-12-07,URBANA,020_ZW Parque Petecuy1,0.0,MR76,False,Fin de Semana,Sábado,0.0,0.0,-0.8888888888888888,-0.17968260420805157,"2,2"
2024-12-08,URBANA,020_ZW Parque Petecuy1,0.0,MR76,True,Festivo,Domingo,0.0,0.0,-0.7777777777777778,-0.13642453850281178,"8,06"
2024-12-09,URBANA,020_ZW Parque Petecuy1,0.0,MR76,False,Laboral,Lunes,0.0,0.0,-1.1111111111111112,-0.14061738432363577,"7,33"
2024-12-10,URBANA,020_ZW Parque Petecuy1,0.0,MR76,False,Laboral,Martes,0.0,0.0,-1.1111111111111112,-0.06772960176284348,"15,93"
2024-12-11,URBANA,020_ZW Parque Petecuy1,0.0,MR76,False,Laboral,Miércoles,0.0,0.0,-0.2222222222222222,0.08974338626505728,"36,4"
2024-12-12,URBANA,020_ZW Parque Petecuy1,0.0,MR76,False,Laboral,Jueves,0.0,0.0,-0.5555555555555556,-0.01281711932369722,"20,31"
2024-12-13,URBANA,020_ZW Parque Petecuy1,0.0,MR76,False,Laboral,Viernes,0.0,0.0,-0.5555555555555556,-0.006260213965947303,"21,3"
2024-12-14,URBANA,020_ZW Parque Petecuy1,0.0,MR76,False,Fin de Semana,Sábado,0.0,0.0,0.6666666666666666,2.7683656835319126,"380,61"
2024-12-15,URBANA,020_ZW Parque Petecuy1,0.0,MR76,False,Fin de Semana,Domingo,0.0,0.0,0.2222222222222222,4.004538175145709,"553,24"
2024-12-16,URBANA,020_ZW Parque Petecuy1,0.0,MR76,False,Laboral,Lunes,0.0,0.0,0.1111111111111111,1.4772671420555312,"195,99"
2024-12-17,URBANA,020_ZW Parque Petecuy1,0.0,MR76,False,Laboral,Martes,0.0,0.0,0.5555555555555556,0.32137923866787355,"65,2"
2024-12-18,URBANA,020_ZW Parque Petecuy1,0.0,MR76,False,Laboral,Miércoles,0.0,0.0,0.6666666666666666,1.2695396496430487,"181,0"
