FECHA.CONEXION,AREA,NOMBRE.ZONA,COMUNA,MODEL,es_festivo,tipo_dia,dia_semana,LATITUD,LONGITUD,NUMERO.CONEXIONES,USAGE.KB,PORCENTAJE.USO
2024-01-01,URBANA,029_ZW Centro Cultural Vista Hermosa,0.0,MR76,True,Festivo,Lunes,0.0,-7.658.815,-0.33540372670807456,0.209830790671756,"578,6"
2024-01-02,URBANA,029_ZW Centro Cultural Vista Hermosa,0.0,MR76,False,Laboral,Martes,0.0,-7.658.815,-1.0559006211180124,0.5181063506675394,"800,7"
2024-01-03,URBANA,029_ZW Centro Cultural Vista Hermosa,0.0,MR76,False,Laboral,Miércoles,0.0,-7.658.815,-0.16149068322981366,0.4892394178771035,"543,2"
2024-01-04,URBANA,029_ZW Centro Cultural Vista Hermosa,0.0,MR76,False,Laboral,Jueves,0.0,-7.658.815,-0.40993788819875776,0.31522818040432327,"533,2"
2024-01-05,URBANA,029_ZW Centro Cultural Vista Hermosa,0.0,MR76,False,Laboral,Viernes,0.0,-7.658.815,-0.33540372670807456,0.0029710628965153455,"362,20000000000005"
2024-01-06,URBANA,029_ZW Centro Cultural Vista Hermosa,0.0,MR76,False,Fin de Semana,Sábado,0.0,-7.658.815,-1.2546583850931676,0.04769117131367092,"543,9"
2024-01-07,URBANA,029_ZW Centro Cultural Vista Hermosa,0.0,MR76,False,Fin de Semana,Domingo,0.0,-7.658.815,-0.3105590062111801,-0.005402731493829717,"386,7"
2024-01-08,URBANA,029_ZW Centro Cultural Vista Hermosa,0.0,MR76,True,Festivo,Lunes,0.0,-7.658.815,-1.031055900621118,0.1852319571714335,"312,3"
2024-01-09,URBANA,029_ZW Centro Cultural Vista Hermosa,0.0,MR76,False,Laboral,Martes,0.0,-7.658.815,-0.782608695652174,1.343259335826369,"867,9000000000001"
2024-01-10,URBANA,029_ZW Centro Cultural Vista Hermosa,0.0,MR76,False,Laboral,Miércoles,0.0,-7.658.815,-0.5590062111801242,0.8391226749892559,"704,0999999999999"
2024-01-11,URBANA,029_ZW Centro Cultural Vista Hermosa,0.0,MR76,False,Laboral,Jueves,0.0,-7.658.815,-0.18633540372670807,0.4497283277261624,"591,8"
2024-01-12,URBANA,029_ZW Centro Cultural Vista Hermosa,0.0,MR76,False,Laboral,Viernes,0.0,-7.658.815,0.2608695652173913,0.7666058169720343,"697,2"
2024-01-13,URBANA,029_ZW Centro Cultural Vista Hermosa,0.0,MR76,False,Fin de Semana,Sábado,0.0,-7.658.815,-0.7329192546583851,0.18529347668417334,"546,8"
2024-01-14,URBANA,029_ZW Centro Cultural Vista Hermosa,0.0,MR76,False,Fin de Semana,Domingo,0.0,-7.658.815,0.6583850931677019,0.8271382711012043,"1065,1"
2024-01-15,URBANA,029_ZW Centro Cultural Vista Hermosa,0.0,MR76,False,Laboral,Lunes,0.0,-7.658.815,-0.8074534161490683,-0.3189235623258349,"313,6"
2024-01-16,URBANA,029_ZW Centro Cultural Vista Hermosa,0.0,MR76,False,Laboral,Martes,0.0,-7.658.815,-0.8571428571428571,-0.13399993509325217,"371,7"
2024-01-17,URBANA,029_ZW Centro Cultural Vista Hermosa,0.0,MR76,False,Laboral,Miércoles,0.0,-7.658.815,0.2857142857142857,0.2909596480974015,"549,9000000000001"
2024-01-18,URBANA,029_ZW Centro Cultural Vista Hermosa,0.0,MR76,False,Laboral,Jueves,0.0,-7.658.815,-0.5341614906832298,-0.31605521504434053,"182,2"
2024-01-19,URBANA,029_ZW Centro Cultural Vista Hermosa,0.0,MR76,False,Laboral,Viernes,0.0,-7.658.815,1.279503105590062,0.13686919784368615,"303,5"
2024-01-20,URBANA,029_ZW Centro Cultural Vista Hermosa,0.0,MR76,False,Fin de Semana,Sábado,0.0,-7.658.815,0.08695652173913043,0.09211723110743317,"340,9"
2024-01-21,URBANA,029_ZW Centro Cultural Vista Hermosa,0.0,MR76,False,Fin de Semana,Domingo,0.0,-7.658.815,0.43478260869565216,-0.09155055583383269,"263,4"
2024-01-22,URBANA,029_ZW Centro Cultural Vista Hermosa,0.0,MR76,False,Laboral,Lunes,0.0,-7.658.815,-0.5838509316770186,-0.17650790436480485,"281,0"
2024-01-23,URBANA,029_ZW Centro Cultural Vista Hermosa,0.0,MR76,False,Laboral,Martes,0.0,-7.658.815,0.3105590062111801,0.05289231654700496,"388,9"
2024-01-24,URBANA,029_ZW Centro Cultural Vista Hermosa,0.0,MR76,False,Laboral,Miércoles,0.0,-7.658.815,0.2111801242236025,1.4127611884379752,"929,7"
2024-01-25,URBANA,029_ZW Centro Cultural Vista Hermosa,0.0,MR76,False,Laboral,Jueves,0.0,-7.658.815,0.36024844720496896,1.5566659481761274,"830,4"
2024-01-26,URBANA,029_ZW Centro Cultural Vista Hermosa,0.0,MR76,False,Laboral,Viernes,0.0,-7.658.815,0.9813664596273292,1.4610604142213157,"863,1"
2024-01-27,URBANA,029_ZW Centro Cultural Vista Hermosa,0.0,MR76,False,Fin de Semana,Sábado,0.0,-7.658.815,-0.484472049689441,0.4903517126386941,"530,9"
2024-01-28,URBANA,029_ZW Centro Cultural Vista Hermosa,0.0,MR76,False,Fin de Semana,Domingo,0.0,-7.658.815,1.15527950310559,1.716548387316782,"1292,6"
2024-01-29,URBANA,029_ZW Centro Cultural Vista Hermosa,0.0,MR76,False,Laboral,Lunes,0.0,-7.658.815,-0.062111801242236024,0.37695532149964617,"512,9"
2024-01-30,URBANA,029_ZW Centro Cultural Vista Hermosa,0.0,MR76,False,Laboral,Martes,0.0,-7.658.815,-0.782608695652174,-0.0841358067045924,"381,4"
2024-01-31,URBANA,029_ZW Centro Cultural Vista Hermosa,0.0,MR76,False,Laboral,Miércoles,0.0,-7.658.815,-0.2857142857142857,0.749201287680301,"766,3"
2024-02-01,URBANA,029_ZW Centro Cultural Vista Hermosa,0.0,MR76,False,Laboral,Jueves,0.0,-7.658.815,1.2546583850931676,3.1881011741484206,"1533,0"
2024-02-02,URBANA,029_ZW Centro Cultural Vista Hermosa,0.0,MR76,False,Laboral,Viernes,0.0,-7.658.815,-0.7577639751552795,0.3587832630489684,"614,6"
2024-02-03,URBANA,029_ZW Centro Cultural Vista Hermosa,0.0,MR76,False,Fin de Semana,Sábado,0.0,-7.658.815,-0.2111801242236025,0.8236274477179122,"474,0"
2024-02-04,URBANA,029_ZW Centro Cultural Vista Hermosa,0.0,MR76,False,Fin de Semana,Domingo,0.0,-7.658.815,-0.037267080745341616,2.385714070579085,"1059,3"
2024-02-05,URBANA,029_ZW Centro Cultural Vista Hermosa,0.0,MR76,False,Laboral,Lunes,0.0,-7.658.815,-0.9316770186335404,0.675266185181881,"504,8"
2024-02-06,URBANA,029_ZW Centro Cultural Vista Hermosa,0.0,MR76,False,Laboral,Martes,0.0,-7.658.815,-0.3105590062111801,2.08857885210906,"1025,2"
2024-02-07,URBANA,029_ZW Centro Cultural Vista Hermosa,0.0,MR76,False,Laboral,Miércoles,0.0,-7.658.815,0.5341614906832298,1.096932277315499,"599,8"
2024-02-08,URBANA,029_ZW Centro Cultural Vista Hermosa,0.0,MR76,False,Laboral,Jueves,0.0,-7.658.815,-1.2298136645962734,0.7967042385799942,"608,0999999999999"
2024-02-09,URBANA,029_ZW Centro Cultural Vista Hermosa,0.0,MR76,False,Laboral,Viernes,0.0,-7.658.815,0.062111801242236024,1.7278146973686264,"1109,3"
2024-02-10,URBANA,029_ZW Centro Cultural Vista Hermosa,0.0,MR76,False,Fin de Semana,Sábado,0.0,-7.658.815,0.18633540372670807,1.950278227031445,"911,7"
2024-02-11,URBANA,029_ZW Centro Cultural Vista Hermosa,0.0,MR76,False,Fin de Semana,Domingo,0.0,-7.658.815,1.329192546583851,0.792512123211866,"613,1"
2024-02-12,URBANA,029_ZW Centro Cultural Vista Hermosa,0.0,MR76,False,Laboral,Lunes,0.0,-7.658.815,0.45962732919254656,-0.7028483488625092,"7,0"
2024-02-13,URBANA,029_ZW Centro Cultural Vista Hermosa,0.0,MR76,False,Laboral,Martes,0.0,-7.658.815,-0.7577639751552795,-0.7130541796947433,"2,0"
2024-02-14,URBANA,029_ZW Centro Cultural Vista Hermosa,0.0,MR76,False,Laboral,Miércoles,0.0,-7.658.815,0.7329192546583851,-0.7141531086098161,"1,5"
2024-02-15,URBANA,029_ZW Centro Cultural Vista Hermosa,0.0,MR76,False,Laboral,Jueves,0.0,-7.658.815,-0.782608695652174,-0.7125523196220651,"1,7"
2024-02-16,URBANA,029_ZW Centro Cultural Vista Hermosa,0.0,MR76,False,Laboral,Viernes,0.0,-7.658.815,-0.6583850931677019,-0.7117066094156804,"2,3"
2024-02-17,URBANA,029_ZW Centro Cultural Vista Hermosa,0.0,MR76,False,Fin de Semana,Sábado,0.0,-7.658.815,1.8012422360248448,-0.7104632195019419,"2,9"
2024-02-18,URBANA,029_ZW Centro Cultural Vista Hermosa,0.0,MR76,False,Fin de Semana,Domingo,0.0,-7.658.815,1.15527950310559,1.0632053030186168,"750,9"
2024-02-19,URBANA,029_ZW Centro Cultural Vista Hermosa,0.0,MR76,False,Laboral,Lunes,0.0,-7.658.815,-0.13664596273291926,2.565291542298304,"1223,0"
2024-02-20,URBANA,029_ZW Centro Cultural Vista Hermosa,0.0,MR76,False,Laboral,Martes,0.0,-7.658.815,-0.062111801242236024,1.9105172138599984,"1174,8"
2024-02-21,URBANA,029_ZW Centro Cultural Vista Hermosa,0.0,MR76,False,Laboral,Miércoles,0.0,-7.658.815,0.9316770186335404,2.4478167370334236,"1497,8"
2024-02-22,URBANA,029_ZW Centro Cultural Vista Hermosa,0.0,MR76,False,Laboral,Jueves,0.0,-7.658.815,-0.13664596273291926,2.5149293988065122,"1152,9"
2024-02-23,URBANA,029_ZW Centro Cultural Vista Hermosa,0.0,MR76,False,Laboral,Viernes,0.0,-7.658.815,0.40993788819875776,4.65093613336222,"2060,4"
2024-02-24,URBANA,029_ZW Centro Cultural Vista Hermosa,0.0,MR76,False,Fin de Semana,Sábado,0.0,-7.658.815,0.6086956521739131,2.566961723831675,"1427,8000000000002"
2024-02-25,URBANA,029_ZW Centro Cultural Vista Hermosa,0.0,MR76,False,Fin de Semana,Domingo,0.0,-7.658.815,0.2857142857142857,2.4172322014185466,"974,4"
2024-02-26,URBANA,029_ZW Centro Cultural Vista Hermosa,0.0,MR76,False,Laboral,Lunes,0.0,-7.658.815,-0.6335403726708074,1.2681636018063485,"973,5"
2024-02-27,URBANA,029_ZW Centro Cultural Vista Hermosa,0.0,MR76,False,Laboral,Martes,0.0,-7.658.815,-0.3105590062111801,0.28378658276821056,"470,0"
2024-02-28,URBANA,029_ZW Centro Cultural Vista Hermosa,0.0,MR76,False,Laboral,Miércoles,0.0,-7.658.815,0.45962732919254656,0.9438409698624421,"528,6"
2024-02-29,URBANA,029_ZW Centro Cultural Vista Hermosa,0.0,MR76,False,Laboral,Jueves,0.0,-7.658.815,0.16149068322981366,1.525149098993181,"1546,0"
2024-03-01,URBANA,029_ZW Centro Cultural Vista Hermosa,0.0,MR76,False,Laboral,Viernes,0.0,-7.658.815,1.0062111801242235,2.8320399664444014,"1615,1999999999998"
2024-03-02,URBANA,029_ZW Centro Cultural Vista Hermosa,0.0,MR76,False,Fin de Semana,Sábado,0.0,-7.658.815,-0.11180124223602485,1.5803156234798925,"1218,8"
2024-03-03,URBANA,029_ZW Centro Cultural Vista Hermosa,0.0,MR76,False,Fin de Semana,Domingo,0.0,-7.658.815,1.031055900621118,2.5382491391044524,"1275,2"
2024-03-04,URBANA,029_ZW Centro Cultural Vista Hermosa,0.0,MR76,False,Laboral,Lunes,0.0,-7.658.815,0.8074534161490683,1.562610454188401,"875,3"
2024-03-05,URBANA,029_ZW Centro Cultural Vista Hermosa,0.0,MR76,False,Laboral,Martes,0.0,-7.658.815,0.40993788819875776,1.7685818109046723,"984,6"
2024-03-06,URBANA,029_ZW Centro Cultural Vista Hermosa,0.0,MR76,False,Laboral,Miércoles,0.0,-7.658.815,2.1739130434782608,-0.10071256898115677,"277,7"
2024-03-07,URBANA,029_ZW Centro Cultural Vista Hermosa,0.0,MR76,False,Laboral,Jueves,0.0,-7.658.815,1.6770186335403727,-0.7111785669313303,"2,5"
2024-03-08,URBANA,029_ZW Centro Cultural Vista Hermosa,0.0,MR76,False,Laboral,Viernes,0.0,-7.658.815,-0.062111801242236024,0.48400073841724667,"612,8"
2024-03-09,URBANA,029_ZW Centro Cultural Vista Hermosa,0.0,MR76,False,Fin de Semana,Sábado,0.0,-7.658.815,0.13664596273291926,0.7232794184684964,"795,2"
2024-03-10,URBANA,029_ZW Centro Cultural Vista Hermosa,0.0,MR76,False,Fin de Semana,Domingo,0.0,-7.658.815,1.031055900621118,1.6828274551149012,"1372,9"
2024-03-11,URBANA,029_ZW Centro Cultural Vista Hermosa,0.0,MR76,False,Laboral,Lunes,0.0,-7.658.815,0.13664596273291926,0.6562797255625522,"797,5"
2024-03-12,URBANA,029_ZW Centro Cultural Vista Hermosa,0.0,MR76,False,Laboral,Martes,0.0,-7.658.815,0.9813664596273292,1.1465122441453128,"1153,8"
2024-03-13,URBANA,029_ZW Centro Cultural Vista Hermosa,0.0,MR76,False,Laboral,Miércoles,0.0,-7.658.815,0.08695652173913043,1.4797379946204299,"1620,0"
2024-03-14,URBANA,029_ZW Centro Cultural Vista Hermosa,0.0,MR76,False,Laboral,Jueves,0.0,-7.658.815,0.2360248447204969,0.49391233753229946,"681,0999999999999"
2024-03-15,URBANA,029_ZW Centro Cultural Vista Hermosa,0.0,MR76,False,Laboral,Viernes,0.0,-7.658.815,0.5341614906832298,2.37480717363292,"1295,7"
2024-03-16,URBANA,029_ZW Centro Cultural Vista Hermosa,0.0,MR76,False,Fin de Semana,Sábado,0.0,-7.658.815,0.062111801242236024,0.4224336212925625,"549,8"
2024-03-17,URBANA,029_ZW Centro Cultural Vista Hermosa,0.0,MR76,False,Fin de Semana,Domingo,0.0,-7.658.815,0.8571428571428571,1.311344257654705,"855,1"
2024-03-18,URBANA,029_ZW Centro Cultural Vista Hermosa,0.0,MR76,False,Laboral,Lunes,0.0,-7.658.815,0.43478260869565216,1.243343591010223,"891,4"
2024-03-19,URBANA,029_ZW Centro Cultural Vista Hermosa,0.0,MR76,False,Laboral,Martes,0.0,-7.658.815,-0.36024844720496896,-0.5695643104800092,"106,19999999999999"
2024-03-20,URBANA,029_ZW Centro Cultural Vista Hermosa,0.0,MR76,False,Laboral,Miércoles,0.0,-7.658.815,0.18633540372670807,-0.7089706389428494,"6,0"
2024-03-21,URBANA,029_ZW Centro Cultural Vista Hermosa,0.0,MR76,False,Laboral,Jueves,0.0,-7.658.815,0.6832298136645962,-0.7077849235723045,"5,2"
2024-03-22,URBANA,029_ZW Centro Cultural Vista Hermosa,0.0,MR76,False,Laboral,Viernes,0.0,-7.658.815,0.8322981366459627,-0.703855364696048,"6,9"
2024-03-23,URBANA,029_ZW Centro Cultural Vista Hermosa,0.0,MR76,False,Fin de Semana,Sábado,0.0,-7.658.815,-0.3105590062111801,-0.7122247648354831,"2,8"
2024-03-24,URBANA,029_ZW Centro Cultural Vista Hermosa,0.0,MR76,True,Festivo,Domingo,0.0,-7.658.815,0.2608695652173913,-0.6980392074291036,"10,9"
2024-03-25,URBANA,029_ZW Centro Cultural Vista Hermosa,0.0,MR76,True,Festivo,Lunes,0.0,-7.658.815,-0.9316770186335404,-0.5813268046971063,"104,9"
2024-03-26,URBANA,029_ZW Centro Cultural Vista Hermosa,0.0,MR76,False,Laboral,Martes,0.0,-7.658.815,0.16149068322981366,-0.10111207962638981,"431,40000000000003"
2024-03-27,URBANA,029_ZW Centro Cultural Vista Hermosa,0.0,MR76,False,Laboral,Miércoles,0.0,-7.658.815,-0.6335403726708074,0.4638128173616121,"797,8000000000001"
2024-03-28,URBANA,029_ZW Centro Cultural Vista Hermosa,0.0,MR76,True,Festivo,Jueves,0.0,-7.658.815,-1.2546583850931676,-0.5244397478853469,"164,1"
2024-03-29,URBANA,029_ZW Centro Cultural Vista Hermosa,0.0,MR76,True,Festivo,Viernes,0.0,-7.658.815,-0.484472049689441,0.3679776837967536,"597,1999999999999"
2024-03-30,URBANA,029_ZW Centro Cultural Vista Hermosa,0.0,MR76,False,Fin de Semana,Sábado,0.0,-7.658.815,-0.7329192546583851,-0.20823402974733926,"444,79999999999995"
2024-03-31,URBANA,029_ZW Centro Cultural Vista Hermosa,0.0,MR76,True,Festivo,Domingo,0.0,-7.658.815,-0.062111801242236024,0.8970832106795676,"1156,7"
2024-04-01,URBANA,029_ZW Centro Cultural Vista Hermosa,0.0,MR76,False,Laboral,Lunes,0.0,-7.658.815,-0.7080745341614907,-0.6570069740881552,"30,799999999999997"
2024-04-02,URBANA,029_ZW Centro Cultural Vista Hermosa,0.0,MR76,False,Laboral,Martes,0.0,-7.658.815,-1.6024844720496894,-0.715365189485821,"0,6"
2024-04-03,URBANA,029_ZW Centro Cultural Vista Hermosa,0.0,MR76,False,Laboral,Miércoles,0.0,-7.658.815,0.2111801242236025,-0.3706883873268522,"209,4"
2024-04-04,URBANA,029_ZW Centro Cultural Vista Hermosa,0.0,MR76,False,Laboral,Jueves,0.0,-7.658.815,-0.7577639751552795,-0.3612550291858364,"168,6"
2024-04-05,URBANA,029_ZW Centro Cultural Vista Hermosa,0.0,MR76,False,Laboral,Viernes,0.0,-7.658.815,0.2608695652173913,0.19316358006396106,"442,0"
2024-04-06,URBANA,029_ZW Centro Cultural Vista Hermosa,0.0,MR76,False,Fin de Semana,Sábado,0.0,-7.658.815,-1.204968944099379,-0.3105834571924664,"184,10000000000002"
2024-04-07,URBANA,029_ZW Centro Cultural Vista Hermosa,0.0,MR76,False,Fin de Semana,Domingo,0.0,-7.658.815,-0.2857142857142857,1.0019067844808058,"784,5"
2024-04-08,URBANA,029_ZW Centro Cultural Vista Hermosa,0.0,MR76,False,Laboral,Lunes,0.0,-7.658.815,-0.16149068322981366,-0.17793896541115747,"415,3"
2024-04-09,URBANA,029_ZW Centro Cultural Vista Hermosa,0.0,MR76,False,Laboral,Martes,0.0,-7.658.815,0.8074534161490683,0.9624594109680594,"1198,3000000000002"
2024-04-10,URBANA,029_ZW Centro Cultural Vista Hermosa,0.0,MR76,False,Laboral,Miércoles,0.0,-7.658.815,1.5776397515527951,0.5607194157733559,"1640,8"
2024-04-11,URBANA,029_ZW Centro Cultural Vista Hermosa,0.0,MR76,False,Laboral,Jueves,0.0,-7.658.815,0.43478260869565216,0.184770194638309,"1114,0"
2024-04-12,URBANA,029_ZW Centro Cultural Vista Hermosa,0.0,MR76,False,Laboral,Viernes,0.0,-7.658.815,0.484472049689441,0.49782944603097756,"976,5"
2024-04-13,URBANA,029_ZW Centro Cultural Vista Hermosa,0.0,MR76,False,Fin de Semana,Sábado,0.0,-7.658.815,0.2857142857142857,0.9038283858263986,"1039,9"
2024-04-14,URBANA,029_ZW Centro Cultural Vista Hermosa,0.0,MR76,False,Fin de Semana,Domingo,0.0,-7.658.815,0.8322981366459627,3.066901691955962,"2995,8"
2024-04-15,URBANA,029_ZW Centro Cultural Vista Hermosa,0.0,MR76,False,Laboral,Lunes,0.0,-7.658.815,-0.2608695652173913,-0.14415578132138512,"780,5"
2024-04-16,URBANA,029_ZW Centro Cultural Vista Hermosa,0.0,MR76,False,Laboral,Martes,0.0,-7.658.815,0.43478260869565216,-0.7095475674685732,"8,4"
2024-04-17,URBANA,029_ZW Centro Cultural Vista Hermosa,0.0,MR76,False,Laboral,Miércoles,0.0,-7.658.815,0.2111801242236025,-0.7098353909031774,"9,2"
2024-04-18,URBANA,029_ZW Centro Cultural Vista Hermosa,0.0,MR76,False,Laboral,Jueves,0.0,-7.658.815,-0.13664596273291926,0.18447083629506608,"1688,5"
2024-04-19,URBANA,029_ZW Centro Cultural Vista Hermosa,0.0,MR76,False,Laboral,Viernes,0.0,-7.658.815,-1.1801242236024845,-0.3893024341815596,"440,1"
2024-04-20,URBANA,029_ZW Centro Cultural Vista Hermosa,0.0,MR76,False,Fin de Semana,Sábado,0.0,-7.658.815,-0.8074534161490683,-0.0378938227222778,"474,0"
2024-04-21,URBANA,029_ZW Centro Cultural Vista Hermosa,0.0,MR76,False,Fin de Semana,Domingo,0.0,-7.658.815,0.16149068322981366,-0.39449259378761864,"283,8"
2024-04-22,URBANA,029_ZW Centro Cultural Vista Hermosa,0.0,MR76,False,Laboral,Lunes,0.0,-7.658.815,-0.6086956521739131,-0.47136452064421364,"287,4"
2024-04-23,URBANA,029_ZW Centro Cultural Vista Hermosa,0.0,MR76,False,Laboral,Martes,0.0,-7.658.815,0.012422360248447204,-0.0044158559769616745,"211,70000000000002"
2024-04-24,URBANA,029_ZW Centro Cultural Vista Hermosa,0.0,MR76,False,Laboral,Miércoles,0.0,-7.658.815,1.0559006211180124,-0.06538187619591712,"193,5"
2024-04-25,URBANA,029_ZW Centro Cultural Vista Hermosa,0.0,MR76,False,Laboral,Jueves,0.0,-7.658.815,0.2111801242236025,0.1301985418685371,"389,5"
2024-04-26,URBANA,029_ZW Centro Cultural Vista Hermosa,0.0,MR76,False,Laboral,Viernes,0.0,-7.658.815,0.012422360248447204,-0.5178058937615689,"108,1"
2024-04-27,URBANA,029_ZW Centro Cultural Vista Hermosa,0.0,MR76,False,Fin de Semana,Sábado,0.0,-7.658.815,-0.037267080745341616,-0.2521091603332618,"207,8"
2024-04-28,URBANA,029_ZW Centro Cultural Vista Hermosa,0.0,MR76,False,Fin de Semana,Domingo,0.0,-7.658.815,0.2360248447204969,-0.2660120209310987,"332,70000000000005"
2024-04-29,URBANA,029_ZW Centro Cultural Vista Hermosa,0.0,MR76,False,Laboral,Lunes,0.0,-7.658.815,0.7080745341614907,-0.10638133574882865,"415,9"
2024-04-30,URBANA,029_ZW Centro Cultural Vista Hermosa,0.0,MR76,False,Laboral,Martes,0.0,-7.658.815,-0.2360248447204969,-0.711934561181636,"3,6"
2024-05-01,URBANA,029_ZW Centro Cultural Vista Hermosa,0.0,MR76,True,Festivo,Miércoles,0.0,-7.658.815,0.5093167701863354,-0.7080454660325092,"8,4"
2024-05-02,URBANA,029_ZW Centro Cultural Vista Hermosa,0.0,MR76,False,Laboral,Jueves,0.0,-7.658.815,-0.08695652173913043,-0.7096588884916263,"6,9"
2024-05-03,URBANA,029_ZW Centro Cultural Vista Hermosa,0.0,MR76,False,Laboral,Viernes,0.0,-7.658.815,-0.6832298136645962,-0.6977416800237399,"21,900000000000002"
2024-05-04,URBANA,029_ZW Centro Cultural Vista Hermosa,0.0,MR76,False,Fin de Semana,Sábado,0.0,-7.658.815,-0.6086956521739131,-0.36468840389684004,"265,8"
2024-05-05,URBANA,029_ZW Centro Cultural Vista Hermosa,0.0,MR76,False,Fin de Semana,Domingo,0.0,-7.658.815,-0.782608695652174,-0.04439328600572525,"595,0999999999999"
2024-05-06,URBANA,029_ZW Centro Cultural Vista Hermosa,0.0,MR76,False,Laboral,Lunes,0.0,-7.658.815,0.062111801242236024,-0.3130063372879608,"460,70000000000005"
2024-05-07,URBANA,029_ZW Centro Cultural Vista Hermosa,0.0,MR76,False,Laboral,Martes,0.0,-7.658.815,-0.38509316770186336,0.0010088467714179795,"646,0"
2024-05-08,URBANA,029_ZW Centro Cultural Vista Hermosa,0.0,MR76,False,Laboral,Miércoles,0.0,-7.658.815,-0.18633540372670807,0.9899430701907888,"1176,3000000000002"
2024-05-09,URBANA,029_ZW Centro Cultural Vista Hermosa,0.0,MR76,False,Laboral,Jueves,0.0,-7.658.815,-0.5093167701863354,-0.058327455641295836,"407,7"
2024-05-10,URBANA,029_ZW Centro Cultural Vista Hermosa,0.0,MR76,False,Laboral,Viernes,0.0,-7.658.815,-0.5093167701863354,0.06894543059012913,"543,4"
2024-05-11,URBANA,029_ZW Centro Cultural Vista Hermosa,0.0,MR76,False,Fin de Semana,Sábado,0.0,-7.658.815,-0.8819875776397516,-0.4741094627126526,"177,4"
2024-05-12,URBANA,029_ZW Centro Cultural Vista Hermosa,0.0,MR76,False,Fin de Semana,Domingo,0.0,-7.658.815,-0.5590062111801242,0.027241609235104186,"984,3"
2024-05-13,URBANA,029_ZW Centro Cultural Vista Hermosa,0.0,MR76,True,Festivo,Lunes,0.0,-7.658.815,0.037267080745341616,0.6570948591063549,"1340,3"
2024-05-14,URBANA,029_ZW Centro Cultural Vista Hermosa,0.0,MR76,False,Laboral,Martes,0.0,-7.658.815,-0.9565217391304348,-0.3525630177920931,"915,9000000000001"
2024-05-15,URBANA,029_ZW Centro Cultural Vista Hermosa,0.0,MR76,False,Laboral,Miércoles,0.0,-7.658.815,-1.8509316770186335,-0.7151425474397148,"0,9"
2024-05-16,URBANA,029_ZW Centro Cultural Vista Hermosa,0.0,MR76,False,Laboral,Jueves,0.0,-7.658.815,0.7080745341614907,2.530437625736798,"2172,7"
2024-05-17,URBANA,029_ZW Centro Cultural Vista Hermosa,0.0,MR76,False,Laboral,Viernes,0.0,-7.658.815,0.2111801242236025,2.018138094553019,"1436,4"
2024-05-18,URBANA,029_ZW Centro Cultural Vista Hermosa,0.0,MR76,False,Fin de Semana,Sábado,0.0,-7.658.815,-0.36024844720496896,-0.0010088467714179795,"355,8"
2024-05-19,URBANA,029_ZW Centro Cultural Vista Hermosa,0.0,MR76,False,Fin de Semana,Domingo,0.0,-7.658.815,0.38509316770186336,1.0398306345843018,"820,2"
2024-05-20,URBANA,029_ZW Centro Cultural Vista Hermosa,0.0,MR76,False,Laboral,Lunes,0.0,-7.658.815,-0.6086956521739131,0.38098759599092347,"851,1"
2024-05-23,URBANA,029_ZW Centro Cultural Vista Hermosa,0.0,MR76,False,Laboral,Jueves,0.0,-7.658.815,0.9316770186335404,1.2855355404038327,"2058,6000000000004"
2024-05-24,URBANA,029_ZW Centro Cultural Vista Hermosa,0.0,MR76,False,Laboral,Viernes,0.0,-7.658.815,1.7018633540372672,1.0890438645569196,"2088,7999999999997"
2024-05-25,URBANA,029_ZW Centro Cultural Vista Hermosa,0.0,MR76,False,Fin de Semana,Sábado,0.0,-7.658.815,-0.3105590062111801,0.9885316001797432,"1307,1"
2024-05-26,URBANA,029_ZW Centro Cultural Vista Hermosa,0.0,MR76,False,Fin de Semana,Domingo,0.0,-7.658.815,0.38509316770186336,1.0109607722932592,"1365,1"
2024-05-27,URBANA,029_ZW Centro Cultural Vista Hermosa,0.0,MR76,False,Laboral,Lunes,0.0,-7.658.815,-0.11180124223602485,0.5747887086244086,"829,2"
2024-05-28,URBANA,029_ZW Centro Cultural Vista Hermosa,0.0,MR76,False,Laboral,Martes,0.0,-7.658.815,-0.3105590062111801,0.22503782832091965,"690,2"
2024-05-29,URBANA,029_ZW Centro Cultural Vista Hermosa,0.0,MR76,False,Laboral,Miércoles,0.0,-7.658.815,-0.7080745341614907,0.26045768778087447,"1066,3000000000002"
2024-05-30,URBANA,029_ZW Centro Cultural Vista Hermosa,0.0,MR76,False,Laboral,Jueves,0.0,-7.658.815,0.16149068322981366,0.18115427542075296,"409,6"
2024-05-31,URBANA,029_ZW Centro Cultural Vista Hermosa,0.0,MR76,False,Laboral,Viernes,0.0,-7.658.815,-0.36024844720496896,-0.28968659699002053,"250,5"
2024-06-01,URBANA,029_ZW Centro Cultural Vista Hermosa,0.0,MR76,False,Fin de Semana,Sábado,0.0,-7.658.815,0.9316770186335404,0.5488205166842612,"690,1"
2024-06-02,URBANA,029_ZW Centro Cultural Vista Hermosa,0.0,MR76,False,Fin de Semana,Domingo,0.0,-7.658.815,0.7080745341614907,-0.6707977812877874,"25,3"
2024-06-03,URBANA,029_ZW Centro Cultural Vista Hermosa,0.0,MR76,True,Festivo,Lunes,0.0,-7.658.815,-0.3105590062111801,-0.712327663544292,"3,0"
2024-06-04,URBANA,029_ZW Centro Cultural Vista Hermosa,0.0,MR76,False,Laboral,Martes,0.0,-7.658.815,-0.43478260869565216,-0.7139634234455349,"2,6"
2024-06-05,URBANA,029_ZW Centro Cultural Vista Hermosa,0.0,MR76,False,Laboral,Miércoles,0.0,-7.658.815,-0.037267080745341616,-0.7080659725367557,"15,4"
2024-06-06,URBANA,029_ZW Centro Cultural Vista Hermosa,0.0,MR76,False,Laboral,Jueves,0.0,-7.658.815,0.36024844720496896,-0.689400293233856,"23,9"
2024-06-07,URBANA,029_ZW Centro Cultural Vista Hermosa,0.0,MR76,False,Laboral,Viernes,0.0,-7.658.815,0.8074534161490683,-0.700006000898899,"18,3"
2024-06-08,URBANA,029_ZW Centro Cultural Vista Hermosa,0.0,MR76,False,Fin de Semana,Sábado,0.0,-7.658.815,-1.031055900621118,-0.7138722427391526,"4,0"
2024-06-09,URBANA,029_ZW Centro Cultural Vista Hermosa,0.0,MR76,False,Fin de Semana,Domingo,0.0,-7.658.815,0.36024844720496896,-0.7110276976500873,"9,6"
2024-06-10,URBANA,029_ZW Centro Cultural Vista Hermosa,0.0,MR76,True,Festivo,Lunes,0.0,-7.658.815,-0.8571428571428571,-0.7127894260774166,"3,3"
2024-06-11,URBANA,029_ZW Centro Cultural Vista Hermosa,0.0,MR76,False,Laboral,Martes,0.0,-7.658.815,-0.18633540372670807,-0.712952013361086,"2,8"
2024-06-12,URBANA,029_ZW Centro Cultural Vista Hermosa,0.0,MR76,False,Laboral,Miércoles,0.0,-7.658.815,-1.329192546583851,-0.715336443761118,"0,6"
2024-06-13,URBANA,029_ZW Centro Cultural Vista Hermosa,0.0,MR76,False,Laboral,Jueves,0.0,-7.658.815,-0.16149068322981366,-0.15292029785514324,"59887522900,0"
2024-06-14,URBANA,029_ZW Centro Cultural Vista Hermosa,0.0,MR76,False,Laboral,Viernes,0.0,-7.658.815,-1.0559006211180124,-0.2656024401275303,"73956480500,0"
2024-06-15,URBANA,029_ZW Centro Cultural Vista Hermosa,0.0,MR76,False,Fin de Semana,Sábado,0.0,-7.658.815,-1.1801242236024845,0.1569674029432418,"85549252700,0"
2024-06-16,URBANA,029_ZW Centro Cultural Vista Hermosa,0.0,MR76,False,Fin de Semana,Domingo,0.0,-7.658.815,-0.8322981366459627,-0.16951170763474088,"17451779800,0"
2024-06-17,URBANA,029_ZW Centro Cultural Vista Hermosa,0.0,MR76,False,Laboral,Lunes,0.0,-7.658.815,-1.0559006211180124,0.27151105975737233,"863,2"
2024-06-18,URBANA,029_ZW Centro Cultural Vista Hermosa,0.0,MR76,False,Laboral,Martes,0.0,-7.658.815,-0.6832298136645962,-0.016758574407965094,"603,3"
2024-06-19,URBANA,029_ZW Centro Cultural Vista Hermosa,0.0,MR76,False,Laboral,Miércoles,0.0,-7.658.815,-0.5341614906832298,-0.20456830901947007,"396,3"
2024-06-20,URBANA,029_ZW Centro Cultural Vista Hermosa,0.0,MR76,False,Laboral,Jueves,0.0,-7.658.815,-0.782608695652174,-0.2945210053661585,"461,0"
2024-06-21,URBANA,029_ZW Centro Cultural Vista Hermosa,0.0,MR76,False,Laboral,Viernes,0.0,-7.658.815,-0.5093167701863354,-0.1973749202798204,"486,7"
2024-06-22,URBANA,029_ZW Centro Cultural Vista Hermosa,0.0,MR76,False,Fin de Semana,Sábado,0.0,-7.658.815,0.037267080745341616,-0.008329485693669354,"731,4"
2024-06-23,URBANA,029_ZW Centro Cultural Vista Hermosa,0.0,MR76,False,Fin de Semana,Domingo,0.0,-7.658.815,0.2360248447204969,-0.5061550867551007,"450,1"
2024-06-24,URBANA,029_ZW Centro Cultural Vista Hermosa,0.0,MR76,False,Laboral,Lunes,0.0,-7.658.815,-0.13664596273291926,-0.7132541181111477,"3,0"
2024-06-25,URBANA,029_ZW Centro Cultural Vista Hermosa,0.0,MR76,False,Laboral,Martes,0.0,-7.658.815,0.6832298136645962,-0.7098095746790812,"8,6"
2024-06-26,URBANA,029_ZW Centro Cultural Vista Hermosa,0.0,MR76,False,Laboral,Miércoles,0.0,-7.658.815,0.13664596273291926,-0.7102834214022082,"8,2"
2024-06-27,URBANA,029_ZW Centro Cultural Vista Hermosa,0.0,MR76,False,Laboral,Jueves,0.0,-7.658.815,-1.6521739130434783,-0.6901156406632444,"42,3"
2024-06-28,URBANA,029_ZW Centro Cultural Vista Hermosa,0.0,MR76,False,Laboral,Viernes,0.0,-7.658.815,0.43478260869565216,-0.2019861373284886,"483,1"
2024-06-29,URBANA,029_ZW Centro Cultural Vista Hermosa,0.0,MR76,False,Fin de Semana,Sábado,0.0,-7.658.815,-0.5341614906832298,0.04039177127081782,"700,5999999999999"
2024-06-30,URBANA,029_ZW Centro Cultural Vista Hermosa,0.0,MR76,False,Fin de Semana,Domingo,0.0,-7.658.815,-0.037267080745341616,-0.2134851595847744,"589,6"
2024-07-01,URBANA,029_ZW Centro Cultural Vista Hermosa,0.0,MR76,True,Festivo,Lunes,0.0,-7.658.815,0.11180124223602485,0.04103955709246516,"574,51"
2024-07-02,URBANA,029_ZW Centro Cultural Vista Hermosa,0.0,MR76,False,Laboral,Martes,0.0,-7.658.815,-0.5590062111801242,-0.12155486723480365,"349,77"
2024-07-03,URBANA,029_ZW Centro Cultural Vista Hermosa,0.0,MR76,False,Laboral,Miércoles,0.0,-7.658.815,1.2546583850931676,-0.4731584735782161,"157,83"
2024-07-04,URBANA,029_ZW Centro Cultural Vista Hermosa,0.0,MR76,False,Laboral,Jueves,0.0,-7.658.815,0.037267080745341616,-0.7127288220336163,"2,34"
2024-07-05,URBANA,029_ZW Centro Cultural Vista Hermosa,0.0,MR76,False,Laboral,Viernes,0.0,-7.658.815,0.2608695652173913,0.4820363251666943,"768,0799999999999"
2024-07-06,URBANA,029_ZW Centro Cultural Vista Hermosa,0.0,MR76,False,Fin de Semana,Sábado,0.0,-7.658.815,-0.08695652173913043,0.18715682216379598,"586,0699999999999"
2024-07-07,URBANA,029_ZW Centro Cultural Vista Hermosa,0.0,MR76,False,Fin de Semana,Domingo,0.0,-7.658.815,0.45962732919254656,0.24447158606412758,"594,67"
2024-07-08,URBANA,029_ZW Centro Cultural Vista Hermosa,0.0,MR76,False,Laboral,Lunes,0.0,-7.658.815,0.5838509316770186,0.18795328014123122,"888,74"
2024-07-09,URBANA,029_ZW Centro Cultural Vista Hermosa,0.0,MR76,False,Laboral,Martes,0.0,-7.658.815,0.2360248447204969,-0.11027702227432054,"569,81"
2024-07-10,URBANA,029_ZW Centro Cultural Vista Hermosa,0.0,MR76,False,Laboral,Miércoles,0.0,-7.658.815,0.037267080745341616,0.02038218356461359,"582,51"
2024-07-11,URBANA,029_ZW Centro Cultural Vista Hermosa,0.0,MR76,False,Laboral,Jueves,0.0,-7.658.815,0.6086956521739131,0.43945035794148934,"855,34"
2024-07-12,URBANA,029_ZW Centro Cultural Vista Hermosa,0.0,MR76,False,Laboral,Viernes,0.0,-7.658.815,0.6335403726708074,0.4512981738637554,"1005,4300000000001"
2024-07-13,URBANA,029_ZW Centro Cultural Vista Hermosa,0.0,MR76,False,Fin de Semana,Sábado,0.0,-7.658.815,0.012422360248447204,0.05397183752055857,"597,02"
2024-07-14,URBANA,029_ZW Centro Cultural Vista Hermosa,0.0,MR76,False,Fin de Semana,Domingo,0.0,-7.658.815,0.484472049689441,0.14620624865225806,"740,65"
2024-07-15,URBANA,029_ZW Centro Cultural Vista Hermosa,0.0,MR76,False,Laboral,Lunes,0.0,-7.658.815,-0.18633540372670807,0.15957941892165356,"855,63"
2024-07-16,URBANA,029_ZW Centro Cultural Vista Hermosa,0.0,MR76,False,Laboral,Martes,0.0,-7.658.815,-0.36024844720496896,0.09214561064456017,"702,74"
2024-07-17,URBANA,029_ZW Centro Cultural Vista Hermosa,0.0,MR76,False,Laboral,Miércoles,0.0,-7.658.815,-2.1739130434782608,-0.6933474291137524,"27,490000000000002"
2024-07-19,URBANA,029_ZW Centro Cultural Vista Hermosa,0.0,MR76,False,Laboral,Viernes,0.0,-7.658.815,0.40993788819875776,0.1451904443168993,"655,49"
2024-07-20,URBANA,029_ZW Centro Cultural Vista Hermosa,0.0,MR76,True,Festivo,Sábado,0.0,-7.658.815,0.062111801242236024,0.03769937711951085,"528,63"
2024-07-21,URBANA,029_ZW Centro Cultural Vista Hermosa,0.0,MR76,False,Fin de Semana,Domingo,0.0,-7.658.815,3.3664596273291925,-0.05527162032097531,"551,38"
2024-07-22,URBANA,029_ZW Centro Cultural Vista Hermosa,0.0,MR76,False,Laboral,Lunes,0.0,-7.658.815,-0.062111801242236024,-0.41702448151615573,"235,04999999999998"
2024-07-23,URBANA,029_ZW Centro Cultural Vista Hermosa,0.0,MR76,False,Laboral,Martes,0.0,-7.658.815,-0.18633540372670807,-0.23059051362705268,"382,83"
2024-07-24,URBANA,029_ZW Centro Cultural Vista Hermosa,0.0,MR76,False,Laboral,Miércoles,0.0,-7.658.815,0.5341614906832298,-0.394893569183155,"277,57"
2024-07-25,URBANA,029_ZW Centro Cultural Vista Hermosa,0.0,MR76,False,Laboral,Jueves,0.0,-7.658.815,-0.012422360248447204,0.027557812206835376,"642,4499999999999"
2024-07-26,URBANA,029_ZW Centro Cultural Vista Hermosa,0.0,MR76,False,Laboral,Viernes,0.0,-7.658.815,0.6832298136645962,-0.025584061173099294,"496,74"
2024-07-27,URBANA,029_ZW Centro Cultural Vista Hermosa,0.0,MR76,False,Fin de Semana,Sábado,0.0,-7.658.815,-0.11180124223602485,-0.018436995161792428,"651,71"
2024-07-28,URBANA,029_ZW Centro Cultural Vista Hermosa,0.0,MR76,False,Fin de Semana,Domingo,0.0,-7.658.815,1.1304347826086956,-0.16379789979524165,"638,35"
2024-07-29,URBANA,029_ZW Centro Cultural Vista Hermosa,0.0,MR76,False,Laboral,Lunes,0.0,-7.658.815,0.484472049689441,-0.3617292420965392,"310,38"
2024-07-30,URBANA,029_ZW Centro Cultural Vista Hermosa,0.0,MR76,False,Laboral,Martes,0.0,-7.658.815,0.5590062111801242,0.6273606110425602,"1072,32"
2024-07-31,URBANA,029_ZW Centro Cultural Vista Hermosa,0.0,MR76,False,Laboral,Miércoles,0.0,-7.658.815,0.9813664596273292,0.3740606087126918,"989,01"
2024-08-01,URBANA,029_ZW Centro Cultural Vista Hermosa,0.0,MR76,False,Laboral,Jueves,0.0,-7.658.815,0.5093167701863354,-0.6895738661448005,"21,64"
2024-08-02,URBANA,029_ZW Centro Cultural Vista Hermosa,0.0,MR76,False,Laboral,Viernes,0.0,-7.658.815,0.6832298136645962,-0.7094364295393081,"6,08"
2024-08-03,URBANA,029_ZW Centro Cultural Vista Hermosa,0.0,MR76,False,Fin de Semana,Sábado,0.0,-7.658.815,-0.2608695652173913,-0.7119365752133031,"4,66"
2024-08-04,URBANA,029_ZW Centro Cultural Vista Hermosa,0.0,MR76,False,Fin de Semana,Domingo,0.0,-7.658.815,1.4782608695652173,-0.7096676769934462,"5,619999999999999"
2024-08-05,URBANA,029_ZW Centro Cultural Vista Hermosa,0.0,MR76,False,Laboral,Lunes,0.0,-7.658.815,-1.15527950310559,-0.7143676945292537,"1,3800000000000001"
2024-08-06,URBANA,029_ZW Centro Cultural Vista Hermosa,0.0,MR76,False,Laboral,Martes,0.0,-7.658.815,-0.13664596273291926,-0.6039991253609751,"58,96"
2024-08-07,URBANA,029_ZW Centro Cultural Vista Hermosa,0.0,MR76,True,Festivo,Miércoles,0.0,-7.658.815,0.2360248447204969,-0.10052837663051312,"399,94"
2024-08-08,URBANA,029_ZW Centro Cultural Vista Hermosa,0.0,MR76,False,Laboral,Jueves,0.0,-7.658.815,1.329192546583851,-0.5073995752315668,"143,01999999999998"
2024-08-09,URBANA,029_ZW Centro Cultural Vista Hermosa,0.0,MR76,False,Laboral,Viernes,0.0,-7.658.815,0.6335403726708074,-0.7085046652526028,"7,68"
2024-08-10,URBANA,029_ZW Centro Cultural Vista Hermosa,0.0,MR76,False,Fin de Semana,Sábado,0.0,-7.658.815,-0.012422360248447204,-0.45929937239569113,"265,51"
2024-08-11,URBANA,029_ZW Centro Cultural Vista Hermosa,0.0,MR76,False,Fin de Semana,Domingo,0.0,-7.658.815,-0.11180124223602485,0.20349464704712977,"871,66"
2024-08-12,URBANA,029_ZW Centro Cultural Vista Hermosa,0.0,MR76,False,Laboral,Lunes,0.0,-7.658.815,-0.2111801242236025,-0.310523219336242,"474,86"
2024-08-13,URBANA,029_ZW Centro Cultural Vista Hermosa,0.0,MR76,False,Laboral,Martes,0.0,-7.658.815,0.2360248447204969,-0.3251042593245203,"241,73000000000002"
2024-08-14,URBANA,029_ZW Centro Cultural Vista Hermosa,0.0,MR76,False,Laboral,Miércoles,0.0,-7.658.815,1.4782608695652173,-0.2150702025067645,"363,21"
2024-08-15,URBANA,029_ZW Centro Cultural Vista Hermosa,0.0,MR76,False,Laboral,Jueves,0.0,-7.658.815,1.1801242236024845,-0.23587606509661607,"393,8"
2024-08-16,URBANA,029_ZW Centro Cultural Vista Hermosa,0.0,MR76,False,Laboral,Viernes,0.0,-7.658.815,-0.2111801242236025,-0.290997914699076,"316,36"
2024-08-17,URBANA,029_ZW Centro Cultural Vista Hermosa,0.0,MR76,False,Fin de Semana,Sábado,0.0,-7.658.815,-0.45962732919254656,0.014603743617979939,"578,8499999999999"
2024-08-18,URBANA,029_ZW Centro Cultural Vista Hermosa,0.0,MR76,False,Fin de Semana,Domingo,0.0,-7.658.815,-0.38509316770186336,0.26916654380310606,"814,3199999999999"
2024-08-19,URBANA,029_ZW Centro Cultural Vista Hermosa,0.0,MR76,True,Festivo,Lunes,0.0,-7.658.815,-0.5093167701863354,0.10667813077904072,"616,89"
2024-08-20,URBANA,029_ZW Centro Cultural Vista Hermosa,0.0,MR76,False,Laboral,Martes,0.0,-7.658.815,-0.037267080745341616,-0.43820568637123536,"375,81"
2024-08-21,URBANA,029_ZW Centro Cultural Vista Hermosa,0.0,MR76,False,Laboral,Miércoles,0.0,-7.658.815,0.11180124223602485,0.39174215890554226,"1762,23"
2024-08-22,URBANA,029_ZW Centro Cultural Vista Hermosa,0.0,MR76,False,Laboral,Jueves,0.0,-7.658.815,0.8074534161490683,0.11401250173538581,"1206,48"
2024-08-23,URBANA,029_ZW Centro Cultural Vista Hermosa,0.0,MR76,False,Laboral,Viernes,0.0,-7.658.815,0.6335403726708074,-0.7130538135071675,"6,83"
2024-08-24,URBANA,029_ZW Centro Cultural Vista Hermosa,0.0,MR76,False,Fin de Semana,Sábado,0.0,-7.658.815,0.16149068322981366,-0.7132193302914437,"10,76"
2024-08-25,URBANA,029_ZW Centro Cultural Vista Hermosa,0.0,MR76,False,Fin de Semana,Domingo,0.0,-7.658.815,0.40993788819875776,-0.7133332146275275,"14,600000000000001"
2024-08-26,URBANA,029_ZW Centro Cultural Vista Hermosa,0.0,MR76,False,Laboral,Lunes,0.0,-7.658.815,-2.347826086956522,-0.7161114797653672,"0,11"
2024-10-24,URBANA,029_ZW Centro Cultural Vista Hermosa,0.0,MR76,False,Laboral,Jueves,0.0,-7.658.815,-0.6583850931677019,-0.3949937214851451,"3784,26"
2024-10-25,URBANA,029_ZW Centro Cultural Vista Hermosa,0.0,MR76,False,Laboral,Viernes,0.0,-7.658.815,-0.6583850931677019,-0.3569592827337477,"438,21000000000004"
2024-10-26,URBANA,029_ZW Centro Cultural Vista Hermosa,0.0,MR76,False,Fin de Semana,Sábado,0.0,-7.658.815,-1.1304347826086956,-0.49695553938125375,"155,02"
2024-10-27,URBANA,029_ZW Centro Cultural Vista Hermosa,0.0,MR76,False,Fin de Semana,Domingo,0.0,-7.658.815,-0.38509316770186336,-0.7114013920712242,"2,59"
2024-10-28,URBANA,029_ZW Centro Cultural Vista Hermosa,0.0,MR76,False,Laboral,Lunes,0.0,-7.658.815,-1.3788819875776397,-0.6129743828446247,"93,55999999999999"
2024-10-29,URBANA,029_ZW Centro Cultural Vista Hermosa,0.0,MR76,False,Laboral,Martes,0.0,-7.658.815,-1.204968944099379,-0.3508695833476566,"314,68"
2024-10-30,URBANA,029_ZW Centro Cultural Vista Hermosa,0.0,MR76,False,Laboral,Miércoles,0.0,-7.658.815,-1.0807453416149069,-0.5786225094495848,"153,29"
2024-10-31,URBANA,029_ZW Centro Cultural Vista Hermosa,0.0,MR76,False,Laboral,Jueves,0.0,-7.658.815,-1.1801242236024845,-0.5555655087373043,"186,92"
2024-11-01,URBANA,029_ZW Centro Cultural Vista Hermosa,0.0,MR76,False,Laboral,Viernes,0.0,-7.658.815,-1.2546583850931676,-0.548272883164604,"165,78"
2024-11-02,URBANA,029_ZW Centro Cultural Vista Hermosa,0.0,MR76,False,Fin de Semana,Sábado,0.0,-7.658.815,-1.1304347826086956,-0.5372900022964539,"157,19"
2024-11-03,URBANA,029_ZW Centro Cultural Vista Hermosa,0.0,MR76,False,Fin de Semana,Domingo,0.0,-7.658.815,-1.4285714285714286,-0.23803547323129914,"443,89"
2024-11-04,URBANA,029_ZW Centro Cultural Vista Hermosa,0.0,MR76,True,Festivo,Lunes,0.0,-7.658.815,-1.4037267080745341,-0.4680523540208105,"204,24"
2024-11-05,URBANA,029_ZW Centro Cultural Vista Hermosa,0.0,MR76,False,Laboral,Martes,0.0,-7.658.815,-0.2857142857142857,0.04195630768856131,"567,01"
2024-11-06,URBANA,029_ZW Centro Cultural Vista Hermosa,0.0,MR76,False,Laboral,Miércoles,0.0,-7.658.815,-0.9316770186335404,0.5244078895662494,"1082,06"
2024-11-07,URBANA,029_ZW Centro Cultural Vista Hermosa,0.0,MR76,False,Laboral,Jueves,0.0,-7.658.815,-0.6335403726708074,0.23583377043160744,"584,62"
2024-11-08,URBANA,029_ZW Centro Cultural Vista Hermosa,0.0,MR76,False,Laboral,Viernes,0.0,-7.658.815,0.2360248447204969,0.5749591689409586,"570,21"
2024-11-09,URBANA,029_ZW Centro Cultural Vista Hermosa,0.0,MR76,False,Fin de Semana,Sábado,0.0,-7.658.815,-0.8571428571428571,-0.45360222609089224,"86,11"
2024-11-10,URBANA,029_ZW Centro Cultural Vista Hermosa,0.0,MR76,False,Fin de Semana,Domingo,0.0,-7.658.815,0.5093167701863354,-0.45329829040295144,"74,1"
2024-11-11,URBANA,029_ZW Centro Cultural Vista Hermosa,0.0,MR76,True,Festivo,Lunes,0.0,-7.658.815,-0.5838509316770186,-0.2728668692568914,"137,84"
2024-11-12,URBANA,029_ZW Centro Cultural Vista Hermosa,0.0,MR76,False,Laboral,Martes,0.0,-7.658.815,0.2608695652173913,0.7549467707451097,"420,33000000000004"
2024-11-13,URBANA,029_ZW Centro Cultural Vista Hermosa,0.0,MR76,False,Laboral,Miércoles,0.0,-7.658.815,1.15527950310559,-0.20013927028977843,"173,95"
2024-11-14,URBANA,029_ZW Centro Cultural Vista Hermosa,0.0,MR76,False,Laboral,Jueves,0.0,-7.658.815,0.8819875776397516,0.42735463303038485,"325,33"
2024-11-15,URBANA,029_ZW Centro Cultural Vista Hermosa,0.0,MR76,False,Laboral,Viernes,0.0,-7.658.815,0.5838509316770186,0.48174776935693847,"359,15"
2024-11-16,URBANA,029_ZW Centro Cultural Vista Hermosa,0.0,MR76,False,Fin de Semana,Sábado,0.0,-7.658.815,-0.062111801242236024,-0.3821861279266226,"99,05"
2024-11-17,URBANA,029_ZW Centro Cultural Vista Hermosa,0.0,MR76,False,Fin de Semana,Domingo,0.0,-7.658.815,0.2360248447204969,-0.13694280154642843,"184,13"
2024-11-18,URBANA,029_ZW Centro Cultural Vista Hermosa,0.0,MR76,False,Laboral,Lunes,0.0,-7.658.815,-0.062111801242236024,0.015751558574426273,"248,68"
2024-11-19,URBANA,029_ZW Centro Cultural Vista Hermosa,0.0,MR76,False,Laboral,Martes,0.0,-7.658.815,0.36024844720496896,-0.4424113506796693,"93,57"
2024-11-20,URBANA,029_ZW Centro Cultural Vista Hermosa,0.0,MR76,False,Laboral,Miércoles,0.0,-7.658.815,1.950310559006211,1.6032483035101779,"663,8299999999999"
2024-11-21,URBANA,029_ZW Centro Cultural Vista Hermosa,0.0,MR76,False,Laboral,Jueves,0.0,-7.658.815,0.3105590062111801,0.4318519657429692,"347,25"
2024-11-22,URBANA,029_ZW Centro Cultural Vista Hermosa,0.0,MR76,False,Laboral,Viernes,0.0,-7.658.815,0.5341614906832298,0.6144277813331032,"359,98"
2024-11-23,URBANA,029_ZW Centro Cultural Vista Hermosa,0.0,MR76,False,Fin de Semana,Sábado,0.0,-7.658.815,1.6521739130434783,0.5436911442157903,"359,03999999999996"
2024-11-24,URBANA,029_ZW Centro Cultural Vista Hermosa,0.0,MR76,False,Fin de Semana,Domingo,0.0,-7.658.815,0.012422360248447204,-0.6286120570829672,"64,56"
2024-11-25,URBANA,029_ZW Centro Cultural Vista Hermosa,0.0,MR76,False,Laboral,Lunes,0.0,-7.658.815,0.36024844720496896,-0.2323604812748381,"642,4399999999999"
2024-11-26,URBANA,029_ZW Centro Cultural Vista Hermosa,0.0,MR76,False,Laboral,Martes,0.0,-7.658.815,-0.5590062111801242,-0.525544169614057,"132,18"
2024-11-27,URBANA,029_ZW Centro Cultural Vista Hermosa,0.0,MR76,False,Laboral,Miércoles,0.0,-7.658.815,1.8012422360248448,1.0607642966381188,"499,72"
2024-11-28,URBANA,029_ZW Centro Cultural Vista Hermosa,0.0,MR76,False,Laboral,Jueves,0.0,-7.658.815,4.881987577639752,4.398640583552859,"1326,75"
2024-11-29,URBANA,029_ZW Centro Cultural Vista Hermosa,0.0,MR76,False,Laboral,Viernes,0.0,-7.658.815,0.6583850931677019,0.38099986327471386,"269,62"
2024-11-30,URBANA,029_ZW Centro Cultural Vista Hermosa,0.0,MR76,False,Fin de Semana,Sábado,0.0,-7.658.815,-0.8074534161490683,0.06589527117723401,"187,39000000000001"
2024-12-01,URBANA,029_ZW Centro Cultural Vista Hermosa,0.0,MR76,False,Fin de Semana,Domingo,0.0,-7.658.815,0.45962732919254656,0.6271722075347945,"303,59"
2024-12-02,URBANA,029_ZW Centro Cultural Vista Hermosa,0.0,MR76,False,Laboral,Lunes,0.0,-7.658.815,0.5341614906832298,0.8017230224005637,"397,3"
