FECHA.CONEXION,AREA,NOMBRE.ZONA,COMUNA,MODEL,es_festivo,tipo_dia,dia_semana,LATITUD,LONGITUD,NUMERO.CONEXIONES,USAGE.KB,PORCENTAJE.USO
2024-01-01,URBANA,050_ZW Parque Calima,0.0,MR76,True,Festivo,Lunes,3.484.254,-765.012.764,-0.6,4.92911748365901,"413,3"
2024-01-02,URBANA,050_ZW Parque Calima,0.0,MR76,False,Laboral,Martes,3.484.254,-765.012.764,-0.7333333333333333,1.5108663296730431,"133,2"
2024-01-03,URBANA,050_ZW Parque Calima,0.0,MR76,False,Laboral,Miércoles,3.484.254,-765.012.764,-0.7333333333333333,2.249904320331415,"137,0"
2024-01-04,URBANA,050_ZW Parque Calima,0.0,MR76,False,Laboral,Jueves,3.484.254,-765.012.764,-1.2,2.464313198307259,"171,9"
2024-01-05,URBANA,050_ZW Parque Calima,0.0,MR76,False,Laboral,Viernes,3.484.254,-765.012.764,-0.7333333333333333,1.7916995315468556,"122,3"
2024-01-06,URBANA,050_ZW Parque Calima,0.0,MR76,False,Fin de Semana,Sábado,3.484.254,-765.012.764,-0.2,5.50013237402177,"525,4"
2024-01-07,URBANA,050_ZW Parque Calima,0.0,MR76,False,Fin de Semana,Domingo,3.484.254,-765.012.764,-0.3333333333333333,6.338723859560079,"462,4"
2024-01-08,URBANA,050_ZW Parque Calima,0.0,MR76,True,Festivo,Lunes,3.484.254,-765.012.764,-0.8666666666666667,12.631941234164843,"585,3"
2024-01-09,URBANA,050_ZW Parque Calima,0.0,MR76,False,Laboral,Martes,3.484.254,-765.012.764,-0.7333333333333333,1.84412650292526,"105,3"
2024-01-10,URBANA,050_ZW Parque Calima,0.0,MR76,False,Laboral,Miércoles,3.484.254,-765.012.764,0.06666666666666667,1.0371346854230825,"64,3"
2024-01-11,URBANA,050_ZW Parque Calima,0.0,MR76,False,Laboral,Jueves,3.484.254,-765.012.764,0.26666666666666666,-0.016498055542219083,"0,7"
2024-01-12,URBANA,050_ZW Parque Calima,0.0,MR76,False,Laboral,Viernes,3.484.254,-765.012.764,0.2,-0.017230570854395433,"0,6"
2024-01-13,URBANA,050_ZW Parque Calima,0.0,MR76,False,Fin de Semana,Sábado,3.484.254,-765.012.764,-0.4666666666666667,1.7861713729175097,"146,8"
2024-01-14,URBANA,050_ZW Parque Calima,0.0,MR76,False,Fin de Semana,Domingo,3.484.254,-765.012.764,-0.2,7.087687844223897,"655,4"
2024-01-15,URBANA,050_ZW Parque Calima,0.0,MR76,False,Laboral,Lunes,3.484.254,-765.012.764,0.26666666666666666,7.1239144301401245,"753,6"
2024-01-16,URBANA,050_ZW Parque Calima,0.0,MR76,False,Laboral,Martes,3.484.254,-765.012.764,0.2,7.076689140529084,"605,5"
2024-01-17,URBANA,050_ZW Parque Calima,0.0,MR76,False,Laboral,Miércoles,3.484.254,-765.012.764,0.6,2.9512671554674585,"217,1"
2024-01-18,URBANA,050_ZW Parque Calima,0.0,MR76,False,Laboral,Jueves,3.484.254,-765.012.764,1.0666666666666667,0.04255447568227491,"4,2"
2024-01-19,URBANA,050_ZW Parque Calima,0.0,MR76,False,Laboral,Viernes,3.484.254,-765.012.764,0.4,0.0,"1,3"
2024-01-20,URBANA,050_ZW Parque Calima,0.0,MR76,False,Fin de Semana,Sábado,3.484.254,-765.012.764,-0.4,0.04697563083423069,"4,2"
2024-01-21,URBANA,050_ZW Parque Calima,0.0,MR76,False,Fin de Semana,Domingo,3.484.254,-765.012.764,-0.5333333333333333,-0.013068676739895336,"0,8"
2024-01-22,URBANA,050_ZW Parque Calima,0.0,MR76,False,Laboral,Lunes,3.484.254,-765.012.764,1.0,2.7313671561533344,"191,8"
2024-01-23,URBANA,050_ZW Parque Calima,0.0,MR76,False,Laboral,Martes,3.484.254,-765.012.764,-0.06666666666666667,3.2026337629201844,"218,0"
2024-01-24,URBANA,050_ZW Parque Calima,0.0,MR76,False,Laboral,Miércoles,3.484.254,-765.012.764,-0.4,2.312224363678763,"136,4"
2024-01-25,URBANA,050_ZW Parque Calima,0.0,MR76,False,Laboral,Jueves,3.484.254,-765.012.764,1.6,8.51230804052154,"416,5"
2024-01-26,URBANA,050_ZW Parque Calima,0.0,MR76,False,Laboral,Viernes,3.484.254,-765.012.764,0.7333333333333333,0.7206414310111866,"39,6"
2024-01-27,URBANA,050_ZW Parque Calima,0.0,MR76,False,Fin de Semana,Sábado,3.484.254,-765.012.764,0.2,0.008378658289837379,"2,1"
2024-01-28,URBANA,050_ZW Parque Calima,0.0,MR76,False,Fin de Semana,Domingo,3.484.254,-765.012.764,-0.2,-0.02420181208375915,"0,2"
2024-01-29,URBANA,050_ZW Parque Calima,0.0,MR76,False,Laboral,Lunes,3.484.254,-765.012.764,0.5333333333333333,-0.020540607274398315,"0,4"
2024-01-30,URBANA,050_ZW Parque Calima,0.0,MR76,False,Laboral,Martes,3.484.254,-765.012.764,1.1333333333333333,-0.0151084712515175,"1,0"
2024-01-31,URBANA,050_ZW Parque Calima,0.0,MR76,False,Laboral,Miércoles,3.484.254,-765.012.764,1.2,-0.0043525675759093,"1,6"
2024-02-01,URBANA,050_ZW Parque Calima,0.0,MR76,False,Laboral,Jueves,3.484.254,-765.012.764,0.7333333333333333,-0.017385578776260468,"0,5"
2024-02-02,URBANA,050_ZW Parque Calima,0.0,MR76,False,Laboral,Viernes,3.484.254,-765.012.764,0.0,-0.024561210982242676,"0,2"
2024-02-03,URBANA,050_ZW Parque Calima,0.0,MR76,False,Fin de Semana,Sábado,3.484.254,-765.012.764,0.2,-0.006270276202168739,"0,9"
2024-02-04,URBANA,050_ZW Parque Calima,0.0,MR76,False,Fin de Semana,Domingo,3.484.254,-765.012.764,-0.4666666666666667,-0.023762851597061707,"0,2"
2024-02-05,URBANA,050_ZW Parque Calima,0.0,MR76,False,Laboral,Lunes,3.484.254,-765.012.764,-0.7333333333333333,-0.01732110645477678,"0,5"
2024-02-06,URBANA,050_ZW Parque Calima,0.0,MR76,False,Laboral,Martes,3.484.254,-765.012.764,-0.4666666666666667,-0.025879464193855926,"0,1"
2024-02-07,URBANA,050_ZW Parque Calima,0.0,MR76,False,Laboral,Miércoles,3.484.254,-765.012.764,0.26666666666666666,-0.02131427513220255,"0,3"
2024-02-08,URBANA,050_ZW Parque Calima,0.0,MR76,False,Laboral,Jueves,3.484.254,-765.012.764,-0.13333333333333333,-0.02137051694456066,"0,3"
2024-02-09,URBANA,050_ZW Parque Calima,0.0,MR76,False,Laboral,Viernes,3.484.254,-765.012.764,0.2,-0.016920555010665368,"0,6"
2024-02-10,URBANA,050_ZW Parque Calima,0.0,MR76,False,Fin de Semana,Sábado,3.484.254,-765.012.764,-0.6,-0.024351332999540464,"0,1"
2024-02-11,URBANA,050_ZW Parque Calima,0.0,MR76,False,Fin de Semana,Domingo,3.484.254,-765.012.764,-0.13333333333333333,-0.02353514084458741,"0,2"
2024-02-12,URBANA,050_ZW Parque Calima,0.0,MR76,False,Laboral,Lunes,3.484.254,-765.012.764,-0.2,-0.004879320159946228,"1,6"
2024-02-13,URBANA,050_ZW Parque Calima,0.0,MR76,False,Laboral,Martes,3.484.254,-765.012.764,0.4,-0.016327958353623825,"0,9"
2024-02-14,URBANA,050_ZW Parque Calima,0.0,MR76,False,Laboral,Miércoles,3.484.254,-765.012.764,0.4666666666666667,0.08824340358987373,"11,1"
2024-02-15,URBANA,050_ZW Parque Calima,0.0,MR76,False,Laboral,Jueves,3.484.254,-765.012.764,0.06666666666666667,1.6585175481313315,"105,2"
2024-02-16,URBANA,050_ZW Parque Calima,0.0,MR76,False,Laboral,Viernes,3.484.254,-765.012.764,-0.7333333333333333,2.5118128382224842,"175,5"
2024-02-17,URBANA,050_ZW Parque Calima,0.0,MR76,False,Fin de Semana,Sábado,3.484.254,-765.012.764,-1.0,8.02542815794347,"555,2"
2024-02-18,URBANA,050_ZW Parque Calima,0.0,MR76,False,Fin de Semana,Domingo,3.484.254,-765.012.764,-0.8,6.239592864148588,"353,0"
2024-02-19,URBANA,050_ZW Parque Calima,0.0,MR76,False,Laboral,Lunes,3.484.254,-765.012.764,-0.5333333333333333,5.200934162785753,"260,1"
2024-02-20,URBANA,050_ZW Parque Calima,0.0,MR76,False,Laboral,Martes,3.484.254,-765.012.764,0.13333333333333333,3.7800451306250387,"227,3"
2024-02-21,URBANA,050_ZW Parque Calima,0.0,MR76,False,Laboral,Miércoles,3.484.254,-765.012.764,0.3333333333333333,4.307672892132319,"273,9"
2024-02-22,URBANA,050_ZW Parque Calima,0.0,MR76,False,Laboral,Jueves,3.484.254,-765.012.764,1.3333333333333333,2.1416237422753244,"103,3"
2024-02-23,URBANA,050_ZW Parque Calima,0.0,MR76,False,Laboral,Viernes,3.484.254,-765.012.764,0.8666666666666667,0.08872763187676184,"5,9"
2024-02-24,URBANA,050_ZW Parque Calima,0.0,MR76,False,Fin de Semana,Sábado,3.484.254,-765.012.764,-0.4,0.011736706013072792,"2,3"
2024-02-25,URBANA,050_ZW Parque Calima,0.0,MR76,False,Fin de Semana,Domingo,3.484.254,-765.012.764,0.2,-0.022382869567006632,"0,2"
2024-02-26,URBANA,050_ZW Parque Calima,0.0,MR76,False,Laboral,Lunes,3.484.254,-765.012.764,0.26666666666666666,-0.008749031200488344,"1,2"
2024-02-27,URBANA,050_ZW Parque Calima,0.0,MR76,False,Laboral,Martes,3.484.254,-765.012.764,0.6,-0.014744957098471182,"0,8"
2024-02-28,URBANA,050_ZW Parque Calima,0.0,MR76,False,Laboral,Miércoles,3.484.254,-765.012.764,1.0,-0.015144136791061667,"0,5"
2024-02-29,URBANA,050_ZW Parque Calima,0.0,MR76,False,Laboral,Jueves,3.484.254,-765.012.764,0.26666666666666666,-0.014245639544852846,"1,2"
2024-03-01,URBANA,050_ZW Parque Calima,0.0,MR76,False,Laboral,Viernes,3.484.254,-765.012.764,1.3333333333333333,-0.012292265379049238,"0,9"
2024-03-02,URBANA,050_ZW Parque Calima,0.0,MR76,False,Fin de Semana,Sábado,3.484.254,-765.012.764,-0.13333333333333333,-0.022484379179555414,"0,3"
2024-03-03,URBANA,050_ZW Parque Calima,0.0,MR76,False,Fin de Semana,Domingo,3.484.254,-765.012.764,-0.9333333333333333,-0.024321154466080016,"0,2"
2024-03-04,URBANA,050_ZW Parque Calima,0.0,MR76,False,Laboral,Lunes,3.484.254,-765.012.764,1.8666666666666667,0.006235982414145502,"1,7"
2024-03-05,URBANA,050_ZW Parque Calima,0.0,MR76,False,Laboral,Martes,3.484.254,-765.012.764,1.4666666666666666,-0.00747193053450298,"1,0"
2024-03-06,URBANA,050_ZW Parque Calima,0.0,MR76,False,Laboral,Miércoles,3.484.254,-765.012.764,0.4666666666666667,-0.02102072030672364,"0,4"
2024-03-07,URBANA,050_ZW Parque Calima,0.0,MR76,False,Laboral,Jueves,3.484.254,-765.012.764,0.7333333333333333,-0.020365023079719338,"0,5"
2024-03-08,URBANA,050_ZW Parque Calima,0.0,MR76,False,Laboral,Viernes,3.484.254,-765.012.764,1.4666666666666666,0.024991940959814538,"3,6"
2024-03-09,URBANA,050_ZW Parque Calima,0.0,MR76,False,Fin de Semana,Sábado,3.484.254,-765.012.764,0.3333333333333333,-0.020347190309947256,"0,5"
2024-03-10,URBANA,050_ZW Parque Calima,0.0,MR76,False,Fin de Semana,Domingo,3.484.254,-765.012.764,-0.4,-0.021467911302546657,"0,4"
2024-03-11,URBANA,050_ZW Parque Calima,0.0,MR76,False,Laboral,Lunes,3.484.254,-765.012.764,1.1333333333333333,-0.006220893147415277,"1,6"
2024-03-12,URBANA,050_ZW Parque Calima,0.0,MR76,False,Laboral,Martes,3.484.254,-765.012.764,0.5333333333333333,0.000577507390311319,"2,3"
2024-03-13,URBANA,050_ZW Parque Calima,0.0,MR76,False,Laboral,Miércoles,3.484.254,-765.012.764,1.2666666666666666,-0.001080940198492445,"2,6"
2024-03-14,URBANA,050_ZW Parque Calima,0.0,MR76,False,Laboral,Jueves,3.484.254,-765.012.764,0.7333333333333333,-0.020853366621170242,"0,5"
2024-03-15,URBANA,050_ZW Parque Calima,0.0,MR76,False,Laboral,Viernes,3.484.254,-765.012.764,1.3333333333333333,-0.010654394063059418,"0,9"
2024-03-16,URBANA,050_ZW Parque Calima,0.0,MR76,False,Fin de Semana,Sábado,3.484.254,-765.012.764,-0.6,-0.023377389419680518,"0,2"
2024-03-17,URBANA,050_ZW Parque Calima,0.0,MR76,False,Fin de Semana,Domingo,3.484.254,-765.012.764,-0.6666666666666666,-0.016676383239939918,"0,6"
2024-03-18,URBANA,050_ZW Parque Calima,0.0,MR76,False,Laboral,Lunes,3.484.254,-765.012.764,0.8666666666666667,-0.012249741081900424,"0,9"
2024-03-19,URBANA,050_ZW Parque Calima,0.0,MR76,False,Laboral,Martes,3.484.254,-765.012.764,0.26666666666666666,-0.02143224576300249,"0,6"
2024-03-20,URBANA,050_ZW Parque Calima,0.0,MR76,False,Laboral,Miércoles,3.484.254,-765.012.764,-0.13333333333333333,-0.005006893051392671,"2,5"
2024-03-21,URBANA,050_ZW Parque Calima,0.0,MR76,False,Laboral,Jueves,3.484.254,-765.012.764,0.5333333333333333,-0.015124932269768654,"1,0"
2024-03-22,URBANA,050_ZW Parque Calima,0.0,MR76,False,Laboral,Viernes,3.484.254,-765.012.764,1.0666666666666667,0.020352677316030975,"3,6"
2024-03-23,URBANA,050_ZW Parque Calima,0.0,MR76,False,Fin de Semana,Sábado,3.484.254,-765.012.764,-0.7333333333333333,-0.02370798153622453,"0,3"
2024-03-24,URBANA,050_ZW Parque Calima,0.0,MR76,True,Festivo,Domingo,3.484.254,-765.012.764,-0.8666666666666667,-0.020384227601012352,"0,5"
2024-03-25,URBANA,050_ZW Parque Calima,0.0,MR76,True,Festivo,Lunes,3.484.254,-765.012.764,-1.0666666666666667,1.0408425297841548,"111,0"
2024-03-26,URBANA,050_ZW Parque Calima,0.0,MR76,False,Laboral,Martes,3.484.254,-765.012.764,-1.0,2.635725896611088,"249,3"
2024-03-27,URBANA,050_ZW Parque Calima,0.0,MR76,False,Laboral,Miércoles,3.484.254,-765.012.764,-0.13333333333333333,1.963204137202587,"179,6"
2024-03-28,URBANA,050_ZW Parque Calima,0.0,MR76,True,Festivo,Jueves,3.484.254,-765.012.764,-0.9333333333333333,1.2390290742734862,"144,7"
2024-03-29,URBANA,050_ZW Parque Calima,0.0,MR76,True,Festivo,Viernes,3.484.254,-765.012.764,-1.2666666666666666,0.42755437280091085,"33,4"
2024-03-30,URBANA,050_ZW Parque Calima,0.0,MR76,False,Fin de Semana,Sábado,3.484.254,-765.012.764,-0.9333333333333333,1.5536677206290852,"184,8"
2024-03-31,URBANA,050_ZW Parque Calima,0.0,MR76,True,Festivo,Domingo,3.484.254,-765.012.764,-1.4666666666666666,1.4590100069273453,"142,2"
2024-04-01,URBANA,050_ZW Parque Calima,0.0,MR76,False,Laboral,Lunes,3.484.254,-765.012.764,0.13333333333333333,6.23175879121256,"435,0"
2024-04-02,URBANA,050_ZW Parque Calima,0.0,MR76,False,Laboral,Martes,3.484.254,-765.012.764,-1.6,-0.01981220721678475,"0,8"
2024-04-03,URBANA,050_ZW Parque Calima,0.0,MR76,False,Laboral,Miércoles,3.484.254,-765.012.764,0.0,1.109290187175495,"92,0"
2024-04-04,URBANA,050_ZW Parque Calima,0.0,MR76,False,Laboral,Jueves,3.484.254,-765.012.764,-0.6,1.0696383377115068,"69,6"
2024-04-05,URBANA,050_ZW Parque Calima,0.0,MR76,False,Laboral,Viernes,3.484.254,-765.012.764,0.5333333333333333,2.168189082229645,"142,4"
2024-04-06,URBANA,050_ZW Parque Calima,0.0,MR76,False,Fin de Semana,Sábado,3.484.254,-765.012.764,-0.4666666666666667,0.9796528096900528,"61,0"
2024-04-07,URBANA,050_ZW Parque Calima,0.0,MR76,False,Fin de Semana,Domingo,3.484.254,-765.012.764,-0.6,-0.021960370098560347,"0,3"
2024-04-08,URBANA,050_ZW Parque Calima,0.0,MR76,False,Laboral,Lunes,3.484.254,-765.012.764,-0.06666666666666667,-0.021005631039993415,"0,6"
2024-04-09,URBANA,050_ZW Parque Calima,0.0,MR76,False,Laboral,Martes,3.484.254,-765.012.764,0.26666666666666666,-0.007469187031461121,"1,9"
2024-04-10,URBANA,050_ZW Parque Calima,0.0,MR76,False,Laboral,Miércoles,3.484.254,-765.012.764,0.26666666666666666,-0.018230577713153038,"1,5"
2024-04-11,URBANA,050_ZW Parque Calima,0.0,MR76,False,Laboral,Jueves,3.484.254,-765.012.764,0.8666666666666667,0.0018203142682734449,"4,8"
2024-04-12,URBANA,050_ZW Parque Calima,0.0,MR76,False,Laboral,Viernes,3.484.254,-765.012.764,0.6,-0.011089239295194068,"1,7"
2024-04-13,URBANA,050_ZW Parque Calima,0.0,MR76,False,Fin de Semana,Sábado,3.484.254,-765.012.764,0.06666666666666667,-0.0014129040665573837,"2,2"
2024-04-14,URBANA,050_ZW Parque Calima,0.0,MR76,False,Fin de Semana,Domingo,3.484.254,-765.012.764,-1.2,-0.00971611602274364,"1,9"
2024-04-15,URBANA,050_ZW Parque Calima,0.0,MR76,False,Laboral,Lunes,3.484.254,-765.012.764,0.8,-0.013600916330015981,"2,5"
2024-04-16,URBANA,050_ZW Parque Calima,0.0,MR76,False,Laboral,Martes,3.484.254,-765.012.764,1.4,0.0034280070508028175,"5,3"
2024-04-17,URBANA,050_ZW Parque Calima,0.0,MR76,False,Laboral,Miércoles,3.484.254,-765.012.764,0.8666666666666667,-0.01568460689030789,"2,3"
2024-04-18,URBANA,050_ZW Parque Calima,0.0,MR76,False,Laboral,Jueves,3.484.254,-765.012.764,0.4666666666666667,-0.011208581677514935,"4,0"
2024-04-19,URBANA,050_ZW Parque Calima,0.0,MR76,False,Laboral,Viernes,3.484.254,-765.012.764,0.5333333333333333,-0.01053505168073855,"3,0"
2024-04-20,URBANA,050_ZW Parque Calima,0.0,MR76,False,Fin de Semana,Sábado,3.484.254,-765.012.764,-0.7333333333333333,1.6431662768606095,"155,8"
2024-04-21,URBANA,050_ZW Parque Calima,0.0,MR76,False,Fin de Semana,Domingo,3.484.254,-765.012.764,0.13333333333333333,10.854774038230715,"1282,0"
2024-04-22,URBANA,050_ZW Parque Calima,0.0,MR76,False,Laboral,Lunes,3.484.254,-765.012.764,-0.26666666666666666,-0.02221963113601602,"0,8"
2024-04-23,URBANA,050_ZW Parque Calima,0.0,MR76,False,Laboral,Martes,3.484.254,-765.012.764,0.06666666666666667,4.788765355043587,"191,2"
2024-04-24,URBANA,050_ZW Parque Calima,0.0,MR76,False,Laboral,Miércoles,3.484.254,-765.012.764,1.0,0.39178458014115325,"16,6"
2024-04-25,URBANA,050_ZW Parque Calima,0.0,MR76,False,Laboral,Jueves,3.484.254,-765.012.764,-0.13333333333333333,-0.02334172388013635,"0,2"
2024-04-26,URBANA,050_ZW Parque Calima,0.0,MR76,False,Laboral,Viernes,3.484.254,-765.012.764,0.3333333333333333,-0.015397910822433624,"0,9"
2024-04-27,URBANA,050_ZW Parque Calima,0.0,MR76,False,Fin de Semana,Sábado,3.484.254,-765.012.764,-0.26666666666666666,-0.022131839038676535,"0,3"
2024-04-28,URBANA,050_ZW Parque Calima,0.0,MR76,False,Fin de Semana,Domingo,3.484.254,-765.012.764,-0.8,-0.02392471827653139,"0,3"
2024-04-29,URBANA,050_ZW Parque Calima,0.0,MR76,False,Laboral,Lunes,3.484.254,-765.012.764,0.4666666666666667,-0.020891775663756267,"0,6"
2024-04-30,URBANA,050_ZW Parque Calima,0.0,MR76,False,Laboral,Martes,3.484.254,-765.012.764,0.7333333333333333,0.016905465743935144,"5,1"
2024-05-01,URBANA,050_ZW Parque Calima,0.0,MR76,True,Festivo,Miércoles,3.484.254,-765.012.764,-0.9333333333333333,-0.023148306915685292,"0,6"
2024-05-02,URBANA,050_ZW Parque Calima,0.0,MR76,False,Laboral,Jueves,3.484.254,-765.012.764,0.6666666666666666,-0.005252436573639051,"3,1"
2024-05-03,URBANA,050_ZW Parque Calima,0.0,MR76,False,Laboral,Viernes,3.484.254,-765.012.764,1.2666666666666666,0.0022030329426127753,"4,7"
2024-05-04,URBANA,050_ZW Parque Calima,0.0,MR76,False,Fin de Semana,Sábado,3.484.254,-765.012.764,-0.26666666666666666,-0.020219617418500813,"0,7"
2024-05-05,URBANA,050_ZW Parque Calima,0.0,MR76,False,Fin de Semana,Domingo,3.484.254,-765.012.764,-0.6,-0.018478864738441278,"1,0"
2024-05-06,URBANA,050_ZW Parque Calima,0.0,MR76,False,Laboral,Lunes,3.484.254,-765.012.764,0.2,0.003050775382547205,"4,6"
2024-05-07,URBANA,050_ZW Parque Calima,0.0,MR76,False,Laboral,Martes,3.484.254,-765.012.764,0.8666666666666667,-0.01861741164205516,"1,0"
2024-05-08,URBANA,050_ZW Parque Calima,0.0,MR76,False,Laboral,Miércoles,3.484.254,-765.012.764,0.06666666666666667,-0.019450064815259363,"0,7"
2024-05-09,URBANA,050_ZW Parque Calima,0.0,MR76,False,Laboral,Jueves,3.484.254,-765.012.764,-0.8666666666666667,-0.026425421299185865,"0,1"
2024-05-10,URBANA,050_ZW Parque Calima,0.0,MR76,False,Laboral,Viernes,3.484.254,-765.012.764,0.0,0.0032016680498494505,"2,8"
2024-05-11,URBANA,050_ZW Parque Calima,0.0,MR76,False,Fin de Semana,Sábado,3.484.254,-765.012.764,-0.8,-0.018458288465627335,"0,9"
2024-05-12,URBANA,050_ZW Parque Calima,0.0,MR76,False,Fin de Semana,Domingo,3.484.254,-765.012.764,-0.5333333333333333,-0.02313596115199693,"0,7"
2024-05-13,URBANA,050_ZW Parque Calima,0.0,MR76,True,Festivo,Lunes,3.484.254,-765.012.764,-1.0666666666666667,0.2711266881117154,"38,9"
2024-05-14,URBANA,050_ZW Parque Calima,0.0,MR76,False,Laboral,Martes,3.484.254,-765.012.764,-0.4,0.9440846645038717,"326,6"
2024-05-15,URBANA,050_ZW Parque Calima,0.0,MR76,False,Laboral,Miércoles,3.484.254,-765.012.764,-0.8666666666666667,2.573545771918875,"306,8"
2024-05-16,URBANA,050_ZW Parque Calima,0.0,MR76,False,Laboral,Jueves,3.484.254,-765.012.764,-0.8666666666666667,0.4858483254343308,"45,8"
2024-05-17,URBANA,050_ZW Parque Calima,0.0,MR76,False,Laboral,Viernes,3.484.254,-765.012.764,0.06666666666666667,2.0894135076372264,"148,4"
2024-05-18,URBANA,050_ZW Parque Calima,0.0,MR76,False,Fin de Semana,Sábado,3.484.254,-765.012.764,-0.5333333333333333,-0.015083779724140768,"0,8"
2024-05-19,URBANA,050_ZW Parque Calima,0.0,MR76,False,Fin de Semana,Domingo,3.484.254,-765.012.764,-1.1333333333333333,-0.026237491340818524,"0,1"
2024-05-20,URBANA,050_ZW Parque Calima,0.0,MR76,False,Laboral,Lunes,3.484.254,-765.012.764,0.6666666666666666,0.0002208519948696493,"2,8"
2024-05-21,URBANA,050_ZW Parque Calima,0.0,MR76,False,Laboral,Martes,3.484.254,-765.012.764,-0.13333333333333333,-0.020875314645505114,"0,6"
2024-05-22,URBANA,050_ZW Parque Calima,0.0,MR76,False,Laboral,Miércoles,3.484.254,-765.012.764,0.8,-0.007986337354851542,"5,4"
2024-05-23,URBANA,050_ZW Parque Calima,0.0,MR76,False,Laboral,Jueves,3.484.254,-765.012.764,1.2,0.06446683447760272,"12,6"
2024-05-24,URBANA,050_ZW Parque Calima,0.0,MR76,False,Laboral,Viernes,3.484.254,-765.012.764,0.8,1.6313623550230112,"256,2"
2024-05-25,URBANA,050_ZW Parque Calima,0.0,MR76,False,Fin de Semana,Sábado,3.484.254,-765.012.764,-0.8,0.4122662021001516,"45,0"
2024-05-26,URBANA,050_ZW Parque Calima,0.0,MR76,False,Fin de Semana,Domingo,3.484.254,-765.012.764,-1.4666666666666666,0.7846350112140686,"85,7"
2024-05-27,URBANA,050_ZW Parque Calima,0.0,MR76,False,Laboral,Lunes,3.484.254,-765.012.764,0.13333333333333333,1.4628138738948826,"127,8"
2024-05-28,URBANA,050_ZW Parque Calima,0.0,MR76,False,Laboral,Martes,3.484.254,-765.012.764,-0.4666666666666667,0.8027188115144823,"81,2"
2024-05-29,URBANA,050_ZW Parque Calima,0.0,MR76,False,Laboral,Miércoles,3.484.254,-765.012.764,-0.4666666666666667,1.3052627247100461,"194,2"
2024-05-30,URBANA,050_ZW Parque Calima,0.0,MR76,False,Laboral,Jueves,3.484.254,-765.012.764,-0.4666666666666667,0.16917262807015138,"12,0"
2024-05-31,URBANA,050_ZW Parque Calima,0.0,MR76,False,Laboral,Viernes,3.484.254,-765.012.764,0.6666666666666666,0.7213698310688001,"58,7"
2024-06-01,URBANA,050_ZW Parque Calima,0.0,MR76,False,Fin de Semana,Sábado,3.484.254,-765.012.764,-0.8666666666666667,-0.023061886569866734,"0,3"
2024-06-02,URBANA,050_ZW Parque Calima,0.0,MR76,False,Fin de Semana,Domingo,3.484.254,-765.012.764,-0.8,-0.007963017578995741,"1,4"
2024-06-03,URBANA,050_ZW Parque Calima,0.0,MR76,True,Festivo,Lunes,3.484.254,-765.012.764,-0.9333333333333333,-0.02444186859992181,"0,3"
2024-06-04,URBANA,050_ZW Parque Calima,0.0,MR76,False,Laboral,Martes,3.484.254,-765.012.764,0.0,-0.018044019506306627,"1,5"
2024-06-05,URBANA,050_ZW Parque Calima,0.0,MR76,False,Laboral,Miércoles,3.484.254,-765.012.764,0.13333333333333333,-0.006286737220419893,"5,3"
2024-06-06,URBANA,050_ZW Parque Calima,0.0,MR76,False,Laboral,Jueves,3.484.254,-765.012.764,0.0,-0.013541931014616012,"1,6"
2024-06-07,URBANA,050_ZW Parque Calima,0.0,MR76,False,Laboral,Viernes,3.484.254,-765.012.764,0.3333333333333333,-0.01732796521238143,"1,5"
2024-06-08,URBANA,050_ZW Parque Calima,0.0,MR76,False,Fin de Semana,Sábado,3.484.254,-765.012.764,-0.4,0.004857372135611355,"7,4"
2024-06-09,URBANA,050_ZW Parque Calima,0.0,MR76,False,Fin de Semana,Domingo,3.484.254,-765.012.764,-0.8666666666666667,-0.026337629201846378,"0,2"
2024-06-10,URBANA,050_ZW Parque Calima,0.0,MR76,True,Festivo,Lunes,3.484.254,-765.012.764,-1.2666666666666666,-0.026370551238348687,"0,1"
2024-06-11,URBANA,050_ZW Parque Calima,0.0,MR76,False,Laboral,Martes,3.484.254,-765.012.764,0.26666666666666666,-0.0004499344988648756,"3,1"
2024-06-12,URBANA,050_ZW Parque Calima,0.0,MR76,False,Laboral,Miércoles,3.484.254,-765.012.764,-0.13333333333333333,-0.007469187031461121,"1,9"
2024-06-13,URBANA,050_ZW Parque Calima,0.0,MR76,False,Laboral,Jueves,3.484.254,-765.012.764,0.0,-0.020558440044170397,"94774800,0"
2024-06-14,URBANA,050_ZW Parque Calima,0.0,MR76,False,Laboral,Viernes,3.484.254,-765.012.764,-0.4,-0.008056296682418947,"420243300,0"
2024-06-15,URBANA,050_ZW Parque Calima,0.0,MR76,False,Fin de Semana,Sábado,3.484.254,-765.012.764,-1.0666666666666667,0.09142038011234645,"1551832400,0"
2024-06-16,URBANA,050_ZW Parque Calima,0.0,MR76,False,Fin de Semana,Domingo,3.484.254,-765.012.764,-1.0666666666666667,0.09423384248177286,"1587887900,0"
2024-06-17,URBANA,050_ZW Parque Calima,0.0,MR76,False,Laboral,Lunes,3.484.254,-765.012.764,0.0,0.6160069684977263,"75,0"
2024-06-18,URBANA,050_ZW Parque Calima,0.0,MR76,False,Laboral,Martes,3.484.254,-765.012.764,-0.9333333333333333,0.0065789202943778765,"3,9"
2024-06-19,URBANA,050_ZW Parque Calima,0.0,MR76,False,Laboral,Miércoles,3.484.254,-765.012.764,-0.2,-0.020345818558426328,"0,7"
2024-06-20,URBANA,050_ZW Parque Calima,0.0,MR76,False,Laboral,Jueves,3.484.254,-765.012.764,-0.2,-0.024260797399159116,"0,4"
2024-06-21,URBANA,050_ZW Parque Calima,0.0,MR76,False,Laboral,Viernes,3.484.254,-765.012.764,0.6666666666666666,0.017389694030823258,"5,6"
2024-06-22,URBANA,050_ZW Parque Calima,0.0,MR76,False,Fin de Semana,Sábado,3.484.254,-765.012.764,-0.7333333333333333,-0.02594119301229775,"0,2"
2024-06-23,URBANA,050_ZW Parque Calima,0.0,MR76,False,Fin de Semana,Domingo,3.484.254,-765.012.764,-0.5333333333333333,-0.025515950040809608,"0,5"
2024-06-24,URBANA,050_ZW Parque Calima,0.0,MR76,False,Laboral,Lunes,3.484.254,-765.012.764,-0.06666666666666667,-0.024042688907331328,"0,4"
2024-06-25,URBANA,050_ZW Parque Calima,0.0,MR76,False,Laboral,Martes,3.484.254,-765.012.764,0.2,-0.020646232141509888,"1,2"
2024-06-26,URBANA,050_ZW Parque Calima,0.0,MR76,False,Laboral,Miércoles,3.484.254,-765.012.764,-0.26666666666666666,-0.026639414536450867,"0,1"
2024-06-27,URBANA,050_ZW Parque Calima,0.0,MR76,False,Laboral,Jueves,3.484.254,-765.012.764,0.26666666666666666,-0.02544873421628406,"0,4"
2024-06-28,URBANA,050_ZW Parque Calima,0.0,MR76,False,Laboral,Viernes,3.484.254,-765.012.764,-0.06666666666666667,-0.020060494242072992,"0,9"
2024-06-29,URBANA,050_ZW Parque Calima,0.0,MR76,False,Fin de Semana,Sábado,3.484.254,-765.012.764,-0.3333333333333333,-0.025598255132065376,"0,2"
2024-06-30,URBANA,050_ZW Parque Calima,0.0,MR76,False,Fin de Semana,Domingo,3.484.254,-765.012.764,-0.4666666666666667,-0.02570113649613509,"0,2"
2024-07-01,URBANA,050_ZW Parque Calima,0.0,MR76,True,Festivo,Lunes,3.484.254,-765.012.764,-0.7333333333333333,-0.02589043820602336,"0,14"
2024-07-02,URBANA,050_ZW Parque Calima,0.0,MR76,False,Laboral,Martes,3.484.254,-765.012.764,-1.6,-0.027093464289878532,"0,01"
2024-07-03,URBANA,050_ZW Parque Calima,0.0,MR76,False,Laboral,Miércoles,3.484.254,-765.012.764,-0.4,-0.019721671616403404,"0,65"
2024-07-04,URBANA,050_ZW Parque Calima,0.0,MR76,False,Laboral,Jueves,3.484.254,-765.012.764,-0.6,-0.020129081818119465,"0,65"
2024-07-05,URBANA,050_ZW Parque Calima,0.0,MR76,False,Laboral,Viernes,3.484.254,-765.012.764,-0.3333333333333333,0.33862920870513513,"31,3"
2024-07-06,URBANA,050_ZW Parque Calima,0.0,MR76,False,Fin de Semana,Sábado,3.484.254,-765.012.764,-0.4666666666666667,0.1569064259699998,"15,95"
2024-07-07,URBANA,050_ZW Parque Calima,0.0,MR76,False,Fin de Semana,Domingo,3.484.254,-765.012.764,-0.4,1.7187854512033691,"144,27"
2024-07-08,URBANA,050_ZW Parque Calima,0.0,MR76,False,Laboral,Lunes,3.484.254,-765.012.764,0.13333333333333333,0.4789827090720787,"66,42"
2024-07-09,URBANA,050_ZW Parque Calima,0.0,MR76,False,Laboral,Martes,3.484.254,-765.012.764,0.06666666666666667,0.981458034691596,"126,63"
2024-07-10,URBANA,050_ZW Parque Calima,0.0,MR76,False,Laboral,Miércoles,3.484.254,-765.012.764,-0.3333333333333333,0.8066639688886755,"88,03"
2024-07-11,URBANA,050_ZW Parque Calima,0.0,MR76,False,Laboral,Jueves,3.484.254,-765.012.764,-0.6,1.2815355386525284,"129,3"
2024-07-12,URBANA,050_ZW Parque Calima,0.0,MR76,False,Laboral,Viernes,3.484.254,-765.012.764,-0.6,-0.023825952167024465,"0,39"
2024-07-13,URBANA,050_ZW Parque Calima,0.0,MR76,False,Fin de Semana,Sábado,3.484.254,-765.012.764,-0.6666666666666666,0.9152627932976221,"97,53"
2024-07-14,URBANA,050_ZW Parque Calima,0.0,MR76,False,Fin de Semana,Domingo,3.484.254,-765.012.764,-0.26666666666666666,1.4105103601533617,"164,82"
2024-07-15,URBANA,050_ZW Parque Calima,0.0,MR76,False,Laboral,Lunes,3.484.254,-765.012.764,-0.13333333333333333,1.2896645381655567,"171,74"
2024-07-16,URBANA,050_ZW Parque Calima,0.0,MR76,False,Laboral,Martes,3.484.254,-765.012.764,-0.6,0.08210207203067237,"12,69"
2024-07-17,URBANA,050_ZW Parque Calima,0.0,MR76,False,Laboral,Miércoles,3.484.254,-765.012.764,0.06666666666666667,0.8464173279652124,"140,74"
2024-07-18,URBANA,050_ZW Parque Calima,0.0,MR76,False,Laboral,Jueves,3.484.254,-765.012.764,-0.6,0.13098306572747412,"19,36"
2024-07-19,URBANA,050_ZW Parque Calima,0.0,MR76,False,Laboral,Viernes,3.484.254,-765.012.764,0.3333333333333333,0.8589921741575731,"90,02"
2024-07-20,URBANA,050_ZW Parque Calima,0.0,MR76,True,Festivo,Sábado,3.484.254,-765.012.764,-0.13333333333333333,2.7290242045555866,"257,99"
2024-07-21,URBANA,050_ZW Parque Calima,0.0,MR76,False,Fin de Semana,Domingo,3.484.254,-765.012.764,0.0,1.7287265344755451,"195,55"
2024-07-22,URBANA,050_ZW Parque Calima,0.0,MR76,False,Laboral,Lunes,3.484.254,-765.012.764,0.6,-0.023990562349536004,"0,34"
2024-07-23,URBANA,050_ZW Parque Calima,0.0,MR76,False,Laboral,Martes,3.484.254,-765.012.764,0.3333333333333333,-0.0200097394357986,"0,76"
2024-07-24,URBANA,050_ZW Parque Calima,0.0,MR76,False,Laboral,Miércoles,3.484.254,-765.012.764,0.7333333333333333,-0.020900006172881843,"0,73"
2024-07-25,URBANA,050_ZW Parque Calima,0.0,MR76,False,Laboral,Jueves,3.484.254,-765.012.764,0.26666666666666666,-0.02373678831816405,"0,4"
2024-07-26,URBANA,050_ZW Parque Calima,0.0,MR76,False,Laboral,Viernes,3.484.254,-765.012.764,1.4,0.17762124568755616,"19,67"
2024-07-27,URBANA,050_ZW Parque Calima,0.0,MR76,False,Fin de Semana,Sábado,3.484.254,-765.012.764,0.7333333333333333,-0.006846411840959129,"2,54"
2024-07-28,URBANA,050_ZW Parque Calima,0.0,MR76,False,Fin de Semana,Domingo,3.484.254,-765.012.764,-0.8666666666666667,-0.009356717124260111,"2,76"
2024-07-29,URBANA,050_ZW Parque Calima,0.0,MR76,False,Laboral,Lunes,3.484.254,-765.012.764,0.06666666666666667,-0.010082373678831816,"2,01"
2024-07-30,URBANA,050_ZW Parque Calima,0.0,MR76,False,Laboral,Martes,3.484.254,-765.012.764,0.0,0.06299906035020816,"9,61"
2024-07-31,URBANA,050_ZW Parque Calima,0.0,MR76,False,Laboral,Miércoles,3.484.254,-765.012.764,0.4666666666666667,-0.02367917475428501,"0,43"
2024-08-01,URBANA,050_ZW Parque Calima,0.0,MR76,False,Laboral,Jueves,3.484.254,-765.012.764,0.2,-0.023304686589071255,"0,43"
2024-08-02,URBANA,050_ZW Parque Calima,0.0,MR76,False,Laboral,Viernes,3.484.254,-765.012.764,0.3333333333333333,-0.024897290104870403,"0,28"
2024-08-03,URBANA,050_ZW Parque Calima,0.0,MR76,False,Fin de Semana,Sábado,3.484.254,-765.012.764,0.3333333333333333,0.013238773928490594,"6,01"
2024-08-04,URBANA,050_ZW Parque Calima,0.0,MR76,False,Fin de Semana,Domingo,3.484.254,-765.012.764,-0.6666666666666666,-0.0240042798647453,"0,38"
2024-08-05,URBANA,050_ZW Parque Calima,0.0,MR76,False,Laboral,Lunes,3.484.254,-765.012.764,0.06666666666666667,-0.004013744950239714,"2,45"
2024-08-06,URBANA,050_ZW Parque Calima,0.0,MR76,False,Laboral,Martes,3.484.254,-765.012.764,0.13333333333333333,-0.023712096790787316,"0,25"
2024-08-07,URBANA,050_ZW Parque Calima,0.0,MR76,True,Festivo,Miércoles,3.484.254,-765.012.764,-0.4,-0.025503604277121242,"0,15"
2024-08-08,URBANA,050_ZW Parque Calima,0.0,MR76,False,Laboral,Jueves,3.484.254,-765.012.764,0.0,-0.0219768311168115,"0,48"
2024-08-09,URBANA,050_ZW Parque Calima,0.0,MR76,False,Laboral,Viernes,3.484.254,-765.012.764,0.6,-0.0183636376106832,"1,19"
2024-08-10,URBANA,050_ZW Parque Calima,0.0,MR76,False,Fin de Semana,Sábado,3.484.254,-765.012.764,0.06666666666666667,-0.015279940191633687,"1,65"
2024-08-11,URBANA,050_ZW Parque Calima,0.0,MR76,False,Fin de Semana,Domingo,3.484.254,-765.012.764,0.8,-0.007327896624805382,"2,52"
2024-08-12,URBANA,050_ZW Parque Calima,0.0,MR76,False,Laboral,Lunes,3.484.254,-765.012.764,0.3333333333333333,3.8709044643653248,"609,15"
2024-08-13,URBANA,050_ZW Parque Calima,0.0,MR76,False,Laboral,Martes,3.484.254,-765.012.764,0.7333333333333333,3.4129287580847607,"283,86"
2024-08-14,URBANA,050_ZW Parque Calima,0.0,MR76,False,Laboral,Miércoles,3.484.254,-765.012.764,0.6666666666666666,0.9297169390736562,"92,59"
2024-08-15,URBANA,050_ZW Parque Calima,0.0,MR76,False,Laboral,Jueves,3.484.254,-765.012.764,1.0666666666666667,0.6033182669291285,"69,01"
2024-08-16,URBANA,050_ZW Parque Calima,0.0,MR76,False,Laboral,Viernes,3.484.254,-765.012.764,0.8,1.4096365544345297,"142,72"
2024-08-17,URBANA,050_ZW Parque Calima,0.0,MR76,False,Fin de Semana,Sábado,3.484.254,-765.012.764,-0.06666666666666667,0.7886816782008107,"86,27"
2024-08-18,URBANA,050_ZW Parque Calima,0.0,MR76,False,Fin de Semana,Domingo,3.484.254,-765.012.764,0.26666666666666666,0.6499139225920617,"74,7"
2024-08-19,URBANA,050_ZW Parque Calima,0.0,MR76,True,Festivo,Lunes,3.484.254,-765.012.764,-0.6666666666666666,-0.026399358020288206,"0,08"
2024-08-20,URBANA,050_ZW Parque Calima,0.0,MR76,False,Laboral,Martes,3.484.254,-765.012.764,0.26666666666666666,-0.019776541677240585,"1,35"
2024-08-21,URBANA,050_ZW Parque Calima,0.0,MR76,False,Laboral,Miércoles,3.484.254,-765.012.764,1.2,0.0067874265255591605,"7,22"
2024-08-22,URBANA,050_ZW Parque Calima,0.0,MR76,False,Laboral,Jueves,3.484.254,-765.012.764,0.26666666666666666,-0.025557102586437494,"0,33"
2024-08-23,URBANA,050_ZW Parque Calima,0.0,MR76,False,Laboral,Viernes,3.484.254,-765.012.764,0.13333333333333333,-0.024868483322930884,"0,7"
2024-08-24,URBANA,050_ZW Parque Calima,0.0,MR76,False,Fin de Semana,Sábado,3.484.254,-765.012.764,0.2,-0.02348712954135488,"1,85"
2024-08-25,URBANA,050_ZW Parque Calima,0.0,MR76,False,Fin de Semana,Domingo,3.484.254,-765.012.764,-0.13333333333333333,-0.01847200598083663,"6,11"
2024-08-26,URBANA,050_ZW Parque Calima,0.0,MR76,False,Laboral,Lunes,3.484.254,-765.012.764,0.7333333333333333,-0.014666767261778202,"12,24"
2024-10-25,URBANA,050_ZW Parque Calima,0.0,MR76,False,Laboral,Viernes,3.484.254,-765.012.764,-0.7333333333333333,0.8012949334357574,"134,92"
2024-10-26,URBANA,050_ZW Parque Calima,0.0,MR76,False,Fin de Semana,Sábado,3.484.254,-765.012.764,-1.4,-0.01497129609942455,"1,16"
2024-10-27,URBANA,050_ZW Parque Calima,0.0,MR76,False,Fin de Semana,Domingo,3.484.254,-765.012.764,-0.9333333333333333,2.6703475332478277,"197,55"
2024-10-28,URBANA,050_ZW Parque Calima,0.0,MR76,False,Laboral,Lunes,3.484.254,-765.012.764,-0.06666666666666667,5.3481244727330095,"650,73"
2024-10-29,URBANA,050_ZW Parque Calima,0.0,MR76,False,Laboral,Martes,3.484.254,-765.012.764,-0.5333333333333333,7.897575429186757,"911,27"
2024-10-30,URBANA,050_ZW Parque Calima,0.0,MR76,False,Laboral,Miércoles,3.484.254,-765.012.764,-1.0666666666666667,0.5124904834738235,"80,31"
2024-10-31,URBANA,050_ZW Parque Calima,0.0,MR76,False,Laboral,Jueves,3.484.254,-765.012.764,-0.06666666666666667,0.1348322004952023,"25,18"
2024-11-01,URBANA,050_ZW Parque Calima,0.0,MR76,False,Laboral,Viernes,3.484.254,-765.012.764,-0.4,0.40132374021769696,"56,5"
2024-11-02,URBANA,050_ZW Parque Calima,0.0,MR76,False,Fin de Semana,Sábado,3.484.254,-765.012.764,-0.3333333333333333,-0.022119493274988168,"0,6"
2024-11-03,URBANA,050_ZW Parque Calima,0.0,MR76,False,Fin de Semana,Domingo,3.484.254,-765.012.764,-1.2666666666666666,-0.025297841548981816,"0,24"
2024-11-04,URBANA,050_ZW Parque Calima,0.0,MR76,True,Festivo,Lunes,3.484.254,-765.012.764,-1.3333333333333333,-0.02444461210296367,"0,31"
2024-11-05,URBANA,050_ZW Parque Calima,0.0,MR76,False,Laboral,Martes,3.484.254,-765.012.764,0.5333333333333333,-0.021039924828016653,"0,62"
2024-11-06,URBANA,050_ZW Parque Calima,0.0,MR76,False,Laboral,Miércoles,3.484.254,-765.012.764,0.13333333333333333,0.39917009032983763,"49,64"
2024-11-07,URBANA,050_ZW Parque Calima,0.0,MR76,False,Laboral,Jueves,3.484.254,-765.012.764,0.0,0.08794299000679016,"9,44"
2024-11-08,URBANA,050_ZW Parque Calima,0.0,MR76,False,Laboral,Viernes,3.484.254,-765.012.764,-0.06666666666666667,0.06215680491635745,"5,27"
2024-11-09,URBANA,050_ZW Parque Calima,0.0,MR76,False,Fin de Semana,Sábado,3.484.254,-765.012.764,-0.6,-0.025086591814758676,"0,09"
2024-11-10,URBANA,050_ZW Parque Calima,0.0,MR76,False,Fin de Semana,Domingo,3.484.254,-765.012.764,-0.5333333333333333,0.6510209260694518,"25,52"
2024-11-11,URBANA,050_ZW Parque Calima,0.0,MR76,True,Festivo,Lunes,3.484.254,-765.012.764,-0.7333333333333333,0.321860918113293,"14,49"
2024-11-12,URBANA,050_ZW Parque Calima,0.0,MR76,False,Laboral,Martes,3.484.254,-765.012.764,0.0,0.1099211928751226,"5,23"
2024-11-13,URBANA,050_ZW Parque Calima,0.0,MR76,False,Laboral,Miércoles,3.484.254,-765.012.764,1.8,0.3691369625306072,"17,84"
2024-11-14,URBANA,050_ZW Parque Calima,0.0,MR76,False,Laboral,Jueves,3.484.254,-765.012.764,0.6666666666666666,1.5539955692425873,"60,05"
2024-11-15,URBANA,050_ZW Parque Calima,0.0,MR76,False,Laboral,Viernes,3.484.254,-765.012.764,1.0666666666666667,1.7834319851302136,"72,46"
2024-11-16,URBANA,050_ZW Parque Calima,0.0,MR76,False,Fin de Semana,Sábado,3.484.254,-765.012.764,0.0,0.0390194720128396,"2,62"
2024-11-17,URBANA,050_ZW Parque Calima,0.0,MR76,False,Fin de Semana,Domingo,3.484.254,-765.012.764,-0.4,1.8206544626506356,"78,41"
2024-11-18,URBANA,050_ZW Parque Calima,0.0,MR76,False,Laboral,Lunes,3.484.254,-765.012.764,0.6666666666666666,1.5622288218712062,"72,09"
2024-11-19,URBANA,050_ZW Parque Calima,0.0,MR76,False,Laboral,Martes,3.484.254,-765.012.764,1.1333333333333333,2.391045206071372,"110,35"
2024-11-20,URBANA,050_ZW Parque Calima,0.0,MR76,False,Laboral,Miércoles,3.484.254,-765.012.764,1.7333333333333334,6.084851062078615,"233,49"
2024-11-21,URBANA,050_ZW Parque Calima,0.0,MR76,False,Laboral,Jueves,3.484.254,-765.012.764,1.1333333333333333,1.4698797659791905,"60,44"
2024-11-22,URBANA,050_ZW Parque Calima,0.0,MR76,False,Laboral,Viernes,3.484.254,-765.012.764,0.5333333333333333,0.03723619503563125,"2,33"
2024-11-29,URBANA,050_ZW Parque Calima,0.0,MR76,False,Laboral,Viernes,3.484.254,-765.012.764,-0.26666666666666666,0.6273691863455854,"21,47"
2024-11-30,URBANA,050_ZW Parque Calima,0.0,MR76,False,Fin de Semana,Sábado,3.484.254,-765.012.764,-0.3333333333333333,3.4703845705388927,"111,87"
2024-12-01,URBANA,050_ZW Parque Calima,0.0,MR76,False,Fin de Semana,Domingo,3.484.254,-765.012.764,1.0666666666666667,1.2508672898991078,"38,55"
2024-12-02,URBANA,050_ZW Parque Calima,0.0,MR76,False,Laboral,Lunes,3.484.254,-765.012.764,-0.2,1.4241949533261544,"50,71"
2024-12-03,URBANA,050_ZW Parque Calima,0.0,MR76,False,Laboral,Martes,3.484.254,-765.012.764,0.06666666666666667,0.8290180316737427,"33,43"
