FECHA.CONEXION,AREA,NOMBRE.ZONA,COMUNA,MODEL,es_festivo,tipo_dia,dia_semana,LATITUD,LONGITUD,NUMERO.CONEXIONES,USAGE.KB,PORCENTAJE.USO
2024-01-01,URBANA,018_ZW Parque Las Banderas,0.0,MR76,True,Festivo,Lunes,0.0,-7.654.225,-0.9617486338797814,0.3172593456569038,"84,2"
2024-01-02,URBANA,018_ZW Parque Las Banderas,0.0,MR76,False,Laboral,Martes,0.0,-7.654.225,-0.8961748633879781,-0.4023972862345682,"4,300000000000001"
2024-01-03,URBANA,018_ZW Parque Las Banderas,0.0,MR76,False,Laboral,Miércoles,0.0,-7.654.225,-0.5027322404371585,-0.2784420774459235,"12,899999999999999"
2024-01-04,URBANA,018_ZW Parque Las Banderas,0.0,MR76,False,Laboral,Jueves,0.0,-7.654.225,-0.8743169398907104,-0.35528207531824585,"7,7"
2024-01-05,URBANA,018_ZW Parque Las Banderas,0.0,MR76,False,Laboral,Viernes,0.0,-7.654.225,-0.37158469945355194,-0.15453003892776354,"25,599999999999998"
2024-01-06,URBANA,018_ZW Parque Las Banderas,0.0,MR76,False,Fin de Semana,Sábado,0.0,-7.654.225,-0.13114754098360656,-0.058060930211403274,"48,4"
2024-01-07,URBANA,018_ZW Parque Las Banderas,0.0,MR76,False,Fin de Semana,Domingo,0.0,-7.654.225,-0.37158469945355194,0.3397890875320918,"75,5"
2024-01-08,URBANA,018_ZW Parque Las Banderas,0.0,MR76,True,Festivo,Lunes,0.0,-7.654.225,-0.1092896174863388,-0.08614627475256112,"21,8"
2024-01-09,URBANA,018_ZW Parque Las Banderas,0.0,MR76,False,Laboral,Martes,0.0,-7.654.225,-0.39344262295081966,-0.011340418910942559,"32,1"
2024-01-10,URBANA,018_ZW Parque Las Banderas,0.0,MR76,False,Laboral,Miércoles,0.0,-7.654.225,-0.6557377049180327,-0.29448600011255105,"11,7"
2024-01-11,URBANA,018_ZW Parque Las Banderas,0.0,MR76,False,Laboral,Jueves,0.0,-7.654.225,-0.5901639344262295,-0.29296887346408274,"13,2"
2024-01-12,URBANA,018_ZW Parque Las Banderas,0.0,MR76,False,Laboral,Viernes,0.0,-7.654.225,-0.06557377049180328,0.3330586367907838,"64,69999999999999"
2024-01-13,URBANA,018_ZW Parque Las Banderas,0.0,MR76,False,Fin de Semana,Sábado,0.0,-7.654.225,0.08743169398907104,0.20822871609302884,"70,0"
2024-01-14,URBANA,018_ZW Parque Las Banderas,0.0,MR76,False,Fin de Semana,Domingo,0.0,-7.654.225,1.6830601092896176,1.3096194926105602,"215,0"
2024-01-15,URBANA,018_ZW Parque Las Banderas,0.0,MR76,False,Laboral,Lunes,0.0,-7.654.225,-0.7650273224043715,-0.34405780499217925,"13,4"
2024-01-16,URBANA,018_ZW Parque Las Banderas,0.0,MR76,False,Laboral,Martes,0.0,-7.654.225,-0.2185792349726776,-0.10440935489482771,"38,0"
2024-01-17,URBANA,018_ZW Parque Las Banderas,0.0,MR76,False,Laboral,Miércoles,0.0,-7.654.225,-0.2185792349726776,-0.31223720419049705,"12,3"
2024-01-18,URBANA,018_ZW Parque Las Banderas,0.0,MR76,False,Laboral,Jueves,0.0,-7.654.225,0.02185792349726776,-0.13548372673527143,"24,700000000000003"
2024-01-19,URBANA,018_ZW Parque Las Banderas,0.0,MR76,False,Laboral,Viernes,0.0,-7.654.225,-0.34972677595628415,-0.33641049993485916,"6,5"
2024-01-20,URBANA,018_ZW Parque Las Banderas,0.0,MR76,False,Fin de Semana,Sábado,0.0,-7.654.225,-0.6338797814207651,-0.40652724211095426,"2,4"
2024-01-21,URBANA,018_ZW Parque Las Banderas,0.0,MR76,False,Fin de Semana,Domingo,0.0,-7.654.225,0.5901639344262295,-0.2286626441225347,"15,8"
2024-01-22,URBANA,018_ZW Parque Las Banderas,0.0,MR76,False,Laboral,Lunes,0.0,-7.654.225,-0.24043715846994534,-0.4070812605821768,"3,0"
2024-01-23,URBANA,018_ZW Parque Las Banderas,0.0,MR76,False,Laboral,Martes,0.0,-7.654.225,-0.02185792349726776,-0.32314180894225897,"10,4"
2024-01-24,URBANA,018_ZW Parque Las Banderas,0.0,MR76,False,Laboral,Miércoles,0.0,-7.654.225,-0.4371584699453552,1.2087829915301471,"128,2"
2024-01-25,URBANA,018_ZW Parque Las Banderas,0.0,MR76,False,Laboral,Jueves,0.0,-7.654.225,-0.8524590163934426,-0.10200929342858545,"21,9"
2024-01-26,URBANA,018_ZW Parque Las Banderas,0.0,MR76,False,Laboral,Viernes,0.0,-7.654.225,-0.8524590163934426,0.948730421447196,"98,0"
2024-01-27,URBANA,018_ZW Parque Las Banderas,0.0,MR76,False,Fin de Semana,Sábado,0.0,-7.654.225,-0.9180327868852459,2.341990257395029,"218,0"
2024-01-28,URBANA,018_ZW Parque Las Banderas,0.0,MR76,False,Fin de Semana,Domingo,0.0,-7.654.225,-0.39344262295081966,5.602114520962893,"571,8"
2024-01-29,URBANA,018_ZW Parque Las Banderas,0.0,MR76,False,Laboral,Lunes,0.0,-7.654.225,-1.2240437158469946,-0.3342458192291177,"8,8"
2024-01-30,URBANA,018_ZW Parque Las Banderas,0.0,MR76,False,Laboral,Martes,0.0,-7.654.225,-0.7431693989071039,0.3316442965006127,"82,8"
2024-01-31,URBANA,018_ZW Parque Las Banderas,0.0,MR76,False,Laboral,Miércoles,0.0,-7.654.225,-0.9836065573770492,0.01809964983257387,"42,6"
2024-02-01,URBANA,018_ZW Parque Las Banderas,0.0,MR76,False,Laboral,Jueves,0.0,-7.654.225,-0.7650273224043715,-0.005331528404881633,"30,3"
2024-02-02,URBANA,018_ZW Parque Las Banderas,0.0,MR76,False,Laboral,Viernes,0.0,-7.654.225,-1.1584699453551912,-0.3051706420575568,"13,6"
2024-02-03,URBANA,018_ZW Parque Las Banderas,0.0,MR76,False,Fin de Semana,Sábado,0.0,-7.654.225,-0.9398907103825137,0.01799789133785953,"25,1"
2024-02-04,URBANA,018_ZW Parque Las Banderas,0.0,MR76,False,Fin de Semana,Domingo,0.0,-7.654.225,-1.1366120218579234,2.2511343117052847,"163,7"
2024-02-05,URBANA,018_ZW Parque Las Banderas,0.0,MR76,False,Laboral,Lunes,0.0,-7.654.225,-0.7431693989071039,-0.3156959651472016,"8,0"
2024-02-06,URBANA,018_ZW Parque Las Banderas,0.0,MR76,False,Laboral,Martes,0.0,-7.654.225,-0.26229508196721313,1.229019569751722,"108,6"
2024-02-07,URBANA,018_ZW Parque Las Banderas,0.0,MR76,False,Laboral,Miércoles,0.0,-7.654.225,-0.19672131147540983,2.2278048919625437,"157,20000000000002"
2024-02-08,URBANA,018_ZW Parque Las Banderas,0.0,MR76,False,Laboral,Jueves,0.0,-7.654.225,-0.9617486338797814,0.6334240165979411,"76,8"
2024-02-09,URBANA,018_ZW Parque Las Banderas,0.0,MR76,False,Laboral,Viernes,0.0,-7.654.225,-0.7650273224043715,0.836144411749817,"103,1"
2024-02-10,URBANA,018_ZW Parque Las Banderas,0.0,MR76,False,Fin de Semana,Sábado,0.0,-7.654.225,-0.9398907103825137,1.8484327778501566,"139,3"
2024-02-11,URBANA,018_ZW Parque Las Banderas,0.0,MR76,False,Fin de Semana,Domingo,0.0,-7.654.225,-0.41530054644808745,2.306698561273646,"198,8"
2024-02-12,URBANA,018_ZW Parque Las Banderas,0.0,MR76,False,Laboral,Lunes,0.0,-7.654.225,-0.7868852459016393,0.26428839590838343,"66,1"
2024-02-13,URBANA,018_ZW Parque Las Banderas,0.0,MR76,False,Laboral,Martes,0.0,-7.654.225,0.41530054644808745,2.216170504066871,"298,2"
2024-02-14,URBANA,018_ZW Parque Las Banderas,0.0,MR76,False,Laboral,Miércoles,0.0,-7.654.225,-0.37158469945355194,0.13055820444566418,"73,4"
2024-02-15,URBANA,018_ZW Parque Las Banderas,0.0,MR76,False,Laboral,Jueves,0.0,-7.654.225,-0.19672131147540983,-0.4352025803487387,"0,3"
2024-02-16,URBANA,018_ZW Parque Las Banderas,0.0,MR76,False,Laboral,Viernes,0.0,-7.654.225,-1.180327868852459,-0.43396811618558795,"0,5"
2024-02-17,URBANA,018_ZW Parque Las Banderas,0.0,MR76,False,Fin de Semana,Sábado,0.0,-7.654.225,-0.9836065573770492,-0.43214365832581064,"0,6"
2024-02-18,URBANA,018_ZW Parque Las Banderas,0.0,MR76,False,Fin de Semana,Domingo,0.0,-7.654.225,-0.26229508196721313,-0.4248365761144547,"1,1"
2024-02-19,URBANA,018_ZW Parque Las Banderas,0.0,MR76,False,Laboral,Lunes,0.0,-7.654.225,-1.005464480874317,-0.4302369713793955,"0,6"
2024-02-20,URBANA,018_ZW Parque Las Banderas,0.0,MR76,False,Laboral,Martes,0.0,-7.654.225,-1.0273224043715847,-0.436949948439793,"0,2"
2024-02-21,URBANA,018_ZW Parque Las Banderas,0.0,MR76,False,Laboral,Miércoles,0.0,-7.654.225,-0.8524590163934426,-0.43699106298311197,"0,2"
2024-02-22,URBANA,018_ZW Parque Las Banderas,0.0,MR76,False,Laboral,Jueves,0.0,-7.654.225,-0.26229508196721313,-0.42941365264943404,"0,6"
2024-02-23,URBANA,018_ZW Parque Las Banderas,0.0,MR76,False,Laboral,Viernes,0.0,-7.654.225,0.30601092896174864,0.17685215235919105,"42,099999999999994"
2024-02-24,URBANA,018_ZW Parque Las Banderas,0.0,MR76,False,Fin de Semana,Sábado,0.0,-7.654.225,-1.0273224043715847,-0.43327636399424707,"0,4"
2024-02-25,URBANA,018_ZW Parque Las Banderas,0.0,MR76,False,Fin de Semana,Domingo,0.0,-7.654.225,-0.5683060109289617,-0.21725233048794998,"12,3"
2024-02-26,URBANA,018_ZW Parque Las Banderas,0.0,MR76,False,Laboral,Lunes,0.0,-7.654.225,-0.5683060109289617,-0.42352913363691286,"1,4"
2024-02-27,URBANA,018_ZW Parque Las Banderas,0.0,MR76,False,Laboral,Martes,0.0,-7.654.225,-0.8961748633879781,-0.42729728153209234,"1,0"
2024-02-28,URBANA,018_ZW Parque Las Banderas,0.0,MR76,False,Laboral,Miércoles,0.0,-7.654.225,-0.02185792349726776,-0.2990846617827729,"7,9"
2024-02-29,URBANA,018_ZW Parque Las Banderas,0.0,MR76,False,Laboral,Jueves,0.0,-7.654.225,0.37158469945355194,-0.23875626450733084,"24,6"
2024-03-01,URBANA,018_ZW Parque Las Banderas,0.0,MR76,False,Laboral,Viernes,0.0,-7.654.225,-0.26229508196721313,-0.31219711751076107,"10,3"
2024-03-02,URBANA,018_ZW Parque Las Banderas,0.0,MR76,False,Fin de Semana,Sábado,0.0,-7.654.225,-0.5245901639344263,-0.32076024902051026,"11,2"
2024-03-03,URBANA,018_ZW Parque Las Banderas,0.0,MR76,False,Fin de Semana,Domingo,0.0,-7.654.225,0.28415300546448086,2.3997777758933614,"198,1"
2024-03-04,URBANA,018_ZW Parque Las Banderas,0.0,MR76,False,Laboral,Lunes,0.0,-7.654.225,-0.26229508196721313,0.9203685816022183,"93,0"
2024-03-05,URBANA,018_ZW Parque Las Banderas,0.0,MR76,False,Laboral,Martes,0.0,-7.654.225,-0.6120218579234973,-0.16537605545529602,"19,3"
2024-03-06,URBANA,018_ZW Parque Las Banderas,0.0,MR76,False,Laboral,Miércoles,0.0,-7.654.225,-0.02185792349726776,-0.15183600847679096,"23,099999999999998"
2024-03-07,URBANA,018_ZW Parque Las Banderas,0.0,MR76,False,Laboral,Jueves,0.0,-7.654.225,-0.7650273224043715,-0.026960861781385237,"37,5"
2024-03-08,URBANA,018_ZW Parque Las Banderas,0.0,MR76,False,Laboral,Viernes,0.0,-7.654.225,0.39344262295081966,2.446769643179727,"262,5"
2024-03-09,URBANA,018_ZW Parque Las Banderas,0.0,MR76,False,Fin de Semana,Sábado,0.0,-7.654.225,-0.546448087431694,-0.33700254935865165,"10,100000000000001"
2024-03-10,URBANA,018_ZW Parque Las Banderas,0.0,MR76,False,Fin de Semana,Domingo,0.0,-7.654.225,-0.04371584699453552,-0.2417267902621232,"20,1"
2024-03-11,URBANA,018_ZW Parque Las Banderas,0.0,MR76,False,Laboral,Lunes,0.0,-7.654.225,0.0,-0.02612932014275997,"42,8"
2024-03-12,URBANA,018_ZW Parque Las Banderas,0.0,MR76,False,Laboral,Martes,0.0,-7.654.225,-0.2185792349726776,0.029343449566716955,"51,7"
2024-03-13,URBANA,018_ZW Parque Las Banderas,0.0,MR76,False,Laboral,Miércoles,0.0,-7.654.225,-0.13114754098360656,0.5373670811783531,"128,29999999999998"
2024-03-14,URBANA,018_ZW Parque Las Banderas,0.0,MR76,False,Laboral,Jueves,0.0,-7.654.225,-0.6994535519125683,0.9424789551355534,"138,6"
2024-03-15,URBANA,018_ZW Parque Las Banderas,0.0,MR76,False,Laboral,Viernes,0.0,-7.654.225,0.02185792349726776,0.060185524237408736,"37,3"
2024-03-16,URBANA,018_ZW Parque Las Banderas,0.0,MR76,False,Fin de Semana,Sábado,0.0,-7.654.225,-0.8306010928961749,0.08057833772359566,"44,699999999999996"
2024-03-17,URBANA,018_ZW Parque Las Banderas,0.0,MR76,False,Fin de Semana,Domingo,0.0,-7.654.225,0.34972677595628415,3.6998710288169265,"311,0"
2024-03-18,URBANA,018_ZW Parque Las Banderas,0.0,MR76,False,Laboral,Lunes,0.0,-7.654.225,-0.8306010928961749,0.030272638245724667,"38,099999999999994"
2024-03-19,URBANA,018_ZW Parque Las Banderas,0.0,MR76,False,Laboral,Martes,0.0,-7.654.225,-0.28415300546448086,0.07626747785660636,"66,6"
2024-03-20,URBANA,018_ZW Parque Las Banderas,0.0,MR76,False,Laboral,Miércoles,0.0,-7.654.225,-0.6338797814207651,0.3886084962689837,"122,8"
2024-03-21,URBANA,018_ZW Parque Las Banderas,0.0,MR76,False,Laboral,Jueves,0.0,-7.654.225,-0.15300546448087432,1.2681616428549218,"190,2"
2024-03-22,URBANA,018_ZW Parque Las Banderas,0.0,MR76,False,Laboral,Viernes,0.0,-7.654.225,0.24043715846994534,1.039275952334882,"147,4"
2024-03-23,URBANA,018_ZW Parque Las Banderas,0.0,MR76,False,Fin de Semana,Sábado,0.0,-7.654.225,-0.4371584699453552,1.928442707012368,"295,20000000000005"
2024-03-24,URBANA,018_ZW Parque Las Banderas,0.0,MR76,True,Festivo,Domingo,0.0,-7.654.225,0.2185792349726776,10.197964984285251,"1137,8000000000002"
2024-03-25,URBANA,018_ZW Parque Las Banderas,0.0,MR76,True,Festivo,Lunes,0.0,-7.654.225,-0.9180327868852459,0.31314275200709635,"104,30000000000001"
2024-03-26,URBANA,018_ZW Parque Las Banderas,0.0,MR76,False,Laboral,Martes,0.0,-7.654.225,-0.45901639344262296,-0.16855523751743193,"33,8"
2024-03-27,URBANA,018_ZW Parque Las Banderas,0.0,MR76,False,Laboral,Miércoles,0.0,-7.654.225,-0.24043715846994534,-0.15818101037448412,"33,8"
2024-03-28,URBANA,018_ZW Parque Las Banderas,0.0,MR76,True,Festivo,Jueves,0.0,-7.654.225,-0.7431693989071039,-0.08211704950730644,"54,5"
2024-03-29,URBANA,018_ZW Parque Las Banderas,0.0,MR76,True,Festivo,Viernes,0.0,-7.654.225,0.41530054644808745,2.326147795990664,"271,4"
2024-03-30,URBANA,018_ZW Parque Las Banderas,0.0,MR76,False,Fin de Semana,Sábado,0.0,-7.654.225,0.0,0.11391298158299729,"86,19999999999999"
2024-03-31,URBANA,018_ZW Parque Las Banderas,0.0,MR76,True,Festivo,Domingo,0.0,-7.654.225,-0.2185792349726776,1.5475051566631128,"253,79999999999998"
2024-04-01,URBANA,018_ZW Parque Las Banderas,0.0,MR76,False,Laboral,Lunes,0.0,-7.654.225,0.546448087431694,1.9872149188231887,"225,0"
2024-04-02,URBANA,018_ZW Parque Las Banderas,0.0,MR76,False,Laboral,Martes,0.0,-7.654.225,-0.04371584699453552,0.6776200949386199,"154,4"
2024-04-03,URBANA,018_ZW Parque Las Banderas,0.0,MR76,False,Laboral,Miércoles,0.0,-7.654.225,0.02185792349726776,1.1384236735484703,"170,3"
2024-04-04,URBANA,018_ZW Parque Las Banderas,0.0,MR76,False,Laboral,Jueves,0.0,-7.654.225,0.1092896174863388,2.405060994709843,"240,7"
2024-04-05,URBANA,018_ZW Parque Las Banderas,0.0,MR76,False,Laboral,Viernes,0.0,-7.654.225,0.6557377049180327,1.5359920566702308,"171,0"
2024-04-06,URBANA,018_ZW Parque Las Banderas,0.0,MR76,False,Fin de Semana,Sábado,0.0,-7.654.225,-0.28415300546448086,0.43163897730657086,"70,4"
2024-04-07,URBANA,018_ZW Parque Las Banderas,0.0,MR76,False,Fin de Semana,Domingo,0.0,-7.654.225,0.8743169398907104,-0.3821935996476484,"4,6"
2024-04-08,URBANA,018_ZW Parque Las Banderas,0.0,MR76,False,Laboral,Lunes,0.0,-7.654.225,0.19672131147540983,0.45966778935066516,"123,5"
2024-04-09,URBANA,018_ZW Parque Las Banderas,0.0,MR76,False,Laboral,Martes,0.0,-7.654.225,0.6557377049180327,-0.17583662313921358,"33,4"
2024-04-10,URBANA,018_ZW Parque Las Banderas,0.0,MR76,False,Laboral,Miércoles,0.0,-7.654.225,0.4371584699453552,0.06731684177607632,"115,9"
2024-04-11,URBANA,018_ZW Parque Las Banderas,0.0,MR76,False,Laboral,Jueves,0.0,-7.654.225,-0.6557377049180327,-0.4025154905466101,"8,1"
2024-04-12,URBANA,018_ZW Parque Las Banderas,0.0,MR76,False,Laboral,Viernes,0.0,-7.654.225,-0.28415300546448086,0.8253364261748545,"181,2"
2024-04-13,URBANA,018_ZW Parque Las Banderas,0.0,MR76,False,Fin de Semana,Sábado,0.0,-7.654.225,0.08743169398907104,-0.21314498761038933,"25,9"
2024-04-14,URBANA,018_ZW Parque Las Banderas,0.0,MR76,False,Fin de Semana,Domingo,0.0,-7.654.225,0.1092896174863388,-0.3756563872599393,"9,0"
2024-04-15,URBANA,018_ZW Parque Las Banderas,0.0,MR76,False,Laboral,Lunes,0.0,-7.654.225,0.0,-0.2899613446203033,"36,3"
2024-04-16,URBANA,018_ZW Parque Las Banderas,0.0,MR76,False,Laboral,Martes,0.0,-7.654.225,0.5245901639344263,0.8593042340013676,"297,4"
2024-04-17,URBANA,018_ZW Parque Las Banderas,0.0,MR76,False,Laboral,Miércoles,0.0,-7.654.225,0.8087431693989071,-0.41963455852102766,"5,1"
2024-04-18,URBANA,018_ZW Parque Las Banderas,0.0,MR76,False,Laboral,Jueves,0.0,-7.654.225,0.06557377049180328,-0.19103666980422027,"82,9"
2024-04-19,URBANA,018_ZW Parque Las Banderas,0.0,MR76,False,Laboral,Viernes,0.0,-7.654.225,-0.5245901639344263,-0.42906006757689125,"2,4"
2024-04-20,URBANA,018_ZW Parque Las Banderas,0.0,MR76,False,Fin de Semana,Sábado,0.0,-7.654.225,-0.32786885245901637,-0.18705164269303343,"31,3"
2024-04-21,URBANA,018_ZW Parque Las Banderas,0.0,MR76,False,Fin de Semana,Domingo,0.0,-7.654.225,0.546448087431694,1.9715451385007634,"379,0"
2024-04-22,URBANA,018_ZW Parque Las Banderas,0.0,MR76,False,Laboral,Lunes,0.0,-7.654.225,-0.45901639344262296,-0.3091556691687436,"27,1"
2024-04-23,URBANA,018_ZW Parque Las Banderas,0.0,MR76,False,Laboral,Martes,0.0,-7.654.225,0.37158469945355194,0.882355102713123,"70,0"
2024-04-24,URBANA,018_ZW Parque Las Banderas,0.0,MR76,False,Laboral,Miércoles,0.0,-7.654.225,0.1092896174863388,0.03917804832860387,"25,4"
2024-04-25,URBANA,018_ZW Parque Las Banderas,0.0,MR76,False,Laboral,Jueves,0.0,-7.654.225,0.13114754098360656,0.2305683032053669,"54,900000000000006"
2024-04-26,URBANA,018_ZW Parque Las Banderas,0.0,MR76,False,Laboral,Viernes,0.0,-7.654.225,-0.19672131147540983,1.0670601328462288,"146,2"
2024-04-27,URBANA,018_ZW Parque Las Banderas,0.0,MR76,False,Fin de Semana,Sábado,0.0,-7.654.225,-0.39344262295081966,2.9144557963411653,"267,4"
2024-04-28,URBANA,018_ZW Parque Las Banderas,0.0,MR76,False,Fin de Semana,Domingo,0.0,-7.654.225,-0.45901639344262296,-0.03618285384782017,"53,1"
2024-04-29,URBANA,018_ZW Parque Las Banderas,0.0,MR76,False,Laboral,Lunes,0.0,-7.654.225,0.0,-0.4069322203626457,"3,9"
2024-04-30,URBANA,018_ZW Parque Las Banderas,0.0,MR76,False,Laboral,Martes,0.0,-7.654.225,0.546448087431694,-0.1594905085791919,"43,2"
2024-05-01,URBANA,018_ZW Parque Las Banderas,0.0,MR76,True,Festivo,Miércoles,0.0,-7.654.225,-0.1092896174863388,-0.35671286142574443,"15,2"
2024-05-02,URBANA,018_ZW Parque Las Banderas,0.0,MR76,False,Laboral,Jueves,0.0,-7.654.225,-0.17486338797814208,-0.36611472961919966,"13,799999999999999"
2024-05-03,URBANA,018_ZW Parque Las Banderas,0.0,MR76,False,Laboral,Viernes,0.0,-7.654.225,-0.4371584699453552,0.46236181980163776,"191,39999999999998"
2024-05-04,URBANA,018_ZW Parque Las Banderas,0.0,MR76,False,Fin de Semana,Sábado,0.0,-7.654.225,0.4371584699453552,4.576462900420319,"675,9"
2024-05-05,URBANA,018_ZW Parque Las Banderas,0.0,MR76,False,Fin de Semana,Domingo,0.0,-7.654.225,0.37158469945355194,0.13406424712718554,"90,5"
2024-05-06,URBANA,018_ZW Parque Las Banderas,0.0,MR76,False,Laboral,Lunes,0.0,-7.654.225,-0.45901639344262296,0.7872119380187981,"249,6"
2024-05-07,URBANA,018_ZW Parque Las Banderas,0.0,MR76,False,Laboral,Martes,0.0,-7.654.225,0.19672131147540983,0.4183322553614007,"137,6"
2024-05-08,URBANA,018_ZW Parque Las Banderas,0.0,MR76,False,Laboral,Miércoles,0.0,-7.654.225,-0.4808743169398907,-0.03672145436529809,"49,4"
2024-05-09,URBANA,018_ZW Parque Las Banderas,0.0,MR76,False,Laboral,Jueves,0.0,-7.654.225,-1.1147540983606556,0.5532619636254495,"109,5"
2024-05-10,URBANA,018_ZW Parque Las Banderas,0.0,MR76,False,Laboral,Viernes,0.0,-7.654.225,-0.39344262295081966,-0.09986414213092053,"41,8"
2024-05-11,URBANA,018_ZW Parque Las Banderas,0.0,MR76,False,Fin de Semana,Sábado,0.0,-7.654.225,-0.6120218579234973,0.009030809440001933,"58,5"
2024-05-12,URBANA,018_ZW Parque Las Banderas,0.0,MR76,False,Fin de Semana,Domingo,0.0,-7.654.225,0.41530054644808745,0.1893787258448846,"148,2"
2024-05-13,URBANA,018_ZW Parque Las Banderas,0.0,MR76,True,Festivo,Lunes,0.0,-7.654.225,-0.41530054644808745,1.294516065122353,"301,5"
2024-05-14,URBANA,018_ZW Parque Las Banderas,0.0,MR76,False,Laboral,Martes,0.0,-7.654.225,-0.15300546448087432,0.7367345853225705,"527,6"
2024-05-15,URBANA,018_ZW Parque Las Banderas,0.0,MR76,False,Laboral,Miércoles,0.0,-7.654.225,-0.8743169398907104,0.018882881882799397,"72,10000000000001"
2024-05-16,URBANA,018_ZW Parque Las Banderas,0.0,MR76,False,Laboral,Jueves,0.0,-7.654.225,0.1092896174863388,0.037917887575878814,"56,8"
2024-05-17,URBANA,018_ZW Parque Las Banderas,0.0,MR76,False,Laboral,Viernes,0.0,-7.654.225,0.39344262295081966,0.047836771151569535,"45,6"
2024-05-18,URBANA,018_ZW Parque Las Banderas,0.0,MR76,False,Fin de Semana,Sábado,0.0,-7.654.225,0.04371584699453552,0.13148944885183783,"50,5"
2024-05-19,URBANA,018_ZW Parque Las Banderas,0.0,MR76,False,Fin de Semana,Domingo,0.0,-7.654.225,0.4371584699453552,-0.15666902304393063,"23,5"
2024-05-20,URBANA,018_ZW Parque Las Banderas,0.0,MR76,False,Laboral,Lunes,0.0,-7.654.225,0.06557377049180328,-0.33220859360766497,"14,700000000000001"
2024-05-21,URBANA,018_ZW Parque Las Banderas,0.0,MR76,False,Laboral,Martes,0.0,-7.654.225,-0.04371584699453552,-0.3428233408290285,"12,0"
2024-05-22,URBANA,018_ZW Parque Las Banderas,0.0,MR76,False,Laboral,Miércoles,0.0,-7.654.225,-0.32786885245901637,-0.00961771954587959,"162,2"
2024-05-23,URBANA,018_ZW Parque Las Banderas,0.0,MR76,False,Laboral,Jueves,0.0,-7.654.225,0.06557377049180328,0.7089493769476409,"210,3"
2024-05-24,URBANA,018_ZW Parque Las Banderas,0.0,MR76,False,Laboral,Viernes,0.0,-7.654.225,-0.19672131147540983,0.08582969276900539,"108,2"
2024-05-25,URBANA,018_ZW Parque Las Banderas,0.0,MR76,False,Fin de Semana,Sábado,0.0,-7.654.225,0.2185792349726776,0.9753469489282852,"193,2"
2024-05-26,URBANA,018_ZW Parque Las Banderas,0.0,MR76,False,Fin de Semana,Domingo,0.0,-7.654.225,0.08743169398907104,2.2907132268312482,"384,4"
2024-05-27,URBANA,018_ZW Parque Las Banderas,0.0,MR76,False,Laboral,Lunes,0.0,-7.654.225,-0.32786885245901637,0.8822379262646641,"151,2"
2024-05-28,URBANA,018_ZW Parque Las Banderas,0.0,MR76,False,Laboral,Martes,0.0,-7.654.225,0.02185792349726776,0.1475960711970268,"76,6"
2024-05-29,URBANA,018_ZW Parque Las Banderas,0.0,MR76,False,Laboral,Miércoles,0.0,-7.654.225,-0.6775956284153005,-0.2901052455219196,"29,0"
2024-05-30,URBANA,018_ZW Parque Las Banderas,0.0,MR76,False,Laboral,Jueves,0.0,-7.654.225,-0.06557377049180328,-0.12354303549187255,"25,7"
2024-05-31,URBANA,018_ZW Parque Las Banderas,0.0,MR76,False,Laboral,Viernes,0.0,-7.654.225,-0.28415300546448086,0.13222437131366363,"59,7"
2024-06-01,URBANA,018_ZW Parque Las Banderas,0.0,MR76,False,Fin de Semana,Sábado,0.0,-7.654.225,-0.19672131147540983,0.983310835969161,"138,2"
2024-06-02,URBANA,018_ZW Parque Las Banderas,0.0,MR76,False,Fin de Semana,Domingo,0.0,-7.654.225,0.5901639344262295,2.8150048553706,"323,0"
2024-06-03,URBANA,018_ZW Parque Las Banderas,0.0,MR76,True,Festivo,Lunes,0.0,-7.654.225,-0.4371584699453552,0.572142789781083,"142,0"
2024-06-04,URBANA,018_ZW Parque Las Banderas,0.0,MR76,False,Laboral,Martes,0.0,-7.654.225,0.02185792349726776,0.7571376774445873,"256,0"
2024-06-05,URBANA,018_ZW Parque Las Banderas,0.0,MR76,False,Laboral,Miércoles,0.0,-7.654.225,-0.15300546448087432,2.2694457014359513,"922,5"
2024-06-06,URBANA,018_ZW Parque Las Banderas,0.0,MR76,False,Laboral,Jueves,0.0,-7.654.225,0.5245901639344263,-0.2307779873762934,"33,2"
2024-06-07,URBANA,018_ZW Parque Las Banderas,0.0,MR76,False,Laboral,Viernes,0.0,-7.654.225,0.08743169398907104,0.047629142707808964,"98,4"
2024-06-08,URBANA,018_ZW Parque Las Banderas,0.0,MR76,False,Fin de Semana,Sábado,0.0,-7.654.225,-0.45901639344262296,-0.3502763796691667,"27,4"
2024-06-09,URBANA,018_ZW Parque Las Banderas,0.0,MR76,False,Fin de Semana,Domingo,0.0,-7.654.225,1.0273224043715847,0.005331528404881633,"148,3"
2024-06-10,URBANA,018_ZW Parque Las Banderas,0.0,MR76,True,Festivo,Lunes,0.0,-7.654.225,-0.04371584699453552,-0.3760264181498096,"11,2"
2024-06-11,URBANA,018_ZW Parque Las Banderas,0.0,MR76,False,Laboral,Martes,0.0,-7.654.225,0.19672131147540983,-0.32511839061231634,"17,7"
2024-06-12,URBANA,018_ZW Parque Las Banderas,0.0,MR76,False,Laboral,Miércoles,0.0,-7.654.225,0.2185792349726776,-0.3199965463783612,"15,600000000000001"
2024-06-13,URBANA,018_ZW Parque Las Banderas,0.0,MR76,False,Laboral,Jueves,0.0,-7.654.225,0.19672131147540983,0.0830441824591482,"9889052200,0"
2024-06-14,URBANA,018_ZW Parque Las Banderas,0.0,MR76,False,Laboral,Viernes,0.0,-7.654.225,0.04371584699453552,1.545048562699807,"58017501200,0"
2024-06-15,URBANA,018_ZW Parque Las Banderas,0.0,MR76,False,Fin de Semana,Sábado,0.0,-7.654.225,-0.8306010928961749,-0.3680964506071719,"621111500,0"
2024-06-16,URBANA,018_ZW Parque Las Banderas,0.0,MR76,False,Fin de Semana,Domingo,0.0,-7.654.225,0.4808743169398907,0.7005928460180694,"19881961500,0"
2024-06-17,URBANA,018_ZW Parque Las Banderas,0.0,MR76,False,Laboral,Lunes,0.0,-7.654.225,-0.5683060109289617,-0.11995373586013038,"49,7"
2024-06-18,URBANA,018_ZW Parque Las Banderas,0.0,MR76,False,Laboral,Martes,0.0,-7.654.225,-0.13114754098360656,0.3256508239482964,"117,5"
2024-06-19,URBANA,018_ZW Parque Las Banderas,0.0,MR76,False,Laboral,Miércoles,0.0,-7.654.225,-0.04371584699453552,1.8825629881227792,"320,4"
2024-06-20,URBANA,018_ZW Parque Las Banderas,0.0,MR76,False,Laboral,Jueves,0.0,-7.654.225,0.5683060109289617,0.9406473022306953,"268,7"
2024-06-21,URBANA,018_ZW Parque Las Banderas,0.0,MR76,False,Laboral,Viernes,0.0,-7.654.225,0.41530054644808745,-0.11127342790192228,"54,699999999999996"
2024-06-22,URBANA,018_ZW Parque Las Banderas,0.0,MR76,False,Fin de Semana,Sábado,0.0,-7.654.225,3.650273224043716,0.21650404579954552,"120,7"
2024-06-23,URBANA,018_ZW Parque Las Banderas,0.0,MR76,False,Fin de Semana,Domingo,0.0,-7.654.225,3.169398907103825,-0.24525750166963592,"74,0"
2024-06-24,URBANA,018_ZW Parque Las Banderas,0.0,MR76,False,Laboral,Lunes,0.0,-7.654.225,1.6612021857923498,1.4497799986483595,"352,0"
2024-06-25,URBANA,018_ZW Parque Las Banderas,0.0,MR76,False,Laboral,Martes,0.0,-7.654.225,1.2459016393442623,-0.2871614442202845,"36,6"
2024-06-26,URBANA,018_ZW Parque Las Banderas,0.0,MR76,False,Laboral,Miércoles,0.0,-7.654.225,1.5519125683060109,0.14036093943647893,"145,6"
2024-06-27,URBANA,018_ZW Parque Las Banderas,0.0,MR76,False,Laboral,Jueves,0.0,-7.654.225,0.5027322404371585,-0.32027509740934695,"34,4"
2024-06-28,URBANA,018_ZW Parque Las Banderas,0.0,MR76,False,Laboral,Viernes,0.0,-7.654.225,1.2677595628415301,-0.3386419917734938,"16,8"
2024-06-29,URBANA,018_ZW Parque Las Banderas,0.0,MR76,False,Fin de Semana,Sábado,0.0,-7.654.225,0.7213114754098361,0.043507409740086704,"79,7"
2024-06-30,URBANA,018_ZW Parque Las Banderas,0.0,MR76,False,Fin de Semana,Domingo,0.0,-7.654.225,1.0491803278688525,-0.12098057157952054,"66,5"
2024-07-01,URBANA,018_ZW Parque Las Banderas,0.0,MR76,True,Festivo,Lunes,0.0,-7.654.225,1.1584699453551912,-0.07547396717055109,"49,14"
2024-07-02,URBANA,018_ZW Parque Las Banderas,0.0,MR76,False,Laboral,Martes,0.0,-7.654.225,1.0273224043715847,0.3007477450600234,"77,53"
2024-07-03,URBANA,018_ZW Parque Las Banderas,0.0,MR76,False,Laboral,Miércoles,0.0,-7.654.225,0.9617486338797814,-0.2465094395136972,"22,27"
2024-07-04,URBANA,018_ZW Parque Las Banderas,0.0,MR76,False,Laboral,Jueves,0.0,-7.654.225,1.3333333333333333,-0.34592954457677333,"11,42"
2024-07-05,URBANA,018_ZW Parque Las Banderas,0.0,MR76,False,Laboral,Viernes,0.0,-7.654.225,-0.30601092896174864,-0.3471814824208346,"10,489999999999998"
2024-07-06,URBANA,018_ZW Parque Las Banderas,0.0,MR76,False,Fin de Semana,Sábado,0.0,-7.654.225,0.8743169398907104,0.4599483961088168,"103,89999999999999"
2024-07-07,URBANA,018_ZW Parque Las Banderas,0.0,MR76,False,Fin de Semana,Domingo,0.0,-7.654.225,1.5737704918032787,-0.10809630156695234,"36,5"
2024-07-08,URBANA,018_ZW Parque Las Banderas,0.0,MR76,False,Laboral,Lunes,0.0,-7.654.225,0.7431693989071039,-0.23959500119103694,"34,93"
2024-07-09,URBANA,018_ZW Parque Las Banderas,0.0,MR76,False,Laboral,Martes,0.0,-7.654.225,0.8961748633879781,-0.225629418689181,"35,760000000000005"
2024-07-10,URBANA,018_ZW Parque Las Banderas,0.0,MR76,False,Laboral,Miércoles,0.0,-7.654.225,1.4426229508196722,0.20671981235322429,"90,98"
2024-07-11,URBANA,018_ZW Parque Las Banderas,0.0,MR76,False,Laboral,Jueves,0.0,-7.654.225,1.9453551912568305,0.23000708968906355,"88,21"
2024-07-12,URBANA,018_ZW Parque Las Banderas,0.0,MR76,False,Laboral,Viernes,0.0,-7.654.225,2.1639344262295084,-0.018787290569582896,"64,48"
2024-07-13,URBANA,018_ZW Parque Las Banderas,0.0,MR76,False,Fin de Semana,Sábado,0.0,-7.654.225,1.1147540983606556,-0.1631055048005084,"38,11"
2024-07-14,URBANA,018_ZW Parque Las Banderas,0.0,MR76,False,Fin de Semana,Domingo,0.0,-7.654.225,0.30601092896174864,0.044271112382235744,"73,94"
2024-07-15,URBANA,018_ZW Parque Las Banderas,0.0,MR76,False,Laboral,Lunes,0.0,-7.654.225,2.0546448087431695,0.12070304841211779,"97,41999999999999"
2024-07-16,URBANA,018_ZW Parque Las Banderas,0.0,MR76,False,Laboral,Martes,0.0,-7.654.225,1.989071038251366,-0.2900702981600985,"23,07"
2024-07-17,URBANA,018_ZW Parque Las Banderas,0.0,MR76,False,Laboral,Miércoles,0.0,-7.654.225,1.3770491803278688,-0.27016777560298977,"36,31"
2024-07-18,URBANA,018_ZW Parque Las Banderas,0.0,MR76,False,Laboral,Jueves,0.0,-7.654.225,1.726775956284153,-0.3050894408345019,"21,88"
2024-07-19,URBANA,018_ZW Parque Las Banderas,0.0,MR76,False,Laboral,Viernes,0.0,-7.654.225,1.7486338797814207,0.5144056365983163,"129,26"
2024-07-20,URBANA,018_ZW Parque Las Banderas,0.0,MR76,True,Festivo,Sábado,0.0,-7.654.225,1.3989071038251366,2.2545108435753516,"336,47"
2024-07-21,URBANA,018_ZW Parque Las Banderas,0.0,MR76,False,Fin de Semana,Domingo,0.0,-7.654.225,1.2677595628415301,4.1450223007852625,"681,3"
2024-07-22,URBANA,018_ZW Parque Las Banderas,0.0,MR76,False,Laboral,Lunes,0.0,-7.654.225,1.2240437158469946,0.5566333561776015,"139,38"
2024-07-23,URBANA,018_ZW Parque Las Banderas,0.0,MR76,False,Laboral,Martes,0.0,-7.654.225,0.8524590163934426,0.9031857860856565,"188,51"
2024-07-24,URBANA,018_ZW Parque Las Banderas,0.0,MR76,False,Laboral,Miércoles,0.0,-7.654.225,1.180327868852459,-0.41380657200557,"3,88"
2024-07-25,URBANA,018_ZW Parque Las Banderas,0.0,MR76,False,Laboral,Jueves,0.0,-7.654.225,1.8360655737704918,-0.41171898106855154,"4,2"
2024-07-26,URBANA,018_ZW Parque Las Banderas,0.0,MR76,False,Laboral,Viernes,0.0,-7.654.225,2.0765027322404372,1.8106413174949834,"288,27"
2024-07-27,URBANA,018_ZW Parque Las Banderas,0.0,MR76,False,Fin de Semana,Sábado,0.0,-7.654.225,1.7923497267759563,0.6317321531403673,"178,17000000000002"
2024-07-28,URBANA,018_ZW Parque Las Banderas,0.0,MR76,False,Fin de Semana,Domingo,0.0,-7.654.225,2.6666666666666665,1.2983890551029957,"357,69"
2024-07-29,URBANA,018_ZW Parque Las Banderas,0.0,MR76,False,Laboral,Lunes,0.0,-7.654.225,2.448087431693989,-0.1862488812347314,"39,43"
2024-07-30,URBANA,018_ZW Parque Las Banderas,0.0,MR76,False,Laboral,Martes,0.0,-7.654.225,2.73224043715847,1.5207282824630797,"278,64000000000004"
2024-07-31,URBANA,018_ZW Parque Las Banderas,0.0,MR76,False,Laboral,Miércoles,0.0,-7.654.225,2.1639344262295084,-0.0276279452467348,"66,49"
2024-08-01,URBANA,018_ZW Parque Las Banderas,0.0,MR76,False,Laboral,Jueves,0.0,-7.654.225,2.3825136612021858,0.32666326957752495,"111,16"
2024-08-02,URBANA,018_ZW Parque Las Banderas,0.0,MR76,False,Laboral,Viernes,0.0,-7.654.225,3.278688524590164,1.4273232350875624,"302,07"
2024-08-03,URBANA,018_ZW Parque Las Banderas,0.0,MR76,False,Fin de Semana,Sábado,0.0,-7.654.225,1.7486338797814207,0.7063252412203105,"227,04"
2024-08-04,URBANA,018_ZW Parque Las Banderas,0.0,MR76,False,Fin de Semana,Domingo,0.0,-7.654.225,3.519125683060109,-0.3970791200562653,"6,51"
2024-08-05,URBANA,018_ZW Parque Las Banderas,0.0,MR76,False,Laboral,Lunes,0.0,-7.654.225,1.530054644808743,-0.3547671156631763,"11,85"
2024-08-06,URBANA,018_ZW Parque Las Banderas,0.0,MR76,False,Laboral,Martes,0.0,-7.654.225,0.45901639344262296,-0.38473756201550685,"5,09"
2024-08-07,URBANA,018_ZW Parque Las Banderas,0.0,MR76,True,Festivo,Miércoles,0.0,-7.654.225,0.28415300546448086,-0.36360982606749415,"8,73"
2024-08-08,URBANA,018_ZW Parque Las Banderas,0.0,MR76,False,Laboral,Jueves,0.0,-7.654.225,0.7868852459016393,-0.24399631305332786,"23,8"
2024-08-09,URBANA,018_ZW Parque Las Banderas,0.0,MR76,False,Laboral,Viernes,0.0,-7.654.225,1.3770491803278688,-0.2114253718360753,"40,87"
2024-08-10,URBANA,018_ZW Parque Las Banderas,0.0,MR76,False,Fin de Semana,Sábado,0.0,-7.654.225,1.092896174863388,-0.008036865355266914,"79,36999999999999"
2024-08-11,URBANA,018_ZW Parque Las Banderas,0.0,MR76,False,Fin de Semana,Domingo,0.0,-7.654.225,0.2185792349726776,-0.4193385338091314,"3,3299999999999996"
2024-08-12,URBANA,018_ZW Parque Las Banderas,0.0,MR76,False,Laboral,Lunes,0.0,-7.654.225,0.546448087431694,-0.3838566829248989,"11,51"
2024-08-13,URBANA,018_ZW Parque Las Banderas,0.0,MR76,False,Laboral,Martes,0.0,-7.654.225,0.8306010928961749,-0.3444360587907134,"10,42"
2024-08-14,URBANA,018_ZW Parque Las Banderas,0.0,MR76,False,Laboral,Miércoles,0.0,-7.654.225,0.9398907103825137,-0.39249998779411993,"6,0200000000000005"
2024-08-15,URBANA,018_ZW Parque Las Banderas,0.0,MR76,False,Laboral,Jueves,0.0,-7.654.225,0.6775956284153005,-0.3667756459030514,"10,55"
2024-08-16,URBANA,018_ZW Parque Las Banderas,0.0,MR76,False,Laboral,Viernes,0.0,-7.654.225,0.6120218579234973,-0.4041097069638015,"4,63"
2024-08-17,URBANA,018_ZW Parque Las Banderas,0.0,MR76,False,Fin de Semana,Sábado,0.0,-7.654.225,0.08743169398907104,-0.43409557126987663,"0,7"
