FECHA.CONEXION,AREA,NOMBRE.ZONA,COMUNA,MODEL,es_festivo,tipo_dia,dia_semana,LATITUD,LONGITUD,NUMERO.CONEXIONES,USAGE.KB,PORCENTAJE.USO
2024-01-01,URBANA,023_ZW Parque Los Guerreros,0.0,MR76,True,Festivo,Lunes,0.0,-7.647.297,-0.2692307692307692,0.630084112961527,"47,4"
2024-01-02,URBANA,023_ZW Parque Los Guerreros,0.0,MR76,False,Laboral,Martes,0.0,-7.647.297,-0.5,0.1569466552352163,"14,9"
2024-01-03,URBANA,023_ZW Parque Los Guerreros,0.0,MR76,False,Laboral,Miércoles,0.0,-7.647.297,-0.2692307692307692,6.738927694983549,"341,7"
2024-01-04,URBANA,023_ZW Parque Los Guerreros,0.0,MR76,False,Laboral,Jueves,0.0,-7.647.297,-0.5769230769230769,8.21155696681874,"476,9"
2024-01-05,URBANA,023_ZW Parque Los Guerreros,0.0,MR76,False,Laboral,Viernes,0.0,-7.647.297,-0.34615384615384615,3.290006114623787,"187,9"
2024-01-06,URBANA,023_ZW Parque Los Guerreros,0.0,MR76,False,Fin de Semana,Sábado,0.0,-7.647.297,0.23076923076923078,0.9571410773213029,"80,0"
2024-01-07,URBANA,023_ZW Parque Los Guerreros,0.0,MR76,False,Fin de Semana,Domingo,0.0,-7.647.297,-0.5769230769230769,-0.047612919724661605,"0,1"
2024-01-08,URBANA,023_ZW Parque Los Guerreros,0.0,MR76,True,Festivo,Lunes,0.0,-7.647.297,-0.3076923076923077,-0.036065624830946226,"0,5"
2024-01-09,URBANA,023_ZW Parque Los Guerreros,0.0,MR76,False,Laboral,Martes,0.0,-7.647.297,-0.15384615384615385,-0.03589841527967437,"0,6"
2024-01-10,URBANA,023_ZW Parque Los Guerreros,0.0,MR76,False,Laboral,Miércoles,0.0,-7.647.297,-0.11538461538461539,0.02289377439497191,"3,6"
2024-01-11,URBANA,023_ZW Parque Los Guerreros,0.0,MR76,False,Laboral,Jueves,0.0,-7.647.297,-0.3076923076923077,-0.015803761559179886,"1,9"
2024-01-12,URBANA,023_ZW Parque Los Guerreros,0.0,MR76,False,Laboral,Viernes,0.0,-7.647.297,-0.11538461538461539,-0.04055405376606728,"0,4"
2024-01-13,URBANA,023_ZW Parque Los Guerreros,0.0,MR76,False,Fin de Semana,Sábado,0.0,-7.647.297,0.46153846153846156,-0.0436654628671848,"0,3"
2024-01-14,URBANA,023_ZW Parque Los Guerreros,0.0,MR76,False,Fin de Semana,Domingo,0.0,-7.647.297,-0.3076923076923077,-0.04349825331591294,"0,4"
2024-01-15,URBANA,023_ZW Parque Los Guerreros,0.0,MR76,False,Laboral,Lunes,0.0,-7.647.297,-0.11538461538461539,-0.04189336948556834,"0,6"
2024-01-16,URBANA,023_ZW Parque Los Guerreros,0.0,MR76,False,Laboral,Martes,0.0,-7.647.297,0.11538461538461539,-0.04278187514036586,"0,4"
2024-01-17,URBANA,023_ZW Parque Los Guerreros,0.0,MR76,False,Laboral,Miércoles,0.0,-7.647.297,0.2692307692307692,-0.03654594246352127,"0,7"
2024-01-18,URBANA,023_ZW Parque Los Guerreros,0.0,MR76,False,Laboral,Jueves,0.0,-7.647.297,-0.5,-0.047326040592577535,"0,1"
2024-01-19,URBANA,023_ZW Parque Los Guerreros,0.0,MR76,False,Laboral,Viernes,0.0,-7.647.297,0.07692307692307693,-0.04658835139578993,"0,1"
2024-01-20,URBANA,023_ZW Parque Los Guerreros,0.0,MR76,False,Fin de Semana,Sábado,0.0,-7.647.297,0.19230769230769232,-0.03156408142121561,"0,8"
2024-01-21,URBANA,023_ZW Parque Los Guerreros,0.0,MR76,False,Fin de Semana,Domingo,0.0,-7.647.297,-0.4230769230769231,-0.04640474875125612,"0,1"
2024-01-22,URBANA,023_ZW Parque Los Guerreros,0.0,MR76,False,Laboral,Lunes,0.0,-7.647.297,-0.19230769230769232,-0.04609983721658391,"0,1"
2024-01-23,URBANA,023_ZW Parque Los Guerreros,0.0,MR76,False,Laboral,Martes,0.0,-7.647.297,-0.3076923076923077,-0.04627524331448674,"0,1"
2024-01-24,URBANA,023_ZW Parque Los Guerreros,0.0,MR76,False,Laboral,Miércoles,0.0,-7.647.297,-0.15384615384615385,-0.035208266053346406,"0,7"
2024-01-25,URBANA,023_ZW Parque Los Guerreros,0.0,MR76,False,Laboral,Jueves,0.0,-7.647.297,-0.19230769230769232,-0.04648835352689205,"0,1"
2024-01-26,URBANA,023_ZW Parque Los Guerreros,0.0,MR76,False,Laboral,Viernes,0.0,-7.647.297,-0.19230769230769232,-0.04011144024799471,"0,4"
2024-01-27,URBANA,023_ZW Parque Los Guerreros,0.0,MR76,False,Fin de Semana,Sábado,0.0,-7.647.297,0.46153846153846156,-0.04502772891725258,"0,2"
2024-01-28,URBANA,023_ZW Parque Los Guerreros,0.0,MR76,False,Fin de Semana,Domingo,0.0,-7.647.297,-0.3076923076923077,-0.042558929072003385,"0,4"
2024-01-29,URBANA,023_ZW Parque Los Guerreros,0.0,MR76,False,Laboral,Lunes,0.0,-7.647.297,-0.038461538461538464,-0.02134462708171793,"1,4"
2024-01-30,URBANA,023_ZW Parque Los Guerreros,0.0,MR76,False,Laboral,Martes,0.0,-7.647.297,-0.34615384615384615,-0.024277351466280225,"1,6"
2024-01-31,URBANA,023_ZW Parque Los Guerreros,0.0,MR76,False,Laboral,Miércoles,0.0,-7.647.297,0.34615384615384615,-0.038452459209885693,"0,6"
2024-02-01,URBANA,023_ZW Parque Los Guerreros,0.0,MR76,False,Laboral,Jueves,0.0,-7.647.297,0.2692307692307692,-0.03071983711822535,"0,8"
2024-02-02,URBANA,023_ZW Parque Los Guerreros,0.0,MR76,False,Laboral,Viernes,0.0,-7.647.297,-0.038461538461538464,-0.03552957068128056,"0,8"
2024-02-03,URBANA,023_ZW Parque Los Guerreros,0.0,MR76,False,Fin de Semana,Sábado,0.0,-7.647.297,0.38461538461538464,-0.04717030620658904,"0,0"
2024-02-04,URBANA,023_ZW Parque Los Guerreros,0.0,MR76,False,Fin de Semana,Domingo,0.0,-7.647.297,0.23076923076923078,-0.04520313501515542,"0,1"
2024-02-05,URBANA,023_ZW Parque Los Guerreros,0.0,MR76,False,Laboral,Lunes,0.0,-7.647.297,-0.38461538461538464,-0.04197697426120427,"0,3"
2024-02-06,URBANA,023_ZW Parque Los Guerreros,0.0,MR76,False,Laboral,Martes,0.0,-7.647.297,-0.7692307692307693,-0.03498859860363632,"0,6"
2024-02-07,URBANA,023_ZW Parque Los Guerreros,0.0,MR76,False,Laboral,Miércoles,0.0,-7.647.297,-0.46153846153846156,1.0393688331232285,"40,2"
2024-02-08,URBANA,023_ZW Parque Los Guerreros,0.0,MR76,False,Laboral,Jueves,0.0,-7.647.297,-0.5,0.05941922549191574,"4,8"
2024-02-09,URBANA,023_ZW Parque Los Guerreros,0.0,MR76,False,Laboral,Viernes,0.0,-7.647.297,-0.6538461538461539,0.02062005235953988,"3,5"
2024-02-10,URBANA,023_ZW Parque Los Guerreros,0.0,MR76,False,Fin de Semana,Sábado,0.0,-7.647.297,-0.34615384615384615,0.24817913716592926,"11,3"
2024-02-11,URBANA,023_ZW Parque Los Guerreros,0.0,MR76,False,Fin de Semana,Domingo,0.0,-7.647.297,-0.4230769230769231,0.7320868571653391,"35,4"
2024-02-12,URBANA,023_ZW Parque Los Guerreros,0.0,MR76,False,Laboral,Lunes,0.0,-7.647.297,-0.6538461538461539,0.24156780265338607,"17,1"
2024-02-13,URBANA,023_ZW Parque Los Guerreros,0.0,MR76,False,Laboral,Martes,0.0,-7.647.297,-0.38461538461538464,1.8242553847213092,"131,9"
2024-02-14,URBANA,023_ZW Parque Los Guerreros,0.0,MR76,False,Laboral,Miércoles,0.0,-7.647.297,0.07692307692307693,2.47854635884809,"204,1"
2024-02-15,URBANA,023_ZW Parque Los Guerreros,0.0,MR76,False,Laboral,Jueves,0.0,-7.647.297,0.038461538461538464,0.6387954027209256,"35,9"
2024-02-16,URBANA,023_ZW Parque Los Guerreros,0.0,MR76,False,Laboral,Viernes,0.0,-7.647.297,0.038461538461538464,-0.044372005186774706,"0,2"
2024-02-17,URBANA,023_ZW Parque Los Guerreros,0.0,MR76,False,Fin de Semana,Sábado,0.0,-7.647.297,0.4230769230769231,-0.03325093071786995,"0,9"
2024-02-18,URBANA,023_ZW Parque Los Guerreros,0.0,MR76,False,Fin de Semana,Domingo,0.0,-7.647.297,0.038461538461538464,-0.036898393968653125,"0,6"
2024-02-19,URBANA,023_ZW Parque Los Guerreros,0.0,MR76,False,Laboral,Lunes,0.0,-7.647.297,-0.34615384615384615,0.02020858571866501,"2,9"
2024-02-20,URBANA,023_ZW Parque Los Guerreros,0.0,MR76,False,Laboral,Martes,0.0,-7.647.297,-0.19230769230769232,-0.043845786893066216,"0,2"
2024-02-21,URBANA,023_ZW Parque Los Guerreros,0.0,MR76,False,Laboral,Miércoles,0.0,-7.647.297,-0.4230769230769231,-0.03843934473527613,"0,5"
2024-02-22,URBANA,023_ZW Parque Los Guerreros,0.0,MR76,False,Laboral,Jueves,0.0,-7.647.297,-0.6153846153846154,0.15540898308724568,"8,1"
2024-02-23,URBANA,023_ZW Parque Los Guerreros,0.0,MR76,False,Laboral,Viernes,0.0,-7.647.297,-0.6923076923076923,0.9113781181712521,"41,2"
2024-02-24,URBANA,023_ZW Parque Los Guerreros,0.0,MR76,False,Fin de Semana,Sábado,0.0,-7.647.297,-0.11538461538461539,2.302009137510184,"114,2"
2024-02-25,URBANA,023_ZW Parque Los Guerreros,0.0,MR76,False,Fin de Semana,Domingo,0.0,-7.647.297,-0.7307692307692307,3.170205389065479,"111,8"
2024-02-26,URBANA,023_ZW Parque Los Guerreros,0.0,MR76,False,Laboral,Lunes,0.0,-7.647.297,0.038461538461538464,3.339821446428191,"185,7"
2024-02-27,URBANA,023_ZW Parque Los Guerreros,0.0,MR76,False,Laboral,Martes,0.0,-7.647.297,-0.5,1.1456206671005371,"62,7"
2024-02-28,URBANA,023_ZW Parque Los Guerreros,0.0,MR76,False,Laboral,Miércoles,0.0,-7.647.297,-0.19230769230769232,4.635708583259701,"166,6"
2024-02-29,URBANA,023_ZW Parque Los Guerreros,0.0,MR76,False,Laboral,Jueves,0.0,-7.647.297,-0.07692307692307693,-0.01779552239050643,"2,4"
2024-03-01,URBANA,023_ZW Parque Los Guerreros,0.0,MR76,False,Laboral,Viernes,0.0,-7.647.297,0.19230769230769232,0.01651522180674838,"3,3"
2024-03-02,URBANA,023_ZW Parque Los Guerreros,0.0,MR76,False,Fin de Semana,Sábado,0.0,-7.647.297,-0.23076923076923078,0.16173835639568337,"12,5"
2024-03-03,URBANA,023_ZW Parque Los Guerreros,0.0,MR76,False,Fin de Semana,Domingo,0.0,-7.647.297,-0.15384615384615385,0.237828538080336,"12,5"
2024-03-04,URBANA,023_ZW Parque Los Guerreros,0.0,MR76,False,Laboral,Lunes,0.0,-7.647.297,-0.38461538461538464,1.5696345815580979,"69,4"
2024-03-05,URBANA,023_ZW Parque Los Guerreros,0.0,MR76,False,Laboral,Martes,0.0,-7.647.297,-0.4230769230769231,2.8455385377032947,"128,1"
2024-03-06,URBANA,023_ZW Parque Los Guerreros,0.0,MR76,False,Laboral,Miércoles,0.0,-7.647.297,-0.15384615384615385,0.568775583471172,"31,1"
2024-03-07,URBANA,023_ZW Parque Los Guerreros,0.0,MR76,False,Laboral,Jueves,0.0,-7.647.297,-0.2692307692307692,0.4630630822621813,"29,2"
2024-03-08,URBANA,023_ZW Parque Los Guerreros,0.0,MR76,False,Laboral,Viernes,0.0,-7.647.297,-0.23076923076923078,5.019985639650303,"289,1"
2024-03-09,URBANA,023_ZW Parque Los Guerreros,0.0,MR76,False,Fin de Semana,Sábado,0.0,-7.647.297,-0.38461538461538464,0.44286187343548417,"30,3"
2024-03-10,URBANA,023_ZW Parque Los Guerreros,0.0,MR76,False,Fin de Semana,Domingo,0.0,-7.647.297,0.0,0.2573166473501384,"19,6"
2024-03-11,URBANA,023_ZW Parque Los Guerreros,0.0,MR76,False,Laboral,Lunes,0.0,-7.647.297,0.0,-0.03982620042523684,"0,6"
2024-03-12,URBANA,023_ZW Parque Los Guerreros,0.0,MR76,False,Laboral,Martes,0.0,-7.647.297,-0.15384615384615385,-0.012290721673144671,"2,5"
2024-03-13,URBANA,023_ZW Parque Los Guerreros,0.0,MR76,False,Laboral,Miércoles,0.0,-7.647.297,0.23076923076923078,-0.04279171099632303,"0,5"
2024-03-14,URBANA,023_ZW Parque Los Guerreros,0.0,MR76,False,Laboral,Jueves,0.0,-7.647.297,0.19230769230769232,-0.04432282590698887,"0,3"
2024-03-15,URBANA,023_ZW Parque Los Guerreros,0.0,MR76,False,Laboral,Viernes,0.0,-7.647.297,0.11538461538461539,-0.041890090866915954,"0,3"
2024-03-16,URBANA,023_ZW Parque Los Guerreros,0.0,MR76,False,Fin de Semana,Sábado,0.0,-7.647.297,-0.11538461538461539,-0.04286711922532799,"0,3"
2024-03-17,URBANA,023_ZW Parque Los Guerreros,0.0,MR76,False,Fin de Semana,Domingo,0.0,-7.647.297,-0.2692307692307692,-0.024588820238257217,"1,1"
2024-03-18,URBANA,023_ZW Parque Los Guerreros,0.0,MR76,False,Laboral,Lunes,0.0,-7.647.297,-0.11538461538461539,-0.04517362744728391,"0,2"
2024-03-19,URBANA,023_ZW Parque Los Guerreros,0.0,MR76,False,Laboral,Martes,0.0,-7.647.297,-0.34615384615384615,-0.044301514885748336,"0,3"
2024-03-20,URBANA,023_ZW Parque Los Guerreros,0.0,MR76,False,Laboral,Miércoles,0.0,-7.647.297,-0.038461538461538464,-0.04302285361131648,"0,5"
2024-03-21,URBANA,023_ZW Parque Los Guerreros,0.0,MR76,False,Laboral,Jueves,0.0,-7.647.297,-0.2692307692307692,-0.02349867953633775,"1,8"
2024-03-22,URBANA,023_ZW Parque Los Guerreros,0.0,MR76,False,Laboral,Viernes,0.0,-7.647.297,-0.2692307692307692,-0.04507526888771223,"0,2"
2024-03-23,URBANA,023_ZW Parque Los Guerreros,0.0,MR76,False,Fin de Semana,Sábado,0.0,-7.647.297,0.6923076923076923,-0.03349518780747295,"1,2"
2024-03-24,URBANA,023_ZW Parque Los Guerreros,0.0,MR76,True,Festivo,Domingo,0.0,-7.647.297,-0.38461538461538464,-0.03649184525575684,"0,8"
2024-03-25,URBANA,023_ZW Parque Los Guerreros,0.0,MR76,True,Festivo,Lunes,0.0,-7.647.297,-0.19230769230769232,-0.037673787279943215,"1,0"
2024-03-26,URBANA,023_ZW Parque Los Guerreros,0.0,MR76,False,Laboral,Martes,0.0,-7.647.297,-0.3076923076923077,-0.02840841096829084,"1,6"
2024-03-27,URBANA,023_ZW Parque Los Guerreros,0.0,MR76,False,Laboral,Miércoles,0.0,-7.647.297,-0.3076923076923077,-0.04218024861765241,"0,5"
2024-03-28,URBANA,023_ZW Parque Los Guerreros,0.0,MR76,True,Festivo,Jueves,0.0,-7.647.297,-0.19230769230769232,-0.04254745390672002,"0,6"
2024-03-29,URBANA,023_ZW Parque Los Guerreros,0.0,MR76,True,Festivo,Viernes,0.0,-7.647.297,-0.2692307692307692,-0.04665556307816391,"0,1"
2024-03-30,URBANA,023_ZW Parque Los Guerreros,0.0,MR76,False,Fin de Semana,Sábado,0.0,-7.647.297,0.5,-0.03859671843059082,"1,0"
2024-03-31,URBANA,023_ZW Parque Los Guerreros,0.0,MR76,True,Festivo,Domingo,0.0,-7.647.297,0.07692307692307693,0.17958715633929112,"18,3"
2024-04-01,URBANA,023_ZW Parque Los Guerreros,0.0,MR76,False,Laboral,Lunes,0.0,-7.647.297,-0.19230769230769232,0.21337660017081603,"15,2"
2024-04-02,URBANA,023_ZW Parque Los Guerreros,0.0,MR76,False,Laboral,Martes,0.0,-7.647.297,-0.3076923076923077,-0.027533019788102877,"1,8"
2024-04-03,URBANA,023_ZW Parque Los Guerreros,0.0,MR76,False,Laboral,Miércoles,0.0,-7.647.297,-0.11538461538461539,0.1098279872724024,"10,7"
2024-04-04,URBANA,023_ZW Parque Los Guerreros,0.0,MR76,False,Laboral,Jueves,0.0,-7.647.297,0.0,-0.04349989262523914,"0,3"
2024-04-05,URBANA,023_ZW Parque Los Guerreros,0.0,MR76,False,Laboral,Viernes,0.0,-7.647.297,-0.07692307692307693,-0.04517526675661011,"0,2"
2024-04-06,URBANA,023_ZW Parque Los Guerreros,0.0,MR76,False,Fin de Semana,Sábado,0.0,-7.647.297,0.19230769230769232,-0.04272613862327524,"0,3"
2024-04-07,URBANA,023_ZW Parque Los Guerreros,0.0,MR76,False,Fin de Semana,Domingo,0.0,-7.647.297,-0.34615384615384615,-0.04717522413456762,"0,1"
2024-04-08,URBANA,023_ZW Parque Los Guerreros,0.0,MR76,False,Laboral,Lunes,0.0,-7.647.297,-0.3076923076923077,-0.04615557373367453,"0,2"
2024-04-09,URBANA,023_ZW Parque Los Guerreros,0.0,MR76,False,Laboral,Martes,0.0,-7.647.297,-0.38461538461538464,-0.046794904370890456,"0,1"
2024-04-10,URBANA,023_ZW Parque Los Guerreros,0.0,MR76,False,Laboral,Miércoles,0.0,-7.647.297,-0.038461538461538464,-0.0306427895798942,"2,6"
2024-04-11,URBANA,023_ZW Parque Los Guerreros,0.0,MR76,False,Laboral,Jueves,0.0,-7.647.297,0.0,-0.047053915244429215,"0,2"
2024-04-12,URBANA,023_ZW Parque Los Guerreros,0.0,MR76,False,Laboral,Viernes,0.0,-7.647.297,-0.07692307692307693,-0.046350651543491696,"0,2"
2024-04-13,URBANA,023_ZW Parque Los Guerreros,0.0,MR76,False,Fin de Semana,Sábado,0.0,-7.647.297,0.07692307692307693,-0.04518838123121966,"0,2"
2024-04-14,URBANA,023_ZW Parque Los Guerreros,0.0,MR76,False,Fin de Semana,Domingo,0.0,-7.647.297,-0.46153846153846156,-0.045076908197038426,"0,3"
2024-04-15,URBANA,023_ZW Parque Los Guerreros,0.0,MR76,False,Laboral,Lunes,0.0,-7.647.297,-0.038461538461538464,-0.04595885661453117,"0,4"
2024-04-16,URBANA,023_ZW Parque Los Guerreros,0.0,MR76,False,Laboral,Martes,0.0,-7.647.297,0.038461538461538464,-0.03489024004406464,"2,0"
2024-04-17,URBANA,023_ZW Parque Los Guerreros,0.0,MR76,False,Laboral,Miércoles,0.0,-7.647.297,-0.34615384615384615,-0.03331158516293915,"2,5"
2024-04-18,URBANA,023_ZW Parque Los Guerreros,0.0,MR76,False,Laboral,Jueves,0.0,-7.647.297,0.0,-0.043590054638179845,"1,0"
2024-04-19,URBANA,023_ZW Parque Los Guerreros,0.0,MR76,False,Laboral,Viernes,0.0,-7.647.297,0.0,-0.04381300070654232,"0,7"
2024-04-20,URBANA,023_ZW Parque Los Guerreros,0.0,MR76,False,Fin de Semana,Sábado,0.0,-7.647.297,0.5769230769230769,-0.03777706376749348,"0,8"
2024-04-21,URBANA,023_ZW Parque Los Guerreros,0.0,MR76,False,Fin de Semana,Domingo,0.0,-7.647.297,-0.2692307692307692,-0.04209336522336409,"0,6"
2024-04-22,URBANA,023_ZW Parque Los Guerreros,0.0,MR76,False,Laboral,Lunes,0.0,-7.647.297,-0.3076923076923077,-0.014328383165604667,"4,5"
2024-04-23,URBANA,023_ZW Parque Los Guerreros,0.0,MR76,False,Laboral,Martes,0.0,-7.647.297,-0.5,1.4969312129413634,"51,4"
2024-04-24,URBANA,023_ZW Parque Los Guerreros,0.0,MR76,False,Laboral,Miércoles,0.0,-7.647.297,-0.3076923076923077,3.919779578468,"131,8"
2024-04-25,URBANA,023_ZW Parque Los Guerreros,0.0,MR76,False,Laboral,Jueves,0.0,-7.647.297,-0.3076923076923077,3.446412617436022,"179,7"
2024-04-26,URBANA,023_ZW Parque Los Guerreros,0.0,MR76,False,Laboral,Viernes,0.0,-7.647.297,-0.46153846153846156,0.2728212349572878,"19,6"
2024-04-27,URBANA,023_ZW Parque Los Guerreros,0.0,MR76,False,Fin de Semana,Sábado,0.0,-7.647.297,-0.07692307692307693,1.685917349302392,"86,7"
2024-04-28,URBANA,023_ZW Parque Los Guerreros,0.0,MR76,False,Fin de Semana,Domingo,0.0,-7.647.297,-0.19230769230769232,-0.041858943989718254,"0,6"
2024-04-29,URBANA,023_ZW Parque Los Guerreros,0.0,MR76,False,Laboral,Lunes,0.0,-7.647.297,-0.15384615384615385,-0.04321301349315507,"0,4"
2024-04-30,URBANA,023_ZW Parque Los Guerreros,0.0,MR76,False,Laboral,Martes,0.0,-7.647.297,-0.07692307692307693,-0.04434741554688179,"0,4"
2024-05-01,URBANA,023_ZW Parque Los Guerreros,0.0,MR76,True,Festivo,Miércoles,0.0,-7.647.297,-0.3076923076923077,-0.044119551550540724,"0,5"
2024-05-02,URBANA,023_ZW Parque Los Guerreros,0.0,MR76,False,Laboral,Jueves,0.0,-7.647.297,-0.07692307692307693,-0.04265236970359648,"0,7"
2024-05-03,URBANA,023_ZW Parque Los Guerreros,0.0,MR76,False,Laboral,Viernes,0.0,-7.647.297,-0.5384615384615384,-0.04487199453126409,"0,5"
2024-05-04,URBANA,023_ZW Parque Los Guerreros,0.0,MR76,False,Fin de Semana,Sábado,0.0,-7.647.297,0.8461538461538461,-0.0372459275458064,"1,0"
2024-05-05,URBANA,023_ZW Parque Los Guerreros,0.0,MR76,False,Fin de Semana,Domingo,0.0,-7.647.297,0.34615384615384615,-0.018852876905902004,"2,9"
2024-05-06,URBANA,023_ZW Parque Los Guerreros,0.0,MR76,False,Laboral,Lunes,0.0,-7.647.297,-0.3076923076923077,-0.044667080865489754,"0,5"
2024-05-07,URBANA,023_ZW Parque Los Guerreros,0.0,MR76,False,Laboral,Martes,0.0,-7.647.297,-0.3076923076923077,-0.046550647281287445,"0,2"
2024-05-08,URBANA,023_ZW Parque Los Guerreros,0.0,MR76,False,Laboral,Miércoles,0.0,-7.647.297,-0.038461538461538464,-0.04488674831519984,"0,3"
2024-05-09,URBANA,023_ZW Parque Los Guerreros,0.0,MR76,False,Laboral,Jueves,0.0,-7.647.297,-0.2692307692307692,-0.04276384273777772,"0,4"
2024-05-10,URBANA,023_ZW Parque Los Guerreros,0.0,MR76,False,Laboral,Viernes,0.0,-7.647.297,-0.07692307692307693,-0.04391791650341878,"0,4"
2024-05-11,URBANA,023_ZW Parque Los Guerreros,0.0,MR76,False,Fin de Semana,Sábado,0.0,-7.647.297,0.3076923076923077,-0.008794074880371401,"3,3"
2024-05-12,URBANA,023_ZW Parque Los Guerreros,0.0,MR76,False,Fin de Semana,Domingo,0.0,-7.647.297,0.4230769230769231,-0.04202123561301153,"1,0"
2024-05-13,URBANA,023_ZW Parque Los Guerreros,0.0,MR76,True,Festivo,Lunes,0.0,-7.647.297,-0.2692307692307692,-0.04485396212867595,"0,4"
2024-05-14,URBANA,023_ZW Parque Los Guerreros,0.0,MR76,False,Laboral,Martes,0.0,-7.647.297,0.11538461538461539,-0.0435720222355917,"1,4"
2024-05-15,URBANA,023_ZW Parque Los Guerreros,0.0,MR76,False,Laboral,Miércoles,0.0,-7.647.297,-0.11538461538461539,0.32168084942452047,"36,6"
2024-05-16,URBANA,023_ZW Parque Los Guerreros,0.0,MR76,False,Laboral,Jueves,0.0,-7.647.297,-0.11538461538461539,2.0100235568750175,"153,9"
2024-05-17,URBANA,023_ZW Parque Los Guerreros,0.0,MR76,False,Laboral,Viernes,0.0,-7.647.297,0.3076923076923077,4.7986362585715385,"284,4"
2024-05-18,URBANA,023_ZW Parque Los Guerreros,0.0,MR76,False,Fin de Semana,Sábado,0.0,-7.647.297,-0.038461538461538464,3.941377478840615,"221,7"
2024-05-19,URBANA,023_ZW Parque Los Guerreros,0.0,MR76,False,Fin de Semana,Domingo,0.0,-7.647.297,-0.38461538461538464,0.9516329979852889,"52,2"
2024-05-20,URBANA,023_ZW Parque Los Guerreros,0.0,MR76,False,Laboral,Lunes,0.0,-7.647.297,0.23076923076923078,-0.04186550122702303,"0,6"
2024-05-21,URBANA,023_ZW Parque Los Guerreros,0.0,MR76,False,Laboral,Martes,0.0,-7.647.297,-0.34615384615384615,-0.04236057264353383,"0,5"
2024-05-22,URBANA,023_ZW Parque Los Guerreros,0.0,MR76,False,Laboral,Miércoles,0.0,-7.647.297,-0.38461538461538464,-0.04691457395170267,"0,4"
2024-05-23,URBANA,023_ZW Parque Los Guerreros,0.0,MR76,False,Laboral,Jueves,0.0,-7.647.297,-0.38461538461538464,-0.046739167853799835,"0,2"
2024-05-24,URBANA,023_ZW Parque Los Guerreros,0.0,MR76,False,Laboral,Viernes,0.0,-7.647.297,-0.07692307692307693,-0.03888359756267489,"1,3"
2024-05-25,URBANA,023_ZW Parque Los Guerreros,0.0,MR76,False,Fin de Semana,Sábado,0.0,-7.647.297,0.2692307692307692,-0.03713773313027755,"1,0"
2024-05-26,URBANA,023_ZW Parque Los Guerreros,0.0,MR76,False,Fin de Semana,Domingo,0.0,-7.647.297,-0.5769230769230769,0.30501399150509906,"31,2"
2024-05-27,URBANA,023_ZW Parque Los Guerreros,0.0,MR76,False,Laboral,Lunes,0.0,-7.647.297,-0.15384615384615385,0.4596664333383059,"36,5"
2024-05-28,URBANA,023_ZW Parque Los Guerreros,0.0,MR76,False,Laboral,Martes,0.0,-7.647.297,-0.5,0.006451501853239193,"4,5"
2024-05-29,URBANA,023_ZW Parque Los Guerreros,0.0,MR76,False,Laboral,Miércoles,0.0,-7.647.297,-0.6923076923076923,0.022849513043164654,"8,7"
2024-05-30,URBANA,023_ZW Parque Los Guerreros,0.0,MR76,False,Laboral,Jueves,0.0,-7.647.297,-0.3076923076923077,0.541587638296233,"30,1"
2024-05-31,URBANA,023_ZW Parque Los Guerreros,0.0,MR76,False,Laboral,Viernes,0.0,-7.647.297,0.038461538461538464,1.3024140469137544,"88,6"
2024-06-01,URBANA,023_ZW Parque Los Guerreros,0.0,MR76,False,Fin de Semana,Sábado,0.0,-7.647.297,0.2692307692307692,1.9904665966135149,"124,2"
2024-06-02,URBANA,023_ZW Parque Los Guerreros,0.0,MR76,False,Fin de Semana,Domingo,0.0,-7.647.297,-0.07692307692307693,1.4977738179350275,"96,2"
2024-06-03,URBANA,023_ZW Parque Los Guerreros,0.0,MR76,True,Festivo,Lunes,0.0,-7.647.297,-0.5,0.5416532106692808,"52,0"
2024-06-04,URBANA,023_ZW Parque Los Guerreros,0.0,MR76,False,Laboral,Martes,0.0,-7.647.297,-0.5,-0.04584410496169754,"0,4"
2024-06-05,URBANA,023_ZW Parque Los Guerreros,0.0,MR76,False,Laboral,Miércoles,0.0,-7.647.297,-0.5769230769230769,-0.04654081142533028,"0,4"
2024-06-06,URBANA,023_ZW Parque Los Guerreros,0.0,MR76,False,Laboral,Jueves,0.0,-7.647.297,-0.3076923076923077,0.007694098322494767,"5,6"
2024-06-07,URBANA,023_ZW Parque Los Guerreros,0.0,MR76,False,Laboral,Viernes,0.0,-7.647.297,-0.23076923076923078,0.6131189007447382,"83,9"
2024-06-08,URBANA,023_ZW Parque Los Guerreros,0.0,MR76,False,Fin de Semana,Sábado,0.0,-7.647.297,-0.46153846153846156,2.1426256489615794,"424,2"
2024-06-09,URBANA,023_ZW Parque Los Guerreros,0.0,MR76,False,Fin de Semana,Domingo,0.0,-7.647.297,-0.3076923076923077,0.9419774660540021,"207,3"
2024-06-10,URBANA,023_ZW Parque Los Guerreros,0.0,MR76,True,Festivo,Lunes,0.0,-7.647.297,-0.6153846153846154,1.5275862973412042,"176,4"
2024-06-11,URBANA,023_ZW Parque Los Guerreros,0.0,MR76,False,Laboral,Martes,0.0,-7.647.297,-0.23076923076923078,4.440658641701079,"437,4"
2024-06-12,URBANA,023_ZW Parque Los Guerreros,0.0,MR76,False,Laboral,Miércoles,0.0,-7.647.297,-0.5,6.821125943217604,"565,1"
2024-06-13,URBANA,023_ZW Parque Los Guerreros,0.0,MR76,False,Laboral,Jueves,0.0,-7.647.297,-0.3076923076923077,2.768050025163398,"33451431300,0"
2024-06-14,URBANA,023_ZW Parque Los Guerreros,0.0,MR76,False,Laboral,Viernes,0.0,-7.647.297,-0.5,3.092254591295595,"57586257300,0"
2024-06-15,URBANA,023_ZW Parque Los Guerreros,0.0,MR76,False,Fin de Semana,Sábado,0.0,-7.647.297,-0.15384615384615385,0.6175433966161377,"7290167600,0"
2024-06-16,URBANA,023_ZW Parque Los Guerreros,0.0,MR76,False,Fin de Semana,Domingo,0.0,-7.647.297,0.19230769230769232,0.0005319558763501761,"537472900,0"
2024-06-17,URBANA,023_ZW Parque Los Guerreros,0.0,MR76,False,Laboral,Lunes,0.0,-7.647.297,-0.07692307692307693,-0.04664572722220674,"0,2"
2024-06-18,URBANA,023_ZW Parque Los Guerreros,0.0,MR76,False,Laboral,Martes,0.0,-7.647.297,-0.23076923076923078,3.9168206251342186,"382,1"
2024-06-19,URBANA,023_ZW Parque Los Guerreros,0.0,MR76,False,Laboral,Miércoles,0.0,-7.647.297,-0.34615384615384615,1.258542850726132,"113,1"
2024-06-20,URBANA,023_ZW Parque Los Guerreros,0.0,MR76,False,Laboral,Jueves,0.0,-7.647.297,0.3076923076923077,2.6908697027768262,"334,5"
2024-06-21,URBANA,023_ZW Parque Los Guerreros,0.0,MR76,False,Laboral,Viernes,0.0,-7.647.297,0.6153846153846154,1.0087858783337404,"110,8"
2024-06-22,URBANA,023_ZW Parque Los Guerreros,0.0,MR76,False,Fin de Semana,Sábado,0.0,-7.647.297,0.6538461538461539,7.278170301288661,"845,6"
2024-06-23,URBANA,023_ZW Parque Los Guerreros,0.0,MR76,False,Fin de Semana,Domingo,0.0,-7.647.297,0.6153846153846154,-0.04453921473804657,"1,0"
2024-06-24,URBANA,023_ZW Parque Los Guerreros,0.0,MR76,False,Laboral,Lunes,0.0,-7.647.297,1.0,0.8280700575233643,"102,4"
2024-06-25,URBANA,023_ZW Parque Los Guerreros,0.0,MR76,False,Laboral,Martes,0.0,-7.647.297,0.4230769230769231,4.85524652753302,"741,1"
2024-06-26,URBANA,023_ZW Parque Los Guerreros,0.0,MR76,False,Laboral,Miércoles,0.0,-7.647.297,0.6153846153846154,1.4246081640883064,"232,1"
2024-06-27,URBANA,023_ZW Parque Los Guerreros,0.0,MR76,False,Laboral,Jueves,0.0,-7.647.297,0.2692307692307692,0.8684577213928227,"166,5"
2024-06-28,URBANA,023_ZW Parque Los Guerreros,0.0,MR76,False,Laboral,Viernes,0.0,-7.647.297,1.0384615384615385,1.7761006732643403,"191,5"
2024-06-29,URBANA,023_ZW Parque Los Guerreros,0.0,MR76,False,Fin de Semana,Sábado,0.0,-7.647.297,1.5384615384615385,3.0759008414574773,"323,2"
2024-06-30,URBANA,023_ZW Parque Los Guerreros,0.0,MR76,False,Fin de Semana,Domingo,0.0,-7.647.297,0.9615384615384616,2.294697817915356,"307,0"
2024-07-01,URBANA,023_ZW Parque Los Guerreros,0.0,MR76,True,Festivo,Lunes,0.0,-7.647.297,1.0769230769230769,0.18412968248217662,"19,72"
2024-07-02,URBANA,023_ZW Parque Los Guerreros,0.0,MR76,False,Laboral,Martes,0.0,-7.647.297,1.1153846153846154,-0.036870525710107814,"0,77"
2024-07-03,URBANA,023_ZW Parque Los Guerreros,0.0,MR76,False,Laboral,Miércoles,0.0,-7.647.297,1.3846153846153846,-0.00951373167457087,"2,84"
2024-07-04,URBANA,023_ZW Parque Los Guerreros,0.0,MR76,False,Laboral,Jueves,0.0,-7.647.297,0.5,0.1969982606928049,"18,88"
2024-07-05,URBANA,023_ZW Parque Los Guerreros,0.0,MR76,False,Laboral,Viernes,0.0,-7.647.297,0.11538461538461539,0.9582476111164844,"72,09"
2024-07-06,URBANA,023_ZW Parque Los Guerreros,0.0,MR76,False,Fin de Semana,Sábado,0.0,-7.647.297,1.5769230769230769,7.952159216278997,"579,79"
2024-07-07,URBANA,023_ZW Parque Los Guerreros,0.0,MR76,False,Fin de Semana,Domingo,0.0,-7.647.297,1.3846153846153846,0.9008176874919059,"65,65"
2024-07-08,URBANA,023_ZW Parque Los Guerreros,0.0,MR76,False,Laboral,Lunes,0.0,-7.647.297,0.6923076923076923,2.58265233691741,"288,9"
2024-07-09,URBANA,023_ZW Parque Los Guerreros,0.0,MR76,False,Laboral,Martes,0.0,-7.647.297,0.46153846153846156,1.598296265817286,"173,0"
2024-07-10,URBANA,023_ZW Parque Los Guerreros,0.0,MR76,False,Laboral,Miércoles,0.0,-7.647.297,0.6923076923076923,-0.0005319558763501761,"4,25"
2024-07-11,URBANA,023_ZW Parque Los Guerreros,0.0,MR76,False,Laboral,Jueves,0.0,-7.647.297,0.6923076923076923,-0.036309881920549236,"1,02"
2024-07-12,URBANA,023_ZW Parque Los Guerreros,0.0,MR76,False,Laboral,Viernes,0.0,-7.647.297,0.9230769230769231,-0.037347564724030474,"1,08"
2024-07-13,URBANA,023_ZW Parque Los Guerreros,0.0,MR76,False,Fin de Semana,Sábado,0.0,-7.647.297,1.1153846153846154,-0.04244745603782214,"0,53"
2024-07-14,URBANA,023_ZW Parque Los Guerreros,0.0,MR76,False,Fin de Semana,Domingo,0.0,-7.647.297,2.1923076923076925,-0.04223926375339542,"0,61"
2024-07-15,URBANA,023_ZW Parque Los Guerreros,0.0,MR76,False,Laboral,Lunes,0.0,-7.647.297,1.6153846153846154,-0.03997209895526817,"0,94"
2024-07-16,URBANA,023_ZW Parque Los Guerreros,0.0,MR76,False,Laboral,Martes,0.0,-7.647.297,1.0384615384615385,-0.04462445882300869,"0,39"
2024-07-17,URBANA,023_ZW Parque Los Guerreros,0.0,MR76,False,Laboral,Miércoles,0.0,-7.647.297,0.8461538461538461,-0.042016317685032945,"0,89"
2024-07-18,URBANA,023_ZW Parque Los Guerreros,0.0,MR76,False,Laboral,Jueves,0.0,-7.647.297,0.46153846153846156,-0.045909677334745325,"0,28"
2024-07-19,URBANA,023_ZW Parque Los Guerreros,0.0,MR76,False,Laboral,Viernes,0.0,-7.647.297,0.8846153846153846,-0.04510641576490993,"0,3"
2024-07-20,URBANA,023_ZW Parque Los Guerreros,0.0,MR76,True,Festivo,Sábado,0.0,-7.647.297,1.9230769230769231,0.48857729261507543,"42,07"
2024-07-21,URBANA,023_ZW Parque Los Guerreros,0.0,MR76,False,Fin de Semana,Domingo,0.0,-7.647.297,1.1153846153846154,0.7774940861916058,"76,98"
2024-07-22,URBANA,023_ZW Parque Los Guerreros,0.0,MR76,False,Laboral,Lunes,0.0,-7.647.297,1.1538461538461537,5.7400260322321,"508,07"
2024-07-23,URBANA,023_ZW Parque Los Guerreros,0.0,MR76,False,Laboral,Martes,0.0,-7.647.297,0.6923076923076923,0.04468019534009931,"8,21"
2024-07-24,URBANA,023_ZW Parque Los Guerreros,0.0,MR76,False,Laboral,Miércoles,0.0,-7.647.297,0.9230769230769231,1.2295713370042933,"123,35"
2024-07-25,URBANA,023_ZW Parque Los Guerreros,0.0,MR76,False,Laboral,Jueves,0.0,-7.647.297,0.46153846153846156,0.5087932552257083,"53,78"
2024-07-26,URBANA,023_ZW Parque Los Guerreros,0.0,MR76,False,Laboral,Viernes,0.0,-7.647.297,0.46153846153846156,0.180739590795606,"18,43"
2024-07-27,URBANA,023_ZW Parque Los Guerreros,0.0,MR76,False,Fin de Semana,Sábado,0.0,-7.647.297,1.3461538461538463,-0.044249056987310104,"0,45"
2024-07-28,URBANA,023_ZW Parque Los Guerreros,0.0,MR76,False,Fin de Semana,Domingo,0.0,-7.647.297,1.1923076923076923,-0.04248188153367223,"0,79"
2024-07-29,URBANA,023_ZW Parque Los Guerreros,0.0,MR76,False,Laboral,Lunes,0.0,-7.647.297,1.0,0.43156539286867657,"46,97"
2024-07-30,URBANA,023_ZW Parque Los Guerreros,0.0,MR76,False,Laboral,Martes,0.0,-7.647.297,0.0,0.013084147387022899,"5,5"
2024-07-31,URBANA,023_ZW Parque Los Guerreros,0.0,MR76,False,Laboral,Miércoles,0.0,-7.647.297,0.9615384615384616,0.6041092566879722,"66,14"
2024-08-01,URBANA,023_ZW Parque Los Guerreros,0.0,MR76,False,Laboral,Jueves,0.0,-7.647.297,0.9230769230769231,0.5443220062523257,"53,97"
2024-08-02,URBANA,023_ZW Parque Los Guerreros,0.0,MR76,False,Laboral,Viernes,0.0,-7.647.297,0.5769230769230769,1.0015417704212861,"106,57"
2024-08-03,URBANA,023_ZW Parque Los Guerreros,0.0,MR76,False,Fin de Semana,Sábado,0.0,-7.647.297,0.7692307692307693,1.9134190582823645,"243,86"
2024-08-04,URBANA,023_ZW Parque Los Guerreros,0.0,MR76,False,Fin de Semana,Domingo,0.0,-7.647.297,0.6153846153846154,3.2338925563881427,"319,25"
2024-08-05,URBANA,023_ZW Parque Los Guerreros,0.0,MR76,False,Laboral,Lunes,0.0,-7.647.297,0.6538461538461539,2.2638492950150244,"203,83"
2024-08-06,URBANA,023_ZW Parque Los Guerreros,0.0,MR76,False,Laboral,Martes,0.0,-7.647.297,0.2692307692307692,-0.04340317337499365,"0,31"
2024-08-07,URBANA,023_ZW Parque Los Guerreros,0.0,MR76,True,Festivo,Miércoles,0.0,-7.647.297,-0.07692307692307693,0.5132488979743055,"40,77"
2024-08-08,URBANA,023_ZW Parque Los Guerreros,0.0,MR76,False,Laboral,Jueves,0.0,-7.647.297,0.5769230769230769,0.38367133159457256,"33,08"
2024-08-09,URBANA,023_ZW Parque Los Guerreros,0.0,MR76,False,Laboral,Viernes,0.0,-7.647.297,0.34615384615384615,2.4821807076242637,"284,91"
2024-08-10,URBANA,023_ZW Parque Los Guerreros,0.0,MR76,False,Fin de Semana,Sábado,0.0,-7.647.297,1.1153846153846154,2.4579287654525395,"289,41"
2024-08-11,URBANA,023_ZW Parque Los Guerreros,0.0,MR76,False,Fin de Semana,Domingo,0.0,-7.647.297,1.3076923076923077,0.059589713661839995,"11,45"
2024-08-12,URBANA,023_ZW Parque Los Guerreros,0.0,MR76,False,Laboral,Lunes,0.0,-7.647.297,0.6538461538461539,-0.04577361466067117,"0,37"
2024-08-13,URBANA,023_ZW Parque Los Guerreros,0.0,MR76,False,Laboral,Martes,0.0,-7.647.297,0.8461538461538461,-0.04199336735446622,"0,46"
2024-08-14,URBANA,023_ZW Parque Los Guerreros,0.0,MR76,False,Laboral,Miércoles,0.0,-7.647.297,1.1153846153846154,-0.04276548204710391,"0,47"
2024-08-15,URBANA,023_ZW Parque Los Guerreros,0.0,MR76,False,Laboral,Jueves,0.0,-7.647.297,1.1923076923076923,-0.020556119295818284,"2,57"
2024-08-16,URBANA,023_ZW Parque Los Guerreros,0.0,MR76,False,Laboral,Viernes,0.0,-7.647.297,1.8846153846153846,-0.035655797499397554,"1,08"
2024-08-17,URBANA,023_ZW Parque Los Guerreros,0.0,MR76,False,Fin de Semana,Sábado,0.0,-7.647.297,2.4615384615384617,-0.03822623452287082,"0,92"
2024-08-18,URBANA,023_ZW Parque Los Guerreros,0.0,MR76,False,Fin de Semana,Domingo,0.0,-7.647.297,0.8461538461538461,-0.044737571166516124,"0,36"
2024-08-19,URBANA,023_ZW Parque Los Guerreros,0.0,MR76,True,Festivo,Lunes,0.0,-7.647.297,0.038461538461538464,-0.04445233134375825,"0,35"
2024-08-20,URBANA,023_ZW Parque Los Guerreros,0.0,MR76,False,Laboral,Martes,0.0,-7.647.297,0.38461538461538464,-0.045906398716092936,"0,41"
2024-08-21,URBANA,023_ZW Parque Los Guerreros,0.0,MR76,False,Laboral,Miércoles,0.0,-7.647.297,0.5384615384615384,-0.04365890562988002,"0,88"
2024-08-22,URBANA,023_ZW Parque Los Guerreros,0.0,MR76,False,Laboral,Jueves,0.0,-7.647.297,1.3076923076923077,-0.035919726300914896,"2,06"
2024-08-23,URBANA,023_ZW Parque Los Guerreros,0.0,MR76,False,Laboral,Viernes,0.0,-7.647.297,1.0384615384615385,-0.03935899726727135,"2,3"
2024-08-24,URBANA,023_ZW Parque Los Guerreros,0.0,MR76,False,Fin de Semana,Sábado,0.0,-7.647.297,1.2692307692307692,-0.03980488940399631,"3,64"
2024-08-25,URBANA,023_ZW Parque Los Guerreros,0.0,MR76,False,Fin de Semana,Domingo,0.0,-7.647.297,1.2692307692307692,-0.03482138905236446,"8,04"
2024-08-26,URBANA,023_ZW Parque Los Guerreros,0.0,MR76,False,Laboral,Lunes,0.0,-7.647.297,0.9615384615384616,-0.045088383362321786,"2,86"
2024-08-27,URBANA,023_ZW Parque Los Guerreros,0.0,MR76,False,Laboral,Martes,0.0,-7.647.297,0.7307692307692307,-0.045696567122340014,"1,9"
2024-08-28,URBANA,023_ZW Parque Los Guerreros,0.0,MR76,False,Laboral,Miércoles,0.0,-7.647.297,1.3461538461538463,-0.04100486383077082,"8,22"
2024-08-29,URBANA,023_ZW Parque Los Guerreros,0.0,MR76,False,Laboral,Jueves,0.0,-7.647.297,0.3076923076923077,-0.04531132943068426,"5,74"
2024-10-25,URBANA,023_ZW Parque Los Guerreros,0.0,MR76,False,Laboral,Viernes,0.0,-7.647.297,-0.5,0.30094850437613624,"47,63"
2024-10-26,URBANA,023_ZW Parque Los Guerreros,0.0,MR76,False,Fin de Semana,Sábado,0.0,-7.647.297,0.6153846153846154,3.4471863714379856,"276,15"
2024-10-27,URBANA,023_ZW Parque Los Guerreros,0.0,MR76,False,Fin de Semana,Domingo,0.0,-7.647.297,-0.038461538461538464,0.7324770127849735,"47,86"
2024-10-28,URBANA,023_ZW Parque Los Guerreros,0.0,MR76,False,Laboral,Lunes,0.0,-7.647.297,-0.3076923076923077,0.46595318460426255,"52,12"
2024-10-29,URBANA,023_ZW Parque Los Guerreros,0.0,MR76,False,Laboral,Martes,0.0,-7.647.297,-0.38461538461538464,1.0825285690632822,"108,84"
2024-10-30,URBANA,023_ZW Parque Los Guerreros,0.0,MR76,False,Laboral,Miércoles,0.0,-7.647.297,-0.2692307692307692,1.1716660136751185,"151,94"
2024-10-31,URBANA,023_ZW Parque Los Guerreros,0.0,MR76,False,Laboral,Jueves,0.0,-7.647.297,2.1923076923076925,2.594440610282076,"343,66"
2024-11-01,URBANA,023_ZW Parque Los Guerreros,0.0,MR76,False,Laboral,Viernes,0.0,-7.647.297,0.6923076923076923,-0.04097207764424693,"0,84"
2024-11-02,URBANA,023_ZW Parque Los Guerreros,0.0,MR76,False,Fin de Semana,Sábado,0.0,-7.647.297,0.38461538461538464,-0.042426145016581616,"0,61"
2024-11-03,URBANA,023_ZW Parque Los Guerreros,0.0,MR76,False,Fin de Semana,Domingo,0.0,-7.647.297,-0.23076923076923078,-0.043475302985346215,"0,53"
2024-11-04,URBANA,023_ZW Parque Los Guerreros,0.0,MR76,True,Festivo,Lunes,0.0,-7.647.297,-0.19230769230769232,-0.04552771826174196,"0,28"
2024-11-05,URBANA,023_ZW Parque Los Guerreros,0.0,MR76,False,Laboral,Martes,0.0,-7.647.297,1.0384615384615385,1.8350092539011464,"157,36"
2024-11-06,URBANA,023_ZW Parque Los Guerreros,0.0,MR76,False,Laboral,Miércoles,0.0,-7.647.297,0.34615384615384615,0.8074147600133111,"83,39"
2024-11-07,URBANA,023_ZW Parque Los Guerreros,0.0,MR76,False,Laboral,Jueves,0.0,-7.647.297,0.6923076923076923,0.6869894576017233,"50,45"
2024-11-08,URBANA,023_ZW Parque Los Guerreros,0.0,MR76,False,Laboral,Viernes,0.0,-7.647.297,1.0769230769230769,3.5971995678780617,"179,84"
2024-11-09,URBANA,023_ZW Parque Los Guerreros,0.0,MR76,False,Fin de Semana,Sábado,0.0,-7.647.297,1.4230769230769231,8.794136354471135,"323,95"
2024-11-10,URBANA,023_ZW Parque Los Guerreros,0.0,MR76,False,Fin de Semana,Domingo,0.0,-7.647.297,1.2692307692307692,2.4078265545160513,"77,35"
2024-11-11,URBANA,023_ZW Parque Los Guerreros,0.0,MR76,True,Festivo,Lunes,0.0,-7.647.297,0.3076923076923077,0.3637045440015213,"14,32"
2024-11-12,URBANA,023_ZW Parque Los Guerreros,0.0,MR76,False,Laboral,Martes,0.0,-7.647.297,0.7307692307692307,0.2966977752933134,"11,02"
2024-11-13,URBANA,023_ZW Parque Los Guerreros,0.0,MR76,False,Laboral,Miércoles,0.0,-7.647.297,0.8461538461538461,7.29206836575614,"276,39"
2024-11-14,URBANA,023_ZW Parque Los Guerreros,0.0,MR76,False,Laboral,Jueves,0.0,-7.647.297,0.9615384615384616,2.672850414663294,"86,48"
2024-11-15,URBANA,023_ZW Parque Los Guerreros,0.0,MR76,False,Laboral,Viernes,0.0,-7.647.297,2.076923076923077,2.444973303847623,"83,5"
2024-11-16,URBANA,023_ZW Parque Los Guerreros,0.0,MR76,False,Fin de Semana,Sábado,0.0,-7.647.297,1.6153846153846154,2.5098473311224514,"84,76"
2024-11-17,URBANA,023_ZW Parque Los Guerreros,0.0,MR76,False,Fin de Semana,Domingo,0.0,-7.647.297,0.8461538461538461,5.392164593213587,"193,19"
2024-11-18,URBANA,023_ZW Parque Los Guerreros,0.0,MR76,False,Laboral,Lunes,0.0,-7.647.297,0.8846153846153846,2.9983779034217304,"115,63"
2024-11-19,URBANA,023_ZW Parque Los Guerreros,0.0,MR76,False,Laboral,Martes,0.0,-7.647.297,0.6153846153846154,0.6970761278857992,"28,47"
2024-11-20,URBANA,023_ZW Parque Los Guerreros,0.0,MR76,False,Laboral,Miércoles,0.0,-7.647.297,0.6923076923076923,0.40922980329927394,"14,64"
2024-11-21,URBANA,023_ZW Parque Los Guerreros,0.0,MR76,False,Laboral,Jueves,0.0,-7.647.297,1.1153846153846154,1.4705055466031052,"51,32"
2024-11-22,URBANA,023_ZW Parque Los Guerreros,0.0,MR76,False,Laboral,Viernes,0.0,-7.647.297,0.8076923076923077,1.6448215038040173,"51,17"
2024-11-23,URBANA,023_ZW Parque Los Guerreros,0.0,MR76,False,Fin de Semana,Sábado,0.0,-7.647.297,1.3461538461538463,0.7632976674267598,"25,84"
2024-11-24,URBANA,023_ZW Parque Los Guerreros,0.0,MR76,False,Fin de Semana,Domingo,0.0,-7.647.297,1.2307692307692308,0.26346405732336853,"25,71"
2024-11-25,URBANA,023_ZW Parque Los Guerreros,0.0,MR76,False,Laboral,Lunes,0.0,-7.647.297,1.1153846153846154,0.1114591000519661,"23,74"
2024-11-26,URBANA,023_ZW Parque Los Guerreros,0.0,MR76,False,Laboral,Martes,0.0,-7.647.297,-0.2692307692307692,0.49338210825015205,"41,98"
2024-11-27,URBANA,023_ZW Parque Los Guerreros,0.0,MR76,False,Laboral,Miércoles,0.0,-7.647.297,0.8461538461538461,0.569988672372556,"19,43"
2024-11-28,URBANA,023_ZW Parque Los Guerreros,0.0,MR76,False,Laboral,Jueves,0.0,-7.647.297,0.6923076923076923,0.5021392986706841,"15,96"
2024-11-29,URBANA,023_ZW Parque Los Guerreros,0.0,MR76,False,Laboral,Viernes,0.0,-7.647.297,0.9230769230769231,0.8857114520510219,"25,64"
2024-11-30,URBANA,023_ZW Parque Los Guerreros,0.0,MR76,False,Fin de Semana,Sábado,0.0,-7.647.297,2.1153846153846154,4.765510735017123,"128,84"
2024-12-01,URBANA,023_ZW Parque Los Guerreros,0.0,MR76,False,Fin de Semana,Domingo,0.0,-7.647.297,1.6923076923076923,1.586653890982651,"41,28"
