FECHA.CONEXION,AREA,NOMBRE.ZONA,COMUNA,MODEL,es_festivo,tipo_dia,dia_semana,LATITUD,LONGITUD,NUMERO.CONEXIONES,USAGE.KB,PORCENTAJE.USO
2024-01-01,URBANA,046_ZW Sebastian Belalcazar,0.0,MR76,True,Festivo,Lunes,34.491.422,-7.654.522,0.4166666666666667,0.21639812173045253,"57,5"
2024-01-02,URBANA,046_ZW Sebastian Belalcazar,0.0,MR76,False,Laboral,Martes,34.491.422,-7.654.522,0.08333333333333333,0.9023670636759927,"130,9"
2024-01-03,URBANA,046_ZW Sebastian Belalcazar,0.0,MR76,False,Laboral,Miércoles,34.491.422,-7.654.522,0.0,0.6518391866172722,"72,9"
2024-01-04,URBANA,046_ZW Sebastian Belalcazar,0.0,MR76,False,Laboral,Jueves,34.491.422,-7.654.522,0.5833333333333334,0.8424162520900498,"99,4"
2024-01-05,URBANA,046_ZW Sebastian Belalcazar,0.0,MR76,False,Laboral,Viernes,34.491.422,-7.654.522,0.6666666666666666,-0.3568643473265101,"0,2"
2024-01-06,URBANA,046_ZW Sebastian Belalcazar,0.0,MR76,False,Fin de Semana,Sábado,34.491.422,-7.654.522,1.0833333333333333,-0.3459062490343712,"1,5"
2024-01-07,URBANA,046_ZW Sebastian Belalcazar,0.0,MR76,False,Fin de Semana,Domingo,34.491.422,-7.654.522,0.9166666666666666,1.914440999653232,"197,9"
2024-01-08,URBANA,046_ZW Sebastian Belalcazar,0.0,MR76,True,Festivo,Lunes,34.491.422,-7.654.522,0.08333333333333333,2.6612797456576747,"167,4"
2024-01-09,URBANA,046_ZW Sebastian Belalcazar,0.0,MR76,False,Laboral,Martes,34.491.422,-7.654.522,-0.5833333333333334,0.6515599410837702,"68,2"
2024-01-10,URBANA,046_ZW Sebastian Belalcazar,0.0,MR76,False,Laboral,Miércoles,34.491.422,-7.654.522,-0.6666666666666666,0.14894315865609653,"36,8"
2024-01-11,URBANA,046_ZW Sebastian Belalcazar,0.0,MR76,False,Laboral,Jueves,34.491.422,-7.654.522,-0.8333333333333334,-0.1148923703024664,"19,8"
2024-01-12,URBANA,046_ZW Sebastian Belalcazar,0.0,MR76,False,Laboral,Viernes,34.491.422,-7.654.522,-0.3333333333333333,0.2672482756016082,"47,1"
2024-01-13,URBANA,046_ZW Sebastian Belalcazar,0.0,MR76,False,Fin de Semana,Sábado,34.491.422,-7.654.522,-0.5833333333333334,0.06279018932618281,"41,0"
2024-01-14,URBANA,046_ZW Sebastian Belalcazar,0.0,MR76,False,Fin de Semana,Domingo,34.491.422,-7.654.522,-0.08333333333333333,0.6256759401361666,"108,7"
2024-01-15,URBANA,046_ZW Sebastian Belalcazar,0.0,MR76,False,Laboral,Lunes,34.491.422,-7.654.522,-0.8333333333333334,-0.2546272930464429,"13,2"
2024-01-16,URBANA,046_ZW Sebastian Belalcazar,0.0,MR76,False,Laboral,Martes,34.491.422,-7.654.522,-0.75,-0.25734650365136424,"10,4"
2024-01-17,URBANA,046_ZW Sebastian Belalcazar,0.0,MR76,False,Laboral,Miércoles,34.491.422,-7.654.522,-0.5,0.08634065895079213,"38,9"
2024-01-18,URBANA,046_ZW Sebastian Belalcazar,0.0,MR76,False,Laboral,Jueves,34.491.422,-7.654.522,-0.3333333333333333,1.488980673691294,"134,6"
2024-01-19,URBANA,046_ZW Sebastian Belalcazar,0.0,MR76,False,Laboral,Viernes,34.491.422,-7.654.522,-0.3333333333333333,0.3019903110955466,"37,6"
2024-01-20,URBANA,046_ZW Sebastian Belalcazar,0.0,MR76,False,Fin de Semana,Sábado,34.491.422,-7.654.522,-0.16666666666666666,0.9800568333327611,"90,4"
2024-01-21,URBANA,046_ZW Sebastian Belalcazar,0.0,MR76,False,Fin de Semana,Domingo,34.491.422,-7.654.522,0.4166666666666667,2.9938302759380764,"226,3"
2024-01-22,URBANA,046_ZW Sebastian Belalcazar,0.0,MR76,False,Laboral,Lunes,34.491.422,-7.654.522,-0.5833333333333334,0.05686308843271155,"34,7"
2024-01-23,URBANA,046_ZW Sebastian Belalcazar,0.0,MR76,False,Laboral,Martes,34.491.422,-7.654.522,-0.5,1.4749760524066045,"148,4"
2024-01-24,URBANA,046_ZW Sebastian Belalcazar,0.0,MR76,False,Laboral,Miércoles,34.491.422,-7.654.522,-0.9166666666666666,-0.0763416088433856,"19,8"
2024-01-25,URBANA,046_ZW Sebastian Belalcazar,0.0,MR76,False,Laboral,Jueves,34.491.422,-7.654.522,-1.0,-0.33799352928587534,"1,2"
2024-01-26,URBANA,046_ZW Sebastian Belalcazar,0.0,MR76,False,Laboral,Viernes,34.491.422,-7.654.522,-0.08333333333333333,0.6831307086542082,"66,1"
2024-01-27,URBANA,046_ZW Sebastian Belalcazar,0.0,MR76,False,Fin de Semana,Sábado,34.491.422,-7.654.522,-0.16666666666666666,-0.015342482057902248,"24,2"
2024-01-28,URBANA,046_ZW Sebastian Belalcazar,0.0,MR76,False,Fin de Semana,Domingo,34.491.422,-7.654.522,0.08333333333333333,-0.13560575108465145,"19,0"
2024-01-29,URBANA,046_ZW Sebastian Belalcazar,0.0,MR76,False,Laboral,Lunes,34.491.422,-7.654.522,-0.25,0.7367710289625685,"82,3"
2024-01-30,URBANA,046_ZW Sebastian Belalcazar,0.0,MR76,False,Laboral,Martes,34.491.422,-7.654.522,-0.5,-0.016180218658408324,"33,1"
2024-01-31,URBANA,046_ZW Sebastian Belalcazar,0.0,MR76,False,Laboral,Miércoles,34.491.422,-7.654.522,-0.75,-0.22572881367570666,"11,2"
2024-02-01,URBANA,046_ZW Sebastian Belalcazar,0.0,MR76,False,Laboral,Jueves,34.491.422,-7.654.522,-0.6666666666666666,0.12462705271217224,"30,4"
2024-02-02,URBANA,046_ZW Sebastian Belalcazar,0.0,MR76,False,Laboral,Viernes,34.491.422,-7.654.522,-0.75,-0.30668941831095364,"4,8"
2024-02-03,URBANA,046_ZW Sebastian Belalcazar,0.0,MR76,False,Fin de Semana,Sábado,34.491.422,-7.654.522,-0.3333333333333333,0.3165797457721196,"33,3"
2024-02-04,URBANA,046_ZW Sebastian Belalcazar,0.0,MR76,False,Fin de Semana,Domingo,34.491.422,-7.654.522,-0.3333333333333333,-0.34606761633037036,"0,7"
2024-02-05,URBANA,046_ZW Sebastian Belalcazar,0.0,MR76,False,Laboral,Lunes,34.491.422,-7.654.522,-1.0833333333333333,-0.3590136223753495,"0,0"
2024-02-06,URBANA,046_ZW Sebastian Belalcazar,0.0,MR76,False,Laboral,Martes,34.491.422,-7.654.522,-0.3333333333333333,1.5433751858298914,"111,3"
2024-02-07,URBANA,046_ZW Sebastian Belalcazar,0.0,MR76,False,Laboral,Miércoles,34.491.422,-7.654.522,-0.25,0.18280167959321708,"28,7"
2024-02-08,URBANA,046_ZW Sebastian Belalcazar,0.0,MR76,False,Laboral,Jueves,34.491.422,-7.654.522,-0.4166666666666667,0.25735337034481104,"39,7"
2024-02-09,URBANA,046_ZW Sebastian Belalcazar,0.0,MR76,False,Laboral,Viernes,34.491.422,-7.654.522,-0.5833333333333334,0.6554751007973375,"73,7"
2024-02-10,URBANA,046_ZW Sebastian Belalcazar,0.0,MR76,False,Fin de Semana,Sábado,34.491.422,-7.654.522,-0.4166666666666667,1.794706466021884,"117,8"
2024-02-11,URBANA,046_ZW Sebastian Belalcazar,0.0,MR76,False,Fin de Semana,Domingo,34.491.422,-7.654.522,0.08333333333333333,-0.04629639166703861,"20,3"
2024-02-12,URBANA,046_ZW Sebastian Belalcazar,0.0,MR76,False,Laboral,Lunes,34.491.422,-7.654.522,-0.25,1.3133054774469175,"141,1"
2024-02-13,URBANA,046_ZW Sebastian Belalcazar,0.0,MR76,False,Laboral,Martes,34.491.422,-7.654.522,-0.5833333333333334,-0.14968132820162444,"21,1"
2024-02-14,URBANA,046_ZW Sebastian Belalcazar,0.0,MR76,False,Laboral,Miércoles,34.491.422,-7.654.522,-0.75,0.7025394176815067,"122,8"
2024-02-15,URBANA,046_ZW Sebastian Belalcazar,0.0,MR76,False,Laboral,Jueves,34.491.422,-7.654.522,-0.9166666666666666,-0.0882965221342141,"20,3"
2024-02-16,URBANA,046_ZW Sebastian Belalcazar,0.0,MR76,False,Laboral,Viernes,34.491.422,-7.654.522,-0.4166666666666667,0.003492858066590904,"30,1"
2024-02-17,URBANA,046_ZW Sebastian Belalcazar,0.0,MR76,False,Fin de Semana,Sábado,34.491.422,-7.654.522,-0.5,0.9405023901815439,"107,4"
2024-02-18,URBANA,046_ZW Sebastian Belalcazar,0.0,MR76,False,Fin de Semana,Domingo,34.491.422,-7.654.522,0.8333333333333334,3.2081340561672635,"240,8"
2024-02-19,URBANA,046_ZW Sebastian Belalcazar,0.0,MR76,False,Laboral,Lunes,34.491.422,-7.654.522,-0.6666666666666666,2.444481066809494,"167,2"
2024-02-20,URBANA,046_ZW Sebastian Belalcazar,0.0,MR76,False,Laboral,Martes,34.491.422,-7.654.522,-0.4166666666666667,-0.23620509897766379,"8,8"
2024-02-21,URBANA,046_ZW Sebastian Belalcazar,0.0,MR76,False,Laboral,Miércoles,34.491.422,-7.654.522,-0.4166666666666667,-0.16707351825338784,"14,6"
2024-02-22,URBANA,046_ZW Sebastian Belalcazar,0.0,MR76,False,Laboral,Jueves,34.491.422,-7.654.522,-0.5833333333333334,0.07938698738702858,"25,0"
2024-02-23,URBANA,046_ZW Sebastian Belalcazar,0.0,MR76,False,Laboral,Viernes,34.491.422,-7.654.522,-0.75,0.3403945830944296,"43,0"
2024-02-24,URBANA,046_ZW Sebastian Belalcazar,0.0,MR76,False,Fin de Semana,Sábado,34.491.422,-7.654.522,0.16666666666666666,4.084436295968221,"309,2"
2024-02-25,URBANA,046_ZW Sebastian Belalcazar,0.0,MR76,False,Fin de Semana,Domingo,34.491.422,-7.654.522,1.3333333333333333,-0.17783591578229377,"9,0"
2024-02-26,URBANA,046_ZW Sebastian Belalcazar,0.0,MR76,False,Laboral,Lunes,34.491.422,-7.654.522,0.0,-0.35729237121802554,"0,2"
2024-02-27,URBANA,046_ZW Sebastian Belalcazar,0.0,MR76,False,Laboral,Martes,34.491.422,-7.654.522,0.0,1.9904015070103218,"176,7"
2024-02-28,URBANA,046_ZW Sebastian Belalcazar,0.0,MR76,False,Laboral,Miércoles,34.491.422,-7.654.522,-0.16666666666666666,2.011538333888391,"120,8"
2024-02-29,URBANA,046_ZW Sebastian Belalcazar,0.0,MR76,False,Laboral,Jueves,34.491.422,-7.654.522,-0.5,0.01906880770168337,"41,7"
2024-03-01,URBANA,046_ZW Sebastian Belalcazar,0.0,MR76,False,Laboral,Viernes,34.491.422,-7.654.522,-0.75,-0.35586181008328155,"0,2"
2024-03-02,URBANA,046_ZW Sebastian Belalcazar,0.0,MR76,False,Fin de Semana,Sábado,34.491.422,-7.654.522,-0.25,0.11367009886894114,"40,2"
2024-03-03,URBANA,046_ZW Sebastian Belalcazar,0.0,MR76,False,Fin de Semana,Domingo,34.491.422,-7.654.522,-0.25,-0.01263013814642766,"21,7"
2024-03-04,URBANA,046_ZW Sebastian Belalcazar,0.0,MR76,False,Laboral,Lunes,34.491.422,-7.654.522,-0.6666666666666666,-0.338442153257731,"1,3"
2024-03-05,URBANA,046_ZW Sebastian Belalcazar,0.0,MR76,False,Laboral,Martes,34.491.422,-7.654.522,-0.5833333333333334,0.3153380187071618,"42,8"
2024-03-06,URBANA,046_ZW Sebastian Belalcazar,0.0,MR76,False,Laboral,Miércoles,34.491.422,-7.654.522,-0.16666666666666666,-0.07580371785672187,"20,5"
2024-03-07,URBANA,046_ZW Sebastian Belalcazar,0.0,MR76,False,Laboral,Jueves,34.491.422,-7.654.522,-0.9166666666666666,-0.3516960160589071,"0,6"
2024-03-08,URBANA,046_ZW Sebastian Belalcazar,0.0,MR76,False,Laboral,Viernes,34.491.422,-7.654.522,0.0,0.5039489209563472,"70,5"
2024-03-09,URBANA,046_ZW Sebastian Belalcazar,0.0,MR76,False,Fin de Semana,Sábado,34.491.422,-7.654.522,0.75,-0.3363100449425086,"2,0"
2024-03-10,URBANA,046_ZW Sebastian Belalcazar,0.0,MR76,False,Fin de Semana,Domingo,34.491.422,-7.654.522,0.08333333333333333,-0.33458421598955346,"2,3"
2024-03-11,URBANA,046_ZW Sebastian Belalcazar,0.0,MR76,False,Laboral,Lunes,34.491.422,-7.654.522,-0.3333333333333333,-0.35761968360565494,"0,2"
2024-03-12,URBANA,046_ZW Sebastian Belalcazar,0.0,MR76,False,Laboral,Martes,34.491.422,-7.654.522,-0.25,-0.35436487091188545,"0,5"
2024-03-13,URBANA,046_ZW Sebastian Belalcazar,0.0,MR76,False,Laboral,Miércoles,34.491.422,-7.654.522,-0.25,-0.35877786590034366,"0,1"
2024-03-14,URBANA,046_ZW Sebastian Belalcazar,0.0,MR76,False,Laboral,Jueves,34.491.422,-7.654.522,-0.5,-0.3590788559630938,"0,0"
2024-03-15,URBANA,046_ZW Sebastian Belalcazar,0.0,MR76,False,Laboral,Viernes,34.491.422,-7.654.522,-0.16666666666666666,-0.34528137993071506,"0,9"
2024-03-16,URBANA,046_ZW Sebastian Belalcazar,0.0,MR76,False,Fin de Semana,Sábado,34.491.422,-7.654.522,0.0,-0.3110280241204052,"3,7"
2024-03-17,URBANA,046_ZW Sebastian Belalcazar,0.0,MR76,False,Fin de Semana,Domingo,34.491.422,-7.654.522,0.75,-0.3575086720615988,"0,1"
2024-03-18,URBANA,046_ZW Sebastian Belalcazar,0.0,MR76,False,Laboral,Lunes,34.491.422,-7.654.522,-0.8333333333333334,-0.3572259931813734,"0,1"
2024-03-20,URBANA,046_ZW Sebastian Belalcazar,0.0,MR76,False,Laboral,Miércoles,34.491.422,-7.654.522,-0.75,-0.13444642434105494,"30,0"
2024-03-21,URBANA,046_ZW Sebastian Belalcazar,0.0,MR76,False,Laboral,Jueves,34.491.422,-7.654.522,-0.75,-0.3564924014314767,"0,3"
2024-03-22,URBANA,046_ZW Sebastian Belalcazar,0.0,MR76,False,Laboral,Viernes,34.491.422,-7.654.522,-0.3333333333333333,-0.1760906311979061,"16,4"
2024-03-23,URBANA,046_ZW Sebastian Belalcazar,0.0,MR76,False,Fin de Semana,Sábado,34.491.422,-7.654.522,-0.16666666666666666,0.658233222665124,"113,9"
2024-03-24,URBANA,046_ZW Sebastian Belalcazar,0.0,MR76,True,Festivo,Domingo,34.491.422,-7.654.522,0.08333333333333333,0.01878612882145796,"36,3"
2024-03-25,URBANA,046_ZW Sebastian Belalcazar,0.0,MR76,True,Festivo,Lunes,34.491.422,-7.654.522,1.0,0.6918800205543024,"130,9"
2024-03-26,URBANA,046_ZW Sebastian Belalcazar,0.0,MR76,False,Laboral,Martes,34.491.422,-7.654.522,-0.25,0.1072875073101674,"52,3"
2024-03-27,URBANA,046_ZW Sebastian Belalcazar,0.0,MR76,False,Laboral,Miércoles,34.491.422,-7.654.522,-0.08333333333333333,1.6426458285409535,"216,6"
2024-03-28,URBANA,046_ZW Sebastian Belalcazar,0.0,MR76,True,Festivo,Jueves,34.491.422,-7.654.522,1.1666666666666667,0.11868965177853083,"65,4"
2024-03-29,URBANA,046_ZW Sebastian Belalcazar,0.0,MR76,True,Festivo,Viernes,34.491.422,-7.654.522,1.75,-0.34537293584333867,"1,2"
2024-03-30,URBANA,046_ZW Sebastian Belalcazar,0.0,MR76,False,Fin de Semana,Sábado,34.491.422,-7.654.522,0.75,-0.3451818128757369,"2,0"
2024-03-31,URBANA,046_ZW Sebastian Belalcazar,0.0,MR76,True,Festivo,Domingo,34.491.422,-7.654.522,0.16666666666666666,-0.18639296026587837,"19,8"
2024-04-01,URBANA,046_ZW Sebastian Belalcazar,0.0,MR76,False,Laboral,Lunes,34.491.422,-7.654.522,-0.75,-0.2743003697714421,"7,1"
2024-04-02,URBANA,046_ZW Sebastian Belalcazar,0.0,MR76,False,Laboral,Martes,34.491.422,-7.654.522,-0.5833333333333334,0.7418340709306545,"136,7"
2024-04-03,URBANA,046_ZW Sebastian Belalcazar,0.0,MR76,False,Laboral,Miércoles,34.491.422,-7.654.522,-0.75,0.1072646183320115,"45,2"
2024-04-04,URBANA,046_ZW Sebastian Belalcazar,0.0,MR76,False,Laboral,Jueves,34.491.422,-7.654.522,0.08333333333333333,2.058469894699256,"183,7"
2024-04-05,URBANA,046_ZW Sebastian Belalcazar,0.0,MR76,False,Laboral,Viernes,34.491.422,-7.654.522,0.16666666666666666,0.32422809782291484,"53,1"
2024-04-06,URBANA,046_ZW Sebastian Belalcazar,0.0,MR76,False,Fin de Semana,Sábado,34.491.422,-7.654.522,-0.16666666666666666,0.43707533792715125,"57,8"
2024-04-07,URBANA,046_ZW Sebastian Belalcazar,0.0,MR76,False,Fin de Semana,Domingo,34.491.422,-7.654.522,0.4166666666666667,1.3712958480538073,"126,4"
2024-04-08,URBANA,046_ZW Sebastian Belalcazar,0.0,MR76,False,Laboral,Lunes,34.491.422,-7.654.522,-0.16666666666666666,1.9727689826879213,"287,9"
2024-04-09,URBANA,046_ZW Sebastian Belalcazar,0.0,MR76,False,Laboral,Martes,34.491.422,-7.654.522,-0.16666666666666666,0.2715651368818116,"72,0"
2024-04-10,URBANA,046_ZW Sebastian Belalcazar,0.0,MR76,False,Laboral,Miércoles,34.491.422,-7.654.522,-0.6666666666666666,-0.14061843730079437,"44,9"
2024-04-11,URBANA,046_ZW Sebastian Belalcazar,0.0,MR76,False,Laboral,Jueves,34.491.422,-7.654.522,-0.16666666666666666,0.6525132670239636,"200,2"
2024-04-12,URBANA,046_ZW Sebastian Belalcazar,0.0,MR76,False,Laboral,Viernes,34.491.422,-7.654.522,-0.5,0.7910316405789538,"148,0"
2024-04-13,URBANA,046_ZW Sebastian Belalcazar,0.0,MR76,False,Fin de Semana,Sábado,34.491.422,-7.654.522,0.08333333333333333,2.759340705873197,"320,3"
2024-04-14,URBANA,046_ZW Sebastian Belalcazar,0.0,MR76,False,Fin de Semana,Domingo,34.491.422,-7.654.522,0.5,0.38297723805567285,"94,0"
2024-04-15,URBANA,046_ZW Sebastian Belalcazar,0.0,MR76,False,Laboral,Lunes,34.491.422,-7.654.522,-0.3333333333333333,1.0218212073249309,"301,5"
2024-04-16,URBANA,046_ZW Sebastian Belalcazar,0.0,MR76,False,Laboral,Martes,34.491.422,-7.654.522,-0.4166666666666667,-0.3207249397161538,"7,9"
2024-04-17,URBANA,046_ZW Sebastian Belalcazar,0.0,MR76,False,Laboral,Miércoles,34.491.422,-7.654.522,-0.5,-0.22647613881249692,"31,1"
2024-04-18,URBANA,046_ZW Sebastian Belalcazar,0.0,MR76,False,Laboral,Jueves,34.491.422,-7.654.522,-0.8333333333333334,0.18931588277638728,"164,5"
2024-04-19,URBANA,046_ZW Sebastian Belalcazar,0.0,MR76,False,Laboral,Viernes,34.491.422,-7.654.522,-0.4166666666666667,0.6642267015952473,"220,5"
2024-04-20,URBANA,046_ZW Sebastian Belalcazar,0.0,MR76,False,Fin de Semana,Sábado,34.491.422,-7.654.522,-0.25,-0.3571550373490901,"0,2"
2024-04-21,URBANA,046_ZW Sebastian Belalcazar,0.0,MR76,False,Fin de Semana,Domingo,34.491.422,-7.654.522,-0.16666666666666666,-0.12752594179561744,"32,7"
2024-04-22,URBANA,046_ZW Sebastian Belalcazar,0.0,MR76,False,Laboral,Lunes,34.491.422,-7.654.522,-0.3333333333333333,-0.23241697309286172,"23,8"
2024-04-23,URBANA,046_ZW Sebastian Belalcazar,0.0,MR76,False,Laboral,Martes,34.491.422,-7.654.522,-0.8333333333333334,-0.042883645023993375,"15,1"
2024-04-24,URBANA,046_ZW Sebastian Belalcazar,0.0,MR76,False,Laboral,Miércoles,34.491.422,-7.654.522,-0.5,0.47341616854527957,"39,6"
2024-04-25,URBANA,046_ZW Sebastian Belalcazar,0.0,MR76,False,Laboral,Jueves,34.491.422,-7.654.522,-0.4166666666666667,0.029040391035302815,"28,6"
2024-04-26,URBANA,046_ZW Sebastian Belalcazar,0.0,MR76,False,Laboral,Viernes,34.491.422,-7.654.522,-0.5833333333333334,0.4621479245991282,"71,6"
2024-04-27,URBANA,046_ZW Sebastian Belalcazar,0.0,MR76,False,Fin de Semana,Sábado,34.491.422,-7.654.522,-0.08333333333333333,-0.35716877073598363,"0,1"
2024-04-28,URBANA,046_ZW Sebastian Belalcazar,0.0,MR76,False,Fin de Semana,Domingo,34.491.422,-7.654.522,0.0,-0.3573507381123231,"0,2"
2024-04-29,URBANA,046_ZW Sebastian Belalcazar,0.0,MR76,False,Laboral,Lunes,34.491.422,-7.654.522,-0.5,-0.3575876390362367,"0,2"
2024-04-30,URBANA,046_ZW Sebastian Belalcazar,0.0,MR76,False,Laboral,Martes,34.491.422,-7.654.522,-0.16666666666666666,-0.3573564603568621,"0,3"
2024-05-01,URBANA,046_ZW Sebastian Belalcazar,0.0,MR76,True,Festivo,Miércoles,34.491.422,-7.654.522,0.5833333333333334,-0.09716714561853458,"43,5"
2024-05-02,URBANA,046_ZW Sebastian Belalcazar,0.0,MR76,False,Laboral,Jueves,34.491.422,-7.654.522,-0.25,0.3777448176492333,"125,8"
2024-05-03,URBANA,046_ZW Sebastian Belalcazar,0.0,MR76,False,Laboral,Viernes,34.491.422,-7.654.522,-0.8333333333333334,-0.2767643682699251,"15,7"
2024-05-04,URBANA,046_ZW Sebastian Belalcazar,0.0,MR76,False,Fin de Semana,Sábado,34.491.422,-7.654.522,-0.5,0.41777764044390886,"94,0"
2024-05-05,URBANA,046_ZW Sebastian Belalcazar,0.0,MR76,False,Fin de Semana,Domingo,34.491.422,-7.654.522,0.16666666666666666,0.7076367931168265,"151,2"
2024-05-06,URBANA,046_ZW Sebastian Belalcazar,0.0,MR76,False,Laboral,Lunes,34.491.422,-7.654.522,-0.8333333333333334,-0.3490328834504677,"1,9"
2024-05-07,URBANA,046_ZW Sebastian Belalcazar,0.0,MR76,False,Laboral,Martes,34.491.422,-7.654.522,-0.8333333333333334,-0.2990696774828533,"8,7"
2024-05-08,URBANA,046_ZW Sebastian Belalcazar,0.0,MR76,False,Laboral,Miércoles,34.491.422,-7.654.522,-1.1666666666666667,-0.13200874816745117,"25,1"
2024-05-09,URBANA,046_ZW Sebastian Belalcazar,0.0,MR76,False,Laboral,Jueves,34.491.422,-7.654.522,-0.8333333333333334,1.2645759874019065,"161,0"
2024-05-10,URBANA,046_ZW Sebastian Belalcazar,0.0,MR76,False,Laboral,Viernes,34.491.422,-7.654.522,-0.6666666666666666,-0.28866205911536386,"7,8"
2024-05-11,URBANA,046_ZW Sebastian Belalcazar,0.0,MR76,False,Fin de Semana,Sábado,34.491.422,-7.654.522,0.16666666666666666,1.511292849597669,"219,3"
2024-05-12,URBANA,046_ZW Sebastian Belalcazar,0.0,MR76,False,Fin de Semana,Domingo,34.491.422,-7.654.522,0.25,-0.34892301635531936,"2,2"
2024-05-13,URBANA,046_ZW Sebastian Belalcazar,0.0,MR76,True,Festivo,Lunes,34.491.422,-7.654.522,0.75,-0.3529297319815103,"1,0"
2024-05-14,URBANA,046_ZW Sebastian Belalcazar,0.0,MR76,False,Laboral,Martes,34.491.422,-7.654.522,-0.8333333333333334,-0.35797904056270263,"0,5"
2024-05-15,URBANA,046_ZW Sebastian Belalcazar,0.0,MR76,False,Laboral,Miércoles,34.491.422,-7.654.522,-1.0833333333333333,-0.33642220093547254,"3,2"
2024-05-16,URBANA,046_ZW Sebastian Belalcazar,0.0,MR76,False,Laboral,Jueves,34.491.422,-7.654.522,-0.5833333333333334,-0.07450247944855874,"30,5"
2024-05-17,URBANA,046_ZW Sebastian Belalcazar,0.0,MR76,False,Laboral,Viernes,34.491.422,-7.654.522,-0.3333333333333333,-0.22741573136579676,"11,1"
2024-05-18,URBANA,046_ZW Sebastian Belalcazar,0.0,MR76,False,Fin de Semana,Sábado,34.491.422,-7.654.522,-0.6666666666666666,-0.11614325295868654,"19,3"
2024-05-19,URBANA,046_ZW Sebastian Belalcazar,0.0,MR76,False,Fin de Semana,Domingo,34.491.422,-7.654.522,0.0,-0.06428369515085554,"22,0"
2024-05-20,URBANA,046_ZW Sebastian Belalcazar,0.0,MR76,False,Laboral,Lunes,34.491.422,-7.654.522,-0.6666666666666666,-0.35158271561703536,"1,0"
2024-05-21,URBANA,046_ZW Sebastian Belalcazar,0.0,MR76,False,Laboral,Martes,34.491.422,-7.654.522,-0.75,-0.03219220332737075,"36,8"
2024-05-22,URBANA,046_ZW Sebastian Belalcazar,0.0,MR76,False,Laboral,Miércoles,34.491.422,-7.654.522,-0.5,-0.21799233905901122,"47,9"
2024-05-23,URBANA,046_ZW Sebastian Belalcazar,0.0,MR76,False,Laboral,Jueves,34.491.422,-7.654.522,-0.3333333333333333,0.07827343859974387,"72,0"
2024-05-24,URBANA,046_ZW Sebastian Belalcazar,0.0,MR76,False,Laboral,Viernes,34.491.422,-7.654.522,0.08333333333333333,1.548128082143965,"353,1"
2024-05-25,URBANA,046_ZW Sebastian Belalcazar,0.0,MR76,False,Fin de Semana,Sábado,34.491.422,-7.654.522,0.08333333333333333,0.20646544965969812,"69,4"
2024-05-26,URBANA,046_ZW Sebastian Belalcazar,0.0,MR76,False,Fin de Semana,Domingo,34.491.422,-7.654.522,-0.9166666666666666,-0.07106684382735759,"36,4"
2024-05-27,URBANA,046_ZW Sebastian Belalcazar,0.0,MR76,False,Laboral,Lunes,34.491.422,-7.654.522,-0.6666666666666666,1.962517009371892,"238,6"
2024-05-28,URBANA,046_ZW Sebastian Belalcazar,0.0,MR76,False,Laboral,Martes,34.491.422,-7.654.522,-0.3333333333333333,0.9139362976848943,"149,4"
2024-05-29,URBANA,046_ZW Sebastian Belalcazar,0.0,MR76,False,Laboral,Miércoles,34.491.422,-7.654.522,-0.8333333333333334,1.451498827512094,"316,3"
2024-05-30,URBANA,046_ZW Sebastian Belalcazar,0.0,MR76,False,Laboral,Jueves,34.491.422,-7.654.522,-0.4166666666666667,1.742997975469882,"153,5"
2024-05-31,URBANA,046_ZW Sebastian Belalcazar,0.0,MR76,False,Laboral,Viernes,34.491.422,-7.654.522,-0.3333333333333333,1.9240429259896337,"214,6"
2024-06-01,URBANA,046_ZW Sebastian Belalcazar,0.0,MR76,False,Fin de Semana,Sábado,34.491.422,-7.654.522,0.4166666666666667,2.440956164173485,"244,4"
2024-06-02,URBANA,046_ZW Sebastian Belalcazar,0.0,MR76,False,Fin de Semana,Domingo,34.491.422,-7.654.522,-0.3333333333333333,0.4379062078342105,"71,1"
2024-06-03,URBANA,046_ZW Sebastian Belalcazar,0.0,MR76,True,Festivo,Lunes,34.491.422,-7.654.522,0.5833333333333334,0.8907406072217015,"157,7"
2024-06-04,URBANA,046_ZW Sebastian Belalcazar,0.0,MR76,False,Laboral,Martes,34.491.422,-7.654.522,-0.75,-0.30906300534572084,"9,6"
2024-06-05,URBANA,046_ZW Sebastian Belalcazar,0.0,MR76,False,Laboral,Miércoles,34.491.422,-7.654.522,-1.0833333333333333,-0.35868859888553567,"0,2"
2024-06-06,URBANA,046_ZW Sebastian Belalcazar,0.0,MR76,False,Laboral,Jueves,34.491.422,-7.654.522,-0.3333333333333333,0.3313248255001528,"98,9"
2024-06-07,URBANA,046_ZW Sebastian Belalcazar,0.0,MR76,False,Laboral,Viernes,34.491.422,-7.654.522,0.5,1.4918234847782572,"336,3"
2024-06-08,URBANA,046_ZW Sebastian Belalcazar,0.0,MR76,False,Fin de Semana,Sábado,34.491.422,-7.654.522,-0.5,-0.30204982243875195,"15,9"
2024-06-09,URBANA,046_ZW Sebastian Belalcazar,0.0,MR76,False,Fin de Semana,Domingo,34.491.422,-7.654.522,0.5833333333333334,1.296930702474184,"496,4"
2024-06-10,URBANA,046_ZW Sebastian Belalcazar,0.0,MR76,True,Festivo,Lunes,34.491.422,-7.654.522,0.9166666666666666,0.6066494770440716,"154,8"
2024-06-11,URBANA,046_ZW Sebastian Belalcazar,0.0,MR76,False,Laboral,Martes,34.491.422,-7.654.522,0.08333333333333333,5.242714724365203,"781,8"
2024-06-12,URBANA,046_ZW Sebastian Belalcazar,0.0,MR76,False,Laboral,Miércoles,34.491.422,-7.654.522,0.0,3.7185342356168523,"480,4"
2024-06-13,URBANA,046_ZW Sebastian Belalcazar,0.0,MR76,False,Laboral,Jueves,34.491.422,-7.654.522,-0.16666666666666666,2.125031043176624,"4226147600,0"
2024-06-14,URBANA,046_ZW Sebastian Belalcazar,0.0,MR76,False,Laboral,Viernes,34.491.422,-7.654.522,-0.25,2.3772504157210657,"71866895600,0"
2024-06-15,URBANA,046_ZW Sebastian Belalcazar,0.0,MR76,False,Fin de Semana,Sábado,34.491.422,-7.654.522,-0.25,0.06031016854299065,"6576809100,0"
2024-06-16,URBANA,046_ZW Sebastian Belalcazar,0.0,MR76,False,Fin de Semana,Domingo,34.491.422,-7.654.522,0.6666666666666666,-0.35010294317925617,"143150400,0"
2024-06-17,URBANA,046_ZW Sebastian Belalcazar,0.0,MR76,False,Laboral,Lunes,34.491.422,-7.654.522,-0.08333333333333333,-0.35424928157219815,"0,7"
2024-06-18,URBANA,046_ZW Sebastian Belalcazar,0.0,MR76,False,Laboral,Martes,34.491.422,-7.654.522,-0.25,-0.35695819213694935,"0,3"
2024-06-19,URBANA,046_ZW Sebastian Belalcazar,0.0,MR76,False,Laboral,Miércoles,34.491.422,-7.654.522,-0.08333333333333333,-0.35646493465768964,"0,3"
2024-06-20,URBANA,046_ZW Sebastian Belalcazar,0.0,MR76,False,Laboral,Jueves,34.491.422,-7.654.522,0.25,-0.3530281545875807,"1,1"
2024-06-21,URBANA,046_ZW Sebastian Belalcazar,0.0,MR76,False,Laboral,Viernes,34.491.422,-7.654.522,1.3333333333333333,0.3318535608955542,"103,7"
2024-06-22,URBANA,046_ZW Sebastian Belalcazar,0.0,MR76,False,Fin de Semana,Sábado,34.491.422,-7.654.522,1.0,0.8676593616492883,"202,8"
2024-06-23,URBANA,046_ZW Sebastian Belalcazar,0.0,MR76,False,Fin de Semana,Domingo,34.491.422,-7.654.522,1.0833333333333333,0.683316109377271,"357,6"
2024-06-24,URBANA,046_ZW Sebastian Belalcazar,0.0,MR76,False,Laboral,Lunes,34.491.422,-7.654.522,-0.08333333333333333,1.1887070359574403,"259,0"
2024-06-25,URBANA,046_ZW Sebastian Belalcazar,0.0,MR76,False,Laboral,Martes,34.491.422,-7.654.522,0.5,2.1632201587808413,"546,1"
2024-06-26,URBANA,046_ZW Sebastian Belalcazar,0.0,MR76,False,Laboral,Miércoles,34.491.422,-7.654.522,0.5833333333333334,1.3709387799945754,"390,4"
2024-06-27,URBANA,046_ZW Sebastian Belalcazar,0.0,MR76,False,Laboral,Jueves,34.491.422,-7.654.522,0.4166666666666667,1.2593264002618498,"420,8"
2024-06-28,URBANA,046_ZW Sebastian Belalcazar,0.0,MR76,False,Laboral,Viernes,34.491.422,-7.654.522,0.16666666666666666,0.5171581502501194,"131,7"
2024-06-29,URBANA,046_ZW Sebastian Belalcazar,0.0,MR76,False,Fin de Semana,Sábado,34.491.422,-7.654.522,0.9166666666666666,0.5961354249281572,"141,5"
2024-06-30,URBANA,046_ZW Sebastian Belalcazar,0.0,MR76,False,Fin de Semana,Domingo,34.491.422,-7.654.522,0.4166666666666667,0.2656700805577586,"117,3"
2024-07-01,URBANA,046_ZW Sebastian Belalcazar,0.0,MR76,True,Festivo,Lunes,34.491.422,-7.654.522,2.4166666666666665,1.380355305607914,"211,17"
2024-07-02,URBANA,046_ZW Sebastian Belalcazar,0.0,MR76,False,Laboral,Martes,34.491.422,-7.654.522,0.3333333333333333,0.68755743702956,"98,52"
2024-07-03,URBANA,046_ZW Sebastian Belalcazar,0.0,MR76,False,Laboral,Miércoles,34.491.422,-7.654.522,-0.3333333333333333,0.07002653977017177,"44,61"
2024-07-04,URBANA,046_ZW Sebastian Belalcazar,0.0,MR76,False,Laboral,Jueves,34.491.422,-7.654.522,0.3333333333333333,0.4278201796098116,"86,67"
2024-07-05,URBANA,046_ZW Sebastian Belalcazar,0.0,MR76,False,Laboral,Viernes,34.491.422,-7.654.522,0.25,0.31244141852153223,"68,89"
2024-07-06,URBANA,046_ZW Sebastian Belalcazar,0.0,MR76,False,Fin de Semana,Sábado,34.491.422,-7.654.522,1.1666666666666667,0.9565750306426195,"136,58"
2024-07-07,URBANA,046_ZW Sebastian Belalcazar,0.0,MR76,False,Fin de Semana,Domingo,34.491.422,-7.654.522,1.3333333333333333,1.869482468759406,"220,73"
2024-07-08,URBANA,046_ZW Sebastian Belalcazar,0.0,MR76,False,Laboral,Lunes,34.491.422,-7.654.522,0.0,0.09769816991175155,"71,86"
2024-07-09,URBANA,046_ZW Sebastian Belalcazar,0.0,MR76,False,Laboral,Martes,34.491.422,-7.654.522,0.3333333333333333,0.13582434082604034,"74,49"
2024-07-10,URBANA,046_ZW Sebastian Belalcazar,0.0,MR76,False,Laboral,Miércoles,34.491.422,-7.654.522,0.0,-0.3587309434951241,"0,06"
2024-07-11,URBANA,046_ZW Sebastian Belalcazar,0.0,MR76,False,Laboral,Jueves,34.491.422,-7.654.522,0.6666666666666666,1.4236166187714798,"211,12"
2024-07-12,URBANA,046_ZW Sebastian Belalcazar,0.0,MR76,False,Laboral,Viernes,34.491.422,-7.654.522,0.75,-0.35515454065826413,"0,56"
2024-07-13,URBANA,046_ZW Sebastian Belalcazar,0.0,MR76,False,Fin de Semana,Sábado,34.491.422,-7.654.522,1.4166666666666667,-0.35381553543614375,"0,67"
2024-07-14,URBANA,046_ZW Sebastian Belalcazar,0.0,MR76,False,Fin de Semana,Domingo,34.491.422,-7.654.522,0.4166666666666667,-0.35609871100719515,"0,43"
2024-07-15,URBANA,046_ZW Sebastian Belalcazar,0.0,MR76,False,Laboral,Lunes,34.491.422,-7.654.522,0.0,-0.2221581330833857,"21,43"
2024-07-16,URBANA,046_ZW Sebastian Belalcazar,0.0,MR76,False,Laboral,Martes,34.491.422,-7.654.522,0.9166666666666666,0.16542322292834719,"72,98"
2024-07-17,URBANA,046_ZW Sebastian Belalcazar,0.0,MR76,False,Laboral,Miércoles,34.491.422,-7.654.522,0.5833333333333334,-0.2889962381964401,"13,56"
2024-07-18,URBANA,046_ZW Sebastian Belalcazar,0.0,MR76,False,Laboral,Jueves,34.491.422,-7.654.522,0.75,-0.3326935863938758,"3,89"
2024-07-19,URBANA,046_ZW Sebastian Belalcazar,0.0,MR76,False,Laboral,Viernes,34.491.422,-7.654.522,1.0,0.2910882907998897,"79,18"
2024-07-20,URBANA,046_ZW Sebastian Belalcazar,0.0,MR76,True,Festivo,Sábado,34.491.422,-7.654.522,1.6666666666666667,0.7243812250867778,"121,57"
2024-07-21,URBANA,046_ZW Sebastian Belalcazar,0.0,MR76,False,Fin de Semana,Domingo,34.491.422,-7.654.522,2.6666666666666665,-0.35593047701774927,"0,44"
2024-07-22,URBANA,046_ZW Sebastian Belalcazar,0.0,MR76,False,Laboral,Lunes,34.491.422,-7.654.522,0.08333333333333333,-0.2601916036361431,"12,45"
2024-07-23,URBANA,046_ZW Sebastian Belalcazar,0.0,MR76,False,Laboral,Martes,34.491.422,-7.654.522,0.4166666666666667,0.33216599544738223,"87,22"
2024-07-24,URBANA,046_ZW Sebastian Belalcazar,0.0,MR76,False,Laboral,Miércoles,34.491.422,-7.654.522,0.5833333333333334,-0.264818610570359,"13,05"
2024-07-25,URBANA,046_ZW Sebastian Belalcazar,0.0,MR76,False,Laboral,Jueves,34.491.422,-7.654.522,1.1666666666666667,0.11295710719938475,"65,26"
2024-07-26,URBANA,046_ZW Sebastian Belalcazar,0.0,MR76,False,Laboral,Viernes,34.491.422,-7.654.522,1.5833333333333333,0.550205256911613,"104,66"
2024-07-27,URBANA,046_ZW Sebastian Belalcazar,0.0,MR76,False,Fin de Semana,Sábado,34.491.422,-7.654.522,1.3333333333333333,1.6352229329249939,"298,05"
2024-07-28,URBANA,046_ZW Sebastian Belalcazar,0.0,MR76,False,Fin de Semana,Domingo,34.491.422,-7.654.522,1.4166666666666667,1.0412070273740734,"258,94"
2024-07-29,URBANA,046_ZW Sebastian Belalcazar,0.0,MR76,False,Laboral,Lunes,34.491.422,-7.654.522,0.5833333333333334,-0.053286685595851604,"42,87"
2024-07-30,URBANA,046_ZW Sebastian Belalcazar,0.0,MR76,False,Laboral,Martes,34.491.422,-7.654.522,1.0833333333333333,-0.0025910323272482984,"45,54"
2024-07-31,URBANA,046_ZW Sebastian Belalcazar,0.0,MR76,False,Laboral,Miércoles,34.491.422,-7.654.522,1.0,0.07982302242089856,"63,72"
2024-08-01,URBANA,046_ZW Sebastian Belalcazar,0.0,MR76,False,Laboral,Jueves,34.491.422,-7.654.522,0.08333333333333333,-0.1119236698356457,"32,25"
2024-08-02,URBANA,046_ZW Sebastian Belalcazar,0.0,MR76,False,Laboral,Viernes,34.491.422,-7.654.522,0.9166666666666666,0.5517067738786403,"132,42"
2024-08-03,URBANA,046_ZW Sebastian Belalcazar,0.0,MR76,False,Fin de Semana,Sábado,34.491.422,-7.654.522,2.8333333333333335,1.0492776810718452,"250,76"
2024-08-04,URBANA,046_ZW Sebastian Belalcazar,0.0,MR76,False,Fin de Semana,Domingo,34.491.422,-7.654.522,1.8333333333333333,-0.3487456267746111,"1,46"
2024-08-05,URBANA,046_ZW Sebastian Belalcazar,0.0,MR76,False,Laboral,Lunes,34.491.422,-7.654.522,0.4166666666666667,-0.3577959287374554,"0,18"
2024-08-06,URBANA,046_ZW Sebastian Belalcazar,0.0,MR76,False,Laboral,Martes,34.491.422,-7.654.522,0.0,-0.35676935806716314,"0,21"
2024-08-07,URBANA,046_ZW Sebastian Belalcazar,0.0,MR76,True,Festivo,Miércoles,34.491.422,-7.654.522,2.0,-0.34761834460043284,"1,21"
2024-08-08,URBANA,046_ZW Sebastian Belalcazar,0.0,MR76,False,Laboral,Jueves,34.491.422,-7.654.522,0.5833333333333334,-0.3492915289036294,"1,09"
2024-08-09,URBANA,046_ZW Sebastian Belalcazar,0.0,MR76,False,Laboral,Viernes,34.491.422,-7.654.522,0.8333333333333334,-0.35783369555141264,"0,23"
2024-08-10,URBANA,046_ZW Sebastian Belalcazar,0.0,MR76,False,Fin de Semana,Sábado,34.491.422,-7.654.522,2.1666666666666665,-0.3502952105957658,"1,48"
2024-08-11,URBANA,046_ZW Sebastian Belalcazar,0.0,MR76,False,Fin de Semana,Domingo,34.491.422,-7.654.522,1.25,-0.3184795309590596,"6,18"
2024-08-12,URBANA,046_ZW Sebastian Belalcazar,0.0,MR76,False,Laboral,Lunes,34.491.422,-7.654.522,-0.08333333333333333,-0.35812667447180824,"0,21"
2024-08-13,URBANA,046_ZW Sebastian Belalcazar,0.0,MR76,False,Laboral,Martes,34.491.422,-7.654.522,0.16666666666666666,-0.3582960529101619,"0,09"
2024-08-14,URBANA,046_ZW Sebastian Belalcazar,0.0,MR76,False,Laboral,Miércoles,34.491.422,-7.654.522,0.75,-0.3561765335329252,"0,36"
2024-08-15,URBANA,046_ZW Sebastian Belalcazar,0.0,MR76,False,Laboral,Jueves,34.491.422,-7.654.522,0.6666666666666666,-0.35759565017859124,"0,22"
2024-08-16,URBANA,046_ZW Sebastian Belalcazar,0.0,MR76,False,Laboral,Viernes,34.491.422,-7.654.522,2.0,-0.35482150602609575,"0,53"
2024-08-17,URBANA,046_ZW Sebastian Belalcazar,0.0,MR76,False,Fin de Semana,Sábado,34.491.422,-7.654.522,1.25,-0.34594401584832846,"1,68"
2024-08-18,URBANA,046_ZW Sebastian Belalcazar,0.0,MR76,False,Fin de Semana,Domingo,34.491.422,-7.654.522,1.4166666666666667,-0.35275119795189425,"0,86"
2024-08-19,URBANA,046_ZW Sebastian Belalcazar,0.0,MR76,True,Festivo,Lunes,34.491.422,-7.654.522,1.8333333333333333,-0.35585494338983475,"0,41"
2024-08-20,URBANA,046_ZW Sebastian Belalcazar,0.0,MR76,False,Laboral,Martes,34.491.422,-7.654.522,0.25,-0.3584207978411116,"0,18"
2024-08-21,URBANA,046_ZW Sebastian Belalcazar,0.0,MR76,False,Laboral,Miércoles,34.491.422,-7.654.522,1.0,-0.35011553211724195,"2,32"
2024-08-22,URBANA,046_ZW Sebastian Belalcazar,0.0,MR76,False,Laboral,Jueves,34.491.422,-7.654.522,0.5,-0.35600372174784817,"0,75"
2024-08-23,URBANA,046_ZW Sebastian Belalcazar,0.0,MR76,False,Laboral,Viernes,34.491.422,-7.654.522,1.3333333333333333,-0.35637910098960496,"1,02"
2024-08-24,URBANA,046_ZW Sebastian Belalcazar,0.0,MR76,False,Fin de Semana,Sábado,34.491.422,-7.654.522,1.6666666666666667,-0.3529446098173116,"3,73"
2024-08-25,URBANA,046_ZW Sebastian Belalcazar,0.0,MR76,False,Fin de Semana,Domingo,34.491.422,-7.654.522,1.0833333333333333,-0.3546887499527915,"3,8"
2024-08-26,URBANA,046_ZW Sebastian Belalcazar,0.0,MR76,False,Laboral,Lunes,34.491.422,-7.654.522,0.75,-0.34911070597619775,"11,83"
2024-08-27,URBANA,046_ZW Sebastian Belalcazar,0.0,MR76,False,Laboral,Martes,34.491.422,-7.654.522,0.5833333333333334,-0.35523922987744094,"3,75"
2024-08-28,URBANA,046_ZW Sebastian Belalcazar,0.0,MR76,False,Laboral,Miércoles,34.491.422,-7.654.522,0.5833333333333334,-0.35395630265180256,"8,19"
2024-08-29,URBANA,046_ZW Sebastian Belalcazar,0.0,MR76,False,Laboral,Jueves,34.491.422,-7.654.522,0.8333333333333334,-0.3562978451171515,"7,34"
2024-08-30,URBANA,046_ZW Sebastian Belalcazar,0.0,MR76,False,Laboral,Viernes,34.491.422,-7.654.522,0.9166666666666666,-0.35743084953586873,"3,81"
2024-08-31,URBANA,046_ZW Sebastian Belalcazar,0.0,MR76,False,Fin de Semana,Sábado,34.491.422,-7.654.522,1.5833333333333333,-0.3555882867943185,"4,55"
2024-09-01,URBANA,046_ZW Sebastian Belalcazar,0.0,MR76,False,Fin de Semana,Domingo,34.491.422,-7.654.522,3.25,-0.35397461383432727,"10,65"
2024-09-02,URBANA,046_ZW Sebastian Belalcazar,0.0,MR76,False,Laboral,Lunes,34.491.422,-7.654.522,0.25,-0.35820564144644607,"1,78"
2024-09-03,URBANA,046_ZW Sebastian Belalcazar,0.0,MR76,False,Laboral,Martes,34.491.422,-7.654.522,0.8333333333333334,-0.3549508287526766,"20,53"
2024-09-04,URBANA,046_ZW Sebastian Belalcazar,0.0,MR76,False,Laboral,Miércoles,34.491.422,-7.654.522,-0.25,-0.3552621188555969,"476,59"
2024-10-25,URBANA,046_ZW Sebastian Belalcazar,0.0,MR76,False,Laboral,Viernes,34.491.422,-7.654.522,-0.08333333333333333,-0.30166643205464055,"11,24"
2024-10-26,URBANA,046_ZW Sebastian Belalcazar,0.0,MR76,False,Fin de Semana,Sábado,34.491.422,-7.654.522,0.08333333333333333,0.9176809345112001,"144,49"
2024-10-27,URBANA,046_ZW Sebastian Belalcazar,0.0,MR76,False,Fin de Semana,Domingo,34.491.422,-7.654.522,1.3333333333333333,2.0883068221743843,"214,83"
2024-10-28,URBANA,046_ZW Sebastian Belalcazar,0.0,MR76,False,Laboral,Lunes,34.491.422,-7.654.522,-0.3333333333333333,0.02207069718683014,"55,33"
2024-10-29,URBANA,046_ZW Sebastian Belalcazar,0.0,MR76,False,Laboral,Martes,34.491.422,-7.654.522,-0.3333333333333333,-0.35513165168010824,"0,57"
2024-10-30,URBANA,046_ZW Sebastian Belalcazar,0.0,MR76,False,Laboral,Miércoles,34.491.422,-7.654.522,-0.25,-0.3584413979214519,"0,14"
2024-10-31,URBANA,046_ZW Sebastian Belalcazar,0.0,MR76,False,Laboral,Jueves,34.491.422,-7.654.522,-0.4166666666666667,-0.3584928981223027,"0,14"
2024-11-01,URBANA,046_ZW Sebastian Belalcazar,0.0,MR76,False,Laboral,Viernes,34.491.422,-7.654.522,-0.08333333333333333,-0.35652559044980275,"0,43"
2024-11-02,URBANA,046_ZW Sebastian Belalcazar,0.0,MR76,False,Fin de Semana,Sábado,34.491.422,-7.654.522,0.5833333333333334,-0.3525669416777392,"0,94"
2024-11-03,URBANA,046_ZW Sebastian Belalcazar,0.0,MR76,False,Fin de Semana,Domingo,34.491.422,-7.654.522,1.1666666666666667,-0.35081936819553594,"1,25"
2024-11-04,URBANA,046_ZW Sebastian Belalcazar,0.0,MR76,True,Festivo,Lunes,34.491.422,-7.654.522,0.16666666666666666,-0.3568014026365814,"0,32"
2024-11-05,URBANA,046_ZW Sebastian Belalcazar,0.0,MR76,False,Laboral,Martes,34.491.422,-7.654.522,0.16666666666666666,-0.31217933972164713,"5,63"
2024-11-06,URBANA,046_ZW Sebastian Belalcazar,0.0,MR76,False,Laboral,Miércoles,34.491.422,-7.654.522,0.08333333333333333,0.16427076287819745,"73,05"
2024-11-07,URBANA,046_ZW Sebastian Belalcazar,0.0,MR76,False,Laboral,Jueves,34.491.422,-7.654.522,0.5,0.16457060849203978,"51,46"
2024-11-08,URBANA,046_ZW Sebastian Belalcazar,0.0,MR76,False,Laboral,Viernes,34.491.422,-7.654.522,-0.08333333333333333,0.05424916712730735,"29,22"
2024-11-09,URBANA,046_ZW Sebastian Belalcazar,0.0,MR76,False,Fin de Semana,Sábado,34.491.422,-7.654.522,1.25,0.13846000666069264,"26,12"
2024-11-10,URBANA,046_ZW Sebastian Belalcazar,0.0,MR76,False,Fin de Semana,Domingo,34.491.422,-7.654.522,2.0833333333333335,0.8349464340688706,"53,86"
2024-11-11,URBANA,046_ZW Sebastian Belalcazar,0.0,MR76,True,Festivo,Lunes,34.491.422,-7.654.522,1.0,0.4227754488242504,"38,91"
2024-11-12,URBANA,046_ZW Sebastian Belalcazar,0.0,MR76,False,Laboral,Martes,34.491.422,-7.654.522,0.4166666666666667,0.637407685889975,"45,56"
2024-11-13,URBANA,046_ZW Sebastian Belalcazar,0.0,MR76,False,Laboral,Miércoles,34.491.422,-7.654.522,-0.3333333333333333,0.07147655653634827,"23,23"
2024-11-14,URBANA,046_ZW Sebastian Belalcazar,0.0,MR76,False,Laboral,Jueves,34.491.422,-7.654.522,-0.25,0.7990336273422577,"52,72"
2024-11-15,URBANA,046_ZW Sebastian Belalcazar,0.0,MR76,False,Laboral,Viernes,34.491.422,-7.654.522,0.0,0.26910228283223636,"30,14"
2024-11-16,URBANA,046_ZW Sebastian Belalcazar,0.0,MR76,False,Fin de Semana,Sábado,34.491.422,-7.654.522,1.0,-0.07024398506265285,"13,71"
2024-11-17,URBANA,046_ZW Sebastian Belalcazar,0.0,MR76,False,Fin de Semana,Domingo,34.491.422,-7.654.522,1.6666666666666667,1.0791580976054695,"73,16"
2024-11-18,URBANA,046_ZW Sebastian Belalcazar,0.0,MR76,False,Laboral,Lunes,34.491.422,-7.654.522,0.0,-0.29629553333035774,"3,42"
2024-11-19,URBANA,046_ZW Sebastian Belalcazar,0.0,MR76,False,Laboral,Martes,34.491.422,-7.654.522,0.0,0.7629869200934328,"61,38"
2024-11-20,URBANA,046_ZW Sebastian Belalcazar,0.0,MR76,False,Laboral,Miércoles,34.491.422,-7.654.522,0.16666666666666666,-0.1100181624041667,"11,41"
2024-11-21,URBANA,046_ZW Sebastian Belalcazar,0.0,MR76,False,Laboral,Jueves,34.491.422,-7.654.522,-0.16666666666666666,-0.3198196806300878,"1,91"
2024-11-22,URBANA,046_ZW Sebastian Belalcazar,0.0,MR76,False,Laboral,Viernes,34.491.422,-7.654.522,1.1666666666666667,-0.06963284934589023,"12,54"
2024-11-23,URBANA,046_ZW Sebastian Belalcazar,0.0,MR76,False,Fin de Semana,Sábado,34.491.422,-7.654.522,1.4166666666666667,0.2507945336542368,"27,81"
2024-11-24,URBANA,046_ZW Sebastian Belalcazar,0.0,MR76,False,Fin de Semana,Domingo,34.491.422,-7.654.522,2.0833333333333335,1.0900280733317083,"171,04"
2024-11-25,URBANA,046_ZW Sebastian Belalcazar,0.0,MR76,False,Laboral,Lunes,34.491.422,-7.654.522,-0.3333333333333333,-0.32900731646186754,"6,42"
2024-11-26,URBANA,046_ZW Sebastian Belalcazar,0.0,MR76,False,Laboral,Martes,34.491.422,-7.654.522,0.5,0.06836136660932977,"47,44"
2024-11-27,URBANA,046_ZW Sebastian Belalcazar,0.0,MR76,False,Laboral,Miércoles,34.491.422,-7.654.522,0.3333333333333333,0.6270859011905702,"44,38"
2024-11-28,URBANA,046_ZW Sebastian Belalcazar,0.0,MR76,False,Laboral,Jueves,34.491.422,-7.654.522,0.4166666666666667,0.0,"14,91"
2024-11-29,URBANA,046_ZW Sebastian Belalcazar,0.0,MR76,False,Laboral,Viernes,34.491.422,-7.654.522,0.3333333333333333,-0.32268194734848354,"1,44"
