FECHA.CONEXION,AREA,NOMBRE.ZONA,COMUNA,MODEL,es_festivo,tipo_dia,dia_semana,LATITUD,LONGITUD,NUMERO.CONEXIONES,USAGE.KB,PORCENTAJE.USO
2024-01-01,URBANA,022_ZW Polideportivo Los Farallones,0.0,MR76,True,Festivo,Lunes,0.0,-7.655.266,-1.7142857142857142,-0.05977543543841911,"7,1"
2024-01-03,URBANA,022_ZW Polideportivo Los Farallones,0.0,MR76,False,Laboral,Miércoles,0.0,-7.655.266,-1.7142857142857142,-0.120076874447818,"0,0"
2024-01-04,URBANA,022_ZW Polideportivo Los Farallones,0.0,MR76,False,Laboral,Jueves,0.0,-7.655.266,-0.8571428571428571,1.6832221420229123,"175,2"
2024-01-05,URBANA,022_ZW Polideportivo Los Farallones,0.0,MR76,False,Laboral,Viernes,0.0,-7.655.266,-0.8571428571428571,0.21407273850122102,"31,6"
2024-01-06,URBANA,022_ZW Polideportivo Los Farallones,0.0,MR76,False,Fin de Semana,Sábado,0.0,-7.655.266,-0.42857142857142855,0.31705936729563056,"58,5"
2024-01-07,URBANA,022_ZW Polideportivo Los Farallones,0.0,MR76,False,Fin de Semana,Domingo,0.0,-7.655.266,-1.1428571428571428,0.5885473437306706,"72,5"
2024-01-08,URBANA,022_ZW Polideportivo Los Farallones,0.0,MR76,True,Festivo,Lunes,0.0,-7.655.266,-1.1428571428571428,-0.004373622284628325,"7,5"
2024-01-09,URBANA,022_ZW Polideportivo Los Farallones,0.0,MR76,False,Laboral,Martes,0.0,-7.655.266,-0.8571428571428571,0.39442669994126295,"40,8"
2024-01-10,URBANA,022_ZW Polideportivo Los Farallones,0.0,MR76,False,Laboral,Miércoles,0.0,-7.655.266,-0.2857142857142857,0.7366261156876669,"72,9"
2024-01-11,URBANA,022_ZW Polideportivo Los Farallones,0.0,MR76,False,Laboral,Jueves,0.0,-7.655.266,-1.1428571428571428,0.6900446031546578,"77,3"
2024-01-12,URBANA,022_ZW Polideportivo Los Farallones,0.0,MR76,False,Laboral,Viernes,0.0,-7.655.266,-0.2857142857142857,1.2492234141722895,"121,0"
2024-01-13,URBANA,022_ZW Polideportivo Los Farallones,0.0,MR76,False,Fin de Semana,Sábado,0.0,-7.655.266,-0.5714285714285714,0.9985008898227076,"127,5"
2024-01-14,URBANA,022_ZW Polideportivo Los Farallones,0.0,MR76,False,Fin de Semana,Domingo,0.0,-7.655.266,-0.2857142857142857,0.06069496760694675,"23,5"
2024-01-15,URBANA,022_ZW Polideportivo Los Farallones,0.0,MR76,False,Laboral,Lunes,0.0,-7.655.266,-0.14285714285714285,0.8090782371866991,"137,9"
2024-01-16,URBANA,022_ZW Polideportivo Los Farallones,0.0,MR76,False,Laboral,Martes,0.0,-7.655.266,0.42857142857142855,2.217030047466952,"280,5"
2024-01-17,URBANA,022_ZW Polideportivo Los Farallones,0.0,MR76,False,Laboral,Miércoles,0.0,-7.655.266,0.0,0.8278974760595319,"97,3"
2024-01-18,URBANA,022_ZW Polideportivo Los Farallones,0.0,MR76,False,Laboral,Jueves,0.0,-7.655.266,0.0,0.3323086004506097,"38,7"
2024-01-19,URBANA,022_ZW Polideportivo Los Farallones,0.0,MR76,False,Laboral,Viernes,0.0,-7.655.266,-0.2857142857142857,1.196180824442412,"88,0"
2024-01-20,URBANA,022_ZW Polideportivo Los Farallones,0.0,MR76,False,Fin de Semana,Sábado,0.0,-7.655.266,0.5714285714285714,0.7655543639301818,"70,2"
2024-01-21,URBANA,022_ZW Polideportivo Los Farallones,0.0,MR76,False,Fin de Semana,Domingo,0.0,-7.655.266,-0.8571428571428571,1.4971912383390367,"128,2"
2024-01-22,URBANA,022_ZW Polideportivo Los Farallones,0.0,MR76,False,Laboral,Lunes,0.0,-7.655.266,-0.14285714285714285,1.3946419717730898,"148,3"
2024-01-23,URBANA,022_ZW Polideportivo Los Farallones,0.0,MR76,False,Laboral,Martes,0.0,-7.655.266,-0.42857142857142855,1.717651023904914,"174,7"
2024-01-24,URBANA,022_ZW Polideportivo Los Farallones,0.0,MR76,False,Laboral,Miércoles,0.0,-7.655.266,-0.5714285714285714,0.46905978809848736,"48,4"
2024-01-25,URBANA,022_ZW Polideportivo Los Farallones,0.0,MR76,False,Laboral,Jueves,0.0,-7.655.266,-0.42857142857142855,0.5426954176322242,"45,5"
2024-01-26,URBANA,022_ZW Polideportivo Los Farallones,0.0,MR76,False,Laboral,Viernes,0.0,-7.655.266,0.8571428571428571,3.973638454367729,"305,1"
2024-01-27,URBANA,022_ZW Polideportivo Los Farallones,0.0,MR76,False,Fin de Semana,Sábado,0.0,-7.655.266,0.14285714285714285,0.32882626199458603,"37,1"
2024-01-28,URBANA,022_ZW Polideportivo Los Farallones,0.0,MR76,False,Fin de Semana,Domingo,0.0,-7.655.266,-0.14285714285714285,0.46015766469999775,"58,0"
2024-01-29,URBANA,022_ZW Polideportivo Los Farallones,0.0,MR76,False,Laboral,Lunes,0.0,-7.655.266,0.5714285714285714,-0.10696769656217703,"1,2"
2024-01-30,URBANA,022_ZW Polideportivo Los Farallones,0.0,MR76,False,Laboral,Martes,0.0,-7.655.266,0.42857142857142855,-0.10976428221455296,"1,2"
2024-01-31,URBANA,022_ZW Polideportivo Los Farallones,0.0,MR76,False,Laboral,Miércoles,0.0,-7.655.266,0.14285714285714285,-0.11882323260364949,"0,1"
2024-02-01,URBANA,022_ZW Polideportivo Los Farallones,0.0,MR76,False,Laboral,Jueves,0.0,-7.655.266,-0.2857142857142857,-0.11716437319368912,"0,2"
2024-02-02,URBANA,022_ZW Polideportivo Los Farallones,0.0,MR76,False,Laboral,Viernes,0.0,-7.655.266,0.14285714285714285,-0.11738451542895104,"0,3"
2024-02-03,URBANA,022_ZW Polideportivo Los Farallones,0.0,MR76,False,Fin de Semana,Sábado,0.0,-7.655.266,0.0,-0.11871510964739253,"0,1"
2024-02-04,URBANA,022_ZW Polideportivo Los Farallones,0.0,MR76,False,Fin de Semana,Domingo,0.0,-7.655.266,-0.14285714285714285,-0.1177342103955839,"0,2"
2024-02-05,URBANA,022_ZW Polideportivo Los Farallones,0.0,MR76,False,Laboral,Lunes,0.0,-7.655.266,-0.2857142857142857,-0.11488989478954499,"0,4"
2024-02-06,URBANA,022_ZW Polideportivo Los Farallones,0.0,MR76,False,Laboral,Martes,0.0,-7.655.266,0.42857142857142855,-0.11949145195493123,"0,0"
2024-02-07,URBANA,022_ZW Polideportivo Los Farallones,0.0,MR76,False,Laboral,Miércoles,0.0,-7.655.266,0.2857142857142857,-0.06405457189640847,"3,5"
2024-02-08,URBANA,022_ZW Polideportivo Los Farallones,0.0,MR76,False,Laboral,Jueves,0.0,-7.655.266,-0.14285714285714285,-0.11890115905860946,"0,1"
2024-02-09,URBANA,022_ZW Polideportivo Los Farallones,0.0,MR76,False,Laboral,Viernes,0.0,-7.655.266,0.14285714285714285,-0.1180215641982488,"0,2"
2024-02-10,URBANA,022_ZW Polideportivo Los Farallones,0.0,MR76,False,Fin de Semana,Sábado,0.0,-7.655.266,1.2857142857142858,-0.11650297240721638,"0,2"
2024-02-11,URBANA,022_ZW Polideportivo Los Farallones,0.0,MR76,False,Fin de Semana,Domingo,0.0,-7.655.266,0.0,-0.1193336508836373,"0,1"
2024-02-12,URBANA,022_ZW Polideportivo Los Farallones,0.0,MR76,False,Laboral,Lunes,0.0,-7.655.266,0.5714285714285714,-0.11721307722803911,"0,3"
2024-02-13,URBANA,022_ZW Polideportivo Los Farallones,0.0,MR76,False,Laboral,Martes,0.0,-7.655.266,-0.14285714285714285,-0.1164357608398134,"0,4"
2024-02-14,URBANA,022_ZW Polideportivo Los Farallones,0.0,MR76,False,Laboral,Miércoles,0.0,-7.655.266,-0.7142857142857143,-0.11961613428286719,"0,1"
2024-02-15,URBANA,022_ZW Polideportivo Los Farallones,0.0,MR76,False,Laboral,Jueves,0.0,-7.655.266,0.42857142857142855,-0.1141018635137623,"0,5"
2024-02-16,URBANA,022_ZW Polideportivo Los Farallones,0.0,MR76,False,Laboral,Viernes,0.0,-7.655.266,0.14285714285714285,-0.1193141692698973,"0,1"
2024-02-17,URBANA,022_ZW Polideportivo Los Farallones,0.0,MR76,False,Fin de Semana,Sábado,0.0,-7.655.266,-0.42857142857142855,-0.11597989107829758,"0,4"
2024-02-18,URBANA,022_ZW Polideportivo Los Farallones,0.0,MR76,False,Fin de Semana,Domingo,0.0,-7.655.266,0.5714285714285714,-0.11839366302068266,"0,1"
2024-02-19,URBANA,022_ZW Polideportivo Los Farallones,0.0,MR76,False,Laboral,Lunes,0.0,-7.655.266,-0.2857142857142857,-0.11935410657806429,"0,1"
2024-02-20,URBANA,022_ZW Polideportivo Los Farallones,0.0,MR76,False,Laboral,Martes,0.0,-7.655.266,0.2857142857142857,-0.11392068450598036,"0,5"
2024-02-21,URBANA,022_ZW Polideportivo Los Farallones,0.0,MR76,False,Laboral,Miércoles,0.0,-7.655.266,-0.8571428571428571,-0.11975153149836014,"0,0"
2024-02-26,URBANA,022_ZW Polideportivo Los Farallones,0.0,MR76,False,Laboral,Lunes,0.0,-7.655.266,-0.42857142857142855,0.655259207741214,"71,5"
2024-02-27,URBANA,022_ZW Polideportivo Los Farallones,0.0,MR76,False,Laboral,Martes,0.0,-7.655.266,0.42857142857142855,0.3152407586530023,"38,5"
2024-02-28,URBANA,022_ZW Polideportivo Los Farallones,0.0,MR76,False,Laboral,Miércoles,0.0,-7.655.266,-0.5714285714285714,3.3665046770484186,"208,7"
2024-02-29,URBANA,022_ZW Polideportivo Los Farallones,0.0,MR76,False,Laboral,Jueves,0.0,-7.655.266,1.5714285714285714,2.0564450535695675,"282,2"
2024-03-01,URBANA,022_ZW Polideportivo Los Farallones,0.0,MR76,False,Laboral,Viernes,0.0,-7.655.266,-0.14285714285714285,11.930185689001362,"1031,1"
2024-03-02,URBANA,022_ZW Polideportivo Los Farallones,0.0,MR76,False,Fin de Semana,Sábado,0.0,-7.655.266,0.0,0.0,"12,0"
2024-03-03,URBANA,022_ZW Polideportivo Los Farallones,0.0,MR76,False,Fin de Semana,Domingo,0.0,-7.655.266,-0.2857142857142857,0.6260864652462622,"55,0"
2024-03-04,URBANA,022_ZW Polideportivo Los Farallones,0.0,MR76,False,Laboral,Lunes,0.0,-7.655.266,-0.14285714285714285,0.5551052055845994,"48,8"
2024-03-05,URBANA,022_ZW Polideportivo Los Farallones,0.0,MR76,False,Laboral,Martes,0.0,-7.655.266,0.2857142857142857,0.6962991752458824,"60,8"
2024-03-06,URBANA,022_ZW Polideportivo Los Farallones,0.0,MR76,False,Laboral,Miércoles,0.0,-7.655.266,0.2857142857142857,-0.09237207154817462,"2,4"
2024-03-07,URBANA,022_ZW Polideportivo Los Farallones,0.0,MR76,False,Laboral,Jueves,0.0,-7.655.266,0.42857142857142855,-0.11799331585832581,"0,2"
2024-03-08,URBANA,022_ZW Polideportivo Los Farallones,0.0,MR76,False,Laboral,Viernes,0.0,-7.655.266,-0.14285714285714285,-0.11804299397336279,"0,2"
2024-03-09,URBANA,022_ZW Polideportivo Los Farallones,0.0,MR76,False,Fin de Semana,Sábado,0.0,-7.655.266,0.0,-0.11845308194258963,"0,2"
2024-03-10,URBANA,022_ZW Polideportivo Los Farallones,0.0,MR76,False,Fin de Semana,Domingo,0.0,-7.655.266,-0.14285714285714285,-0.11885732542769448,"0,1"
2024-03-11,URBANA,022_ZW Polideportivo Los Farallones,0.0,MR76,False,Laboral,Lunes,0.0,-7.655.266,0.5714285714285714,-0.11479248672084504,"0,6"
2024-03-12,URBANA,022_ZW Polideportivo Los Farallones,0.0,MR76,False,Laboral,Martes,0.0,-7.655.266,0.42857142857142855,-0.11732120018429607,"0,3"
2024-03-13,URBANA,022_ZW Polideportivo Los Farallones,0.0,MR76,False,Laboral,Miércoles,0.0,-7.655.266,0.0,-0.11845600418465063,"0,2"
2024-03-14,URBANA,022_ZW Polideportivo Los Farallones,0.0,MR76,False,Laboral,Jueves,0.0,-7.655.266,0.14285714285714285,-0.11263294983776687,"0,8"
2024-03-15,URBANA,022_ZW Polideportivo Los Farallones,0.0,MR76,False,Laboral,Viernes,0.0,-7.655.266,0.0,-0.11861283117525757,"0,1"
2024-03-16,URBANA,022_ZW Polideportivo Los Farallones,0.0,MR76,False,Fin de Semana,Sábado,0.0,-7.655.266,-0.7142857142857143,-0.11986939526148709,"0,0"
2024-03-17,URBANA,022_ZW Polideportivo Los Farallones,0.0,MR76,False,Fin de Semana,Domingo,0.0,-7.655.266,-1.0,-0.11888654784830446,"0,1"
2024-03-18,URBANA,022_ZW Polideportivo Los Farallones,0.0,MR76,False,Laboral,Lunes,0.0,-7.655.266,-0.14285714285714285,-0.11862257198212757,"0,1"
2024-03-19,URBANA,022_ZW Polideportivo Los Farallones,0.0,MR76,False,Laboral,Martes,0.0,-7.655.266,-0.7142857142857143,-0.1198275097919461,"0,0"
2024-03-20,URBANA,022_ZW Polideportivo Los Farallones,0.0,MR76,False,Laboral,Miércoles,0.0,-7.655.266,-0.14285714285714285,-0.11938819940210928,"0,1"
2024-03-21,URBANA,022_ZW Polideportivo Los Farallones,0.0,MR76,False,Laboral,Jueves,0.0,-7.655.266,0.42857142857142855,-0.1156876668721977,"0,5"
2024-03-22,URBANA,022_ZW Polideportivo Los Farallones,0.0,MR76,False,Laboral,Viernes,0.0,-7.655.266,0.42857142857142855,-0.10764273447826778,"1,3"
2024-03-23,URBANA,022_ZW Polideportivo Los Farallones,0.0,MR76,False,Fin de Semana,Sábado,0.0,-7.655.266,-0.2857142857142857,0.17014851808234682,"38,2"
2024-03-24,URBANA,022_ZW Polideportivo Los Farallones,0.0,MR76,True,Festivo,Domingo,0.0,-7.655.266,-0.5714285714285714,0.9030234490443781,"115,5"
2024-03-25,URBANA,022_ZW Polideportivo Los Farallones,0.0,MR76,True,Festivo,Lunes,0.0,-7.655.266,-1.4285714285714286,0.08836567768254516,"30,5"
2024-03-26,URBANA,022_ZW Polideportivo Los Farallones,0.0,MR76,False,Laboral,Martes,0.0,-7.655.266,-0.2857142857142857,0.2757836722647084,"52,2"
2024-03-27,URBANA,022_ZW Polideportivo Los Farallones,0.0,MR76,False,Laboral,Miércoles,0.0,-7.655.266,-0.42857142857142855,-0.06664660060451448,"6,8"
2024-03-28,URBANA,022_ZW Polideportivo Los Farallones,0.0,MR76,True,Festivo,Jueves,0.0,-7.655.266,-1.1428571428571428,-0.0950439748726146,"4,0"
2024-03-29,URBANA,022_ZW Polideportivo Los Farallones,0.0,MR76,True,Festivo,Viernes,0.0,-7.655.266,-1.1428571428571428,-0.11350767429469252,"0,7"
2024-03-30,URBANA,022_ZW Polideportivo Los Farallones,0.0,MR76,False,Fin de Semana,Sábado,0.0,-7.655.266,0.0,0.498701063403886,"101,9"
2024-03-31,URBANA,022_ZW Polideportivo Los Farallones,0.0,MR76,True,Festivo,Domingo,0.0,-7.655.266,-1.0,0.3083666712448459,"57,7"
2024-04-01,URBANA,022_ZW Polideportivo Los Farallones,0.0,MR76,False,Laboral,Lunes,0.0,-7.655.266,0.14285714285714285,1.19618472076516,"128,8"
2024-04-02,URBANA,022_ZW Polideportivo Los Farallones,0.0,MR76,False,Laboral,Martes,0.0,-7.655.266,-1.0,-0.11939404388623127,"0,1"
2024-04-03,URBANA,022_ZW Polideportivo Los Farallones,0.0,MR76,False,Laboral,Miércoles,0.0,-7.655.266,-0.42857142857142855,0.07709946045670747,"22,5"
2024-04-04,URBANA,022_ZW Polideportivo Los Farallones,0.0,MR76,False,Laboral,Jueves,0.0,-7.655.266,-0.42857142857142855,1.8713570599907072,"177,8"
2024-04-05,URBANA,022_ZW Polideportivo Los Farallones,0.0,MR76,False,Laboral,Viernes,0.0,-7.655.266,-0.2857142857142857,0.09164248511361191,"19,3"
2024-04-06,URBANA,022_ZW Polideportivo Los Farallones,0.0,MR76,False,Fin de Semana,Sábado,0.0,-7.655.266,-0.42857142857142855,0.984375745780526,"94,2"
2024-04-07,URBANA,022_ZW Polideportivo Los Farallones,0.0,MR76,False,Fin de Semana,Domingo,0.0,-7.655.266,-0.42857142857142855,0.7458604006004234,"74,3"
2024-04-08,URBANA,022_ZW Polideportivo Los Farallones,0.0,MR76,False,Laboral,Lunes,0.0,-7.655.266,0.5714285714285714,2.3330440313692944,"355,8"
2024-04-09,URBANA,022_ZW Polideportivo Los Farallones,0.0,MR76,False,Laboral,Martes,0.0,-7.655.266,1.7142857142857142,2.2571680162554584,"319,0"
2024-04-10,URBANA,022_ZW Polideportivo Los Farallones,0.0,MR76,False,Laboral,Miércoles,0.0,-7.655.266,-0.5714285714285714,-0.11394990692659036,"1,5"
2024-04-11,URBANA,022_ZW Polideportivo Los Farallones,0.0,MR76,False,Laboral,Jueves,0.0,-7.655.266,1.5714285714285714,-0.1054841716758766,"3,4"
2024-04-12,URBANA,022_ZW Polideportivo Los Farallones,0.0,MR76,False,Laboral,Viernes,0.0,-7.655.266,0.8571428571428571,-0.11573637090654768,"0,7"
2024-04-13,URBANA,022_ZW Polideportivo Los Farallones,0.0,MR76,False,Fin de Semana,Sábado,0.0,-7.655.266,1.0,-0.11269431692104784,"0,9"
2024-04-14,URBANA,022_ZW Polideportivo Los Farallones,0.0,MR76,False,Fin de Semana,Domingo,0.0,-7.655.266,0.0,-0.11698806458934219,"0,5"
2024-04-15,URBANA,022_ZW Polideportivo Los Farallones,0.0,MR76,False,Laboral,Lunes,0.0,-7.655.266,1.0,-0.11388269535918738,"1,6"
2024-04-16,URBANA,022_ZW Polideportivo Los Farallones,0.0,MR76,False,Laboral,Martes,0.0,-7.655.266,0.8571428571428571,-0.1193034543823403,"0,2"
2024-04-17,URBANA,022_ZW Polideportivo Los Farallones,0.0,MR76,False,Laboral,Miércoles,0.0,-7.655.266,-0.14285714285714285,-0.11923234649218933,"0,2"
2024-04-18,URBANA,022_ZW Polideportivo Los Farallones,0.0,MR76,False,Laboral,Jueves,0.0,-7.655.266,-0.14285714285714285,-0.11897129286807344,"0,4"
2024-04-19,URBANA,022_ZW Polideportivo Los Farallones,0.0,MR76,False,Laboral,Viernes,0.0,-7.655.266,-0.7142857142857143,-0.11970574970607115,"0,1"
2024-04-20,URBANA,022_ZW Polideportivo Los Farallones,0.0,MR76,False,Fin de Semana,Sábado,0.0,-7.655.266,1.5714285714285714,-0.11239235190807795,"1,0"
2024-04-21,URBANA,022_ZW Polideportivo Los Farallones,0.0,MR76,False,Fin de Semana,Domingo,0.0,-7.655.266,-0.14285714285714285,-0.11768063595779893,"0,4"
2024-04-22,URBANA,022_ZW Polideportivo Los Farallones,0.0,MR76,False,Laboral,Lunes,0.0,-7.655.266,0.14285714285714285,-0.11944177383989425,"0,1"
2024-04-23,URBANA,022_ZW Polideportivo Los Farallones,0.0,MR76,False,Laboral,Martes,0.0,-7.655.266,-0.2857142857142857,0.08635030474114293,"11,5"
2024-04-24,URBANA,022_ZW Polideportivo Los Farallones,0.0,MR76,False,Laboral,Miércoles,0.0,-7.655.266,-0.42857142857142855,-0.1192917654140963,"0,0"
2024-04-25,URBANA,022_ZW Polideportivo Los Farallones,0.0,MR76,False,Laboral,Jueves,0.0,-7.655.266,0.42857142857142855,0.36210378050455433,"41,7"
2024-04-26,URBANA,022_ZW Polideportivo Los Farallones,0.0,MR76,False,Laboral,Viernes,0.0,-7.655.266,-1.2857142857142858,-0.1193112470278363,"0,1"
2024-04-27,URBANA,022_ZW Polideportivo Los Farallones,0.0,MR76,False,Fin de Semana,Sábado,0.0,-7.655.266,-0.2857142857142857,0.34925175992028124,"39,5"
2024-04-28,URBANA,022_ZW Polideportivo Los Farallones,0.0,MR76,False,Fin de Semana,Domingo,0.0,-7.655.266,-1.4285714285714286,-0.03743586896276966,"11,5"
2024-04-29,URBANA,022_ZW Polideportivo Los Farallones,0.0,MR76,False,Laboral,Lunes,0.0,-7.655.266,0.42857142857142855,2.1597560512327476,"292,3"
2024-04-30,URBANA,022_ZW Polideportivo Los Farallones,0.0,MR76,False,Laboral,Martes,0.0,-7.655.266,-0.2857142857142857,1.1317210349802116,"204,0"
2024-05-01,URBANA,022_ZW Polideportivo Los Farallones,0.0,MR76,True,Festivo,Miércoles,0.0,-7.655.266,0.42857142857142855,0.8167725005333092,"182,9"
2024-05-02,URBANA,022_ZW Polideportivo Los Farallones,0.0,MR76,False,Laboral,Jueves,0.0,-7.655.266,-0.5714285714285714,2.4887332957338186,"523,3"
2024-05-03,URBANA,022_ZW Polideportivo Los Farallones,0.0,MR76,False,Laboral,Viernes,0.0,-7.655.266,-1.4285714285714286,-0.11990738440828008,"0,0"
2024-05-04,URBANA,022_ZW Polideportivo Los Farallones,0.0,MR76,False,Fin de Semana,Sábado,0.0,-7.655.266,0.0,3.4476923541484634,"507,3"
2024-05-05,URBANA,022_ZW Polideportivo Los Farallones,0.0,MR76,False,Fin de Semana,Domingo,0.0,-7.655.266,-0.42857142857142855,2.743958021018713,"477,0"
2024-05-06,URBANA,022_ZW Polideportivo Los Farallones,0.0,MR76,False,Laboral,Lunes,0.0,-7.655.266,-0.42857142857142855,-0.1078404728577287,"2,6"
2024-05-07,URBANA,022_ZW Polideportivo Los Farallones,0.0,MR76,False,Laboral,Martes,0.0,-7.655.266,-0.2857142857142857,0.8155539255938726,"158,4"
2024-05-08,URBANA,022_ZW Polideportivo Los Farallones,0.0,MR76,False,Laboral,Miércoles,0.0,-7.655.266,-0.2857142857142857,0.6296408856731238,"97,2"
2024-05-09,URBANA,022_ZW Polideportivo Los Farallones,0.0,MR76,False,Laboral,Jueves,0.0,-7.655.266,-0.5714285714285714,0.03517015728480853,"18,1"
2024-05-10,URBANA,022_ZW Polideportivo Los Farallones,0.0,MR76,False,Laboral,Viernes,0.0,-7.655.266,-0.42857142857142855,0.22277030495544067,"44,6"
2024-05-11,URBANA,022_ZW Polideportivo Los Farallones,0.0,MR76,False,Fin de Semana,Sábado,0.0,-7.655.266,-0.2857142857142857,4.119357028820125,"584,1"
2024-05-12,URBANA,022_ZW Polideportivo Los Farallones,0.0,MR76,False,Fin de Semana,Domingo,0.0,-7.655.266,-0.8571428571428571,0.22229690174155886,"85,2"
2024-05-13,URBANA,022_ZW Polideportivo Los Farallones,0.0,MR76,True,Festivo,Lunes,0.0,-7.655.266,-0.42857142857142855,0.5910302754018326,"130,5"
2024-05-14,URBANA,022_ZW Polideportivo Los Farallones,0.0,MR76,False,Laboral,Martes,0.0,-7.655.266,-0.8571428571428571,0.018862098423060775,"65,8"
2024-05-15,URBANA,022_ZW Polideportivo Los Farallones,0.0,MR76,False,Laboral,Miércoles,0.0,-7.655.266,-0.42857142857142855,0.47633714491106155,"99,1"
2024-05-16,URBANA,022_ZW Polideportivo Los Farallones,0.0,MR76,False,Laboral,Jueves,0.0,-7.655.266,-0.2857142857142857,2.4660342934846664,"325,3"
2024-05-17,URBANA,022_ZW Polideportivo Los Farallones,0.0,MR76,False,Laboral,Viernes,0.0,-7.655.266,-0.14285714285714285,0.9465190739609725,"105,3"
2024-05-18,URBANA,022_ZW Polideportivo Los Farallones,0.0,MR76,False,Fin de Semana,Sábado,0.0,-7.655.266,0.14285714285714285,1.6304873617901265,"163,7"
2024-05-19,URBANA,022_ZW Polideportivo Los Farallones,0.0,MR76,False,Fin de Semana,Domingo,0.0,-7.655.266,-0.5714285714285714,2.4249222440091605,"223,4"
2024-05-20,URBANA,022_ZW Polideportivo Los Farallones,0.0,MR76,False,Laboral,Lunes,0.0,-7.655.266,0.0,2.4824904126108382,"379,5"
2024-05-21,URBANA,022_ZW Polideportivo Los Farallones,0.0,MR76,False,Laboral,Martes,0.0,-7.655.266,0.14285714285714285,1.9371688734464632,"271,9"
2024-05-22,URBANA,022_ZW Polideportivo Los Farallones,0.0,MR76,False,Laboral,Miércoles,0.0,-7.655.266,-0.5714285714285714,0.613571476579691,"292,4"
2024-05-23,URBANA,022_ZW Polideportivo Los Farallones,0.0,MR76,False,Laboral,Jueves,0.0,-7.655.266,-0.5714285714285714,1.0927100775465635,"234,5"
2024-05-24,URBANA,022_ZW Polideportivo Los Farallones,0.0,MR76,False,Laboral,Viernes,0.0,-7.655.266,0.0,0.9159183291788792,"225,3"
2024-05-25,URBANA,022_ZW Polideportivo Los Farallones,0.0,MR76,False,Fin de Semana,Sábado,0.0,-7.655.266,0.2857142857142857,2.801363518145662,"421,1"
2024-05-26,URBANA,022_ZW Polideportivo Los Farallones,0.0,MR76,False,Fin de Semana,Domingo,0.0,-7.655.266,-1.2857142857142858,-0.05688046763665622,"9,4"
2024-05-27,URBANA,022_ZW Polideportivo Los Farallones,0.0,MR76,False,Laboral,Lunes,0.0,-7.655.266,-0.5714285714285714,0.8908552331023788,"122,1"
2024-05-28,URBANA,022_ZW Polideportivo Los Farallones,0.0,MR76,False,Laboral,Martes,0.0,-7.655.266,-0.42857142857142855,1.1162867264947025,"170,4"
2024-05-29,URBANA,022_ZW Polideportivo Los Farallones,0.0,MR76,False,Laboral,Miércoles,0.0,-7.655.266,-0.7142857142857143,0.1062722029516593,"46,5"
2024-05-30,URBANA,022_ZW Polideportivo Los Farallones,0.0,MR76,False,Laboral,Jueves,0.0,-7.655.266,0.14285714285714285,2.099986460278451,"190,5"
2024-05-31,URBANA,022_ZW Polideportivo Los Farallones,0.0,MR76,False,Laboral,Viernes,0.0,-7.655.266,-0.7142857142857143,1.7894154444389248,"210,8"
2024-06-01,URBANA,022_ZW Polideportivo Los Farallones,0.0,MR76,False,Fin de Semana,Sábado,0.0,-7.655.266,0.14285714285714285,2.963234298549886,"316,2"
2024-06-02,URBANA,022_ZW Polideportivo Los Farallones,0.0,MR76,False,Fin de Semana,Domingo,0.0,-7.655.266,-0.14285714285714285,1.8707823523853775,"208,5"
2024-06-03,URBANA,022_ZW Polideportivo Los Farallones,0.0,MR76,True,Festivo,Lunes,0.0,-7.655.266,0.42857142857142855,3.445751011339273,"528,4"
2024-06-04,URBANA,022_ZW Polideportivo Los Farallones,0.0,MR76,False,Laboral,Martes,0.0,-7.655.266,0.14285714285714285,0.9776010146024435,"247,9"
2024-06-05,URBANA,022_ZW Polideportivo Los Farallones,0.0,MR76,False,Laboral,Miércoles,0.0,-7.655.266,-0.2857142857142857,1.6122126340213265,"622,6"
2024-06-06,URBANA,022_ZW Polideportivo Los Farallones,0.0,MR76,False,Laboral,Jueves,0.0,-7.655.266,-0.2857142857142857,1.0816191948443858,"202,1"
2024-06-07,URBANA,022_ZW Polideportivo Los Farallones,0.0,MR76,False,Laboral,Viernes,0.0,-7.655.266,0.14285714285714285,1.0115633118353726,"241,6"
2024-06-08,URBANA,022_ZW Polideportivo Los Farallones,0.0,MR76,False,Fin de Semana,Sábado,0.0,-7.655.266,1.1428571428571428,0.9286222894987284,"341,7"
2024-06-09,URBANA,022_ZW Polideportivo Los Farallones,0.0,MR76,False,Fin de Semana,Domingo,0.0,-7.655.266,-0.2857142857142857,-0.11721307722803911,"1,0"
2024-06-10,URBANA,022_ZW Polideportivo Los Farallones,0.0,MR76,True,Festivo,Lunes,0.0,-7.655.266,-0.2857142857142857,-0.11884661054013748,"0,2"
2024-06-11,URBANA,022_ZW Polideportivo Los Farallones,0.0,MR76,False,Laboral,Martes,0.0,-7.655.266,0.2857142857142857,-0.10644169299119723,"2,2"
2024-06-12,URBANA,022_ZW Polideportivo Los Farallones,0.0,MR76,False,Laboral,Miércoles,0.0,-7.655.266,-0.7142857142857143,-0.11639290128958542,"0,5"
2024-06-13,URBANA,022_ZW Polideportivo Los Farallones,0.0,MR76,False,Laboral,Jueves,0.0,-7.655.266,0.7142857142857143,-0.11762803560070095,"49139600,0"
2024-06-14,URBANA,022_ZW Polideportivo Los Farallones,0.0,MR76,False,Laboral,Viernes,0.0,-7.655.266,-0.2857142857142857,-0.11767868779642493,"74298500,0"
2024-06-15,URBANA,022_ZW Polideportivo Los Farallones,0.0,MR76,False,Fin de Semana,Sábado,0.0,-7.655.266,-1.0,-0.11926449115486032,"15141600,0"
2024-06-16,URBANA,022_ZW Polideportivo Los Farallones,0.0,MR76,False,Fin de Semana,Domingo,0.0,-7.655.266,-0.42857142857142855,-0.11946515177638224,"11440600,0"
2024-06-17,URBANA,022_ZW Polideportivo Los Farallones,0.0,MR76,False,Laboral,Lunes,0.0,-7.655.266,0.5714285714285714,-0.11641140882263841,"0,6"
2024-06-18,URBANA,022_ZW Polideportivo Los Farallones,0.0,MR76,False,Laboral,Martes,0.0,-7.655.266,0.0,-0.11787934841794685,"0,4"
2024-06-19,URBANA,022_ZW Polideportivo Los Farallones,0.0,MR76,False,Laboral,Miércoles,0.0,-7.655.266,-0.14285714285714285,-0.11825923988587671,"0,3"
2024-06-20,URBANA,022_ZW Polideportivo Los Farallones,0.0,MR76,False,Laboral,Jueves,0.0,-7.655.266,0.14285714285714285,-0.11625165958997048,"0,8"
2024-06-21,URBANA,022_ZW Polideportivo Los Farallones,0.0,MR76,False,Laboral,Viernes,0.0,-7.655.266,0.5714285714285714,-0.11373463509476343,"1,1"
2024-06-22,URBANA,022_ZW Polideportivo Los Farallones,0.0,MR76,False,Fin de Semana,Sábado,0.0,-7.655.266,1.5714285714285714,-0.11030879331858576,"1,9"
2024-06-23,URBANA,022_ZW Polideportivo Los Farallones,0.0,MR76,False,Fin de Semana,Domingo,0.0,-7.655.266,1.0,-0.11850860454174861,"0,6"
2024-06-24,URBANA,022_ZW Polideportivo Los Farallones,0.0,MR76,False,Laboral,Lunes,0.0,-7.655.266,0.0,-0.11729879632849508,"0,5"
2024-06-25,URBANA,022_ZW Polideportivo Los Farallones,0.0,MR76,False,Laboral,Martes,0.0,-7.655.266,0.7142857142857143,-0.11392068450598036,"1,6"
2024-06-26,URBANA,022_ZW Polideportivo Los Farallones,0.0,MR76,False,Laboral,Miércoles,0.0,-7.655.266,1.4285714285714286,-0.11433661695932922,"1,5"
2024-06-27,URBANA,022_ZW Polideportivo Los Farallones,0.0,MR76,False,Laboral,Jueves,0.0,-7.655.266,0.42857142857142855,-0.11555129557601775,"1,4"
2024-06-28,URBANA,022_ZW Polideportivo Los Farallones,0.0,MR76,False,Laboral,Viernes,0.0,-7.655.266,1.4285714285714286,-0.11873751350319352,"0,2"
2024-06-29,URBANA,022_ZW Polideportivo Los Farallones,0.0,MR76,False,Fin de Semana,Sábado,0.0,-7.655.266,0.5714285714285714,-0.11841801503785765,"0,3"
2024-06-30,URBANA,022_ZW Polideportivo Los Farallones,0.0,MR76,False,Fin de Semana,Domingo,0.0,-7.655.266,0.42857142857142855,0.9845676396758649,"243,6"
2024-07-01,URBANA,022_ZW Polideportivo Los Farallones,0.0,MR76,True,Festivo,Lunes,0.0,-7.655.266,-0.7142857142857143,-0.07140206251844665,"6,94"
2024-07-02,URBANA,022_ZW Polideportivo Los Farallones,0.0,MR76,False,Laboral,Martes,0.0,-7.655.266,0.14285714285714285,0.0845920891011086,"22,63"
2024-07-03,URBANA,022_ZW Polideportivo Los Farallones,0.0,MR76,False,Laboral,Miércoles,0.0,-7.655.266,0.42857142857142855,0.056664221724142295,"21,58"
2024-07-04,URBANA,022_ZW Polideportivo Los Farallones,0.0,MR76,False,Laboral,Jueves,0.0,-7.655.266,1.7142857142857142,0.6951039782429338,"105,46"
2024-07-05,URBANA,022_ZW Polideportivo Los Farallones,0.0,MR76,False,Laboral,Viernes,0.0,-7.655.266,0.2857142857142857,1.2100877744107055,"160,28"
2024-07-06,URBANA,022_ZW Polideportivo Los Farallones,0.0,MR76,False,Fin de Semana,Sábado,0.0,-7.655.266,-0.14285714285714285,0.2776052031493977,"48,5"
2024-07-07,URBANA,022_ZW Polideportivo Los Farallones,0.0,MR76,False,Fin de Semana,Domingo,0.0,-7.655.266,-0.42857142857142855,0.8823193640422011,"116,64"
2024-07-08,URBANA,022_ZW Polideportivo Los Farallones,0.0,MR76,False,Laboral,Lunes,0.0,-7.655.266,-0.2857142857142857,0.017078556685164458,"25,34"
2024-07-09,URBANA,022_ZW Polideportivo Los Farallones,0.0,MR76,False,Laboral,Martes,0.0,-7.655.266,0.42857142857142855,0.3886932610175831,"89,94"
2024-07-10,URBANA,022_ZW Polideportivo Los Farallones,0.0,MR76,False,Laboral,Miércoles,0.0,-7.655.266,0.7142857142857143,4.045879200357683,"619,32"
2024-07-11,URBANA,022_ZW Polideportivo Los Farallones,0.0,MR76,False,Laboral,Jueves,0.0,-7.655.266,-0.14285714285714285,1.535384942076292,"230,32"
2024-07-12,URBANA,022_ZW Polideportivo Los Farallones,0.0,MR76,False,Laboral,Viernes,0.0,-7.655.266,0.2857142857142857,2.1016122009450533,"359,66"
2024-07-13,URBANA,022_ZW Polideportivo Los Farallones,0.0,MR76,False,Fin de Semana,Sábado,0.0,-7.655.266,0.5714285714285714,-0.1187979065057875,"0,19"
2024-07-14,URBANA,022_ZW Polideportivo Los Farallones,0.0,MR76,False,Fin de Semana,Domingo,0.0,-7.655.266,-0.8571428571428571,-0.11998628494392705,"0,02"
2024-07-15,URBANA,022_ZW Polideportivo Los Farallones,0.0,MR76,False,Laboral,Lunes,0.0,-7.655.266,0.42857142857142855,-0.1193063766244013,"0,14"
2024-07-16,URBANA,022_ZW Polideportivo Los Farallones,0.0,MR76,False,Laboral,Martes,0.0,-7.655.266,1.8571428571428572,-0.01608694254579884,"17,0"
2024-07-17,URBANA,022_ZW Polideportivo Los Farallones,0.0,MR76,False,Laboral,Miércoles,0.0,-7.655.266,1.2857142857142858,-0.11079778182345956,"2,11"
2024-07-18,URBANA,022_ZW Polideportivo Los Farallones,0.0,MR76,False,Laboral,Jueves,0.0,-7.655.266,-0.2857142857142857,-0.11948073706737423,"0,1"
2024-07-19,URBANA,022_ZW Polideportivo Los Farallones,0.0,MR76,False,Laboral,Viernes,0.0,-7.655.266,1.8571428571428572,-0.1164610869376754,"0,52"
2024-07-20,URBANA,022_ZW Polideportivo Los Farallones,0.0,MR76,True,Festivo,Sábado,0.0,-7.655.266,-0.2857142857142857,-0.11783259254497087,"0,3"
2024-07-21,URBANA,022_ZW Polideportivo Los Farallones,0.0,MR76,False,Fin de Semana,Domingo,0.0,-7.655.266,1.1428571428571428,-0.11746049372253702,"0,41"
2024-07-22,URBANA,022_ZW Polideportivo Los Farallones,0.0,MR76,False,Laboral,Lunes,0.0,-7.655.266,0.2857142857142857,-0.11829625495198269,"0,26"
2024-07-23,URBANA,022_ZW Polideportivo Los Farallones,0.0,MR76,False,Laboral,Martes,0.0,-7.655.266,1.5714285714285714,-0.1190531156457814,"0,15"
2024-07-24,URBANA,022_ZW Polideportivo Los Farallones,0.0,MR76,False,Laboral,Miércoles,0.0,-7.655.266,0.8571428571428571,-0.11830599575885269,"0,29"
2024-07-25,URBANA,022_ZW Polideportivo Los Farallones,0.0,MR76,False,Laboral,Jueves,0.0,-7.655.266,-0.2857142857142857,-0.1198323801953811,"0,04"
2024-07-26,URBANA,022_ZW Polideportivo Los Farallones,0.0,MR76,False,Laboral,Viernes,0.0,-7.655.266,0.8571428571428571,-0.11861672749800557,"0,2"
2024-07-27,URBANA,022_ZW Polideportivo Los Farallones,0.0,MR76,False,Fin de Semana,Sábado,0.0,-7.655.266,-0.14285714285714285,-0.10363341837057731,"2,89"
2024-07-28,URBANA,022_ZW Polideportivo Los Farallones,0.0,MR76,False,Fin de Semana,Domingo,0.0,-7.655.266,0.2857142857142857,-0.11581137511944664,"0,93"
2024-07-29,URBANA,022_ZW Polideportivo Los Farallones,0.0,MR76,False,Laboral,Lunes,0.0,-7.655.266,1.1428571428571428,-0.11859237548083058,"0,25"
2024-07-30,URBANA,022_ZW Polideportivo Los Farallones,0.0,MR76,False,Laboral,Martes,0.0,-7.655.266,1.5714285714285714,-0.11348624451957853,"0,99"
2024-07-31,URBANA,022_ZW Polideportivo Los Farallones,0.0,MR76,False,Laboral,Miércoles,0.0,-7.655.266,-0.2857142857142857,-0.11834203674427167,"0,3"
2024-08-01,URBANA,022_ZW Polideportivo Los Farallones,0.0,MR76,False,Laboral,Jueves,0.0,-7.655.266,1.2857142857142858,-0.11834885530908067,"0,27"
2024-08-02,URBANA,022_ZW Polideportivo Los Farallones,0.0,MR76,False,Laboral,Viernes,0.0,-7.655.266,1.0,-0.11597599475554958,"0,7"
2024-08-03,URBANA,022_ZW Polideportivo Los Farallones,0.0,MR76,False,Fin de Semana,Sábado,0.0,-7.655.266,-0.42857142857142855,-0.11846282274945963,"0,34"
2024-08-04,URBANA,022_ZW Polideportivo Los Farallones,0.0,MR76,False,Fin de Semana,Domingo,0.0,-7.655.266,-0.14285714285714285,-0.11967944952752216,"0,07"
2024-08-05,URBANA,022_ZW Polideportivo Los Farallones,0.0,MR76,False,Laboral,Lunes,0.0,-7.655.266,0.14285714285714285,-0.10855447400129942,"1,71"
2024-08-06,URBANA,022_ZW Polideportivo Los Farallones,0.0,MR76,False,Laboral,Martes,0.0,-7.655.266,1.2857142857142858,-0.11864789807998956,"0,14"
2024-08-07,URBANA,022_ZW Polideportivo Los Farallones,0.0,MR76,True,Festivo,Miércoles,0.0,-7.655.266,0.7142857142857143,-0.11604905080707455,"0,49"
2024-08-08,URBANA,022_ZW Polideportivo Los Farallones,0.0,MR76,False,Laboral,Jueves,0.0,-7.655.266,2.142857142857143,-0.1156905891142587,"0,57"
2024-08-09,URBANA,022_ZW Polideportivo Los Farallones,0.0,MR76,False,Laboral,Viernes,0.0,-7.655.266,1.0,-0.11791831164542683,"0,41"
2024-08-10,URBANA,022_ZW Polideportivo Los Farallones,0.0,MR76,False,Fin de Semana,Sábado,0.0,-7.655.266,1.2857142857142858,-0.11624191878310047,"0,75"
2024-08-11,URBANA,022_ZW Polideportivo Los Farallones,0.0,MR76,False,Fin de Semana,Domingo,0.0,-7.655.266,0.42857142857142855,-0.112268643660829,"1,39"
2024-08-12,URBANA,022_ZW Polideportivo Los Farallones,0.0,MR76,False,Laboral,Lunes,0.0,-7.655.266,0.42857142857142855,-0.11922552792738034,"0,19"
2024-08-13,URBANA,022_ZW Polideportivo Los Farallones,0.0,MR76,False,Laboral,Martes,0.0,-7.655.266,2.142857142857143,0.17802785675948682,"34,64"
2024-08-14,URBANA,022_ZW Polideportivo Los Farallones,0.0,MR76,False,Laboral,Miércoles,0.0,-7.655.266,1.1428571428571428,2.054276749960306,"296,26"
2024-08-15,URBANA,022_ZW Polideportivo Los Farallones,0.0,MR76,False,Laboral,Jueves,0.0,-7.655.266,1.0,2.245409888282686,"364,59"
2024-08-16,URBANA,022_ZW Polideportivo Los Farallones,0.0,MR76,False,Laboral,Viernes,0.0,-7.655.266,-0.14285714285714285,0.40250085475580283,"73,1"
2024-08-17,URBANA,022_ZW Polideportivo Los Farallones,0.0,MR76,False,Fin de Semana,Sábado,0.0,-7.655.266,1.1428571428571428,3.516220878640261,"541,44"
2024-08-18,URBANA,022_ZW Polideportivo Los Farallones,0.0,MR76,False,Fin de Semana,Domingo,0.0,-7.655.266,0.7142857142857143,6.504617629496722,"1029,14"
2024-08-19,URBANA,022_ZW Polideportivo Los Farallones,0.0,MR76,True,Festivo,Lunes,0.0,-7.655.266,1.0,6.882307675073957,"986,81"
2024-08-20,URBANA,022_ZW Polideportivo Los Farallones,0.0,MR76,False,Laboral,Martes,0.0,-7.655.266,0.7142857142857143,1.0460633016075254,"296,41"
2024-08-21,URBANA,022_ZW Polideportivo Los Farallones,0.0,MR76,False,Laboral,Miércoles,0.0,-7.655.266,0.8571428571428571,4.452748806994679,"1367,22"
2024-08-22,URBANA,022_ZW Polideportivo Los Farallones,0.0,MR76,False,Laboral,Jueves,0.0,-7.655.266,1.2857142857142858,6.166499611828846,"1717,36"
2024-08-23,URBANA,022_ZW Polideportivo Los Farallones,0.0,MR76,False,Laboral,Viernes,0.0,-7.655.266,0.2857142857142857,2.2523852800822906,"992,36"
2024-08-24,URBANA,022_ZW Polideportivo Los Farallones,0.0,MR76,False,Fin de Semana,Sábado,0.0,-7.655.266,0.14285714285714285,-0.11919922774883135,"0,62"
2024-08-25,URBANA,022_ZW Polideportivo Los Farallones,0.0,MR76,False,Fin de Semana,Domingo,0.0,-7.655.266,0.14285714285714285,-0.11869465395296554,"1,37"
2024-08-26,URBANA,022_ZW Polideportivo Los Farallones,0.0,MR76,False,Laboral,Lunes,0.0,-7.655.266,-0.14285714285714285,-0.11909207887326138,"1,36"
2024-08-27,URBANA,022_ZW Polideportivo Los Farallones,0.0,MR76,False,Laboral,Martes,0.0,-7.655.266,1.0,-0.10900255111731925,"12,21"
2024-08-28,URBANA,022_ZW Polideportivo Los Farallones,0.0,MR76,False,Laboral,Miércoles,0.0,-7.655.266,0.0,-0.1185193194293056,"2,85"
2024-08-29,URBANA,022_ZW Polideportivo Los Farallones,0.0,MR76,False,Laboral,Jueves,0.0,-7.655.266,0.2857142857142857,-0.11945833321157324,"1,84"
2024-08-30,URBANA,022_ZW Polideportivo Los Farallones,0.0,MR76,False,Laboral,Viernes,0.0,-7.655.266,-0.5714285714285714,-0.11718969929155111,"7,16"
2024-08-31,URBANA,022_ZW Polideportivo Los Farallones,0.0,MR76,False,Fin de Semana,Sábado,0.0,-7.655.266,-1.0,-0.11857679018983859,"2,21"
2024-10-25,URBANA,022_ZW Polideportivo Los Farallones,0.0,MR76,False,Laboral,Viernes,0.0,-7.655.266,0.14285714285714285,-0.05860166821058455,"14,1"
2024-10-26,URBANA,022_ZW Polideportivo Los Farallones,0.0,MR76,False,Fin de Semana,Sábado,0.0,-7.655.266,0.0,0.7681210665404258,"118,08"
2024-10-27,URBANA,022_ZW Polideportivo Los Farallones,0.0,MR76,False,Fin de Semana,Domingo,0.0,-7.655.266,-1.2857142857142858,-0.11987329158423508,"0,02"
2024-10-28,URBANA,022_ZW Polideportivo Los Farallones,0.0,MR76,False,Laboral,Lunes,0.0,-7.655.266,-0.7142857142857143,0.28971205200811606,"69,86"
2024-10-29,URBANA,022_ZW Polideportivo Los Farallones,0.0,MR76,False,Laboral,Martes,0.0,-7.655.266,0.0,0.32988606178204166,"72,87"
2024-10-30,URBANA,022_ZW Polideportivo Los Farallones,0.0,MR76,False,Laboral,Miércoles,0.0,-7.655.266,-0.42857142857142855,-0.09428906234018988,"5,41"
2024-10-31,URBANA,022_ZW Polideportivo Los Farallones,0.0,MR76,False,Laboral,Jueves,0.0,-7.655.266,-0.5714285714285714,0.22422850374387912,"75,34"
2024-11-01,URBANA,022_ZW Polideportivo Los Farallones,0.0,MR76,False,Laboral,Viernes,0.0,-7.655.266,0.14285714285714285,1.3487267304299884,"272,68"
2024-11-02,URBANA,022_ZW Polideportivo Los Farallones,0.0,MR76,False,Fin de Semana,Sábado,0.0,-7.655.266,-0.14285714285714285,0.43540627444333724,"91,78"
2024-11-03,URBANA,022_ZW Polideportivo Los Farallones,0.0,MR76,False,Fin de Semana,Domingo,0.0,-7.655.266,0.0,-0.11785499640077186,"0,39"
2024-11-04,URBANA,022_ZW Polideportivo Los Farallones,0.0,MR76,True,Festivo,Lunes,0.0,-7.655.266,-0.7142857142857143,-0.11867614641991255,"0,22"
2024-11-05,URBANA,022_ZW Polideportivo Los Farallones,0.0,MR76,False,Laboral,Martes,0.0,-7.655.266,1.8571428571428572,0.40865412245557947,"74,34"
2024-11-06,URBANA,022_ZW Polideportivo Los Farallones,0.0,MR76,False,Laboral,Miércoles,0.0,-7.655.266,-1.2857142857142858,-0.11102376854284347,"1,49"
2024-11-07,URBANA,022_ZW Polideportivo Los Farallones,0.0,MR76,False,Laboral,Jueves,0.0,-7.655.266,0.14285714285714285,0.27666813752850405,"45,8"
2024-11-08,URBANA,022_ZW Polideportivo Los Farallones,0.0,MR76,False,Laboral,Viernes,0.0,-7.655.266,-0.14285714285714285,-0.11808877576565177,"0,17"
2024-11-09,URBANA,022_ZW Polideportivo Los Farallones,0.0,MR76,False,Fin de Semana,Sábado,0.0,-7.655.266,0.5714285714285714,0.5996187448191084,"44,37"
2024-11-10,URBANA,022_ZW Polideportivo Los Farallones,0.0,MR76,False,Fin de Semana,Domingo,0.0,-7.655.266,-0.42857142857142855,-0.047849765587482676,"3,83"
2024-11-11,URBANA,022_ZW Polideportivo Los Farallones,0.0,MR76,True,Festivo,Lunes,0.0,-7.655.266,0.2857142857142857,0.48445123703376847,"35,34"
2024-11-12,URBANA,022_ZW Polideportivo Los Farallones,0.0,MR76,False,Laboral,Martes,0.0,-7.655.266,1.2857142857142858,1.6070383174119844,"92,76"
2024-11-13,URBANA,022_ZW Polideportivo Los Farallones,0.0,MR76,False,Laboral,Miércoles,0.0,-7.655.266,0.2857142857142857,0.05518946356402486,"11,11"
2024-11-14,URBANA,022_ZW Polideportivo Los Farallones,0.0,MR76,False,Laboral,Jueves,0.0,-7.655.266,2.0,1.4897034800980704,"86,09"
2024-11-15,URBANA,022_ZW Polideportivo Los Farallones,0.0,MR76,False,Laboral,Viernes,0.0,-7.655.266,0.5714285714285714,-0.09796134653017848,"1,25"
2024-11-16,URBANA,022_ZW Polideportivo Los Farallones,0.0,MR76,False,Fin de Semana,Sábado,0.0,-7.655.266,1.0,0.4049438491187979,"29,27"
2024-11-17,URBANA,022_ZW Polideportivo Los Farallones,0.0,MR76,False,Fin de Semana,Domingo,0.0,-7.655.266,0.2857142857142857,0.8241219393167214,"56,42"
2024-11-18,URBANA,022_ZW Polideportivo Los Farallones,0.0,MR76,False,Laboral,Lunes,0.0,-7.655.266,0.0,-0.11716534727437612,"0,19"
2024-11-19,URBANA,022_ZW Polideportivo Los Farallones,0.0,MR76,False,Laboral,Martes,0.0,-7.655.266,0.8571428571428571,0.9445075973423183,"68,41"
2024-11-20,URBANA,022_ZW Polideportivo Los Farallones,0.0,MR76,False,Laboral,Miércoles,0.0,-7.655.266,1.1428571428571428,0.6585019223482358,"41,89"
2024-11-21,URBANA,022_ZW Polideportivo Los Farallones,0.0,MR76,False,Laboral,Jueves,0.0,-7.655.266,2.4285714285714284,1.1296209170190403,"71,05"
2024-11-22,URBANA,022_ZW Polideportivo Los Farallones,0.0,MR76,False,Laboral,Viernes,0.0,-7.655.266,1.4285714285714286,0.44060202082779326,"28,51"
2024-11-23,URBANA,022_ZW Polideportivo Los Farallones,0.0,MR76,False,Fin de Semana,Sábado,0.0,-7.655.266,0.8571428571428571,0.22969017415588602,"18,74"
2024-11-24,URBANA,022_ZW Polideportivo Los Farallones,0.0,MR76,False,Fin de Semana,Domingo,0.0,-7.655.266,-0.14285714285714285,0.6872032097906798,"111,94"
2024-11-25,URBANA,022_ZW Polideportivo Los Farallones,0.0,MR76,False,Laboral,Lunes,0.0,-7.655.266,1.0,0.15212412905010575,"67,95"
2024-11-26,URBANA,022_ZW Polideportivo Los Farallones,0.0,MR76,False,Laboral,Martes,0.0,-7.655.266,0.0,0.5647271746107817,"89,27"
2024-11-27,URBANA,022_ZW Polideportivo Los Farallones,0.0,MR76,False,Laboral,Miércoles,0.0,-7.655.266,1.8571428571428572,2.9040043482961866,"159,86"
2024-11-28,URBANA,022_ZW Polideportivo Los Farallones,0.0,MR76,False,Laboral,Jueves,0.0,-7.655.266,1.1428571428571428,8.37957489170658,"414,42"
2024-11-29,URBANA,022_ZW Polideportivo Los Farallones,0.0,MR76,False,Laboral,Viernes,0.0,-7.655.266,1.5714285714285714,5.119866473019426,"242,05"
2024-11-30,URBANA,022_ZW Polideportivo Los Farallones,0.0,MR76,False,Fin de Semana,Sábado,0.0,-7.655.266,0.8571428571428571,2.4661521572477936,"116,49"
2024-12-01,URBANA,022_ZW Polideportivo Los Farallones,0.0,MR76,False,Fin de Semana,Domingo,0.0,-7.655.266,0.0,1.7721147973571243,"80,38"
