FECHA.CONEXION,AREA,NOMBRE.ZONA,COMUNA,MODEL,es_festivo,tipo_dia,dia_semana,LATITUD,LONGITUD,NUMERO.CONEXIONES,USAGE.KB,PORCENTAJE.USO
2024-01-01,URBANA,027_ZW Parque Alfonso Bonilla Aragón,0.0,MR76,True,Festivo,Lunes,0.0,-7.648.181,0.75,-0.0046270677148147026,"1,6"
2024-01-02,URBANA,027_ZW Parque Alfonso Bonilla Aragón,0.0,MR76,False,Laboral,Martes,0.0,-7.648.181,0.0,-0.00657686587549701,"1,1"
2024-01-03,URBANA,027_ZW Parque Alfonso Bonilla Aragón,0.0,MR76,False,Laboral,Miércoles,0.0,-7.648.181,-0.45,0.9585571979239385,"164,8"
2024-01-04,URBANA,027_ZW Parque Alfonso Bonilla Aragón,0.0,MR76,False,Laboral,Jueves,0.0,-7.648.181,-0.1,0.7262257565180441,"143,7"
2024-01-05,URBANA,027_ZW Parque Alfonso Bonilla Aragón,0.0,MR76,False,Laboral,Viernes,0.0,-7.648.181,0.7,3.0091557956718367,"573,7"
2024-01-06,URBANA,027_ZW Parque Alfonso Bonilla Aragón,0.0,MR76,False,Fin de Semana,Sábado,0.0,-7.648.181,0.15,2.0516543539624243,"553,9"
2024-01-07,URBANA,027_ZW Parque Alfonso Bonilla Aragón,0.0,MR76,False,Fin de Semana,Domingo,0.0,-7.648.181,0.75,2.4480772149209336,"504,6"
2024-01-08,URBANA,027_ZW Parque Alfonso Bonilla Aragón,0.0,MR76,True,Festivo,Lunes,0.0,-7.648.181,0.0,2.7238005281209214,"357,2"
2024-01-09,URBANA,027_ZW Parque Alfonso Bonilla Aragón,0.0,MR76,False,Laboral,Martes,0.0,-7.648.181,-0.2,0.7885998725225362,"127,1"
2024-01-10,URBANA,027_ZW Parque Alfonso Bonilla Aragón,0.0,MR76,False,Laboral,Miércoles,0.0,-7.648.181,0.35,1.5596904118736152,"268,1"
2024-01-11,URBANA,027_ZW Parque Alfonso Bonilla Aragón,0.0,MR76,False,Laboral,Jueves,0.0,-7.648.181,0.3,1.7270603089810908,"332,7"
2024-01-12,URBANA,027_ZW Parque Alfonso Bonilla Aragón,0.0,MR76,False,Laboral,Viernes,0.0,-7.648.181,0.2,2.7577041915804172,"490,9"
2024-01-13,URBANA,027_ZW Parque Alfonso Bonilla Aragón,0.0,MR76,False,Fin de Semana,Sábado,0.0,-7.648.181,-0.95,1.6466208152487327,"379,2"
2024-01-14,URBANA,027_ZW Parque Alfonso Bonilla Aragón,0.0,MR76,False,Fin de Semana,Domingo,0.0,-7.648.181,-0.2,2.7513847087746988,"718,9"
2024-01-15,URBANA,027_ZW Parque Alfonso Bonilla Aragón,0.0,MR76,False,Laboral,Lunes,0.0,-7.648.181,-0.05,4.445392175311865,"1326,6"
2024-01-16,URBANA,027_ZW Parque Alfonso Bonilla Aragón,0.0,MR76,False,Laboral,Martes,0.0,-7.648.181,0.45,0.8236355358606247,"201,0"
2024-01-17,URBANA,027_ZW Parque Alfonso Bonilla Aragón,0.0,MR76,False,Laboral,Miércoles,0.0,-7.648.181,-1.25,0.6981044708167663,"146,0"
2024-01-18,URBANA,027_ZW Parque Alfonso Bonilla Aragón,0.0,MR76,False,Laboral,Jueves,0.0,-7.648.181,1.35,1.8703046711384952,"323,0"
2024-01-19,URBANA,027_ZW Parque Alfonso Bonilla Aragón,0.0,MR76,False,Laboral,Viernes,0.0,-7.648.181,0.65,0.9753759674628949,"132,4"
2024-01-20,URBANA,027_ZW Parque Alfonso Bonilla Aragón,0.0,MR76,False,Fin de Semana,Sábado,0.0,-7.648.181,-1.0,0.311238291801985,"51,3"
2024-01-21,URBANA,027_ZW Parque Alfonso Bonilla Aragón,0.0,MR76,False,Fin de Semana,Domingo,0.0,-7.648.181,-1.1,1.0941475703402435,"175,79999999999998"
2024-01-22,URBANA,027_ZW Parque Alfonso Bonilla Aragón,0.0,MR76,False,Laboral,Lunes,0.0,-7.648.181,1.4,1.0391282969617872,"206,3"
2024-01-23,URBANA,027_ZW Parque Alfonso Bonilla Aragón,0.0,MR76,False,Laboral,Martes,0.0,-7.648.181,1.35,3.5048415940753332,"670,5"
2024-01-24,URBANA,027_ZW Parque Alfonso Bonilla Aragón,0.0,MR76,False,Laboral,Miércoles,0.0,-7.648.181,0.3,3.8248396515615988,"631,5999999999999"
2024-01-25,URBANA,027_ZW Parque Alfonso Bonilla Aragón,0.0,MR76,False,Laboral,Jueves,0.0,-7.648.181,1.9,7.753222569581449,"1069,6"
2024-01-26,URBANA,027_ZW Parque Alfonso Bonilla Aragón,0.0,MR76,False,Laboral,Viernes,0.0,-7.648.181,2.0,4.635164112058761,"694,5"
2024-01-27,URBANA,027_ZW Parque Alfonso Bonilla Aragón,0.0,MR76,False,Fin de Semana,Sábado,0.0,-7.648.181,0.7,2.817739035420524,"469,29999999999995"
2024-01-28,URBANA,027_ZW Parque Alfonso Bonilla Aragón,0.0,MR76,False,Fin de Semana,Domingo,0.0,-7.648.181,0.2,0.06389753240052205,"15,1"
2024-01-29,URBANA,027_ZW Parque Alfonso Bonilla Aragón,0.0,MR76,False,Laboral,Lunes,0.0,-7.648.181,2.6,-0.0012874009773272226,"1,8"
2024-01-30,URBANA,027_ZW Parque Alfonso Bonilla Aragón,0.0,MR76,False,Laboral,Martes,0.0,-7.648.181,3.35,0.0011698788964093847,"2,9"
2024-01-31,URBANA,027_ZW Parque Alfonso Bonilla Aragón,0.0,MR76,False,Laboral,Miércoles,0.0,-7.648.181,0.5,-0.008124563693204237,"0,7"
2024-02-01,URBANA,027_ZW Parque Alfonso Bonilla Aragón,0.0,MR76,False,Laboral,Jueves,0.0,-7.648.181,2.3,0.006561811394057122,"2,7"
2024-02-02,URBANA,027_ZW Parque Alfonso Bonilla Aragón,0.0,MR76,False,Laboral,Viernes,0.0,-7.648.181,-0.3,-0.006612316751145779,"1,0"
2024-02-03,URBANA,027_ZW Parque Alfonso Bonilla Aragón,0.0,MR76,False,Fin de Semana,Sábado,0.0,-7.648.181,0.55,-0.004522171973169029,"0,8"
2024-02-04,URBANA,027_ZW Parque Alfonso Bonilla Aragón,0.0,MR76,False,Fin de Semana,Domingo,0.0,-7.648.181,0.05,2.3634783136552646,"305,7"
2024-02-05,URBANA,027_ZW Parque Alfonso Bonilla Aragón,0.0,MR76,False,Laboral,Lunes,0.0,-7.648.181,-0.5,2.9244801651136676,"401,6"
2024-02-06,URBANA,027_ZW Parque Alfonso Bonilla Aragón,0.0,MR76,False,Laboral,Martes,0.0,-7.648.181,1.6,4.007208182839105,"553,8"
2024-02-07,URBANA,027_ZW Parque Alfonso Bonilla Aragón,0.0,MR76,False,Laboral,Miércoles,0.0,-7.648.181,0.9,4.2373518681518805,"530,0"
2024-02-08,URBANA,027_ZW Parque Alfonso Bonilla Aragón,0.0,MR76,False,Laboral,Jueves,0.0,-7.648.181,2.65,2.2013284365799617,"335,3"
2024-02-09,URBANA,027_ZW Parque Alfonso Bonilla Aragón,0.0,MR76,False,Laboral,Viernes,0.0,-7.648.181,1.95,0.023731690290466508,"6,0"
2024-02-10,URBANA,027_ZW Parque Alfonso Bonilla Aragón,0.0,MR76,False,Fin de Semana,Sábado,0.0,-7.648.181,0.45,0.016224845964731234,"3,6"
2024-02-11,URBANA,027_ZW Parque Alfonso Bonilla Aragón,0.0,MR76,False,Fin de Semana,Domingo,0.0,-7.648.181,0.1,-0.007028014690260115,"0,7"
2024-02-12,URBANA,027_ZW Parque Alfonso Bonilla Aragón,0.0,MR76,False,Laboral,Lunes,0.0,-7.648.181,1.7,0.0035290618265699457,"2,9"
2024-02-13,URBANA,027_ZW Parque Alfonso Bonilla Aragón,0.0,MR76,False,Laboral,Martes,0.0,-7.648.181,-0.15,-0.008417883267065286,"0,7"
2024-02-14,URBANA,027_ZW Parque Alfonso Bonilla Aragón,0.0,MR76,False,Laboral,Miércoles,0.0,-7.648.181,2.5,0.005354539108264789,"4,6"
2024-02-15,URBANA,027_ZW Parque Alfonso Bonilla Aragón,0.0,MR76,False,Laboral,Jueves,0.0,-7.648.181,0.0,-0.008739369290071934,"0,4"
2024-02-16,URBANA,027_ZW Parque Alfonso Bonilla Aragón,0.0,MR76,False,Laboral,Viernes,0.0,-7.648.181,0.65,0.04148869396303154,"10,3"
2024-02-17,URBANA,027_ZW Parque Alfonso Bonilla Aragón,0.0,MR76,False,Fin de Semana,Sábado,0.0,-7.648.181,2.2,-0.008109994840197893,"0,6"
2024-02-18,URBANA,027_ZW Parque Alfonso Bonilla Aragón,0.0,MR76,False,Fin de Semana,Domingo,0.0,-7.648.181,1.7,-0.005179227243755122,"0,9"
2024-02-19,URBANA,027_ZW Parque Alfonso Bonilla Aragón,0.0,MR76,False,Laboral,Lunes,0.0,-7.648.181,0.15,0.0923359334689046,"14,6"
2024-02-20,URBANA,027_ZW Parque Alfonso Bonilla Aragón,0.0,MR76,False,Laboral,Martes,0.0,-7.648.181,-0.65,-0.008559686769660364,"0,4"
2024-02-21,URBANA,027_ZW Parque Alfonso Bonilla Aragón,0.0,MR76,False,Laboral,Miércoles,0.0,-7.648.181,0.4,-0.00638601390111391,"0,8999999999999999"
2024-02-22,URBANA,027_ZW Parque Alfonso Bonilla Aragón,0.0,MR76,False,Laboral,Jueves,0.0,-7.648.181,0.5,-0.007305794154247731,"0,6"
2024-02-23,URBANA,027_ZW Parque Alfonso Bonilla Aragón,0.0,MR76,False,Laboral,Viernes,0.0,-7.648.181,0.05,0.0,"1,7000000000000002"
2024-02-24,URBANA,027_ZW Parque Alfonso Bonilla Aragón,0.0,MR76,False,Fin de Semana,Sábado,0.0,-7.648.181,0.05,-0.0033250978844811363,"1,3"
2024-02-25,URBANA,027_ZW Parque Alfonso Bonilla Aragón,0.0,MR76,False,Fin de Semana,Domingo,0.0,-7.648.181,0.0,0.007580659847634079,"2,3"
2024-02-26,URBANA,027_ZW Parque Alfonso Bonilla Aragón,0.0,MR76,False,Laboral,Lunes,0.0,-7.648.181,0.4,-0.001621513339606034,"1,7999999999999998"
2024-02-27,URBANA,027_ZW Parque Alfonso Bonilla Aragón,0.0,MR76,False,Laboral,Martes,0.0,-7.648.181,1.6,-0.005103469208122135,"1,1"
2024-02-28,URBANA,027_ZW Parque Alfonso Bonilla Aragón,0.0,MR76,False,Laboral,Miércoles,0.0,-7.648.181,1.85,-0.004737790997662913,"0,8"
2024-02-29,URBANA,027_ZW Parque Alfonso Bonilla Aragón,0.0,MR76,False,Laboral,Jueves,0.0,-7.648.181,1.25,-0.0057716939326797586,"1,5"
2024-03-01,URBANA,027_ZW Parque Alfonso Bonilla Aragón,0.0,MR76,False,Laboral,Viernes,0.0,-7.648.181,-0.5,-0.004989346526239112,"1,1"
2024-03-02,URBANA,027_ZW Parque Alfonso Bonilla Aragón,0.0,MR76,False,Fin de Semana,Sábado,0.0,-7.648.181,-0.95,-0.0076612741676025135,"0,7"
2024-03-03,URBANA,027_ZW Parque Alfonso Bonilla Aragón,0.0,MR76,False,Fin de Semana,Domingo,0.0,-7.648.181,0.75,-0.007800649528029866,"0,6000000000000001"
2024-03-04,URBANA,027_ZW Parque Alfonso Bonilla Aragón,0.0,MR76,False,Laboral,Lunes,0.0,-7.648.181,0.25,-0.0067356663732661545,"0,7"
2024-03-05,URBANA,027_ZW Parque Alfonso Bonilla Aragón,0.0,MR76,False,Laboral,Martes,0.0,-7.648.181,0.05,2.1493229732600843,"322,8"
2024-03-06,URBANA,027_ZW Parque Alfonso Bonilla Aragón,0.0,MR76,False,Laboral,Miércoles,0.0,-7.648.181,-0.85,0.5130630406410295,"89,2"
2024-03-07,URBANA,027_ZW Parque Alfonso Bonilla Aragón,0.0,MR76,False,Laboral,Jueves,0.0,-7.648.181,0.2,1.1404755516435487,"222,0"
2024-03-08,URBANA,027_ZW Parque Alfonso Bonilla Aragón,0.0,MR76,False,Laboral,Viernes,0.0,-7.648.181,0.25,0.9877395817525116,"192,3"
2024-03-09,URBANA,027_ZW Parque Alfonso Bonilla Aragón,0.0,MR76,False,Fin de Semana,Sábado,0.0,-7.648.181,-0.8,0.8176890156918688,"172,7"
2024-03-10,URBANA,027_ZW Parque Alfonso Bonilla Aragón,0.0,MR76,False,Fin de Semana,Domingo,0.0,-7.648.181,0.15,0.5919946580872311,"130,2"
2024-03-11,URBANA,027_ZW Parque Alfonso Bonilla Aragón,0.0,MR76,False,Laboral,Lunes,0.0,-7.648.181,1.05,1.8552900112301576,"409,0"
2024-03-12,URBANA,027_ZW Parque Alfonso Bonilla Aragón,0.0,MR76,False,Laboral,Martes,0.0,-7.648.181,0.05,0.9455661516981819,"223,5"
2024-03-13,URBANA,027_ZW Parque Alfonso Bonilla Aragón,0.0,MR76,False,Laboral,Miércoles,0.0,-7.648.181,0.55,1.9173994597383677,"536,5"
2024-03-14,URBANA,027_ZW Parque Alfonso Bonilla Aragón,0.0,MR76,False,Laboral,Jueves,0.0,-7.648.181,2.1,2.947672807842899,"628,0"
2024-03-15,URBANA,027_ZW Parque Alfonso Bonilla Aragón,0.0,MR76,False,Laboral,Viernes,0.0,-7.648.181,1.65,0.49077075302758977,"79,4"
2024-03-16,URBANA,027_ZW Parque Alfonso Bonilla Aragón,0.0,MR76,False,Fin de Semana,Sábado,0.0,-7.648.181,-0.35,-0.009147297174249553,"0,4"
2024-03-17,URBANA,027_ZW Parque Alfonso Bonilla Aragón,0.0,MR76,False,Fin de Semana,Domingo,0.0,-7.648.181,-0.3,-0.007879321334264121,"0,6000000000000001"
2024-03-18,URBANA,027_ZW Parque Alfonso Bonilla Aragón,0.0,MR76,False,Laboral,Lunes,0.0,-7.648.181,0.5,-0.0023426715634200382,"1,5"
2024-03-19,URBANA,027_ZW Parque Alfonso Bonilla Aragón,0.0,MR76,False,Laboral,Martes,0.0,-7.648.181,0.25,-0.0012912860047955808,"2,8"
2024-03-20,URBANA,027_ZW Parque Alfonso Bonilla Aragón,0.0,MR76,False,Laboral,Miércoles,0.0,-7.648.181,-0.1,-0.00676771784988011,"1,5"
2024-03-21,URBANA,027_ZW Parque Alfonso Bonilla Aragón,0.0,MR76,False,Laboral,Jueves,0.0,-7.648.181,0.5,0.0059334082010501716,"4,1"
2024-03-22,URBANA,027_ZW Parque Alfonso Bonilla Aragón,0.0,MR76,False,Laboral,Viernes,0.0,-7.648.181,-0.1,0.00639718335508544,"3,6999999999999997"
2024-03-23,URBANA,027_ZW Parque Alfonso Bonilla Aragón,0.0,MR76,False,Fin de Semana,Sábado,0.0,-7.648.181,0.45,-0.002100342975081191,"2,5"
2024-03-24,URBANA,027_ZW Parque Alfonso Bonilla Aragón,0.0,MR76,True,Festivo,Domingo,0.0,-7.648.181,0.35,-0.00287783409718639,"1,9"
2024-03-25,URBANA,027_ZW Parque Alfonso Bonilla Aragón,0.0,MR76,True,Festivo,Lunes,0.0,-7.648.181,-0.25,-0.008268795337967039,"0,9"
2024-03-26,URBANA,027_ZW Parque Alfonso Bonilla Aragón,0.0,MR76,False,Laboral,Martes,0.0,-7.648.181,-0.25,-0.008278507906637934,"0,8"
2024-03-27,URBANA,027_ZW Parque Alfonso Bonilla Aragón,0.0,MR76,False,Laboral,Miércoles,0.0,-7.648.181,-0.75,-0.007379609676146539,"1,0"
2024-03-28,URBANA,027_ZW Parque Alfonso Bonilla Aragón,0.0,MR76,True,Festivo,Jueves,0.0,-7.648.181,-0.7,-0.0021887273499863417,"3,0"
2024-03-29,URBANA,027_ZW Parque Alfonso Bonilla Aragón,0.0,MR76,True,Festivo,Viernes,0.0,-7.648.181,-0.3,-0.008755395028378911,"0,6"
2024-03-30,URBANA,027_ZW Parque Alfonso Bonilla Aragón,0.0,MR76,False,Fin de Semana,Sábado,0.0,-7.648.181,-0.25,-0.00839068807478678,"1,0"
2024-03-31,URBANA,027_ZW Parque Alfonso Bonilla Aragón,0.0,MR76,True,Festivo,Domingo,0.0,-7.648.181,-0.7,-0.0073878653595167995,"1,1"
2024-04-01,URBANA,027_ZW Parque Alfonso Bonilla Aragón,0.0,MR76,False,Laboral,Lunes,0.0,-7.648.181,0.35,-0.006507421009500107,"0,8999999999999999"
2024-04-02,URBANA,027_ZW Parque Alfonso Bonilla Aragón,0.0,MR76,False,Laboral,Martes,0.0,-7.648.181,-1.0,-0.008965672140103803,"0,7"
2024-04-03,URBANA,027_ZW Parque Alfonso Bonilla Aragón,0.0,MR76,False,Laboral,Miércoles,0.0,-7.648.181,-0.85,-0.009117188211369776,"0,5"
2024-04-04,URBANA,027_ZW Parque Alfonso Bonilla Aragón,0.0,MR76,False,Laboral,Jueves,0.0,-7.648.181,0.25,-0.008539776003885027,"0,5"
2024-04-05,URBANA,027_ZW Parque Alfonso Bonilla Aragón,0.0,MR76,False,Laboral,Viernes,0.0,-7.648.181,0.0,-0.007321819892554709,"0,7"
2024-04-06,URBANA,027_ZW Parque Alfonso Bonilla Aragón,0.0,MR76,False,Fin de Semana,Sábado,0.0,-7.648.181,0.5,0.0003137159680699305,"2,0"
2024-04-07,URBANA,027_ZW Parque Alfonso Bonilla Aragón,0.0,MR76,False,Fin de Semana,Domingo,0.0,-7.648.181,-0.25,-0.0009819406926275533,"1,8"
2024-04-08,URBANA,027_ZW Parque Alfonso Bonilla Aragón,0.0,MR76,False,Laboral,Lunes,0.0,-7.648.181,-0.05,-0.005288008012869153,"1,7000000000000002"
2024-04-09,URBANA,027_ZW Parque Alfonso Bonilla Aragón,0.0,MR76,False,Laboral,Martes,0.0,-7.648.181,-0.95,-0.007027043433393025,"1,2"
2024-04-10,URBANA,027_ZW Parque Alfonso Bonilla Aragón,0.0,MR76,False,Laboral,Miércoles,0.0,-7.648.181,0.5,-0.005917868091176739,"2,6"
2024-04-11,URBANA,027_ZW Parque Alfonso Bonilla Aragón,0.0,MR76,False,Laboral,Jueves,0.0,-7.648.181,-0.35,-0.00993790026406046,"0,6000000000000001"
2024-04-12,URBANA,027_ZW Parque Alfonso Bonilla Aragón,0.0,MR76,False,Laboral,Viernes,0.0,-7.648.181,0.5,-0.007975961392539534,"1,0"
2024-04-13,URBANA,027_ZW Parque Alfonso Bonilla Aragón,0.0,MR76,False,Fin de Semana,Sábado,0.0,-7.648.181,0.15,-0.006913406379943546,"1,1"
2024-04-14,URBANA,027_ZW Parque Alfonso Bonilla Aragón,0.0,MR76,False,Fin de Semana,Domingo,0.0,-7.648.181,0.35,-0.007638449631225909,"1,1"
2024-04-15,URBANA,027_ZW Parque Alfonso Bonilla Aragón,0.0,MR76,False,Laboral,Lunes,0.0,-7.648.181,0.15,0.1369579020851671,"76,3"
2024-04-16,URBANA,027_ZW Parque Alfonso Bonilla Aragón,0.0,MR76,False,Laboral,Martes,0.0,-7.648.181,0.2,-0.002837526937202173,"4,1"
2024-04-17,URBANA,027_ZW Parque Alfonso Bonilla Aragón,0.0,MR76,False,Laboral,Miércoles,0.0,-7.648.181,-0.6,-0.008943818860594288,"1,3"
2024-04-18,URBANA,027_ZW Parque Alfonso Bonilla Aragón,0.0,MR76,False,Laboral,Jueves,0.0,-7.648.181,-0.65,-0.008507238898837527,"2,0"
2024-04-19,URBANA,027_ZW Parque Alfonso Bonilla Aragón,0.0,MR76,False,Laboral,Viernes,0.0,-7.648.181,-1.15,-0.009669347740310195,"0,8"
2024-04-20,URBANA,027_ZW Parque Alfonso Bonilla Aragón,0.0,MR76,False,Fin de Semana,Sábado,0.0,-7.648.181,0.1,-0.00896955716757216,"0,6000000000000001"
2024-04-21,URBANA,027_ZW Parque Alfonso Bonilla Aragón,0.0,MR76,False,Fin de Semana,Domingo,0.0,-7.648.181,-0.35,-0.008525207150878684,"0,8999999999999999"
2024-04-22,URBANA,027_ZW Parque Alfonso Bonilla Aragón,0.0,MR76,False,Laboral,Lunes,0.0,-7.648.181,-0.85,-0.009795125504598294,"0,7"
2024-04-23,URBANA,027_ZW Parque Alfonso Bonilla Aragón,0.0,MR76,False,Laboral,Martes,0.0,-7.648.181,-1.05,0.4080677451664795,"47,1"
2024-04-24,URBANA,027_ZW Parque Alfonso Bonilla Aragón,0.0,MR76,False,Laboral,Miércoles,0.0,-7.648.181,-0.75,0.042239961149725315,"6,0"
2024-04-25,URBANA,027_ZW Parque Alfonso Bonilla Aragón,0.0,MR76,False,Laboral,Jueves,0.0,-7.648.181,-0.45,1.1376064588581662,"199,4"
2024-04-26,URBANA,027_ZW Parque Alfonso Bonilla Aragón,0.0,MR76,False,Laboral,Viernes,0.0,-7.648.181,-0.65,1.350829878289374,"279,9"
2024-04-27,URBANA,027_ZW Parque Alfonso Bonilla Aragón,0.0,MR76,False,Fin de Semana,Sábado,0.0,-7.648.181,-0.45,1.370082617537257,"233,2"
2024-04-28,URBANA,027_ZW Parque Alfonso Bonilla Aragón,0.0,MR76,False,Fin de Semana,Domingo,0.0,-7.648.181,-0.5,1.817405165872462,"509,7"
2024-04-29,URBANA,027_ZW Parque Alfonso Bonilla Aragón,0.0,MR76,False,Laboral,Lunes,0.0,-7.648.181,0.2,1.2487332989346527,"324,1"
2024-04-30,URBANA,027_ZW Parque Alfonso Bonilla Aragón,0.0,MR76,False,Laboral,Martes,0.0,-7.648.181,0.8,0.43602440282878563,"146,3"
2024-05-01,URBANA,027_ZW Parque Alfonso Bonilla Aragón,0.0,MR76,True,Festivo,Miércoles,0.0,-7.648.181,-0.35,-0.007485476674659301,"1,5"
2024-05-02,URBANA,027_ZW Parque Alfonso Bonilla Aragón,0.0,MR76,False,Laboral,Jueves,0.0,-7.648.181,-0.25,-0.009746562661243815,"0,6"
2024-05-03,URBANA,027_ZW Parque Alfonso Bonilla Aragón,0.0,MR76,False,Laboral,Viernes,0.0,-7.648.181,-0.7,-0.004596473123501381,"3,0"
2024-05-04,URBANA,027_ZW Parque Alfonso Bonilla Aragón,0.0,MR76,False,Fin de Semana,Sábado,0.0,-7.648.181,-0.5,-0.006927489604516344,"1,2"
2024-05-05,URBANA,027_ZW Parque Alfonso Bonilla Aragón,0.0,MR76,False,Fin de Semana,Domingo,0.0,-7.648.181,-0.15,-0.0053457977964609825,"2,0"
2024-05-06,URBANA,027_ZW Parque Alfonso Bonilla Aragón,0.0,MR76,False,Laboral,Lunes,0.0,-7.648.181,0.0,-0.0009134670834977388,"4,5"
2024-05-07,URBANA,027_ZW Parque Alfonso Bonilla Aragón,0.0,MR76,False,Laboral,Martes,0.0,-7.648.181,-0.4,-0.0011698788964093847,"3,5"
2024-05-08,URBANA,027_ZW Parque Alfonso Bonilla Aragón,0.0,MR76,False,Laboral,Miércoles,0.0,-7.648.181,-0.65,-0.0036300725407472606,"2,0"
2024-05-09,URBANA,027_ZW Parque Alfonso Bonilla Aragón,0.0,MR76,False,Laboral,Jueves,0.0,-7.648.181,-0.55,-0.005924181260812821,"1,3"
2024-05-10,URBANA,027_ZW Parque Alfonso Bonilla Aragón,0.0,MR76,False,Laboral,Viernes,0.0,-7.648.181,-0.75,-0.007294139071842657,"1,1"
2024-05-11,URBANA,027_ZW Parque Alfonso Bonilla Aragón,0.0,MR76,False,Fin de Semana,Sábado,0.0,-7.648.181,-0.5,-0.007242662457886909,"1,1"
2024-05-12,URBANA,027_ZW Parque Alfonso Bonilla Aragón,0.0,MR76,False,Fin de Semana,Domingo,0.0,-7.648.181,0.65,-0.007352900112301575,"2,0"
2024-05-13,URBANA,027_ZW Parque Alfonso Bonilla Aragón,0.0,MR76,True,Festivo,Lunes,0.0,-7.648.181,-0.65,-0.005383191185843931,"2,2"
2024-05-14,URBANA,027_ZW Parque Alfonso Bonilla Aragón,0.0,MR76,False,Laboral,Martes,0.0,-7.648.181,-0.3,-0.007435456946004188,"3,7"
2024-05-15,URBANA,027_ZW Parque Alfonso Bonilla Aragón,0.0,MR76,False,Laboral,Miércoles,0.0,-7.648.181,-0.65,-0.008436822775973534,"1,0"
2024-05-16,URBANA,027_ZW Parque Alfonso Bonilla Aragón,0.0,MR76,False,Laboral,Jueves,0.0,-7.648.181,-0.35,0.0003991865723738125,"3,0"
2024-05-17,URBANA,027_ZW Parque Alfonso Bonilla Aragón,0.0,MR76,False,Laboral,Viernes,0.0,-7.648.181,-0.5,-0.005234103256745682,"1,2"
2024-05-18,URBANA,027_ZW Parque Alfonso Bonilla Aragón,0.0,MR76,False,Fin de Semana,Sábado,0.0,-7.648.181,-0.55,-0.008028894891795915,"0,6000000000000001"
2024-05-19,URBANA,027_ZW Parque Alfonso Bonilla Aragón,0.0,MR76,False,Fin de Semana,Domingo,0.0,-7.648.181,-0.6,0.0008090569702856103,"2,1"
2024-05-20,URBANA,027_ZW Parque Alfonso Bonilla Aragón,0.0,MR76,False,Laboral,Lunes,0.0,-7.648.181,0.05,0.4312987525419613,"129,4"
2024-05-21,URBANA,027_ZW Parque Alfonso Bonilla Aragón,0.0,MR76,False,Laboral,Martes,0.0,-7.648.181,-0.1,0.48123106807903604,"130,6"
2024-05-22,URBANA,027_ZW Parque Alfonso Bonilla Aragón,0.0,MR76,False,Laboral,Miércoles,0.0,-7.648.181,-0.45,0.12220013961817465,"106,7"
2024-05-23,URBANA,027_ZW Parque Alfonso Bonilla Aragón,0.0,MR76,False,Laboral,Jueves,0.0,-7.648.181,-0.7,0.46143928126991834,"183,29999999999998"
2024-05-24,URBANA,027_ZW Parque Alfonso Bonilla Aragón,0.0,MR76,False,Laboral,Viernes,0.0,-7.648.181,-0.8,0.35558102406895925,"160,1"
2024-05-25,URBANA,027_ZW Parque Alfonso Bonilla Aragón,0.0,MR76,False,Fin de Semana,Sábado,0.0,-7.648.181,-0.65,1.0335566819437279,"302,0"
2024-05-26,URBANA,027_ZW Parque Alfonso Bonilla Aragón,0.0,MR76,False,Fin de Semana,Domingo,0.0,-7.648.181,-0.55,0.6691702431177345,"202,8"
2024-05-27,URBANA,027_ZW Parque Alfonso Bonilla Aragón,0.0,MR76,False,Laboral,Lunes,0.0,-7.648.181,0.6,0.6364476280086199,"156,89999999999998"
2024-05-28,URBANA,027_ZW Parque Alfonso Bonilla Aragón,0.0,MR76,False,Laboral,Martes,0.0,-7.648.181,-0.1,1.1019370504143018,"307,8"
2024-05-29,URBANA,027_ZW Parque Alfonso Bonilla Aragón,0.0,MR76,False,Laboral,Miércoles,0.0,-7.648.181,-1.25,0.2214125717060734,"95,8"
2024-05-30,URBANA,027_ZW Parque Alfonso Bonilla Aragón,0.0,MR76,False,Laboral,Jueves,0.0,-7.648.181,-0.3,0.7095458767110814,"124,0"
2024-05-31,URBANA,027_ZW Parque Alfonso Bonilla Aragón,0.0,MR76,False,Laboral,Viernes,0.0,-7.648.181,0.1,-0.008065317024311774,"0,7"
2024-06-01,URBANA,027_ZW Parque Alfonso Bonilla Aragón,0.0,MR76,False,Fin de Semana,Sábado,0.0,-7.648.181,-0.45,-0.010380307767019759,"0,2"
2024-06-02,URBANA,027_ZW Parque Alfonso Bonilla Aragón,0.0,MR76,False,Fin de Semana,Domingo,0.0,-7.648.181,-0.85,-0.006117947005797189,"1,1"
2024-06-03,URBANA,027_ZW Parque Alfonso Bonilla Aragón,0.0,MR76,True,Festivo,Lunes,0.0,-7.648.181,-0.65,-0.008535405347983124,"0,8999999999999999"
2024-06-04,URBANA,027_ZW Parque Alfonso Bonilla Aragón,0.0,MR76,False,Laboral,Martes,0.0,-7.648.181,-1.05,-0.009764530913284972,"0,7"
2024-06-05,URBANA,027_ZW Parque Alfonso Bonilla Aragón,0.0,MR76,False,Laboral,Miércoles,0.0,-7.648.181,-0.7,-0.007920114122681883,"2,5"
2024-06-06,URBANA,027_ZW Parque Alfonso Bonilla Aragón,0.0,MR76,False,Laboral,Jueves,0.0,-7.648.181,-0.55,-0.009678089052114001,"0,5"
2024-06-07,URBANA,027_ZW Parque Alfonso Bonilla Aragón,0.0,MR76,False,Laboral,Viernes,0.0,-7.648.181,-0.05,-0.009731022551370382,"0,7"
2024-06-08,URBANA,027_ZW Parque Alfonso Bonilla Aragón,0.0,MR76,False,Fin de Semana,Sábado,0.0,-7.648.181,-1.15,-0.0005089385983549336,"7,1"
2024-06-09,URBANA,027_ZW Parque Alfonso Bonilla Aragón,0.0,MR76,False,Fin de Semana,Domingo,0.0,-7.648.181,-0.4,-0.01008504567942453,"0,8999999999999999"
2024-06-10,URBANA,027_ZW Parque Alfonso Bonilla Aragón,0.0,MR76,True,Festivo,Lunes,0.0,-7.648.181,-0.8,-0.009666433969708926,"0,6"
2024-06-11,URBANA,027_ZW Parque Alfonso Bonilla Aragón,0.0,MR76,False,Laboral,Martes,0.0,-7.648.181,-1.0,-0.010293380277415243,"0,4"
2024-06-12,URBANA,027_ZW Parque Alfonso Bonilla Aragón,0.0,MR76,False,Laboral,Miércoles,0.0,-7.648.181,-1.2,-0.007945852429659757,"1,0"
2024-06-13,URBANA,027_ZW Parque Alfonso Bonilla Aragón,0.0,MR76,False,Laboral,Jueves,0.0,-7.648.181,-1.45,-0.009799496160500198,"61872300,0"
2024-06-14,URBANA,027_ZW Parque Alfonso Bonilla Aragón,0.0,MR76,False,Laboral,Viernes,0.0,-7.648.181,-0.75,-0.006186420614927004,"319134800,0"
2024-06-15,URBANA,027_ZW Parque Alfonso Bonilla Aragón,0.0,MR76,False,Fin de Semana,Sábado,0.0,-7.648.181,-1.25,-0.010472091540959723,"32166800,0"
2024-06-16,URBANA,027_ZW Parque Alfonso Bonilla Aragón,0.0,MR76,False,Fin de Semana,Domingo,0.0,-7.648.181,-0.8,-0.009324065924059854,"74543000,0"
2024-06-17,URBANA,027_ZW Parque Alfonso Bonilla Aragón,0.0,MR76,False,Laboral,Lunes,0.0,-7.648.181,-0.75,-0.009145354660515373,"0,7"
2024-06-18,URBANA,027_ZW Parque Alfonso Bonilla Aragón,0.0,MR76,False,Laboral,Martes,0.0,-7.648.181,-0.8,-0.00784678422921662,"1,1"
2024-06-19,URBANA,027_ZW Parque Alfonso Bonilla Aragón,0.0,MR76,False,Laboral,Miércoles,0.0,-7.648.181,-1.05,-0.009933529608158558,"0,4"
2024-06-20,URBANA,027_ZW Parque Alfonso Bonilla Aragón,0.0,MR76,False,Laboral,Jueves,0.0,-7.648.181,-0.15,-0.0064612863083133515,"2,0"
2024-06-21,URBANA,027_ZW Parque Alfonso Bonilla Aragón,0.0,MR76,False,Laboral,Viernes,0.0,-7.648.181,0.0,-0.00887097459556257,"0,9"
2024-06-22,URBANA,027_ZW Parque Alfonso Bonilla Aragón,0.0,MR76,False,Fin de Semana,Sábado,0.0,-7.648.181,-0.15,0.015221051992594166,"10,3"
2024-06-23,URBANA,027_ZW Parque Alfonso Bonilla Aragón,0.0,MR76,False,Fin de Semana,Domingo,0.0,-7.648.181,0.05,-0.007248489999089447,"3,3"
2024-06-24,URBANA,027_ZW Parque Alfonso Bonilla Aragón,0.0,MR76,False,Laboral,Lunes,0.0,-7.648.181,0.4,-0.009508119100373327,"0,7"
2024-06-25,URBANA,027_ZW Parque Alfonso Bonilla Aragón,0.0,MR76,False,Laboral,Martes,0.0,-7.648.181,0.25,-0.007803563298631135,"1,8"
2024-06-26,URBANA,027_ZW Parque Alfonso Bonilla Aragón,0.0,MR76,False,Laboral,Miércoles,0.0,-7.648.181,0.3,-0.010301150332351959,"0,6"
2024-06-27,URBANA,027_ZW Parque Alfonso Bonilla Aragón,0.0,MR76,False,Laboral,Jueves,0.0,-7.648.181,-0.55,-0.00871265972622697,"1,7"
2024-06-28,URBANA,027_ZW Parque Alfonso Bonilla Aragón,0.0,MR76,False,Laboral,Viernes,0.0,-7.648.181,0.3,-0.009302212644550339,"0,7"
2024-06-29,URBANA,027_ZW Parque Alfonso Bonilla Aragón,0.0,MR76,False,Fin de Semana,Sábado,0.0,-7.648.181,0.1,-0.008874859623030928,"0,8999999999999999"
2024-06-30,URBANA,027_ZW Parque Alfonso Bonilla Aragón,0.0,MR76,False,Fin de Semana,Domingo,0.0,-7.648.181,0.15,-0.008111937353932073,"1,4"
2024-07-01,URBANA,027_ZW Parque Alfonso Bonilla Aragón,0.0,MR76,True,Festivo,Lunes,0.0,-7.648.181,0.0,-0.009057941542477311,"0,65"
2024-07-02,URBANA,027_ZW Parque Alfonso Bonilla Aragón,0.0,MR76,False,Laboral,Martes,0.0,-7.648.181,-0.1,0.08575226879533797,"21,529999999999998"
2024-07-03,URBANA,027_ZW Parque Alfonso Bonilla Aragón,0.0,MR76,False,Laboral,Miércoles,0.0,-7.648.181,-0.25,-0.009241023461923696,"0,51"
2024-07-04,URBANA,027_ZW Parque Alfonso Bonilla Aragón,0.0,MR76,False,Laboral,Jueves,0.0,-7.648.181,-0.05,-0.010152548031687256,"0,31"
2024-07-05,URBANA,027_ZW Parque Alfonso Bonilla Aragón,0.0,MR76,False,Laboral,Viernes,0.0,-7.648.181,-0.3,-0.00853686223328376,"0,6799999999999999"
2024-07-06,URBANA,027_ZW Parque Alfonso Bonilla Aragón,0.0,MR76,False,Fin de Semana,Sábado,0.0,-7.648.181,0.3,-0.009507633471939782,"0,45"
2024-07-07,URBANA,027_ZW Parque Alfonso Bonilla Aragón,0.0,MR76,False,Fin de Semana,Domingo,0.0,-7.648.181,-0.05,-0.00845770479861596,"0,67"
2024-07-08,URBANA,027_ZW Parque Alfonso Bonilla Aragón,0.0,MR76,False,Laboral,Lunes,0.0,-7.648.181,-0.35,-0.00990536315901296,"0,53"
2024-07-09,URBANA,027_ZW Parque Alfonso Bonilla Aragón,0.0,MR76,False,Laboral,Martes,0.0,-7.648.181,-0.2,-0.009455185601116946,"0,67"
2024-07-10,URBANA,027_ZW Parque Alfonso Bonilla Aragón,0.0,MR76,False,Laboral,Miércoles,0.0,-7.648.181,0.1,-0.010194312076972106,"0,35"
2024-07-11,URBANA,027_ZW Parque Alfonso Bonilla Aragón,0.0,MR76,False,Laboral,Jueves,0.0,-7.648.181,0.5,-0.009662063313807024,"0,47"
2024-07-12,URBANA,027_ZW Parque Alfonso Bonilla Aragón,0.0,MR76,False,Laboral,Viernes,0.0,-7.648.181,-0.6,-0.00925656357179713,"0,68"
2024-07-13,URBANA,027_ZW Parque Alfonso Bonilla Aragón,0.0,MR76,False,Fin de Semana,Sábado,0.0,-7.648.181,0.75,-0.00490290466506814,"1,88"
2024-07-14,URBANA,027_ZW Parque Alfonso Bonilla Aragón,0.0,MR76,False,Fin de Semana,Domingo,0.0,-7.648.181,0.55,-0.004375997814672049,"2,2600000000000002"
2024-07-15,URBANA,027_ZW Parque Alfonso Bonilla Aragón,0.0,MR76,False,Laboral,Lunes,0.0,-7.648.181,0.4,-0.005355510365131879,"2,21"
2024-07-16,URBANA,027_ZW Parque Alfonso Bonilla Aragón,0.0,MR76,False,Laboral,Martes,0.0,-7.648.181,-0.45,-0.006852702825750448,"1,48"
2024-07-17,URBANA,027_ZW Parque Alfonso Bonilla Aragón,0.0,MR76,False,Laboral,Miércoles,0.0,-7.648.181,-0.05,-0.009746562661243815,"0,73"
2024-07-18,URBANA,027_ZW Parque Alfonso Bonilla Aragón,0.0,MR76,False,Laboral,Jueves,0.0,-7.648.181,0.3,-0.00970528424439251,"0,5700000000000001"
2024-07-19,URBANA,027_ZW Parque Alfonso Bonilla Aragón,0.0,MR76,False,Laboral,Viernes,0.0,-7.648.181,-0.3,-0.007277627705102134,"1,17"
2024-07-20,URBANA,027_ZW Parque Alfonso Bonilla Aragón,0.0,MR76,True,Festivo,Sábado,0.0,-7.648.181,-0.45,-0.009865055999028743,"0,39"
2024-07-21,URBANA,027_ZW Parque Alfonso Bonilla Aragón,0.0,MR76,False,Fin de Semana,Domingo,0.0,-7.648.181,0.05,0.03848993838589249,"15,67"
2024-07-22,URBANA,027_ZW Parque Alfonso Bonilla Aragón,0.0,MR76,False,Laboral,Lunes,0.0,-7.648.181,-0.4,1.185261177041916,"354,53999999999996"
2024-07-23,URBANA,027_ZW Parque Alfonso Bonilla Aragón,0.0,MR76,False,Laboral,Martes,0.0,-7.648.181,0.45,2.530230491395271,"755,54"
2024-07-24,URBANA,027_ZW Parque Alfonso Bonilla Aragón,0.0,MR76,False,Laboral,Miércoles,0.0,-7.648.181,0.5,3.5509316174462016,"1160,5"
2024-07-25,URBANA,027_ZW Parque Alfonso Bonilla Aragón,0.0,MR76,False,Laboral,Jueves,0.0,-7.648.181,0.35,1.100492305824506,"362,13"
2024-07-26,URBANA,027_ZW Parque Alfonso Bonilla Aragón,0.0,MR76,False,Laboral,Viernes,0.0,-7.648.181,0.4,1.681306826114669,"459,07"
2024-07-27,URBANA,027_ZW Parque Alfonso Bonilla Aragón,0.0,MR76,False,Fin de Semana,Sábado,0.0,-7.648.181,0.25,0.8716306795762891,"310,96"
2024-07-28,URBANA,027_ZW Parque Alfonso Bonilla Aragón,0.0,MR76,False,Fin de Semana,Domingo,0.0,-7.648.181,0.75,-0.006706043038819923,"2,02"
2024-07-29,URBANA,027_ZW Parque Alfonso Bonilla Aragón,0.0,MR76,False,Laboral,Lunes,0.0,-7.648.181,0.55,-0.007827844720308374,"1,16"
2024-07-30,URBANA,027_ZW Parque Alfonso Bonilla Aragón,0.0,MR76,False,Laboral,Martes,0.0,-7.648.181,0.55,-0.006287431329104319,"1,52"
2024-07-31,URBANA,027_ZW Parque Alfonso Bonilla Aragón,0.0,MR76,False,Laboral,Miércoles,0.0,-7.648.181,0.35,-0.009824748839044526,"0,52"
2024-08-01,URBANA,027_ZW Parque Alfonso Bonilla Aragón,0.0,MR76,False,Laboral,Jueves,0.0,-7.648.181,0.7,-0.005665826934166995,"1,7400000000000002"
2024-08-02,URBANA,027_ZW Parque Alfonso Bonilla Aragón,0.0,MR76,False,Laboral,Viernes,0.0,-7.648.181,0.15,-0.008766078853916897,"0,89"
2024-08-03,URBANA,027_ZW Parque Alfonso Bonilla Aragón,0.0,MR76,False,Fin de Semana,Sábado,0.0,-7.648.181,0.4,-0.008453334142714056,"1,21"
2024-08-04,URBANA,027_ZW Parque Alfonso Bonilla Aragón,0.0,MR76,False,Fin de Semana,Domingo,0.0,-7.648.181,-0.3,-0.00876753573921753,"0,8400000000000001"
2024-08-05,URBANA,027_ZW Parque Alfonso Bonilla Aragón,0.0,MR76,False,Laboral,Lunes,0.0,-7.648.181,0.5,0.21153003308343704,"66,31"
2024-08-06,URBANA,027_ZW Parque Alfonso Bonilla Aragón,0.0,MR76,False,Laboral,Martes,0.0,-7.648.181,0.15,0.738872977812851,"148,73"
2024-08-07,URBANA,027_ZW Parque Alfonso Bonilla Aragón,0.0,MR76,True,Festivo,Miércoles,0.0,-7.648.181,0.65,1.0409071539138617,"257,74"
2024-08-08,URBANA,027_ZW Parque Alfonso Bonilla Aragón,0.0,MR76,False,Laboral,Jueves,0.0,-7.648.181,0.55,0.773373478617173,"202,73000000000002"
2024-08-09,URBANA,027_ZW Parque Alfonso Bonilla Aragón,0.0,MR76,False,Laboral,Viernes,0.0,-7.648.181,0.05,0.5404189759310407,"209,68"
2024-08-10,URBANA,027_ZW Parque Alfonso Bonilla Aragón,0.0,MR76,False,Fin de Semana,Sábado,0.0,-7.648.181,0.15,0.6626021185540414,"262,68"
2024-08-11,URBANA,027_ZW Parque Alfonso Bonilla Aragón,0.0,MR76,False,Fin de Semana,Domingo,0.0,-7.648.181,-0.3,0.996429416942362,"360,14"
2024-08-12,URBANA,027_ZW Parque Alfonso Bonilla Aragón,0.0,MR76,False,Laboral,Lunes,0.0,-7.648.181,-0.55,1.1104394330288039,"495,15999999999997"
2024-08-13,URBANA,027_ZW Parque Alfonso Bonilla Aragón,0.0,MR76,False,Laboral,Martes,0.0,-7.648.181,0.6,2.9762525267854434,"696,34"
2024-08-14,URBANA,027_ZW Parque Alfonso Bonilla Aragón,0.0,MR76,False,Laboral,Miércoles,0.0,-7.648.181,0.05,0.9603350836191459,"265,56"
2024-08-15,URBANA,027_ZW Parque Alfonso Bonilla Aragón,0.0,MR76,False,Laboral,Jueves,0.0,-7.648.181,0.25,1.7681352475187422,"550,12"
2024-08-16,URBANA,027_ZW Parque Alfonso Bonilla Aragón,0.0,MR76,False,Laboral,Viernes,0.0,-7.648.181,-0.6,-0.006862415394421343,"1,26"
2024-08-17,URBANA,027_ZW Parque Alfonso Bonilla Aragón,0.0,MR76,False,Fin de Semana,Sábado,0.0,-7.648.181,-0.7,-0.00955911008589553,"0,53"
2024-08-18,URBANA,027_ZW Parque Alfonso Bonilla Aragón,0.0,MR76,False,Fin de Semana,Domingo,0.0,-7.648.181,0.7,-0.007910887182444532,"1,07"
2024-08-19,URBANA,027_ZW Parque Alfonso Bonilla Aragón,0.0,MR76,True,Festivo,Lunes,0.0,-7.648.181,-0.9,-0.008775791422587793,"0,73"
2024-08-20,URBANA,027_ZW Parque Alfonso Bonilla Aragón,0.0,MR76,False,Laboral,Martes,0.0,-7.648.181,0.2,-0.00923033963638571,"1,08"
2024-08-21,URBANA,027_ZW Parque Alfonso Bonilla Aragón,0.0,MR76,False,Laboral,Miércoles,0.0,-7.648.181,0.4,-0.00795022308556166,"2,04"
2024-10-24,URBANA,027_ZW Parque Alfonso Bonilla Aragón,0.0,MR76,False,Laboral,Jueves,0.0,-7.648.181,-1.15,0.3902840319300695,"1784,38"
2024-10-25,URBANA,027_ZW Parque Alfonso Bonilla Aragón,0.0,MR76,False,Laboral,Viernes,0.0,-7.648.181,-0.3,0.133730901144262,"66,73"
2024-10-26,URBANA,027_ZW Parque Alfonso Bonilla Aragón,0.0,MR76,False,Fin de Semana,Sábado,0.0,-7.648.181,-0.8,0.43004388866968163,"117,69999999999999"
2024-10-27,URBANA,027_ZW Parque Alfonso Bonilla Aragón,0.0,MR76,False,Fin de Semana,Domingo,0.0,-7.648.181,-0.85,0.8646274319361399,"181,2"
2024-10-28,URBANA,027_ZW Parque Alfonso Bonilla Aragón,0.0,MR76,False,Laboral,Lunes,0.0,-7.648.181,-0.75,0.7089048471788023,"246,29"
2024-10-29,URBANA,027_ZW Parque Alfonso Bonilla Aragón,0.0,MR76,False,Laboral,Martes,0.0,-7.648.181,-0.9,0.207549822442104,"71,1"
2024-10-30,URBANA,027_ZW Parque Alfonso Bonilla Aragón,0.0,MR76,False,Laboral,Miércoles,0.0,-7.648.181,-1.4,1.6410778523082525,"694,54"
2024-10-31,URBANA,027_ZW Parque Alfonso Bonilla Aragón,0.0,MR76,False,Laboral,Jueves,0.0,-7.648.181,-0.7,0.6957928794730931,"310,37"
2024-11-01,URBANA,027_ZW Parque Alfonso Bonilla Aragón,0.0,MR76,False,Laboral,Viernes,0.0,-7.648.181,-0.7,1.2740461954047408,"478,64"
2024-11-02,URBANA,027_ZW Parque Alfonso Bonilla Aragón,0.0,MR76,False,Fin de Semana,Sábado,0.0,-7.648.181,-0.65,1.1701231675114578,"391,53"
2024-11-03,URBANA,027_ZW Parque Alfonso Bonilla Aragón,0.0,MR76,False,Fin de Semana,Domingo,0.0,-7.648.181,-0.7,1.2670089537742435,"447,49"
2024-11-04,URBANA,027_ZW Parque Alfonso Bonilla Aragón,0.0,MR76,True,Festivo,Lunes,0.0,-7.648.181,-0.85,0.8751068079036027,"275,15999999999997"
2024-11-05,URBANA,027_ZW Parque Alfonso Bonilla Aragón,0.0,MR76,False,Laboral,Martes,0.0,-7.648.181,0.1,0.8925321273560567,"254,89999999999998"
2024-11-06,URBANA,027_ZW Parque Alfonso Bonilla Aragón,0.0,MR76,False,Laboral,Miércoles,0.0,-7.648.181,-1.45,0.21587786444896348,"74,73"
2024-11-07,URBANA,027_ZW Parque Alfonso Bonilla Aragón,0.0,MR76,False,Laboral,Jueves,0.0,-7.648.181,0.25,0.5769969951740674,"136,22"
2024-11-08,URBANA,027_ZW Parque Alfonso Bonilla Aragón,0.0,MR76,False,Laboral,Viernes,0.0,-7.648.181,0.0,0.21586863750872615,"37,84"
2024-11-09,URBANA,027_ZW Parque Alfonso Bonilla Aragón,0.0,MR76,False,Fin de Semana,Sábado,0.0,-7.648.181,0.1,0.6496164142410538,"81,74000000000001"
2024-11-10,URBANA,027_ZW Parque Alfonso Bonilla Aragón,0.0,MR76,False,Fin de Semana,Domingo,0.0,-7.648.181,1.3,2.24351400734513,"239,69"
2024-11-11,URBANA,027_ZW Parque Alfonso Bonilla Aragón,0.0,MR76,True,Festivo,Lunes,0.0,-7.648.181,1.2,2.6100304124806506,"307,36"
2024-11-12,URBANA,027_ZW Parque Alfonso Bonilla Aragón,0.0,MR76,False,Laboral,Martes,0.0,-7.648.181,0.3,4.415647433757247,"476,90999999999997"
2024-11-13,URBANA,027_ZW Parque Alfonso Bonilla Aragón,0.0,MR76,False,Laboral,Miércoles,0.0,-7.648.181,0.85,1.3524654748535527,"173,35000000000002"
2024-11-14,URBANA,027_ZW Parque Alfonso Bonilla Aragón,0.0,MR76,False,Laboral,Jueves,0.0,-7.648.181,0.65,1.5948873038516405,"172,3"
2024-11-15,URBANA,027_ZW Parque Alfonso Bonilla Aragón,0.0,MR76,False,Laboral,Viernes,0.0,-7.648.181,-0.05,3.97926123774547,"451,1"
2024-11-16,URBANA,027_ZW Parque Alfonso Bonilla Aragón,0.0,MR76,False,Fin de Semana,Sábado,0.0,-7.648.181,1.05,1.9646345949555346,"220,98000000000002"
2024-11-17,URBANA,027_ZW Parque Alfonso Bonilla Aragón,0.0,MR76,False,Fin de Semana,Domingo,0.0,-7.648.181,1.05,2.165715846662822,"260,95000000000005"
2024-11-18,URBANA,027_ZW Parque Alfonso Bonilla Aragón,0.0,MR76,False,Laboral,Lunes,0.0,-7.648.181,0.2,4.893772908003764,"628,37"
2024-11-19,URBANA,027_ZW Parque Alfonso Bonilla Aragón,0.0,MR76,False,Laboral,Martes,0.0,-7.648.181,0.7,2.66383901417428,"344,81"
2024-11-20,URBANA,027_ZW Parque Alfonso Bonilla Aragón,0.0,MR76,False,Laboral,Miércoles,0.0,-7.648.181,0.85,2.3531941603180866,"255,16"
2024-11-21,URBANA,027_ZW Parque Alfonso Bonilla Aragón,0.0,MR76,False,Laboral,Jueves,0.0,-7.648.181,0.55,0.49416286763590006,"57,65"
2024-11-22,URBANA,027_ZW Parque Alfonso Bonilla Aragón,0.0,MR76,False,Laboral,Viernes,0.0,-7.648.181,1.0,2.4005667283819467,"246,01999999999998"
2024-11-23,URBANA,027_ZW Parque Alfonso Bonilla Aragón,0.0,MR76,False,Fin de Semana,Sábado,0.0,-7.648.181,0.55,3.1540828603514734,"340,12"
2024-11-24,URBANA,027_ZW Parque Alfonso Bonilla Aragón,0.0,MR76,False,Fin de Semana,Domingo,0.0,-7.648.181,-0.1,0.44610702036604244,"127,23"
2024-11-25,URBANA,027_ZW Parque Alfonso Bonilla Aragón,0.0,MR76,False,Laboral,Lunes,0.0,-7.648.181,-2.1,0.22066956020274986,"116,17000000000002"
2024-11-26,URBANA,027_ZW Parque Alfonso Bonilla Aragón,0.0,MR76,False,Laboral,Martes,0.0,-7.648.181,-0.6,0.6658096943576046,"177,06"
2024-11-27,URBANA,027_ZW Parque Alfonso Bonilla Aragón,0.0,MR76,False,Laboral,Miércoles,0.0,-7.648.181,0.25,1.8045078459343795,"192,54"
2024-11-28,URBANA,027_ZW Parque Alfonso Bonilla Aragón,0.0,MR76,False,Laboral,Jueves,0.0,-7.648.181,0.35,1.9746788478465414,"194,23"
2024-11-29,URBANA,027_ZW Parque Alfonso Bonilla Aragón,0.0,MR76,False,Laboral,Viernes,0.0,-7.648.181,0.25,2.5804216468874253,"240,14"
2024-11-30,URBANA,027_ZW Parque Alfonso Bonilla Aragón,0.0,MR76,False,Fin de Semana,Sábado,0.0,-7.648.181,0.3,5.637802288523993,"510,35"
2024-12-01,URBANA,027_ZW Parque Alfonso Bonilla Aragón,0.0,MR76,False,Fin de Semana,Domingo,0.0,-7.648.181,0.3,3.2451435335538896,"277,48"
2024-12-02,URBANA,027_ZW Parque Alfonso Bonilla Aragón,0.0,MR76,False,Laboral,Lunes,0.0,-7.648.181,0.95,4.786293137463199,"473,46000000000004"
2024-12-03,URBANA,027_ZW Parque Alfonso Bonilla Aragón,0.0,MR76,False,Laboral,Martes,0.0,-7.648.181,0.15,1.6856716544753696,"187,17000000000002"
