FECHA.CONEXION,AREA,NOMBRE.ZONA,COMUNA,MODEL,es_festivo,tipo_dia,dia_semana,LATITUD,LONGITUD,NUMERO.CONEXIONES,USAGE.KB,PORCENTAJE.USO
2024-01-01,URBANA,055_ZW Polideportivo Petecuy,0.0,MR76,True,Festivo,Lunes,0.0,-7.648.235,-1.6724137931034482,-0.058241177007021916,"0,0"
2024-01-02,URBANA,055_ZW Polideportivo Petecuy,0.0,MR76,False,Laboral,Martes,0.0,-7.648.235,-1.6379310344827587,-0.058219290512812716,"0,0"
2024-01-03,URBANA,055_ZW Polideportivo Petecuy,0.0,MR76,False,Laboral,Miércoles,0.0,-7.648.235,-1.2586206896551724,0.7462042131501353,"27,299999999999997"
2024-01-04,URBANA,055_ZW Polideportivo Petecuy,0.0,MR76,False,Laboral,Jueves,0.0,-7.648.235,-1.2586206896551724,2.0870778490439856,"83,5"
2024-01-05,URBANA,055_ZW Polideportivo Petecuy,0.0,MR76,False,Laboral,Viernes,0.0,-7.648.235,-1.1896551724137931,0.023850199106301487,"3,1"
2024-01-06,URBANA,055_ZW Polideportivo Petecuy,0.0,MR76,False,Fin de Semana,Sábado,0.0,-7.648.235,-1.1551724137931034,0.14707602516946833,"11,0"
2024-01-07,URBANA,055_ZW Polideportivo Petecuy,0.0,MR76,False,Fin de Semana,Domingo,0.0,-7.648.235,-1.0517241379310345,2.470405204121956,"103,6"
2024-01-08,URBANA,055_ZW Polideportivo Petecuy,0.0,MR76,True,Festivo,Lunes,0.0,-7.648.235,-1.3275862068965518,5.599826123962671,"147,5"
2024-01-09,URBANA,055_ZW Polideportivo Petecuy,0.0,MR76,False,Laboral,Martes,0.0,-7.648.235,-1.2241379310344827,1.2736833145879563,"42,3"
2024-01-10,URBANA,055_ZW Polideportivo Petecuy,0.0,MR76,False,Laboral,Miércoles,0.0,-7.648.235,-0.7068965517241379,2.9902945557345655,"103,9"
2024-01-11,URBANA,055_ZW Polideportivo Petecuy,0.0,MR76,False,Laboral,Jueves,0.0,-7.648.235,-1.1551724137931034,2.5690233151959143,"100,4"
2024-01-12,URBANA,055_ZW Polideportivo Petecuy,0.0,MR76,False,Laboral,Viernes,0.0,-7.648.235,-0.7758620689655172,11.010019150682433,"391,9"
2024-01-13,URBANA,055_ZW Polideportivo Petecuy,0.0,MR76,False,Fin de Semana,Sábado,0.0,-7.648.235,-0.8448275862068966,9.671523847159316,"444,4"
2024-01-14,URBANA,055_ZW Polideportivo Petecuy,0.0,MR76,False,Fin de Semana,Domingo,0.0,-7.648.235,-1.1206896551724137,15.236573547739916,"794,8"
2024-01-15,URBANA,055_ZW Polideportivo Petecuy,0.0,MR76,False,Laboral,Lunes,0.0,-7.648.235,-0.22413793103448276,19.075389245219927,"1137,3"
2024-01-16,URBANA,055_ZW Polideportivo Petecuy,0.0,MR76,False,Laboral,Martes,0.0,-7.648.235,-0.46551724137931033,12.44466911876463,"601,1"
2024-01-17,URBANA,055_ZW Polideportivo Petecuy,0.0,MR76,False,Laboral,Miércoles,0.0,-7.648.235,-0.3275862068965517,9.433717360245614,"390,3"
2024-01-18,URBANA,055_ZW Polideportivo Petecuy,0.0,MR76,False,Laboral,Jueves,0.0,-7.648.235,-0.29310344827586204,8.888437243517647,"306,7"
2024-01-19,URBANA,055_ZW Polideportivo Petecuy,0.0,MR76,False,Laboral,Viernes,0.0,-7.648.235,0.1206896551724138,12.732160379365899,"342,7"
2024-01-20,URBANA,055_ZW Polideportivo Petecuy,0.0,MR76,False,Fin de Semana,Sábado,0.0,-7.648.235,-0.43103448275862066,12.016491473386631,"383,5"
2024-01-21,URBANA,055_ZW Polideportivo Petecuy,0.0,MR76,False,Fin de Semana,Domingo,0.0,-7.648.235,-0.7068965517241379,14.635825759187767,"466,70000000000005"
2024-01-22,URBANA,055_ZW Polideportivo Petecuy,0.0,MR76,False,Laboral,Lunes,0.0,-7.648.235,-0.5689655172413793,5.196358330546858,"206,0"
2024-01-23,URBANA,055_ZW Polideportivo Petecuy,0.0,MR76,False,Laboral,Martes,0.0,-7.648.235,-0.603448275862069,-0.03767273611575524,"0,8"
2024-01-24,URBANA,055_ZW Polideportivo Petecuy,0.0,MR76,False,Laboral,Miércoles,0.0,-7.648.235,-0.5689655172413793,-0.04537435024470316,"0,4"
2024-01-25,URBANA,055_ZW Polideportivo Petecuy,0.0,MR76,False,Laboral,Jueves,0.0,-7.648.235,0.05172413793103448,0.38974860929568045,"12,3"
2024-01-26,URBANA,055_ZW Polideportivo Petecuy,0.0,MR76,False,Laboral,Viernes,0.0,-7.648.235,-0.43103448275862066,-0.04189439766544062,"0,4"
2024-01-27,URBANA,055_ZW Polideportivo Petecuy,0.0,MR76,False,Fin de Semana,Sábado,0.0,-7.648.235,-0.7068965517241379,0.4022190473295437,"15,2"
2024-01-28,URBANA,055_ZW Polideportivo Petecuy,0.0,MR76,False,Fin de Semana,Domingo,0.0,-7.648.235,-1.0172413793103448,0.017121318053317933,"3,0"
2024-01-29,URBANA,055_ZW Polideportivo Petecuy,0.0,MR76,False,Laboral,Lunes,0.0,-7.648.235,-0.43103448275862066,0.9015059123932273,"33,9"
2024-01-30,URBANA,055_ZW Polideportivo Petecuy,0.0,MR76,False,Laboral,Martes,0.0,-7.648.235,0.25862068965517243,-0.015511444812596894,"2,0"
2024-01-31,URBANA,055_ZW Polideportivo Petecuy,0.0,MR76,False,Laboral,Miércoles,0.0,-7.648.235,-0.08620689655172414,-0.03238106818250904,"1,0"
2024-02-01,URBANA,055_ZW Polideportivo Petecuy,0.0,MR76,False,Laboral,Jueves,0.0,-7.648.235,-0.29310344827586204,-0.04463020944159042,"0,4"
2024-02-02,URBANA,055_ZW Polideportivo Petecuy,0.0,MR76,False,Laboral,Viernes,0.0,-7.648.235,-0.7413793103448276,-0.04717147460254734,"0,5"
2024-02-03,URBANA,055_ZW Polideportivo Petecuy,0.0,MR76,False,Fin de Semana,Sábado,0.0,-7.648.235,-0.9482758620689655,-0.034966106331884364,"0,5"
2024-02-04,URBANA,055_ZW Polideportivo Petecuy,0.0,MR76,False,Fin de Semana,Domingo,0.0,-7.648.235,-1.0517241379310345,-0.047215247590965743,"0,30000000000000004"
2024-02-05,URBANA,055_ZW Polideportivo Petecuy,0.0,MR76,False,Laboral,Lunes,0.0,-7.648.235,-0.7758620689655172,-0.039885703863574186,"0,5"
2024-02-06,URBANA,055_ZW Polideportivo Petecuy,0.0,MR76,False,Laboral,Martes,0.0,-7.648.235,-0.3275862068965517,-0.036853208499255254,"0,6"
2024-02-07,URBANA,055_ZW Polideportivo Petecuy,0.0,MR76,False,Laboral,Miércoles,0.0,-7.648.235,-0.25862068965517243,-0.04301547253548956,"0,4"
2024-02-08,URBANA,055_ZW Polideportivo Petecuy,0.0,MR76,False,Laboral,Jueves,0.0,-7.648.235,-0.6379310344827587,-0.050974860929568044,"0,2"
2024-02-09,URBANA,055_ZW Polideportivo Petecuy,0.0,MR76,False,Laboral,Viernes,0.0,-7.648.235,-0.39655172413793105,-0.043628294373347115,"0,5"
2024-02-10,URBANA,055_ZW Polideportivo Petecuy,0.0,MR76,False,Fin de Semana,Sábado,0.0,-7.648.235,-0.603448275862069,-0.048929689637352954,"0,30000000000000004"
2024-02-11,URBANA,055_ZW Polideportivo Petecuy,0.0,MR76,False,Fin de Semana,Domingo,0.0,-7.648.235,-0.5344827586206896,-0.04514089430647172,"0,4"
2024-02-12,URBANA,055_ZW Polideportivo Petecuy,0.0,MR76,False,Laboral,Lunes,0.0,-7.648.235,-0.46551724137931033,-0.047845092257652676,"0,4"
2024-02-13,URBANA,055_ZW Polideportivo Petecuy,0.0,MR76,False,Laboral,Martes,0.0,-7.648.235,-0.39655172413793105,-0.018935465239991487,"1,8"
2024-02-14,URBANA,055_ZW Polideportivo Petecuy,0.0,MR76,False,Laboral,Miércoles,0.0,-7.648.235,-0.3620689655172414,-0.04192601149040946,"0,8999999999999999"
2024-02-15,URBANA,055_ZW Polideportivo Petecuy,0.0,MR76,False,Laboral,Jueves,0.0,-7.648.235,-0.8448275862068966,-0.047176338267927165,"0,4"
2024-02-16,URBANA,055_ZW Polideportivo Petecuy,0.0,MR76,False,Laboral,Viernes,0.0,-7.648.235,-0.39655172413793105,-0.04006322764993769,"0,7"
2024-02-17,URBANA,055_ZW Polideportivo Petecuy,0.0,MR76,False,Fin de Semana,Sábado,0.0,-7.648.235,-0.43103448275862066,-0.010762075569200839,"1,9000000000000001"
2024-02-18,URBANA,055_ZW Polideportivo Petecuy,0.0,MR76,False,Fin de Semana,Domingo,0.0,-7.648.235,-0.39655172413793105,-0.04273337994345989,"0,5"
2024-02-19,URBANA,055_ZW Polideportivo Petecuy,0.0,MR76,False,Laboral,Lunes,0.0,-7.648.235,-0.39655172413793105,-0.0032136668997172994,"1,5"
2024-02-20,URBANA,055_ZW Polideportivo Petecuy,0.0,MR76,False,Laboral,Martes,0.0,-7.648.235,-0.15517241379310345,0.1294257835060948,"6,3"
2024-02-21,URBANA,055_ZW Polideportivo Petecuy,0.0,MR76,False,Laboral,Miércoles,0.0,-7.648.235,-0.46551724137931033,-0.04857950573000577,"0,4"
2024-02-22,URBANA,055_ZW Polideportivo Petecuy,0.0,MR76,False,Laboral,Jueves,0.0,-7.648.235,-0.46551724137931033,-0.048633006049183816,"0,2"
2024-02-23,URBANA,055_ZW Polideportivo Petecuy,0.0,MR76,False,Laboral,Viernes,0.0,-7.648.235,-0.3275862068965517,-0.03766057695230568,"0,6"
2024-02-24,URBANA,055_ZW Polideportivo Petecuy,0.0,MR76,False,Fin de Semana,Sábado,0.0,-7.648.235,-0.5689655172413793,-0.014324710459920358,"1,4"
2024-02-25,URBANA,055_ZW Polideportivo Petecuy,0.0,MR76,False,Fin de Semana,Domingo,0.0,-7.648.235,-0.8793103448275862,-0.034212238198011974,"0,6"
2024-02-26,URBANA,055_ZW Polideportivo Petecuy,0.0,MR76,False,Laboral,Lunes,0.0,-7.648.235,-0.7413793103448276,-0.05311730552937958,"0,2"
2024-02-27,URBANA,055_ZW Polideportivo Petecuy,0.0,MR76,False,Laboral,Martes,0.0,-7.648.235,-0.05172413793103448,-0.03834635377086056,"0,7"
2024-02-28,URBANA,055_ZW Polideportivo Petecuy,0.0,MR76,False,Laboral,Miércoles,0.0,-7.648.235,-0.8793103448275862,-0.05225157309177129,"0,1"
2024-02-29,URBANA,055_ZW Polideportivo Petecuy,0.0,MR76,False,Laboral,Jueves,0.0,-7.648.235,-0.39655172413793105,-0.049265282548560656,"0,5"
2024-03-01,URBANA,055_ZW Polideportivo Petecuy,0.0,MR76,False,Laboral,Viernes,0.0,-7.648.235,-0.603448275862069,-0.049778399246131866,"0,30000000000000004"
2024-03-02,URBANA,055_ZW Polideportivo Petecuy,0.0,MR76,False,Fin de Semana,Sábado,0.0,-7.648.235,-0.5,-0.04956439796941971,"0,4"
2024-03-03,URBANA,055_ZW Polideportivo Petecuy,0.0,MR76,False,Fin de Semana,Domingo,0.0,-7.648.235,-0.46551724137931033,-0.032903912210839895,"0,7"
2024-03-04,URBANA,055_ZW Polideportivo Petecuy,0.0,MR76,False,Laboral,Lunes,0.0,-7.648.235,-0.25862068965517243,-0.051001611089157066,"0,2"
2024-03-05,URBANA,055_ZW Polideportivo Petecuy,0.0,MR76,False,Laboral,Martes,0.0,-7.648.235,-0.7068965517241379,-0.053285101984983436,"0,1"
2024-03-06,URBANA,055_ZW Polideportivo Petecuy,0.0,MR76,False,Laboral,Miércoles,0.0,-7.648.235,-0.39655172413793105,-0.014127732012037571,"1,5"
2024-03-07,URBANA,055_ZW Polideportivo Petecuy,0.0,MR76,False,Laboral,Jueves,0.0,-7.648.235,0.1896551724137931,-0.01583974222573487,"1,6"
2024-03-08,URBANA,055_ZW Polideportivo Petecuy,0.0,MR76,False,Laboral,Viernes,0.0,-7.648.235,0.25862068965517243,-0.03796212420585464,"0,8"
2024-03-09,URBANA,055_ZW Polideportivo Petecuy,0.0,MR76,False,Fin de Semana,Sábado,0.0,-7.648.235,-0.22413793103448276,0.0012973827400674833,"2,5"
2024-03-10,URBANA,055_ZW Polideportivo Petecuy,0.0,MR76,False,Fin de Semana,Domingo,0.0,-7.648.235,-0.7068965517241379,-0.049474420159893,"0,4"
2024-03-11,URBANA,055_ZW Polideportivo Petecuy,0.0,MR76,False,Laboral,Lunes,0.0,-7.648.235,-0.3275862068965517,-0.050191810803416725,"0,4"
2024-03-12,URBANA,055_ZW Polideportivo Petecuy,0.0,MR76,False,Laboral,Martes,0.0,-7.648.235,-0.603448275862069,0.45071465483174755,"23,7"
2024-03-13,URBANA,055_ZW Polideportivo Petecuy,0.0,MR76,False,Laboral,Miércoles,0.0,-7.648.235,-0.1896551724137931,-0.033200595799009025,"1,4"
2024-03-14,URBANA,055_ZW Polideportivo Petecuy,0.0,MR76,False,Laboral,Jueves,0.0,-7.648.235,-0.6379310344827587,-0.05204973097850868,"0,2"
2024-03-15,URBANA,055_ZW Polideportivo Petecuy,0.0,MR76,False,Laboral,Viernes,0.0,-7.648.235,-0.5689655172413793,-0.03644952427273004,"0,7"
2024-03-16,URBANA,055_ZW Polideportivo Petecuy,0.0,MR76,False,Fin de Semana,Sábado,0.0,-7.648.235,-0.1896551724137931,-0.036323068972854665,"0,8"
2024-03-17,URBANA,055_ZW Polideportivo Petecuy,0.0,MR76,False,Fin de Semana,Domingo,0.0,-7.648.235,-0.43103448275862066,0.632136668997173,"21,9"
2024-03-18,URBANA,055_ZW Polideportivo Petecuy,0.0,MR76,False,Laboral,Lunes,0.0,-7.648.235,-0.9137931034482759,-0.01339088670699456,"1,6"
2024-03-19,URBANA,055_ZW Polideportivo Petecuy,0.0,MR76,False,Laboral,Martes,0.0,-7.648.235,-0.7413793103448276,0.9925075234823844,"57,300000000000004"
2024-03-20,URBANA,055_ZW Polideportivo Petecuy,0.0,MR76,False,Laboral,Miércoles,0.0,-7.648.235,-0.6379310344827587,0.8021825698391951,"54,0"
2024-03-21,URBANA,055_ZW Polideportivo Petecuy,0.0,MR76,False,Laboral,Jueves,0.0,-7.648.235,-0.08620689655172414,0.672653433443779,"34,4"
2024-03-22,URBANA,055_ZW Polideportivo Petecuy,0.0,MR76,False,Laboral,Viernes,0.0,-7.648.235,-0.3275862068965517,0.435304131075782,"20,8"
2024-03-23,URBANA,055_ZW Polideportivo Petecuy,0.0,MR76,False,Fin de Semana,Sábado,0.0,-7.648.235,-0.603448275862069,1.052337903152263,"58,6"
2024-03-24,URBANA,055_ZW Polideportivo Petecuy,0.0,MR76,True,Festivo,Domingo,0.0,-7.648.235,0.1206896551724138,-0.04368179469252515,"0,7"
2024-03-25,URBANA,055_ZW Polideportivo Petecuy,0.0,MR76,True,Festivo,Lunes,0.0,-7.648.235,-0.7758620689655172,-0.052978691066054656,"0,30000000000000004"
2024-03-26,URBANA,055_ZW Polideportivo Petecuy,0.0,MR76,False,Laboral,Martes,0.0,-7.648.235,0.1896551724137931,0.049666534942395965,"5,7"
2024-03-27,URBANA,055_ZW Polideportivo Petecuy,0.0,MR76,False,Laboral,Miércoles,0.0,-7.648.235,0.1206896551724138,0.01467246253457762,"3,7"
2024-03-28,URBANA,055_ZW Polideportivo Petecuy,0.0,MR76,True,Festivo,Jueves,0.0,-7.648.235,-0.3620689655172414,-0.03148858558531173,"1,7"
2024-03-29,URBANA,055_ZW Polideportivo Petecuy,0.0,MR76,True,Festivo,Viernes,0.0,-7.648.235,-0.7758620689655172,0.9582162507219504,"42,099999999999994"
2024-03-30,URBANA,055_ZW Polideportivo Petecuy,0.0,MR76,False,Fin de Semana,Sábado,0.0,-7.648.235,-0.1896551724137931,6.751590722558288,"449,1"
2024-03-31,URBANA,055_ZW Polideportivo Petecuy,0.0,MR76,True,Festivo,Domingo,0.0,-7.648.235,-0.603448275862069,14.01978903851415,"760,0"
2024-04-01,URBANA,055_ZW Polideportivo Petecuy,0.0,MR76,False,Laboral,Lunes,0.0,-7.648.235,0.29310344827586204,17.908316259841325,"704,3"
2024-04-02,URBANA,055_ZW Polideportivo Petecuy,0.0,MR76,False,Laboral,Martes,0.0,-7.648.235,-1.0517241379310345,0.30334559382314497,"21,2"
2024-04-03,URBANA,055_ZW Polideportivo Petecuy,0.0,MR76,False,Laboral,Miércoles,0.0,-7.648.235,0.05172413793103448,4.68355533939265,"216,39999999999998"
2024-04-04,URBANA,055_ZW Polideportivo Petecuy,0.0,MR76,False,Laboral,Jueves,0.0,-7.648.235,-0.1206896551724138,2.1488463993677236,"79,0"
2024-04-05,URBANA,055_ZW Polideportivo Petecuy,0.0,MR76,False,Laboral,Viernes,0.0,-7.648.235,0.05172413793103448,5.355446393288142,"198,1"
2024-04-06,URBANA,055_ZW Polideportivo Petecuy,0.0,MR76,False,Fin de Semana,Sábado,0.0,-7.648.235,-0.08620689655172414,1.2973255919992706,"46,300000000000004"
2024-04-07,URBANA,055_ZW Polideportivo Petecuy,0.0,MR76,False,Fin de Semana,Domingo,0.0,-7.648.235,-0.5,1.6277751770678177,"57,9"
2024-04-08,URBANA,055_ZW Polideportivo Petecuy,0.0,MR76,False,Laboral,Lunes,0.0,-7.648.235,0.017241379310344827,2.80314071191902,"166,3"
2024-04-09,URBANA,055_ZW Polideportivo Petecuy,0.0,MR76,False,Laboral,Martes,0.0,-7.648.235,-0.15517241379310345,1.0347508891388273,"58,699999999999996"
2024-04-10,URBANA,055_ZW Polideportivo Petecuy,0.0,MR76,False,Laboral,Miércoles,0.0,-7.648.235,-0.017241379310344827,2.475604462412986,"245,20000000000002"
2024-04-11,URBANA,055_ZW Polideportivo Petecuy,0.0,MR76,False,Laboral,Jueves,0.0,-7.648.235,-0.15517241379310345,0.24261786789068912,"28,0"
2024-04-12,URBANA,055_ZW Polideportivo Petecuy,0.0,MR76,False,Laboral,Viernes,0.0,-7.648.235,-0.29310344827586204,0.8227680335592911,"53,3"
2024-04-13,URBANA,055_ZW Polideportivo Petecuy,0.0,MR76,False,Fin de Semana,Sábado,0.0,-7.648.235,-0.46551724137931033,4.269246435845214,"209,2"
2024-04-14,URBANA,055_ZW Polideportivo Petecuy,0.0,MR76,False,Fin de Semana,Domingo,0.0,-7.648.235,-0.017241379310344827,1.4542517554792231,"90,2"
2024-04-15,URBANA,055_ZW Polideportivo Petecuy,0.0,MR76,False,Laboral,Lunes,0.0,-7.648.235,0.22413793103448276,-0.04196248898075813,"1,7"
2024-04-16,URBANA,055_ZW Polideportivo Petecuy,0.0,MR76,False,Laboral,Martes,0.0,-7.648.235,-0.25862068965517243,-0.04863543788187373,"0,9"
2024-04-17,URBANA,055_ZW Polideportivo Petecuy,0.0,MR76,False,Laboral,Miércoles,0.0,-7.648.235,-0.05172413793103448,-0.04128400766027297,"1,9000000000000001"
2024-04-18,URBANA,055_ZW Polideportivo Petecuy,0.0,MR76,False,Laboral,Jueves,0.0,-7.648.235,-0.25862068965517243,-0.009016019697844789,"6,9"
2024-04-19,URBANA,055_ZW Polideportivo Petecuy,0.0,MR76,False,Laboral,Viernes,0.0,-7.648.235,0.3620689655172414,-0.005261270024622306,"5,4"
2024-04-20,URBANA,055_ZW Polideportivo Petecuy,0.0,MR76,False,Fin de Semana,Sábado,0.0,-7.648.235,0.43103448275862066,0.45131531750615556,"26,8"
2024-04-21,URBANA,055_ZW Polideportivo Petecuy,0.0,MR76,False,Fin de Semana,Domingo,0.0,-7.648.235,0.3275862068965517,0.2880590935343648,"23,0"
2024-04-22,URBANA,055_ZW Polideportivo Petecuy,0.0,MR76,False,Laboral,Lunes,0.0,-7.648.235,-0.46551724137931033,0.972340334984953,"91,10000000000001"
2024-04-23,URBANA,055_ZW Polideportivo Petecuy,0.0,MR76,False,Laboral,Martes,0.0,-7.648.235,0.1206896551724138,1.3199343405173725,"30,9"
2024-04-24,URBANA,055_ZW Polideportivo Petecuy,0.0,MR76,False,Laboral,Miércoles,0.0,-7.648.235,0.1206896551724138,10.460009119372588,"235,5"
2024-04-25,URBANA,055_ZW Polideportivo Petecuy,0.0,MR76,False,Laboral,Jueves,0.0,-7.648.235,0.29310344827586204,1.2646587834756968,"45,8"
2024-04-26,URBANA,055_ZW Polideportivo Petecuy,0.0,MR76,False,Laboral,Viernes,0.0,-7.648.235,-0.25862068965517243,0.7766920995835487,"34,3"
2024-04-27,URBANA,055_ZW Polideportivo Petecuy,0.0,MR76,False,Fin de Semana,Sábado,0.0,-7.648.235,0.8448275862068966,0.6926868711432653,"25,3"
2024-04-28,URBANA,055_ZW Polideportivo Petecuy,0.0,MR76,False,Fin de Semana,Domingo,0.0,-7.648.235,-0.25862068965517243,-0.03731525671033833,"1,2"
2024-04-29,URBANA,055_ZW Polideportivo Petecuy,0.0,MR76,False,Laboral,Lunes,0.0,-7.648.235,-0.017241379310344827,-0.04132291698331155,"0,8999999999999999"
2024-04-30,URBANA,055_ZW Polideportivo Petecuy,0.0,MR76,False,Laboral,Martes,0.0,-7.648.235,-0.25862068965517243,-0.0466048575857981,"0,7"
2024-05-01,URBANA,055_ZW Polideportivo Petecuy,0.0,MR76,True,Festivo,Miércoles,0.0,-7.648.235,-0.3620689655172414,-0.03773839559838283,"1,6"
2024-05-02,URBANA,055_ZW Polideportivo Petecuy,0.0,MR76,False,Laboral,Jueves,0.0,-7.648.235,-0.1896551724137931,-0.04837279995136334,"0,8"
2024-05-03,URBANA,055_ZW Polideportivo Petecuy,0.0,MR76,False,Laboral,Viernes,0.0,-7.648.235,-0.46551724137931033,0.189460437121926,"22,2"
2024-05-04,URBANA,055_ZW Polideportivo Petecuy,0.0,MR76,False,Fin de Semana,Sábado,0.0,-7.648.235,0.603448275862069,0.19654436574763656,"14,5"
2024-05-05,URBANA,055_ZW Polideportivo Petecuy,0.0,MR76,False,Fin de Semana,Domingo,0.0,-7.648.235,-0.1896551724137931,-0.03823205763443475,"1,3"
2024-05-06,URBANA,055_ZW Polideportivo Petecuy,0.0,MR76,False,Laboral,Lunes,0.0,-7.648.235,0.08620689655172414,-0.04323920114296136,"1,2999999999999998"
2024-05-07,URBANA,055_ZW Polideportivo Petecuy,0.0,MR76,False,Laboral,Martes,0.0,-7.648.235,-0.05172413793103448,0.14734352676535856,"13,899999999999999"
2024-05-08,URBANA,055_ZW Polideportivo Petecuy,0.0,MR76,False,Laboral,Miércoles,0.0,-7.648.235,0.3275862068965517,3.0462145484390675,"161,1"
2024-05-09,URBANA,055_ZW Polideportivo Petecuy,0.0,MR76,False,Laboral,Jueves,0.0,-7.648.235,0.05172413793103448,0.4764021035352768,"24,9"
2024-05-10,URBANA,055_ZW Polideportivo Petecuy,0.0,MR76,False,Laboral,Viernes,0.0,-7.648.235,-0.25862068965517243,-0.034496762622731554,"1,3"
2024-05-11,URBANA,055_ZW Polideportivo Petecuy,0.0,MR76,False,Fin de Semana,Sábado,0.0,-7.648.235,0.29310344827586204,0.10988600784266042,"9,3"
2024-05-12,URBANA,055_ZW Polideportivo Petecuy,0.0,MR76,False,Fin de Semana,Domingo,0.0,-7.648.235,-0.6379310344827587,0.3945903881812931,"45,1"
2024-05-13,URBANA,055_ZW Polideportivo Petecuy,0.0,MR76,True,Festivo,Lunes,0.0,-7.648.235,-0.5689655172413793,-0.03755600814663951,"1,6"
2024-05-14,URBANA,055_ZW Polideportivo Petecuy,0.0,MR76,False,Laboral,Martes,0.0,-7.648.235,-0.08620689655172414,0.003999148858558531,"11,9"
2024-05-15,URBANA,055_ZW Polideportivo Petecuy,0.0,MR76,False,Laboral,Miércoles,0.0,-7.648.235,-0.05172413793103448,-0.04278688026263793,"1,0"
2024-05-16,URBANA,055_ZW Polideportivo Petecuy,0.0,MR76,False,Laboral,Jueves,0.0,-7.648.235,0.1206896551724138,-0.04217405842478038,"0,8"
2024-05-17,URBANA,055_ZW Polideportivo Petecuy,0.0,MR76,False,Laboral,Viernes,0.0,-7.648.235,0.5344827586206896,-0.01607806182934614,"1,7000000000000002"
2024-05-18,URBANA,055_ZW Polideportivo Petecuy,0.0,MR76,False,Fin de Semana,Sábado,0.0,-7.648.235,0.7413793103448276,-0.027181809891479468,"1,2000000000000002"
2024-05-19,URBANA,055_ZW Polideportivo Petecuy,0.0,MR76,False,Fin de Semana,Domingo,0.0,-7.648.235,-0.1896551724137931,0.100450497005806,"5,6000000000000005"
2024-05-20,URBANA,055_ZW Polideportivo Petecuy,0.0,MR76,False,Laboral,Lunes,0.0,-7.648.235,-0.05172413793103448,-0.02683162598413229,"1,9"
2024-05-21,URBANA,055_ZW Polideportivo Petecuy,0.0,MR76,False,Laboral,Martes,0.0,-7.648.235,-0.25862068965517243,-0.04693315499893607,"0,6000000000000001"
2024-05-22,URBANA,055_ZW Polideportivo Petecuy,0.0,MR76,False,Laboral,Miércoles,0.0,-7.648.235,-0.15517241379310345,-0.02963796090828951,"4,5"
2024-05-23,URBANA,055_ZW Polideportivo Petecuy,0.0,MR76,False,Laboral,Jueves,0.0,-7.648.235,0.29310344827586204,-0.0385092865610846,"1,6"
2024-05-24,URBANA,055_ZW Polideportivo Petecuy,0.0,MR76,False,Laboral,Viernes,0.0,-7.648.235,-0.1896551724137931,-0.048102866522783234,"0,8999999999999999"
2024-05-25,URBANA,055_ZW Polideportivo Petecuy,0.0,MR76,False,Fin de Semana,Sábado,0.0,-7.648.235,0.5,-0.034902878681946685,"1,4"
2024-05-26,URBANA,055_ZW Polideportivo Petecuy,0.0,MR76,False,Fin de Semana,Domingo,0.0,-7.648.235,0.05172413793103448,-0.0105310514636593,"2,8"
2024-05-27,URBANA,055_ZW Polideportivo Petecuy,0.0,MR76,False,Laboral,Lunes,0.0,-7.648.235,0.08620689655172414,-0.032021156944402225,"1,2"
2024-05-28,URBANA,055_ZW Polideportivo Petecuy,0.0,MR76,False,Laboral,Martes,0.0,-7.648.235,-0.017241379310344827,-0.032726388424476394,"1,5"
2024-05-29,URBANA,055_ZW Polideportivo Petecuy,0.0,MR76,False,Laboral,Miércoles,0.0,-7.648.235,0.15517241379310345,0.0013387238957959693,"4,9"
2024-05-30,URBANA,055_ZW Polideportivo Petecuy,0.0,MR76,False,Laboral,Jueves,0.0,-7.648.235,0.1206896551724138,-0.0476286591482506,"0,4"
2024-05-31,URBANA,055_ZW Polideportivo Petecuy,0.0,MR76,False,Laboral,Viernes,0.0,-7.648.235,0.603448275862069,-0.010562665288628143,"2,1"
2024-06-01,URBANA,055_ZW Polideportivo Petecuy,0.0,MR76,False,Fin de Semana,Sábado,0.0,-7.648.235,0.5,5.531535398364593,"229,7"
2024-06-02,URBANA,055_ZW Polideportivo Petecuy,0.0,MR76,False,Fin de Semana,Domingo,0.0,-7.648.235,0.3620689655172414,5.268194668206827,"223,39999999999998"
2024-06-03,URBANA,055_ZW Polideportivo Petecuy,0.0,MR76,True,Festivo,Lunes,0.0,-7.648.235,0.08620689655172414,3.712991458187677,"223,8"
2024-06-04,URBANA,055_ZW Polideportivo Petecuy,0.0,MR76,False,Laboral,Martes,0.0,-7.648.235,0.1206896551724138,2.45419460741101,"227,3"
2024-06-05,URBANA,055_ZW Polideportivo Petecuy,0.0,MR76,False,Laboral,Miércoles,0.0,-7.648.235,0.8103448275862069,-0.005103200899778095,"7,7"
2024-06-06,URBANA,055_ZW Polideportivo Petecuy,0.0,MR76,False,Laboral,Jueves,0.0,-7.648.235,0.39655172413793105,3.763872693558683,"257,5"
2024-06-07,URBANA,055_ZW Polideportivo Petecuy,0.0,MR76,False,Laboral,Viernes,0.0,-7.648.235,0.8793103448275862,0.8367316168647597,"76,5"
2024-06-08,URBANA,055_ZW Polideportivo Petecuy,0.0,MR76,False,Fin de Semana,Sábado,0.0,-7.648.235,0.5689655172413793,0.5947399458917226,"85,19999999999999"
2024-06-09,URBANA,055_ZW Polideportivo Petecuy,0.0,MR76,False,Fin de Semana,Domingo,0.0,-7.648.235,0.5,-0.01571815059123932,"6,0"
2024-06-10,URBANA,055_ZW Polideportivo Petecuy,0.0,MR76,True,Festivo,Lunes,0.0,-7.648.235,-0.08620689655172414,-0.03622822749794814,"1,7"
2024-06-11,URBANA,055_ZW Polideportivo Petecuy,0.0,MR76,False,Laboral,Martes,0.0,-7.648.235,0.6379310344827587,-0.03238593184788886,"1,7"
2024-06-12,URBANA,055_ZW Polideportivo Petecuy,0.0,MR76,False,Laboral,Miércoles,0.0,-7.648.235,1.3620689655172413,-0.00037571815059123933,"3,3"
2024-06-13,URBANA,055_ZW Polideportivo Petecuy,0.0,MR76,False,Laboral,Jueves,0.0,-7.648.235,0.9137931034482759,0.052232118430252,"884707500,0"
2024-06-14,URBANA,055_ZW Polideportivo Petecuy,0.0,MR76,False,Laboral,Viernes,0.0,-7.648.235,0.9137931034482759,0.022809374715019606,"1002157900,0"
2024-06-15,URBANA,055_ZW Polideportivo Petecuy,0.0,MR76,False,Fin de Semana,Sábado,0.0,-7.648.235,0.6379310344827587,-0.005728181901085205,"168468000,0"
2024-06-16,URBANA,055_ZW Polideportivo Petecuy,0.0,MR76,False,Fin de Semana,Domingo,0.0,-7.648.235,-0.017241379310344827,-0.008695017782776544,"365595700,0"
2024-06-17,URBANA,055_ZW Polideportivo Petecuy,0.0,MR76,False,Laboral,Lunes,0.0,-7.648.235,0.05172413793103448,-0.0071386448612335476,"3,4000000000000004"
2024-06-18,URBANA,055_ZW Polideportivo Petecuy,0.0,MR76,False,Laboral,Martes,0.0,-7.648.235,0.3275862068965517,0.1492257652673496,"13,5"
2024-06-19,URBANA,055_ZW Polideportivo Petecuy,0.0,MR76,False,Laboral,Miércoles,0.0,-7.648.235,-0.15517241379310345,-0.03831473994589172,"1,1"
2024-06-20,URBANA,055_ZW Polideportivo Petecuy,0.0,MR76,False,Laboral,Jueves,0.0,-7.648.235,0.6379310344827587,-0.02256132778064869,"2,9000000000000004"
2024-06-21,URBANA,055_ZW Polideportivo Petecuy,0.0,MR76,False,Laboral,Viernes,0.0,-7.648.235,1.293103448275862,-0.006102684135331489,"3,6999999999999997"
2024-06-22,URBANA,055_ZW Polideportivo Petecuy,0.0,MR76,False,Fin de Semana,Sábado,0.0,-7.648.235,1.6379310344827587,-0.00784874000668754,"3,9"
2024-06-23,URBANA,055_ZW Polideportivo Petecuy,0.0,MR76,False,Fin de Semana,Domingo,0.0,-7.648.235,1.1551724137931034,-0.027018877101255435,"5,0"
2024-06-24,URBANA,055_ZW Polideportivo Petecuy,0.0,MR76,False,Laboral,Lunes,0.0,-7.648.235,0.46551724137931033,-0.03553272334863362,"1,8"
2024-06-25,URBANA,055_ZW Polideportivo Petecuy,0.0,MR76,False,Laboral,Martes,0.0,-7.648.235,0.5,-0.04266042496276256,"1,6"
2024-06-26,URBANA,055_ZW Polideportivo Petecuy,0.0,MR76,False,Laboral,Miércoles,0.0,-7.648.235,0.22413793103448276,-0.03896160744140803,"2,0"
2024-06-27,URBANA,055_ZW Polideportivo Petecuy,0.0,MR76,False,Laboral,Jueves,0.0,-7.648.235,0.25862068965517243,-0.04270419795118096,"1,9"
2024-06-28,URBANA,055_ZW Polideportivo Petecuy,0.0,MR76,False,Laboral,Viernes,0.0,-7.648.235,0.08620689655172414,-0.048917530473903396,"0,6"
2024-06-29,URBANA,055_ZW Polideportivo Petecuy,0.0,MR76,False,Fin de Semana,Sábado,0.0,-7.648.235,0.3275862068965517,-0.04577073897315865,"0,8"
2024-06-30,URBANA,055_ZW Polideportivo Petecuy,0.0,MR76,False,Fin de Semana,Domingo,0.0,-7.648.235,0.8793103448275862,-0.0030361431133538014,"4,9"
2024-07-01,URBANA,055_ZW Polideportivo Petecuy,0.0,MR76,True,Festivo,Lunes,0.0,-7.648.235,-0.3275862068965517,-0.040997051402863485,"0,99"
2024-07-02,URBANA,055_ZW Polideportivo Petecuy,0.0,MR76,False,Laboral,Martes,0.0,-7.648.235,0.3275862068965517,-0.03519226677204609,"1,02"
2024-07-03,URBANA,055_ZW Polideportivo Petecuy,0.0,MR76,False,Laboral,Miércoles,0.0,-7.648.235,0.9137931034482759,-0.043701249354044444,"0,71"
2024-07-04,URBANA,055_ZW Polideportivo Petecuy,0.0,MR76,False,Laboral,Jueves,0.0,-7.648.235,0.15517241379310345,-0.04171930571176703,"0,85"
2024-07-05,URBANA,055_ZW Polideportivo Petecuy,0.0,MR76,False,Laboral,Viernes,0.0,-7.648.235,0.7413793103448276,0.038613855366750764,"4,67"
2024-07-06,URBANA,055_ZW Polideportivo Petecuy,0.0,MR76,False,Fin de Semana,Sábado,0.0,-7.648.235,1.5689655172413792,0.030800376934066936,"4,35"
2024-07-07,URBANA,055_ZW Polideportivo Petecuy,0.0,MR76,False,Fin de Semana,Domingo,0.0,-7.648.235,0.5344827586206896,-0.021270024622305986,"1,72"
2024-07-08,URBANA,055_ZW Polideportivo Petecuy,0.0,MR76,False,Laboral,Lunes,0.0,-7.648.235,0.9827586206896551,0.5251408943064717,"43,18"
2024-07-09,URBANA,055_ZW Polideportivo Petecuy,0.0,MR76,False,Laboral,Martes,0.0,-7.648.235,0.9827586206896551,1.9859136091436909,"144,75"
2024-07-10,URBANA,055_ZW Polideportivo Petecuy,0.0,MR76,False,Laboral,Miércoles,0.0,-7.648.235,1.293103448275862,3.0384934796486003,"184,41"
2024-07-11,URBANA,055_ZW Polideportivo Petecuy,0.0,MR76,False,Laboral,Jueves,0.0,-7.648.235,0.6379310344827587,7.376683588169134,"414,34000000000003"
2024-07-12,URBANA,055_ZW Polideportivo Petecuy,0.0,MR76,False,Laboral,Viernes,0.0,-7.648.235,0.46551724137931033,6.781492537313433,"443,52"
2024-07-13,URBANA,055_ZW Polideportivo Petecuy,0.0,MR76,False,Fin de Semana,Sábado,0.0,-7.648.235,1.2241379310344827,0.05076572331823571,"6,36"
2024-07-14,URBANA,055_ZW Polideportivo Petecuy,0.0,MR76,False,Fin de Semana,Domingo,0.0,-7.648.235,0.39655172413793105,0.0183153479040642,"4,95"
2024-07-15,URBANA,055_ZW Polideportivo Petecuy,0.0,MR76,False,Laboral,Lunes,0.0,-7.648.235,-0.08620689655172414,-0.004176672644922029,"3,98"
2024-07-16,URBANA,055_ZW Polideportivo Petecuy,0.0,MR76,False,Laboral,Martes,0.0,-7.648.235,0.7068965517241379,0.025545186491169408,"5,49"
2024-07-17,URBANA,055_ZW Polideportivo Petecuy,0.0,MR76,False,Laboral,Miércoles,0.0,-7.648.235,0.5689655172413793,0.025897802231206492,"7,6499999999999995"
2024-07-18,URBANA,055_ZW Polideportivo Petecuy,0.0,MR76,False,Laboral,Jueves,0.0,-7.648.235,-0.15517241379310345,-0.04097759674134419,"1,2000000000000002"
2024-07-19,URBANA,055_ZW Polideportivo Petecuy,0.0,MR76,False,Laboral,Viernes,0.0,-7.648.235,1.293103448275862,-0.021291911116515183,"2,12"
2024-07-20,URBANA,055_ZW Polideportivo Petecuy,0.0,MR76,True,Festivo,Sábado,0.0,-7.648.235,1.0862068965517242,0.023641061494969147,"4,33"
2024-07-21,URBANA,055_ZW Polideportivo Petecuy,0.0,MR76,False,Fin de Semana,Domingo,0.0,-7.648.235,0.43103448275862066,-0.032390795513268685,"1,62"
2024-07-22,URBANA,055_ZW Polideportivo Petecuy,0.0,MR76,False,Laboral,Lunes,0.0,-7.648.235,1.0862068965517242,5.597868498647293,"334,65999999999997"
2024-07-23,URBANA,055_ZW Polideportivo Petecuy,0.0,MR76,False,Laboral,Martes,0.0,-7.648.235,0.7068965517241379,4.142584430191203,"249,38"
2024-07-24,URBANA,055_ZW Polideportivo Petecuy,0.0,MR76,False,Laboral,Miércoles,0.0,-7.648.235,1.293103448275862,5.288108946104508,"347,82"
2024-07-25,URBANA,055_ZW Polideportivo Petecuy,0.0,MR76,False,Laboral,Jueves,0.0,-7.648.235,0.9482758620689655,1.7379055840958142,"116,82"
2024-07-26,URBANA,055_ZW Polideportivo Petecuy,0.0,MR76,False,Laboral,Viernes,0.0,-7.648.235,1.2241379310344827,0.632083168677995,"37,39"
2024-07-27,URBANA,055_ZW Polideportivo Petecuy,0.0,MR76,False,Fin de Semana,Sábado,0.0,-7.648.235,-1.603448275862069,-0.05008724199775055,"0,57"
2024-07-28,URBANA,055_ZW Polideportivo Petecuy,0.0,MR76,False,Fin de Semana,Domingo,0.0,-7.648.235,-0.39655172413793105,-0.02742985682585038,"2,68"
2024-07-29,URBANA,055_ZW Polideportivo Petecuy,0.0,MR76,False,Laboral,Lunes,0.0,-7.648.235,0.7758620689655172,11.10816062254917,"736,3"
2024-07-30,URBANA,055_ZW Polideportivo Petecuy,0.0,MR76,False,Laboral,Martes,0.0,-7.648.235,0.8448275862068966,0.8145946438885004,"52,46"
2024-07-31,URBANA,055_ZW Polideportivo Petecuy,0.0,MR76,False,Laboral,Miércoles,0.0,-7.648.235,0.9482758620689655,0.8450193026719761,"61,699999999999996"
2024-08-01,URBANA,055_ZW Polideportivo Petecuy,0.0,MR76,False,Laboral,Jueves,0.0,-7.648.235,0.15517241379310345,4.3009064656351645,"267,49"
2024-08-02,URBANA,055_ZW Polideportivo Petecuy,0.0,MR76,False,Laboral,Viernes,0.0,-7.648.235,0.603448275862069,7.310219168921178,"504,07000000000005"
2024-08-03,URBANA,055_ZW Polideportivo Petecuy,0.0,MR76,False,Fin de Semana,Sábado,0.0,-7.648.235,2.0172413793103448,8.890606438277047,"749,77"
2024-08-04,URBANA,055_ZW Polideportivo Petecuy,0.0,MR76,False,Fin de Semana,Domingo,0.0,-7.648.235,0.43103448275862066,-0.027959996352250965,"1,99"
2024-08-05,URBANA,055_ZW Polideportivo Petecuy,0.0,MR76,False,Laboral,Lunes,0.0,-7.648.235,0.3620689655172414,0.045160348967991,"6,1499999999999995"
2024-08-06,URBANA,055_ZW Polideportivo Petecuy,0.0,MR76,False,Laboral,Martes,0.0,-7.648.235,0.6724137931034483,-0.004432015077362677,"2,14"
2024-08-07,URBANA,055_ZW Polideportivo Petecuy,0.0,MR76,True,Festivo,Miércoles,0.0,-7.648.235,-0.25862068965517243,-0.01977931118339058,"1,88"
2024-08-08,URBANA,055_ZW Polideportivo Petecuy,0.0,MR76,False,Laboral,Jueves,0.0,-7.648.235,1.4310344827586208,0.0021485241815363105,"3,11"
2024-08-09,URBANA,055_ZW Polideportivo Petecuy,0.0,MR76,False,Laboral,Viernes,0.0,-7.648.235,0.5344827586206896,-0.040746572635802655,"1,33"
2024-08-10,URBANA,055_ZW Polideportivo Petecuy,0.0,MR76,False,Fin de Semana,Sábado,0.0,-7.648.235,1.0862068965517242,0.04275526643766909,"7,86"
2024-08-11,URBANA,055_ZW Polideportivo Petecuy,0.0,MR76,False,Fin de Semana,Domingo,0.0,-7.648.235,0.3620689655172414,-0.04013618263063501,"1,29"
2024-08-12,URBANA,055_ZW Polideportivo Petecuy,0.0,MR76,False,Laboral,Lunes,0.0,-7.648.235,0.7068965517241379,-0.04075873179925221,"1,54"
2024-08-13,URBANA,055_ZW Polideportivo Petecuy,0.0,MR76,False,Laboral,Martes,0.0,-7.648.235,0.22413793103448276,-0.03785512356749856,"0,95"
2024-08-14,URBANA,055_ZW Polideportivo Petecuy,0.0,MR76,False,Laboral,Miércoles,0.0,-7.648.235,1.1551724137931034,-0.03440435298051494,"1,3"
2024-08-15,URBANA,055_ZW Polideportivo Petecuy,0.0,MR76,False,Laboral,Jueves,0.0,-7.648.235,0.9827586206896551,-0.03908076724321367,"1,18"
2024-08-16,URBANA,055_ZW Polideportivo Petecuy,0.0,MR76,False,Laboral,Viernes,0.0,-7.648.235,0.8103448275862069,-0.010861780709487187,"2,6599999999999997"
2024-08-17,URBANA,055_ZW Polideportivo Petecuy,0.0,MR76,False,Fin de Semana,Sábado,0.0,-7.648.235,1.293103448275862,0.00037571815059123933,"3,5"
2024-08-18,URBANA,055_ZW Polideportivo Petecuy,0.0,MR76,False,Fin de Semana,Domingo,0.0,-7.648.235,0.3275862068965517,-0.044885551874031066,"0,8400000000000001"
2024-08-19,URBANA,055_ZW Polideportivo Petecuy,0.0,MR76,True,Festivo,Lunes,0.0,-7.648.235,-0.5689655172413793,-0.039730066571419885,"1,05"
2024-08-20,URBANA,055_ZW Polideportivo Petecuy,0.0,MR76,False,Laboral,Martes,0.0,-7.648.235,1.4310344827586208,0.5598431467915007,"62,94"
2024-08-21,URBANA,055_ZW Polideportivo Petecuy,0.0,MR76,False,Laboral,Miércoles,0.0,-7.648.235,1.293103448275862,0.32429583244672766,"45,82"
2024-08-22,URBANA,055_ZW Polideportivo Petecuy,0.0,MR76,False,Laboral,Jueves,0.0,-7.648.235,1.2241379310344827,0.5469617290330425,"66,22"
2024-08-23,URBANA,055_ZW Polideportivo Petecuy,0.0,MR76,False,Laboral,Viernes,0.0,-7.648.235,0.5689655172413793,1.9190065963461713,"331,28000000000003"
2024-08-24,URBANA,055_ZW Polideportivo Petecuy,0.0,MR76,False,Fin de Semana,Sábado,0.0,-7.648.235,0.6724137931034483,0.5172398698969511,"160,39"
2024-08-25,URBANA,055_ZW Polideportivo Petecuy,0.0,MR76,False,Fin de Semana,Domingo,0.0,-7.648.235,1.7758620689655173,4.353886372617564,"1735,9099999999999"
2024-08-26,URBANA,055_ZW Polideportivo Petecuy,0.0,MR76,False,Laboral,Lunes,0.0,-7.648.235,0.1206896551724138,-0.005657658753077788,"28,91"
2024-08-27,URBANA,055_ZW Polideportivo Petecuy,0.0,MR76,False,Laboral,Martes,0.0,-7.648.235,0.8103448275862069,0.09586162871994407,"68,03"
2024-08-28,URBANA,055_ZW Polideportivo Petecuy,0.0,MR76,False,Laboral,Miércoles,0.0,-7.648.235,1.8103448275862069,1.824653919810317,"1373,75"
2024-08-29,URBANA,055_ZW Polideportivo Petecuy,0.0,MR76,False,Laboral,Jueves,0.0,-7.648.235,0.9827586206896551,4.703326139161626,"5593,47"
2024-08-30,URBANA,055_ZW Polideportivo Petecuy,0.0,MR76,False,Laboral,Viernes,0.0,-7.648.235,2.189655172413793,2.100528315651883,"2138,25"
2024-08-31,URBANA,055_ZW Polideportivo Petecuy,0.0,MR76,False,Fin de Semana,Sábado,0.0,-7.648.235,1.5,0.06511353618871021,"72,42999999999999"
2024-09-01,URBANA,055_ZW Polideportivo Petecuy,0.0,MR76,False,Fin de Semana,Domingo,0.0,-7.648.235,2.810344827586207,0.0005191962792959844,"55,95"
2024-09-02,URBANA,055_ZW Polideportivo Petecuy,0.0,MR76,False,Laboral,Lunes,0.0,-7.648.235,-0.5344827586206896,-0.054252971395567985,"3,26"
2024-10-25,URBANA,055_ZW Polideportivo Petecuy,0.0,MR76,False,Laboral,Viernes,0.0,-7.648.235,0.5689655172413793,3.1835693224306167,"297,79"
2024-10-26,URBANA,055_ZW Polideportivo Petecuy,0.0,MR76,False,Fin de Semana,Sábado,0.0,-7.648.235,0.5344827586206896,4.012058242392923,"216,74"
2024-10-27,URBANA,055_ZW Polideportivo Petecuy,0.0,MR76,False,Fin de Semana,Domingo,0.0,-7.648.235,0.29310344827586204,1.2249907286378696,"53,01"
2024-10-28,URBANA,055_ZW Polideportivo Petecuy,0.0,MR76,False,Laboral,Lunes,0.0,-7.648.235,0.46551724137931033,0.379877800407332,"29,92"
2024-10-29,URBANA,055_ZW Polideportivo Petecuy,0.0,MR76,False,Laboral,Martes,0.0,-7.648.235,0.3620689655172414,1.4803331610785178,"99,80000000000001"
2024-10-30,URBANA,055_ZW Polideportivo Petecuy,0.0,MR76,False,Laboral,Miércoles,0.0,-7.648.235,1.0517241379310345,3.345993859622458,"285,72999999999996"
2024-10-31,URBANA,055_ZW Polideportivo Petecuy,0.0,MR76,False,Laboral,Jueves,0.0,-7.648.235,2.2586206896551726,0.05822901784357236,"10,21"
2024-11-01,URBANA,055_ZW Polideportivo Petecuy,0.0,MR76,False,Laboral,Viernes,0.0,-7.648.235,1.8103448275862069,0.0020390917104903183,"4,48"
2024-11-02,URBANA,055_ZW Polideportivo Petecuy,0.0,MR76,False,Fin de Semana,Sábado,0.0,-7.648.235,1.293103448275862,0.014327142292610269,"4,8"
2024-11-03,URBANA,055_ZW Polideportivo Petecuy,0.0,MR76,False,Fin de Semana,Domingo,0.0,-7.648.235,1.0862068965517242,-0.031525063075660394,"1,87"
