DIA_SEMANA,LABORAL,FIN_DE_SEMANA,FESTIVO,PORCENTAJE_USO,NUMERO_CONEXIONES,USAGE_KB,DIA_SEMANA_lag_1,DIA_SEMANA_lag_2,DIA_SEMANA_lag_3,DIA_SEMANA_lag_4,DIA_SEMANA_lag_5,DIA_SEMANA_lag_6,DIA_SEMANA_lag_7,DIA_SEMANA_lag_8,DIA_SEMANA_lag_9,DIA_SEMANA_lag_10,LABORAL_lag_1,LABORAL_lag_2,LABORAL_lag_3,LABORAL_lag_4,LABORAL_lag_5,LABORAL_lag_6,LABORAL_lag_7,LABORAL_lag_8,LABORAL_lag_9,LABORAL_lag_10,FIN_DE_SEMANA_lag_1,FIN_DE_SEMANA_lag_2,FIN_DE_SEMANA_lag_3,FIN_DE_SEMANA_lag_4,FIN_DE_SEMANA_lag_5,FIN_DE_SEMANA_lag_6,FIN_DE_SEMANA_lag_7,FIN_DE_SEMANA_lag_8,FIN_DE_SEMANA_lag_9,FIN_DE_SEMANA_lag_10,FESTIVO_lag_1,FESTIVO_lag_2,FESTIVO_lag_3,FESTIVO_lag_4,FESTIVO_lag_5,FESTIVO_lag_6,FESTIVO_lag_7,FESTIVO_lag_8,FESTIVO_lag_9,FESTIVO_lag_10,PORCENTAJE_USO_lag_1,PORCENTAJE_USO_lag_2,PORCENTAJE_USO_lag_3,PORCENTAJE_USO_lag_4,PORCENTAJE_USO_lag_5,PORCENTAJE_USO_lag_6,PORCENTAJE_USO_lag_7,PORCENTAJE_USO_lag_8,PORCENTAJE_USO_lag_9,PORCENTAJE_USO_lag_10,NUMERO_CONEXIONES_lag_1,NUMERO_CONEXIONES_lag_2,NUMERO_CONEXIONES_lag_3,NUMERO_CONEXIONES_lag_4,NUMERO_CONEXIONES_lag_5,NUMERO_CONEXIONES_lag_6,NUMERO_CONEXIONES_lag_7,NUMERO_CONEXIONES_lag_8,NUMERO_CONEXIONES_lag_9,NUMERO_CONEXIONES_lag_10
0,1,0,0,-0.6707025073413148,-0.2692307692307692,-0.6205266795230567,6,5,4,3,2,1,0,6,5,4,0,0,1,1,1,1,1,0,0,1,1,1,0,0,0,0,0,1,1,0,0,0,0,0,0,0,0,0,0,0,-0.508609865470852,-0.850293453724605,1.1285906040268456,1.0408695652173912,-0.36313043478260876,0.15295652173913046,-0.9792335115864529,-0.8614973262032086,-0.9506903353057199,-1.0636265863626588,-0.38461538461538464,-1.3846153846153846,0.0,0.15384615384615385,0.3076923076923077,0.0,-1.3846153846153846,-1.3076923076923077,-0.15384615384615385,-1.6923076923076923
1,1,0,0,-0.6406144115653942,0.11538461538461539,-0.6412827767108049,0,6,5,4,3,2,1,0,6,5,1,0,0,1,1,1,1,1,0,0,0,1,1,0,0,0,0,0,1,1,0,0,0,0,0,0,0,0,0,0,-0.6657399103139013,-0.480451467268623,-0.8740044742729307,1.088,1.0408695652173912,-0.36747826086956525,0.16122994652406422,-0.9792335115864529,-0.8473372781065088,-0.9331038933103895,-0.23076923076923078,-0.38461538461538464,-1.3846153846153846,0.0,0.15384615384615385,0.3076923076923077,0.0,-1.3846153846153846,-1.3076923076923077,-0.15384615384615385
2,1,0,0,0.1355319629545968,0.5,0.16586617468851175,1,0,6,5,4,3,2,1,0,6,1,1,0,0,1,1,1,1,1,0,0,0,1,1,0,0,0,0,0,1,0,0,0,0,0,0,0,0,0,0,-0.6358744394618835,-0.6386455981941309,-0.5074720357941834,-0.858,1.088,1.0365217391304347,-0.37219251336898407,0.16122994652406422,-0.9631382862152094,-0.8316627231662723,0.15384615384615385,-0.23076923076923078,-0.38461538461538464,-1.3846153846153846,0.0,0.15384615384615385,0.3076923076923077,0.0,-1.3846153846153846,-1.3076923076923077
3,1,0,0,-0.4011746103456066,0.7307692307692307,-0.46884451150782114,2,1,0,6,5,4,3,2,1,0,1,1,1,0,0,1,1,1,1,1,0,0,0,1,1,0,0,0,0,0,0,0,0,0,0,0,0,0,0,0,0.13452914798206278,-0.6085778781038376,-0.6642505592841164,-0.5018260869565216,-0.858,1.0836521739130436,1.0668449197860963,-0.37219251336898407,0.15857988165680476,-0.9453215745321576,0.5384615384615384,0.15384615384615385,-0.23076923076923078,-0.38461538461538464,-1.3846153846153846,0.0,0.15384615384615385,0.3076923076923077,0.0,-1.3846153846153846
4,1,0,0,0.15360289134854305,0.4230769230769231,0.1349051135304072,3,2,1,0,6,5,4,3,2,1,1,1,1,1,0,0,1,1,1,1,0,0,0,0,1,1,0,0,0,0,0,0,0,0,0,0,0,0,0,0,-0.3982062780269059,0.1670428893905192,-0.6344519015659956,-0.6541739130434783,-0.5018260869565216,-0.8623478260869565,1.1151515151515152,1.0668449197860963,-0.36607495069033535,0.1556463755646376,0.7692307692307693,0.5384615384615384,0.15384615384615385,-0.23076923076923078,-0.38461538461538464,-1.3846153846153846,0.0,0.15384615384615385,0.3076923076923077,0.0
5,0,1,0,-1.004743618703411,-1.0384615384615385,-1.0472804371397135,4,3,2,1,0,6,5,4,3,2,1,1,1,1,1,0,0,1,1,1,0,0,0,0,0,1,1,0,0,0,0,0,0,0,0,0,0,0,0,0,0.15246636771300448,-0.36930022573363436,0.1342281879194631,-0.6252173913043478,-0.6541739130434783,-0.5061739130434783,-0.8794117647058824,1.1151515151515152,1.0493096646942799,-0.35930307593030764,0.46153846153846156,0.7692307692307693,0.5384615384615384,0.15384615384615385,-0.23076923076923078,-0.38461538461538464,-1.3846153846153846,0.0,0.15384615384615385,0.3076923076923077
6,0,1,0,-0.5719448836683985,0.19230769230769232,-0.542447063671346,5,4,3,2,1,0,6,5,4,3,0,1,1,1,1,1,0,0,1,1,1,0,0,0,0,0,1,1,0,0,0,0,0,0,0,0,0,0,0,0,-0.9973094170403588,0.18510158013544017,-0.3973154362416108,0.12173913043478261,-0.6252173913043478,-0.6585217391304348,-0.514349376114082,-0.8794117647058824,1.0968222660530353,1.0298989029898902,-1.0,0.46153846153846156,0.7692307692307693,0.5384615384615384,0.15384615384615385,-0.23076923076923078,-0.38461538461538464,-1.3846153846153846,0.0,0.15384615384615385
0,1,0,0,-0.14456742715156992,-0.19230769230769232,-0.3594140280108616,6,5,4,3,2,1,0,6,5,4,0,0,1,1,1,1,1,0,0,1,1,1,0,0,0,0,0,1,1,0,0,0,0,0,0,0,0,0,0,0,-0.567713004484305,-0.9724604966139955,0.15212527964205816,-0.39478260869565224,0.12173913043478261,-0.6295652173913044,-0.670499108734403,-0.514349376114082,-0.864957264957265,1.0765325876532588,0.23076923076923078,-1.0,0.46153846153846156,0.7692307692307693,0.5384615384615384,0.15384615384615385,-0.23076923076923078,-0.38461538461538464,-1.3846153846153846,0.0
1,1,0,0,-0.6993449288457195,-0.6538461538461539,-0.8310265755917441,0,6,5,4,3,2,1,0,6,5,1,0,0,1,1,1,1,1,0,0,0,1,1,0,0,0,0,0,1,1,0,0,0,0,0,0,0,0,0,0,-0.14349775784753363,-0.5399548532731376,-0.9950782997762864,0.1391304347826087,-0.39478260869565224,0.11739130434782609,-0.6408199643493763,-0.670499108734403,-0.5058952443567828,-0.8489567648956765,-0.15384615384615385,0.23076923076923078,-1.0,0.46153846153846156,0.7692307692307693,0.5384615384615384,0.15384615384615385,-0.23076923076923078,-0.38461538461538464,-1.3846153846153846
2,1,0,0,-0.4870115202168512,-0.4230769230769231,-0.553361352444004,1,0,6,5,4,3,2,1,0,6,1,1,0,0,1,1,1,1,1,0,0,0,1,1,0,0,0,0,0,1,0,0,0,0,0,0,0,0,0,0,-0.694170403587444,-0.11286681715575621,-0.5664429530201343,-0.9756521739130435,0.1391304347826087,-0.39913043478260873,0.12477718360071302,-0.6408199643493763,-0.6594784133245671,-0.4965368896536889,-0.6153846153846154,-0.15384615384615385,0.23076923076923078,-1.0,0.46153846153846156,0.7692307692307693,0.5384615384615384,0.15384615384615385,-0.23076923076923078,-0.38461538461538464
3,1,0,0,0.14456742715156992,-1.2692307692307692,-0.01446838090244009,2,1,0,6,5,4,3,2,1,0,1,1,1,0,0,1,1,1,1,1,0,0,0,1,1,0,0,0,0,0,0,0,0,0,0,0,0,0,0,0,-0.48340807174887895,-0.6672686230248307,-0.14317673378076062,-0.5591304347826087,-0.9756521739130435,0.13478260869565217,-0.4046345811051694,0.12477718360071302,-0.6302870918255534,-0.6472789847278986,-0.38461538461538464,-0.6153846153846154,-0.15384615384615385,0.23076923076923078,-1.0,0.46153846153846156,0.7692307692307693,0.5384615384615384,0.15384615384615385,-0.23076923076923078
4,1,0,0,1.201716738197425,-1.0384615384615385,1.3439703255052566,3,2,1,0,6,5,4,3,2,1,1,1,1,1,0,0,1,1,1,1,0,0,0,0,1,1,0,0,0,0,0,0,0,0,0,0,0,0,0,0,0.14349775784753363,-0.4550790067720091,-0.6926174496644296,-0.14782608695652175,-0.5591304347826087,-0.98,0.14260249554367202,-0.4046345811051694,0.12272627657243042,-0.6186276618627663,-1.2307692307692308,-0.38461538461538464,-0.6153846153846154,-0.15384615384615385,0.23076923076923078,-1.0,0.46153846153846156,0.7692307692307693,0.5384615384615384,0.15384615384615385
5,0,1,0,-0.6198328439123559,-1.7307692307692308,-0.7773474986453053,4,3,2,1,0,6,5,4,3,2,1,1,1,1,1,0,0,1,1,1,0,0,0,0,0,1,1,0,0,0,0,0,0,0,0,0,0,0,0,0,1.1928251121076232,0.17607223476297967,-0.48232662192393744,-0.6817391304347826,-0.14782608695652175,-0.5634782608695652,-1.0000000000000002,0.14260249554367202,-0.3979837825991673,0.1204560120456012,-1.0,-1.2307692307692308,-0.38461538461538464,-0.6153846153846154,-0.15384615384615385,0.23076923076923078,-1.0,0.46153846153846156,0.7692307692307693,0.5384615384615384
6,0,1,0,-0.6297718545290265,-0.4230769230769231,-0.5969218612981537,5,4,3,2,1,0,6,5,4,3,0,1,1,1,1,1,0,0,1,1,1,0,0,0,0,0,1,1,0,0,0,0,0,0,0,0,0,0,0,0,-0.6152466367713004,1.2325056433408579,0.14317673378076062,-0.4773913043478261,-0.6817391304347826,-0.15217391304347827,-0.5730837789661319,-1.0000000000000002,0.14025860179706334,-0.39062163906216396,-1.6923076923076923,-1.0,-1.2307692307692308,-0.38461538461538464,-0.6153846153846154,-0.15384615384615385,0.23076923076923078,-1.0,0.46153846153846156,0.7692307692307693
0,1,0,0,-0.46622995256381294,-1.5769230769230769,-0.6354705306222502,6,5,4,3,2,1,0,6,5,4,0,0,1,1,1,1,1,0,0,1,1,1,0,0,0,0,0,1,1,0,0,0,0,0,0,0,0,0,0,0,-0.6251121076233184,-0.5878103837471783,1.1901565995525727,0.13043478260869565,-0.4773913043478261,-0.6860869565217392,-0.15151515151515152,-0.5730837789661319,-0.9835634451019066,0.1376640137664014,-0.38461538461538464,-1.6923076923076923,-1.0,-1.2307692307692308,-0.38461538461538464,-0.6153846153846154,-0.15384615384615385,0.23076923076923078,-1.0,0.46153846153846156
1,1,0,0,-0.7589789925457421,-1.8846153846153846,-0.9696023424704784,0,6,5,4,3,2,1,0,6,5,1,0,0,1,1,1,1,1,0,0,0,1,1,0,0,0,0,0,1,1,0,0,0,0,0,0,0,0,0,0,-0.4627802690582959,-0.5977426636568849,-0.6138702460850112,1.1478260869565218,0.13043478260869565,-0.48173913043478267,-0.698752228163993,-0.15151515151515152,-0.5636642559719482,-0.9653688965368897,-1.5384615384615385,-0.38461538461538464,-1.6923076923076923,-1.0,-1.2307692307692308,-0.38461538461538464,-0.6153846153846154,-0.15384615384615385,0.23076923076923078,-1.0
2,1,0,0,-0.9125818838942851,-0.4230769230769231,-1.1115047899558788,1,0,6,5,4,3,2,1,0,6,1,1,0,0,1,1,1,1,1,0,0,0,1,1,0,0,0,0,0,1,0,0,0,0,0,0,0,0,0,0,-0.7533632286995515,-0.4343115124153498,-0.6237136465324385,-0.6052173913043478,1.1478260869565218,0.12608695652173912,-0.4893048128342247,-0.698752228163993,-0.14902476440937978,-0.5532372553237256,-1.8461538461538463,-1.5384615384615385,-0.38461538461538464,-1.6923076923076923,-1.0,-1.2307692307692308,-0.38461538461538464,-0.6153846153846154,-0.15384615384615385,0.23076923076923078
3,1,0,0,0.2620284617122205,-1.5769230769230769,0.11287065021464616,2,1,0,6,5,4,3,2,1,0,1,1,1,0,0,1,1,1,1,1,0,0,0,1,1,0,0,0,0,0,0,0,0,0,0,0,0,0,0,0,-0.905829596412556,-0.7268623024830699,-0.461744966442953,-0.6147826086956522,-0.6052173913043478,1.1434782608695653,0.13368983957219252,-0.4893048128342247,-0.6872671488056104,-0.14626801462680147,-0.38461538461538464,-1.8461538461538463,-1.5384615384615385,-0.38461538461538464,-1.6923076923076923,-1.0,-1.2307692307692308,-0.38461538461538464,-0.6153846153846154,-0.15384615384615385
4,1,0,0,1.8522701603794895,-1.7307692307692308,1.436096446793794,3,2,1,0,6,5,4,3,2,1,1,1,1,1,0,0,1,1,1,1,0,0,0,0,1,1,0,0,0,0,0,0,0,0,0,0,0,0,0,0,0.2600896860986547,-0.8803611738148984,-0.7516778523489933,-0.45739130434782604,-0.6147826086956522,-0.6095652173913043,1.1764705882352942,0.13368983957219252,-0.4812623274161736,-0.6745536674553668,-1.5384615384615385,-0.38461538461538464,-1.8461538461538463,-1.5384615384615385,-0.38461538461538464,-1.6923076923076923,-1.0,-1.2307692307692308,-0.38461538461538464,-0.6153846153846154
5,0,1,0,4.9514343799412694,-1.1153846153846154,4.158712010249773,4,3,2,1,0,6,5,4,3,2,1,1,1,1,1,0,0,1,1,1,0,0,0,0,0,1,1,0,0,0,0,0,0,0,0,0,0,0,0,0,1.8385650224215246,0.29345372460496616,-0.9038031319910514,-0.7391304347826086,-0.45739130434782604,-0.6191304347826088,-0.6203208556149733,1.1764705882352942,0.13149243918474687,-0.4723596472359648,-1.6923076923076923,-1.5384615384615385,-0.38461538461538464,-1.8461538461538463,-1.5384615384615385,-0.38461538461538464,-1.6923076923076923,-1.0,-1.2307692307692308,-0.38461538461538464
6,0,1,0,4.49062570589564,-1.1923076923076923,4.848092250882794,5,4,3,2,1,0,6,5,4,3,0,1,1,1,1,1,0,0,1,1,1,0,0,0,0,0,1,1,0,0,0,0,0,0,0,0,0,0,0,0,4.914798206278027,1.8826185101580135,0.2595078299776286,-0.8869565217391304,-0.7391304347826086,-0.46173913043478254,-0.6301247771836008,-0.6203208556149733,1.1571334648257725,0.1290600129060013,-1.0769230769230769,-1.6923076923076923,-1.5384615384615385,-0.38461538461538464,-1.8461538461538463,-1.5384615384615385,-0.38461538461538464,-1.6923076923076923,-1.0,-1.2307692307692308
0,1,0,0,1.888412017167382,-0.5,2.56848136327424,6,5,4,3,2,1,0,6,5,4,0,0,1,1,1,1,1,0,0,1,1,1,0,0,0,0,0,1,1,0,0,0,0,0,0,0,0,0,0,0,4.457399103139013,4.979683972911964,1.8344519015659955,0.24347826086956523,-0.8869565217391304,-0.7434782608695653,-0.46880570409982175,-0.6301247771836008,-0.6101249178172254,1.1357281135728114,-1.1538461538461537,-1.0769230769230769,-1.6923076923076923,-1.5384615384615385,-0.38461538461538464,-1.8461538461538463,-1.5384615384615385,-0.38461538461538464,-1.6923076923076923,-1.0
1,1,0,0,2.4486107973797155,-0.8076923076923077,2.7235007551219392,0,6,5,4,3,2,1,0,6,5,1,0,0,1,1,1,1,1,0,0,0,1,1,0,0,0,0,0,1,1,0,0,0,0,0,0,0,0,0,0,1.8744394618834082,4.519187358916478,4.903803131991052,1.7739130434782608,0.24347826086956523,-0.8913043478260869,-0.7575757575757577,-0.46880570409982175,-0.6197676966907736,-0.598838459883846,-0.46153846153846156,-1.1538461538461537,-1.0769230769230769,-1.6923076923076923,-1.5384615384615385,-0.38461538461538464,-1.8461538461538463,-1.5384615384615385,-0.38461538461538464,-1.6923076923076923
2,1,0,0,0.903546419697312,-0.34615384615384615,1.1660826769016008,1,0,6,5,4,3,2,1,0,6,1,1,0,0,1,1,1,1,1,0,0,0,1,1,0,0,0,0,0,1,0,0,0,0,0,0,0,0,0,0,2.430493273542601,1.9187358916478556,4.447427293064877,4.756521739130434,1.7739130434782608,0.2391304347826087,-0.9090909090909092,-0.7575757575757577,-0.46110015340784566,-0.6083028608302862,-0.7692307692307693,-0.46153846153846156,-1.1538461538461537,-1.0769230769230769,-1.6923076923076923,-1.5384615384615385,-0.38461538461538464,-1.8461538461538463,-1.5384615384615385,-0.38461538461538464
3,1,0,0,0.9939010616670432,0.038461538461538464,1.2909115416766028,2,1,0,6,5,4,3,2,1,0,1,1,1,0,0,1,1,1,1,1,0,0,0,1,1,0,0,0,0,0,0,0,0,0,0,0,0,0,0,0,0.8968609865470852,2.4785553047404063,1.8702460850111857,4.3130434782608695,4.756521739130434,1.7695652173913043,0.24955436720142604,-0.9090909090909092,-0.745123822046899,-0.4525704452570445,-0.3076923076923077,-0.7692307692307693,-0.46153846153846156,-1.1538461538461537,-1.0769230769230769,-1.6923076923076923,-1.5384615384615385,-0.38461538461538464,-1.8461538461538463,-1.5384615384615385
4,1,0,0,0.4608086740456291,-0.038461538461538464,0.7646801057163394,3,2,1,0,6,5,4,3,2,1,1,1,1,1,0,0,1,1,1,1,0,0,0,0,1,1,0,0,0,0,0,0,0,0,0,0,0,0,0,0,0.9865470852017937,0.9345372460496614,2.4250559284116333,1.808695652173913,4.3130434782608695,4.752173913043478,1.8181818181818183,0.24955436720142604,-0.8941485864562787,-0.7313400731340074,0.07692307692307693,-0.3076923076923077,-0.7692307692307693,-0.46153846153846156,-1.1538461538461537,-1.0769230769230769,-1.6923076923076923,-1.5384615384615385,-0.38461538461538464,-1.8461538461538463
5,0,1,0,-0.20781567653038174,0.4230769230769231,-0.09490382198524695,4,3,2,1,0,6,5,4,3,2,1,1,1,1,1,0,0,1,1,1,0,0,0,0,0,1,1,0,0,0,0,0,0,0,0,0,0,0,0,0,0.45739910313901344,1.0248306997742664,0.8948545861297539,2.347826086956522,1.808695652173913,4.308695652173913,4.875222816399288,1.8181818181818183,0.24545255314486084,-0.8776080877608088,0.0,0.07692307692307693,-0.3076923076923077,-0.7692307692307693,-0.46153846153846156,-1.1538461538461537,-1.0769230769230769,-1.6923076923076923,-1.5384615384615385,-0.38461538461538464
6,0,1,0,1.3462841653489948,0.5769230769230769,1.9113168276692905,5,4,3,2,1,0,6,5,4,3,0,1,1,1,1,1,0,0,1,1,1,0,0,0,0,0,1,1,0,0,0,0,0,0,0,0,0,0,0,0,-0.2062780269058296,0.49209932279909707,0.9843400447427293,0.8608695652173913,2.347826086956522,1.8043478260869565,4.420677361853833,4.875222816399288,1.7882971729125574,0.2409120240912024,0.46153846153846156,0.0,0.07692307692307693,-0.3076923076923077,-0.7692307692307693,-0.46153846153846156,-1.1538461538461537,-1.0769230769230769,-1.6923076923076923,-1.5384615384615385
0,1,0,0,1.2468940591822906,-0.038461538461538464,1.1852490899329107,6,5,4,3,2,1,0,6,5,4,0,0,1,1,1,1,1,0,0,1,1,1,0,0,0,0,0,1,1,0,0,0,0,0,0,0,0,0,0,0,1.336322869955157,-0.17607223476297967,0.4563758389261745,0.9478260869565217,0.8608695652173913,2.3434782608695652,1.8538324420677363,4.420677361853833,4.795090948937102,1.7552161755216176,0.6153846153846154,0.46153846153846156,0.0,0.07692307692307693,-0.3076923076923077,-0.7692307692307693,-0.46153846153846156,-1.1538461538461537,-1.0769230769230769,-1.6923076923076923
1,1,0,0,0.605376101197199,0.5,0.5779384903813931,0,6,5,4,3,2,1,0,6,5,1,0,0,1,1,1,1,1,0,0,0,1,1,0,0,0,0,0,1,1,0,0,0,0,0,0,0,0,0,0,1.2376681614349776,1.3769751693002257,-0.2058165548098434,0.43478260869565216,0.9478260869565217,0.8565217391304348,2.4064171122994655,1.8538324420677363,4.348016655708963,4.7063884706388475,0.0,0.6153846153846154,0.46153846153846156,0.0,0.07692307692307693,-0.3076923076923077,-0.7692307692307693,-0.46153846153846156,-1.1538461538461537,-1.0769230769230769
2,1,0,0,1.1203975604246668,0.5,0.9652781555563642,1,0,6,5,4,3,2,1,0,6,1,1,0,0,1,1,1,1,1,0,0,0,1,1,0,0,0,0,0,1,0,0,0,0,0,0,0,0,0,0,0.600896860986547,1.2776523702031604,1.3333333333333333,-0.20869565217391303,0.43478260869565216,0.9434782608695652,0.8823529411764707,2.4064171122994655,1.8233618233618234,4.267584426758443,0.5384615384615384,0.0,0.6153846153846154,0.46153846153846156,0.0,0.07692307692307693,-0.3076923076923077,-0.7692307692307693,-0.46153846153846156,-1.1538461538461537
3,1,0,0,-0.605376101197199,-0.34615384615384615,-0.592251798004387,2,1,0,6,5,4,3,2,1,0,1,1,1,0,0,1,1,1,1,1,0,0,0,1,1,0,0,0,0,0,0,0,0,0,0,0,0,0,0,0,1.1121076233183858,0.636568848758465,1.2348993288590604,1.2869565217391303,-0.20869565217391303,0.43043478260869567,0.9714795008912657,0.8823529411764707,2.366863905325444,1.789632178963218,0.5384615384615384,0.5384615384615384,0.0,0.6153846153846154,0.46153846153846156,0.0,0.07692307692307693,-0.3076923076923077,-0.7692307692307693,-0.46153846153846156
4,1,0,0,1.1746103456065056,-0.2692307692307692,1.1443920398938092,3,2,1,0,6,5,4,3,2,1,1,1,1,1,0,0,1,1,1,1,0,0,0,0,1,1,0,0,0,0,0,0,0,0,0,0,0,0,0,0,-0.600896860986547,1.1512415349887133,0.5995525727069351,1.191304347826087,1.2869565217391303,-0.21304347826086956,0.4456327985739751,0.9714795008912657,0.8678500986193294,2.3230802323080235,-0.3076923076923077,0.5384615384615384,0.5384615384615384,0.0,0.6153846153846154,0.46153846153846156,0.0,0.07692307692307693,-0.3076923076923077,-0.7692307692307693
5,0,1,0,0.08131917777275807,0.5,0.05727651344894615,4,3,2,1,0,6,5,4,3,2,1,1,1,1,1,0,0,1,1,1,0,0,0,0,0,1,1,0,0,0,0,0,0,0,0,0,0,0,0,0,1.1659192825112108,-0.5733634311512416,1.109619686800895,0.5739130434782609,1.191304347826087,1.2826086956521738,-0.21390374331550804,0.4456327985739751,0.9555117247424939,0.8517960851796086,-0.23076923076923078,-0.3076923076923077,0.5384615384615384,0.5384615384615384,0.0,0.6153846153846154,0.46153846153846156,0.0,0.07692307692307693,-0.3076923076923077
6,0,1,0,0.524056923424441,-0.11538461538461539,0.6196641850793001,5,4,3,2,1,0,6,5,4,3,0,1,1,1,1,1,0,0,1,1,1,0,0,0,0,0,1,1,0,0,0,0,0,0,0,0,0,0,0,0,0.08071748878923767,1.2054176072234764,-0.5995525727069351,1.0695652173913044,0.5739130434782609,1.1869565217391305,1.3190730837789664,-0.21390374331550804,0.4383081306158229,0.9378360937836094,0.5384615384615384,-0.23076923076923078,-0.3076923076923077,0.5384615384615384,0.5384615384615384,0.0,0.6153846153846154,0.46153846153846156,0.0,0.07692307692307693
0,1,0,0,-0.00903546419697312,0.4230769230769231,0.049580251483757685,6,5,4,3,2,1,0,6,5,4,0,0,1,1,1,1,1,0,0,1,1,1,0,0,0,0,0,1,1,0,0,0,0,0,0,0,0,0,0,0,0.5201793721973094,0.11286681715575621,1.1633109619686801,-0.591304347826087,1.0695652173913044,0.5695652173913044,1.2210338680926918,1.3190730837789664,-0.21038790269559499,0.4302000430200043,-0.07692307692307693,0.5384615384615384,-0.23076923076923078,-0.3076923076923077,0.5384615384615384,0.5384615384615384,0.0,0.6153846153846154,0.46153846153846156,0.0
1,1,0,0,0.5421278518183872,1.0384615384615385,0.8460049850421645,0,6,5,4,3,2,1,0,6,5,1,0,0,1,1,1,1,1,0,0,0,1,1,0,0,0,0,0,1,1,0,0,0,0,0,0,0,0,0,0,-0.008968609865470852,0.5553047404063205,0.08053691275167785,1.1217391304347826,-0.591304347826087,1.065217391304348,0.5882352941176471,1.2210338680926918,1.2973920666228358,-0.20649602064960207,0.46153846153846156,-0.07692307692307693,0.5384615384615384,-0.23076923076923078,-0.3076923076923077,0.5384615384615384,0.5384615384615384,0.0,0.6153846153846154,0.46153846153846156
2,1,0,0,2.0058730517280328,0.5769230769230769,2.297038693419028,1,0,6,5,4,3,2,1,0,6,1,1,0,0,1,1,1,1,1,0,0,0,1,1,0,0,0,0,0,1,0,0,0,0,0,0,0,0,0,0,0.5381165919282511,0.022573363431151242,0.5190156599552572,0.06956521739130435,1.1217391304347826,-0.5956521739130435,1.0962566844919788,0.5882352941176471,1.2009642778873548,1.2733921273392128,1.0769230769230769,0.46153846153846156,-0.07692307692307693,0.5384615384615384,-0.23076923076923078,-0.3076923076923077,0.5384615384615384,0.5384615384615384,0.0,0.6153846153846154
3,1,0,0,0.5150214592274678,0.11538461538461539,1.0577463459485714,2,1,0,6,5,4,3,2,1,0,1,1,1,0,0,1,1,1,1,1,0,0,0,1,1,0,0,0,0,0,0,0,0,0,0,0,0,0,0,0,1.9910313901345291,0.5733634311512416,-0.008948545861297539,0.4956521739130435,0.06956521739130435,1.117391304347826,-0.6060606060606061,1.0962566844919788,0.5785667324128863,1.1787481178748118,0.6153846153846154,1.0769230769230769,0.46153846153846156,-0.07692307692307693,0.5384615384615384,-0.23076923076923078,-0.3076923076923077,0.5384615384615384,0.5384615384615384,0.0
4,1,0,0,0.10842557036367743,1.1923076923076923,0.21780766944995625,3,2,1,0,6,5,4,3,2,1,1,1,1,1,0,0,1,1,1,1,0,0,0,0,1,1,0,0,0,0,0,0,0,0,0,0,0,0,0,0,0.5112107623318386,2.036117381489842,0.5369127516778524,-0.017391304347826087,0.4956521739130435,0.06521739130434782,1.1497326203208558,-0.6060606060606061,1.0782380013149244,0.5678640567864057,0.15384615384615385,0.6153846153846154,1.0769230769230769,0.46153846153846156,-0.07692307692307693,0.5384615384615384,-0.23076923076923078,-0.3076923076923077,0.5384615384615384,0.5384615384615384
5,0,1,0,0.9396882764852045,0.5769230769230769,1.3924272841404477,4,3,2,1,0,6,5,4,3,2,1,1,1,1,1,0,0,1,1,1,0,0,0,0,0,1,1,0,0,0,0,0,0,0,0,0,0,0,0,0,0.10762331838565023,0.54627539503386,1.9865771812080537,0.5130434782608696,-0.017391304347826087,0.49130434782608695,0.07130124777183601,1.1497326203208558,-0.5960990576375191,1.0582921058292107,1.2307692307692308,0.15384615384615385,0.6153846153846154,1.0769230769230769,0.46153846153846156,-0.07692307692307693,0.5384615384615384,-0.23076923076923078,-0.3076923076923077,0.5384615384615384
6,0,1,0,1.0210074542579626,0.4230769230769231,1.659256121239482,5,4,3,2,1,0,6,5,4,3,0,1,1,1,1,1,0,0,1,1,1,0,0,0,0,0,1,1,0,0,0,0,0,0,0,0,0,0,0,0,0.9327354260089686,0.1399548532731377,0.5100671140939598,1.9217391304347826,0.5130434782608696,-0.021739130434782608,0.5080213903743316,0.07130124777183601,1.130834976988823,-0.5850720585072059,0.6153846153846154,1.2307692307692308,0.15384615384615385,0.6153846153846154,1.0769230769230769,0.46153846153846156,-0.07692307692307693,0.5384615384615384,-0.23076923076923078,-0.3076923076923077
0,1,0,0,2.5841427603343123,0.34615384615384615,3.4767972520839163,6,5,4,3,2,1,0,6,5,4,0,0,1,1,1,1,1,0,0,1,1,1,0,0,0,0,0,1,1,0,0,0,0,0,0,0,0,0,0,0,1.0134529147982063,0.9706546275395034,0.10738255033557047,0.48695652173913045,1.9217391304347826,0.508695652173913,-0.017825311942959002,0.5080213903743316,0.07012930089853167,1.1099161109916111,0.46153846153846156,0.6153846153846154,1.2307692307692308,0.15384615384615385,0.6153846153846154,1.0769230769230769,0.46153846153846156,-0.07692307692307693,0.5384615384615384,-0.23076923076923078
1,1,0,0,-0.6595888863790378,0.2692307692307692,-0.6131803940808866,0,6,5,4,3,2,1,0,6,5,1,0,0,1,1,1,1,1,0,0,0,1,1,0,0,0,0,0,1,1,0,0,0,0,0,0,0,0,0,0,2.5650224215246635,1.0519187358916477,0.930648769574944,0.09565217391304348,0.48695652173913045,1.9173913043478261,0.5258467023172906,-0.017825311942959002,0.4996712689020381,0.0688320068832007,0.38461538461538464,0.46153846153846156,0.6153846153846154,1.2307692307692308,0.15384615384615385,0.6153846153846154,1.0769230769230769,0.46153846153846156,-0.07692307692307693,0.5384615384615384
2,1,0,0,-0.3072057826970861,-0.6538461538461539,-0.1318323489450441,1,0,6,5,4,3,2,1,0,6,1,1,0,0,1,1,1,1,1,0,0,0,1,1,0,0,0,0,0,1,0,0,0,0,0,0,0,0,0,0,-0.6547085201793722,2.613995485327314,1.0111856823266219,0.8956521739130435,0.09565217391304348,0.4826086956521739,1.96969696969697,0.5258467023172906,-0.017532325224632918,0.4904280490428049,0.3076923076923077,0.38461538461538464,0.46153846153846156,0.6153846153846154,1.2307692307692308,0.15384615384615385,0.6153846153846154,1.0769230769230769,0.46153846153846156,-0.07692307692307693
3,1,0,0,0.2800993901061667,0.6538461538461539,0.09421411929762494,2,1,0,6,5,4,3,2,1,0,1,1,1,0,0,1,1,1,1,1,0,0,0,1,1,0,0,0,0,0,0,0,0,0,0,0,0,0,0,0,-0.30493273542600896,-0.6275395033860045,2.559284116331096,0.9739130434782609,0.8956521739130435,0.09130434782608696,0.4991087344028521,1.96969696969697,0.517203594126671,-0.017208001720800174,-0.6153846153846154,0.3076923076923077,0.38461538461538464,0.46153846153846156,0.6153846153846154,1.2307692307692308,0.15384615384615385,0.6153846153846154,1.0769230769230769,0.46153846153846156
4,1,0,0,1.888412017167382,-0.11538461538461539,0.6077017239418866,3,2,1,0,6,5,4,3,2,1,1,1,1,1,0,0,1,1,1,1,0,0,0,0,1,1,0,0,0,0,0,0,0,0,0,0,0,0,0,0,0.27802690582959644,-0.27539503386004516,-0.6532438478747203,2.4782608695652173,0.9739130434782609,0.8913043478260869,0.09803921568627452,0.4991087344028521,1.9373219373219372,0.5076360507636051,0.6923076923076923,-0.6153846153846154,0.3076923076923077,0.38461538461538464,0.46153846153846156,0.6153846153846154,1.2307692307692308,0.15384615384615385,0.6153846153846154,1.0769230769230769
5,0,1,0,0.7047662073639034,0.34615384615384615,0.5405888201244408,4,3,2,1,0,6,5,4,3,2,1,1,1,1,1,0,0,1,1,1,0,0,0,0,0,1,1,0,0,0,0,0,0,0,0,0,0,0,0,0,1.8744394618834082,0.3115124153498871,-0.3042505592841163,-0.6434782608695652,2.4782608695652173,0.9695652173913043,0.9180035650623887,0.09803921568627452,0.49090510628972167,1.9014841901484192,-0.07692307692307693,0.6923076923076923,-0.6153846153846154,0.3076923076923077,0.38461538461538464,0.46153846153846156,0.6153846153846154,1.2307692307692308,0.15384615384615385,0.6153846153846154
6,0,1,0,0.903546419697312,1.2692307692307692,1.1141203885559434,5,4,3,2,1,0,6,5,4,3,0,1,1,1,1,1,0,0,1,1,1,0,0,0,0,0,1,1,0,0,0,0,0,0,0,0,0,0,0,0,0.6995515695067265,1.9187358916478556,0.27740492170022374,-0.30434782608695654,-0.6434782608695652,2.473913043478261,0.9982174688057042,0.9180035650623887,0.09642778873548104,0.4818240481824048,0.38461538461538464,-0.07692307692307693,0.6923076923076923,-0.6153846153846154,0.3076923076923077,0.38461538461538464,0.46153846153846156,0.6153846153846154,1.2307692307692308,0.15384615384615385
0,1,0,0,-0.7228371357578496,-0.7307692307692307,-0.8118929637073613,6,5,4,3,2,1,0,6,5,4,0,0,1,1,1,1,1,0,0,1,1,1,0,0,0,0,0,1,1,0,0,0,0,0,0,0,0,0,0,0,0.8968609865470852,0.7358916478555305,1.8702460850111857,0.2608695652173913,-0.30434782608695654,-0.6478260869565218,2.540106951871658,0.9982174688057042,0.9029147490685951,0.09464400946440095,1.3076923076923077,0.38461538461538464,-0.07692307692307693,0.6923076923076923,-0.6153846153846154,0.3076923076923077,0.38461538461538464,0.46153846153846156,0.6153846153846154,1.2307692307692308
1,1,0,0,1.0119719900609894,0.5769230769230769,0.8162862673239294,0,6,5,4,3,2,1,0,6,5,1,0,0,1,1,1,1,1,0,0,0,1,1,0,0,0,0,0,1,1,0,0,0,0,0,0,0,0,0,0,-0.7174887892376681,0.9345372460496614,0.697986577181208,1.808695652173913,0.2608695652173913,-0.30869565217391304,-0.6595365418894832,2.540106951871658,0.9818102125794433,0.8862120886212089,-0.6923076923076923,1.3076923076923077,0.38461538461538464,-0.07692307692307693,0.6923076923076923,-0.6153846153846154,0.3076923076923077,0.38461538461538464,0.46153846153846156,0.6153846153846154
2,1,0,0,0.15360289134854305,0.19230769230769232,-0.1517420593951161,1,0,6,5,4,3,2,1,0,6,1,1,0,0,1,1,1,1,1,0,0,0,1,1,0,0,0,0,0,1,0,0,0,0,0,0,0,0,0,0,1.0044843049327354,-0.690744920993228,0.8948545861297539,0.6695652173913044,1.808695652173913,0.2565217391304348,-0.31194295900178254,-0.6595365418894832,2.4983563445101904,0.9636480963648096,0.6153846153846154,-0.6923076923076923,1.3076923076923077,0.38461538461538464,-0.07692307692307693,0.6923076923076923,-0.6153846153846154,0.3076923076923077,0.38461538461538464,0.46153846153846156
3,1,0,0,0.4879150666365485,2.3461538461538463,0.27153419091248615,2,1,0,6,5,4,3,2,1,0,1,1,1,0,0,1,1,1,1,1,0,0,0,1,1,0,0,0,0,0,0,0,0,0,0,0,0,0,0,0,0.15246636771300448,1.0428893905191874,-0.7158836689038032,0.8608695652173913,0.6695652173913044,1.8043478260869565,0.26737967914438504,-0.31194295900178254,-0.6486960333114179,2.4521402452140246,0.23076923076923078,0.6153846153846154,-0.6923076923076923,1.3076923076923077,0.38461538461538464,-0.07692307692307693,0.6923076923076923,-0.6153846153846154,0.3076923076923077,0.38461538461538464
4,1,0,0,0.6686243505760109,-0.2692307692307692,0.5701763332549669,3,2,1,0,6,5,4,3,2,1,1,1,1,1,0,0,1,1,1,1,0,0,0,0,1,1,0,0,0,0,0,0,0,0,0,0,0,0,0,0,0.484304932735426,0.18510158013544017,1.0022371364653244,-0.7043478260869566,0.8608695652173913,0.6652173913043479,1.8538324420677363,0.26737967914438504,-0.30681569143107607,-0.6366960636696064,2.3846153846153846,0.23076923076923078,0.6153846153846154,-0.6923076923076923,1.3076923076923077,0.38461538461538464,-0.07692307692307693,0.6923076923076923,-0.6153846153846154,0.3076923076923077
5,0,1,0,-0.08131917777275807,-1.1153846153846154,-0.23815345943373067,4,3,2,1,0,6,5,4,3,2,1,1,1,1,1,0,0,1,1,1,0,0,0,0,0,1,1,0,0,0,0,0,0,0,0,0,0,0,0,0,0.6636771300448431,0.5191873589164786,0.15212527964205816,0.9652173913043478,-0.7043478260869566,0.8565217391304348,0.6862745098039217,1.8538324420677363,0.26298487836949375,-0.30114003011400303,-0.23076923076923078,2.3846153846153846,0.23076923076923078,0.6153846153846154,-0.6923076923076923,1.3076923076923077,0.38461538461538464,-0.07692307692307693,0.6923076923076923,-0.6153846153846154
6,0,1,0,-0.06324824937881184,-0.8076923076923077,-0.02310738297440361,5,4,3,2,1,0,6,5,4,3,0,1,1,1,1,1,0,0,1,1,1,0,0,0,0,0,1,1,0,0,0,0,0,0,0,0,0,0,0,0,-0.08071748878923767,0.6997742663656885,0.48322147651006714,0.1391304347826087,0.9652173913043478,-0.7086956521739131,0.8823529411764707,0.6862745098039217,1.8233618233618234,0.2581200258120026,-1.0769230769230769,-0.23076923076923078,2.3846153846153846,0.23076923076923078,0.6153846153846154,-0.6923076923076923,1.3076923076923077,0.38461538461538464,-0.07692307692307693,0.6923076923076923
0,1,0,0,-0.34334763948497854,-0.7307692307692307,-0.4810966184872975,6,5,4,3,2,1,0,6,5,4,0,0,1,1,1,1,1,0,0,1,1,1,0,0,0,0,0,1,1,0,0,0,0,0,0,0,0,0,0,0,-0.06278026905829596,-0.04966139954853273,0.6621923937360179,0.4608695652173913,0.1391304347826087,0.9608695652173913,-0.7219251336898397,0.8823529411764707,0.6749945211483673,1.789632178963218,-0.7692307692307693,-1.0769230769230769,-0.23076923076923078,2.3846153846153846,0.23076923076923078,0.6153846153846154,-0.6923076923076923,1.3076923076923077,0.38461538461538464,-0.07692307692307693
1,1,0,0,1.1836458098034788,0.34615384615384615,1.0920452166739065,0,6,5,4,3,2,1,0,6,5,1,0,0,1,1,1,1,1,0,0,0,1,1,0,0,0,0,0,1,1,0,0,0,0,0,0,0,0,0,0,-0.34080717488789236,-0.03160270880361174,-0.08053691275167785,0.6347826086956522,0.4608695652173913,0.13478260869565217,0.9893048128342247,-0.7219251336898397,0.8678500986193294,0.6625080662508066,-0.6923076923076923,-0.7692307692307693,-1.0769230769230769,-0.23076923076923078,2.3846153846153846,0.23076923076923078,0.6153846153846154,-0.6923076923076923,1.3076923076923077,0.38461538461538464
2,1,0,0,0.11746103456065056,-0.6538461538461539,0.2127993443285023,1,0,6,5,4,3,2,1,0,6,1,1,0,0,1,1,1,1,1,0,0,0,1,1,0,0,0,0,0,1,0,0,0,0,0,0,0,0,0,0,1.1748878923766817,-0.3115124153498871,-0.06263982102908278,-0.08695652173913043,0.6347826086956522,0.45652173913043476,0.14260249554367202,0.9893048128342247,-0.7100591715976331,0.8517960851796086,0.38461538461538464,-0.6923076923076923,-0.7692307692307693,-1.0769230769230769,-0.23076923076923078,2.3846153846153846,0.23076923076923078,0.6153846153846154,-0.6923076923076923,1.3076923076923077
3,1,0,0,-0.975830133273097,-1.6538461538461537,-1.0700713769064842,2,1,0,6,5,4,3,2,1,0,1,1,1,0,0,1,1,1,1,1,0,0,0,1,1,0,0,0,0,0,0,0,0,0,0,0,0,0,0,0,0.11659192825112108,1.2144469525959367,-0.3400447427293065,-0.06956521739130435,-0.08695652173913043,0.6304347826086957,0.4723707664884136,0.14260249554367202,0.9730440499671269,-0.696924069692407,-0.6153846153846154,0.38461538461538464,-0.6923076923076923,-0.7692307692307693,-1.0769230769230769,-0.23076923076923078,2.3846153846153846,0.23076923076923078,0.6153846153846154,-0.6923076923076923
4,1,0,0,0.43370228145470974,-0.038461538461538464,0.5772988680163118,3,2,1,0,6,5,4,3,2,1,1,1,1,1,0,0,1,1,1,1,0,0,0,0,1,1,0,0,0,0,0,0,0,0,0,0,0,0,0,0,-0.968609865470852,0.1489841986455982,1.1722595078299776,-0.3391304347826087,-0.06956521739130435,-0.09130434782608696,0.6506238859180037,0.4723707664884136,0.14025860179706334,0.9550440955044096,-1.6153846153846154,-0.6153846153846154,0.38461538461538464,-0.6923076923076923,-0.7692307692307693,-1.0769230769230769,-0.23076923076923078,2.3846153846153846,0.23076923076923078,0.6153846153846154
5,0,1,0,1.3011068443641292,1.0384615384615385,1.0404346620555673,4,3,2,1,0,6,5,4,3,2,1,1,1,1,1,0,0,1,1,1,0,0,0,0,0,1,1,0,0,0,0,0,0,0,0,0,0,0,0,0,0.4304932735426009,-0.9435665914221218,0.116331096196868,1.1304347826086956,-0.3391304347826087,-0.07391304347826087,-0.08912655971479502,0.6506238859180037,0.4646066184527723,0.1376640137664014,0.0,-1.6153846153846154,-0.6153846153846154,0.38461538461538464,-0.6923076923076923,-0.7692307692307693,-1.0769230769230769,-0.23076923076923078,2.3846153846153846,0.23076923076923078
6,0,1,0,2.3853625480009035,-0.5,2.325018657482736,5,4,3,2,1,0,6,5,4,3,0,1,1,1,1,1,0,0,1,1,1,0,0,0,0,0,1,1,0,0,0,0,0,0,0,0,0,0,0,0,1.2914798206278026,0.4650112866817156,-0.9664429530201343,0.10434782608695652,1.1304347826086956,-0.34347826086956523,-0.07130124777183601,-0.08912655971479502,0.6399298706991015,0.45601204560120456,1.0769230769230769,0.0,-1.6153846153846154,-0.6153846153846154,0.38461538461538464,-0.6923076923076923,-0.7692307692307693,-1.0769230769230769,-0.23076923076923078,2.3846153846153846
0,0,0,1,1.5269934492884571,0.2692307692307692,1.282217480536583,6,5,4,3,2,1,0,6,5,4,0,0,1,1,1,1,1,0,0,1,1,1,0,0,0,0,0,1,1,0,0,0,0,0,0,0,0,0,0,0,2.367713004484305,1.3318284424379232,0.42953020134228187,-0.9478260869565217,0.10434782608695652,1.126086956521739,-0.3475935828877006,-0.07130124777183601,-0.08766162612316458,0.6280920628092063,-0.46153846153846156,1.0769230769230769,0.0,-1.6153846153846154,-0.6153846153846154,0.38461538461538464,-0.6923076923076923,-0.7692307692307693,-1.0769230769230769,-0.23076923076923078
1,1,0,0,0.23492206912130112,-0.11538461538461539,0.10163215724869837,0,6,5,4,3,2,1,0,6,5,0,0,0,1,1,1,1,1,0,0,0,1,1,0,0,0,0,0,1,1,1,0,0,0,0,0,0,0,0,0,1.515695067264574,2.415349887133183,1.2885906040268456,0.40869565217391307,-0.9478260869565217,0.1,1.1586452762923352,-0.3475935828877006,-0.07012930089853167,-0.08604000860400086,0.3076923076923077,-0.46153846153846156,1.0769230769230769,0.0,-1.6153846153846154,-0.6153846153846154,0.38461538461538464,-0.6923076923076923,-0.7692307692307693,-1.0769230769230769
2,1,0,0,0.9939010616670432,1.3461538461538463,1.0357294546758071,1,0,6,5,4,3,2,1,0,6,1,0,0,0,1,1,1,1,1,0,0,0,1,1,0,0,0,0,0,1,0,1,0,0,0,0,0,0,0,0,0.23318385650224216,1.5575620767494356,2.3624161073825505,1.2434782608695651,0.40869565217391307,-0.9521739130434783,0.10695187165775402,1.1586452762923352,-0.3418803418803419,-0.0688320068832007,-0.07692307692307693,0.3076923076923077,-0.46153846153846156,1.0769230769230769,0.0,-1.6153846153846154,-0.6153846153846154,0.38461538461538464,-0.6923076923076923,-0.7692307692307693
3,1,0,0,0.18974474813643552,0.9615384615384616,0.402599373747031,2,1,0,6,5,4,3,2,1,0,1,1,0,0,0,1,1,1,1,1,0,0,0,1,1,0,0,0,0,0,0,0,1,0,0,0,0,0,0,0,0.9865470852017937,0.26636568848758463,1.512304250559284,2.2869565217391306,1.2434782608695651,0.4043478260869565,-0.9714795008912657,0.10695187165775402,1.1396011396011396,-0.3355560335556034,1.3846153846153846,-0.07692307692307693,0.3076923076923077,-0.46153846153846156,1.0769230769230769,0.0,-1.6153846153846154,-0.6153846153846154,0.38461538461538464,-0.6923076923076923
4,1,0,0,0.4156313530607635,0.9615384615384616,0.3256074673568184,3,2,1,0,6,5,4,3,2,1,1,1,1,0,0,0,1,1,1,1,0,0,0,0,1,1,0,0,0,0,0,0,0,1,0,0,0,0,0,0,0.18834080717488788,1.0248306997742664,0.232662192393736,1.4608695652173913,2.2869565217391306,1.2391304347826086,0.4188948306595366,-0.9714795008912657,0.10519395134779749,1.1185201118520112,1.0,1.3846153846153846,-0.07692307692307693,0.3076923076923077,-0.46153846153846156,1.0769230769230769,0.0,-1.6153846153846154,-0.6153846153846154,0.38461538461538464
5,0,1,0,0.4879150666365485,1.4230769230769231,0.3531551591628064,4,3,2,1,0,6,5,4,3,2,1,1,1,1,0,0,0,1,1,1,0,0,0,0,0,1,1,0,0,0,0,0,0,0,1,0,0,0,0,0,0.4125560538116592,0.22121896162528218,0.9843400447427293,0.21739130434782608,1.4608695652173913,2.282608695652174,1.2745098039215688,0.4188948306595366,-0.9555117247424939,0.10324801032480103,1.0,1.0,1.3846153846153846,-0.07692307692307693,0.3076923076923077,-0.46153846153846156,1.0769230769230769,0.0,-1.6153846153846154,-0.6153846153846154
6,0,1,0,1.0752202394398012,0.19230769230769232,1.348567464820587,5,4,3,2,1,0,6,5,4,3,0,1,1,1,1,0,0,0,1,1,1,0,0,0,0,0,1,1,0,0,0,0,0,0,0,1,0,0,0,0,0.484304932735426,0.4469525959367946,0.18791946308724833,0.9478260869565217,0.21739130434782608,1.4565217391304348,2.344028520499109,1.2745098039215688,0.41200964277887353,-0.9378360937836094,1.4615384615384615,1.0,1.0,1.3846153846153846,-0.07692307692307693,0.3076923076923077,-0.46153846153846156,1.0769230769230769,0.0,-1.6153846153846154
0,1,0,0,0.7680144567427152,-1.2692307692307692,0.3360742547678261,6,5,4,3,2,1,0,6,5,4,0,0,1,1,1,1,0,0,0,1,1,1,0,0,0,0,0,1,1,0,0,0,0,0,0,0,1,0,0,0,1.0672645739910314,0.5191873589164786,0.4116331096196868,0.17391304347826086,0.9478260869565217,0.21304347826086956,1.4973262032085564,2.344028520499109,1.2535612535612535,0.40438804043880405,0.23076923076923078,1.4615384615384615,1.0,1.0,1.3846153846153846,-0.07692307692307693,0.3076923076923077,-0.46153846153846156,1.0769230769230769,0.0
1,1,0,0,0.14456742715156992,0.8076923076923077,0.16037051824128157,0,6,5,4,3,2,1,0,6,5,1,0,0,1,1,1,1,0,0,0,0,1,1,0,0,0,0,0,1,1,0,0,0,0,0,0,0,1,0,0,0.7623318385650224,1.1060948081264108,0.48322147651006714,0.391304347826087,0.17391304347826086,0.9434782608695652,0.22281639928698754,1.4973262032085564,2.3055007670392285,1.2303721230372124,-1.2307692307692308,0.23076923076923078,1.4615384615384615,1.0,1.0,1.3846153846153846,-0.07692307692307693,0.3076923076923077,-0.46153846153846156,1.0769230769230769
2,1,0,0,2.6654619381070703,0.7307692307692307,2.2616251694329335,1,0,6,5,4,3,2,1,0,6,1,1,0,0,1,1,1,1,0,0,0,0,1,1,0,0,0,0,0,1,0,0,0,0,0,0,0,0,1,0,0.14349775784753363,0.7990970654627539,1.0648769574944073,0.4608695652173913,0.391304347826087,0.16956521739130434,0.9714795008912657,0.22281639928698754,1.472715318869165,2.2628522262852226,0.8461538461538461,-1.2307692307692308,0.23076923076923078,1.4615384615384615,1.0,1.0,1.3846153846153846,-0.07692307692307693,0.3076923076923077,-0.46153846153846156
3,1,0,0,0.4427377456516829,0.9615384615384616,0.32095409750389864,2,1,0,6,5,4,3,2,1,0,1,1,1,0,0,1,1,1,1,0,0,0,0,1,1,0,0,0,0,0,0,0,0,0,0,0,0,0,0,1,2.6457399103139014,0.17607223476297967,0.7606263982102909,1.0260869565217392,0.4608695652173913,0.3869565217391304,0.17825311942959005,0.9714795008912657,0.21915406530791146,1.4454721445472145,0.7692307692307693,0.8461538461538461,-1.2307692307692308,0.23076923076923078,1.4615384615384615,1.0,1.0,1.3846153846153846,-0.07692307692307693,0.3076923076923077
4,1,0,0,0.14456742715156992,-0.19230769230769232,0.02412597573344792,3,2,1,0,6,5,4,3,2,1,1,1,1,1,0,0,1,1,1,1,0,0,0,0,1,1,0,0,0,0,0,0,0,0,0,0,0,0,0,0,0.43946188340807174,2.695259593679458,0.14317673378076062,0.7304347826086957,1.0260869565217392,0.45652173913043476,0.4010695187165776,0.17825311942959005,0.9555117247424939,0.21510002151000215,1.0,0.7692307692307693,0.8461538461538461,-1.2307692307692308,0.23076923076923078,1.4615384615384615,1.0,1.0,1.3846153846153846,-0.07692307692307693
5,0,1,0,0.8854754913033658,0.5,0.5882257500864508,4,3,2,1,0,6,5,4,3,2,1,1,1,1,1,0,0,1,1,1,0,0,0,0,0,1,1,0,0,0,0,0,0,0,0,0,0,0,0,0,0.14349775784753363,0.47404063205417607,2.639821029082774,0.13043478260869565,0.7304347826086957,1.0217391304347827,0.4723707664884136,0.4010695187165776,0.17532325224632916,0.9378360937836094,-0.15384615384615385,1.0,0.7692307692307693,0.8461538461538461,-1.2307692307692308,0.23076923076923078,1.4615384615384615,1.0,1.0,1.3846153846153846
6,0,1,0,1.2197876665913712,0.34615384615384615,1.4692525489895745,5,4,3,2,1,0,6,5,4,3,0,1,1,1,1,1,0,0,1,1,1,0,0,0,0,0,1,1,0,0,0,0,0,0,0,0,0,0,0,0,0.8789237668161435,0.17607223476297967,0.43847874720357943,2.5565217391304347,0.13043478260869565,0.7260869565217392,1.0516934046345812,0.4723707664884136,0.39447731755424065,0.17208001720800173,0.5384615384615384,-0.15384615384615385,1.0,0.7692307692307693,0.8461538461538461,-1.2307692307692308,0.23076923076923078,1.4615384615384615,1.0,1.0
0,1,0,0,0.6595888863790378,0.5,0.39470396196121277,6,5,4,3,2,1,0,6,5,4,0,0,1,1,1,1,1,0,0,1,1,1,0,0,0,0,0,1,1,0,0,0,0,0,0,0,0,0,0,0,1.210762331838565,0.9164785553047404,0.14317673378076062,0.41739130434782606,2.5565217391304347,0.12608695652173912,0.7486631016042782,1.0516934046345812,0.4646066184527723,0.3871800387180039,0.38461538461538464,0.5384615384615384,-0.15384615384615385,1.0,0.7692307692307693,0.8461538461538461,-1.2307692307692308,0.23076923076923078,1.4615384615384615,1.0
1,1,0,0,0.7951208493336346,0.19230769230769232,0.20146889100420493,0,6,5,4,3,2,1,0,6,5,1,0,0,1,1,1,1,1,0,0,0,1,1,0,0,0,0,0,1,1,0,0,0,0,0,0,0,0,0,0,0.6547085201793722,1.2505643340857788,0.8769574944071589,0.13043478260869565,0.41739130434782606,2.5521739130434784,0.13368983957219252,0.7486631016042782,1.034407188253342,0.45601204560120456,0.5384615384615384,0.38461538461538464,0.5384615384615384,-0.15384615384615385,1.0,0.7692307692307693,0.8461538461538461,-1.2307692307692308,0.23076923076923078,1.4615384615384615
2,1,0,0,0.5873051728032528,-0.2692307692307692,0.4300902492806628,1,0,6,5,4,3,2,1,0,6,1,1,0,0,1,1,1,1,1,0,0,0,1,1,0,0,0,0,0,1,0,0,0,0,0,0,0,0,0,0,0.7892376681614349,0.690744920993228,1.2080536912751678,0.8434782608695652,0.13043478260869565,0.41304347826086957,2.6203208556149735,0.13368983957219252,0.7363576594345825,1.0152721015272101,0.23076923076923078,0.5384615384615384,0.38461538461538464,0.5384615384615384,-0.15384615384615385,1.0,0.7692307692307693,0.8461538461538461,-1.2307692307692308,0.23076923076923078
3,1,0,0,1.4547097357126724,1.1153846153846154,1.487272093347964,2,1,0,6,5,4,3,2,1,0,1,1,1,0,0,1,1,1,1,1,0,0,0,1,1,0,0,0,0,0,0,0,0,0,0,0,0,0,0,0,0.5829596412556054,0.8261851015801355,0.6532438478747203,1.1652173913043478,0.8434782608695652,0.12608695652173912,0.4278074866310161,2.6203208556149735,0.13149243918474687,0.7227360722736073,-0.23076923076923078,0.23076923076923078,0.5384615384615384,0.38461538461538464,0.5384615384615384,-0.15384615384615385,1.0,0.7692307692307693,0.8461538461538461,-1.2307692307692308
4,1,0,0,-0.19878021233340865,-0.34615384615384615,-0.3046656922480713,3,2,1,0,6,5,4,3,2,1,1,1,1,1,0,0,1,1,1,1,0,0,0,0,1,1,0,0,0,0,0,0,0,0,0,0,0,0,0,0,1.4439461883408071,0.618510158013544,0.7874720357941835,0.6260869565217392,1.1652173913043478,0.8391304347826087,0.13368983957219252,0.4278074866310161,2.577251808021039,0.1290600129060013,1.1538461538461537,-0.23076923076923078,0.23076923076923078,0.5384615384615384,0.38461538461538464,0.5384615384615384,-0.15384615384615385,1.0,0.7692307692307693,0.8461538461538461
5,0,1,0,1.3914614863338604,1.1153846153846154,1.7114532892265293,4,3,2,1,0,6,5,4,3,2,1,1,1,1,1,0,0,1,1,1,0,0,0,0,0,1,1,0,0,0,0,0,0,0,0,0,0,0,0,0,-0.19730941704035873,1.4853273137697518,0.5816554809843401,0.7565217391304347,0.6260869565217392,1.1608695652173913,0.8645276292335117,0.13368983957219252,0.42077580539118997,2.5295762529576256,-0.3076923076923077,1.1538461538461537,-0.23076923076923078,0.23076923076923078,0.5384615384615384,0.38461538461538464,0.5384615384615384,-0.15384615384615385,1.0,0.7692307692307693
6,0,1,0,0.7228371357578496,-0.5,0.7996982587350077,5,4,3,2,1,0,6,5,4,3,0,1,1,1,1,1,0,0,1,1,1,0,0,0,0,0,1,1,0,0,0,0,0,0,0,0,0,0,0,0,1.3811659192825112,-0.1670428893905192,1.4407158836689038,0.5565217391304348,0.7565217391304347,0.6217391304347826,1.1942959001782532,0.8645276292335117,0.13149243918474687,0.41299204129920414,1.1538461538461537,-0.3076923076923077,1.1538461538461537,-0.23076923076923078,0.23076923076923078,0.5384615384615384,0.38461538461538464,0.5384615384615384,-0.15384615384615385,1.0
0,1,0,0,-0.524056923424441,0.2692307692307692,-0.42878259641432215,6,5,4,3,2,1,0,6,5,4,0,0,1,1,1,1,1,0,0,1,1,1,0,0,0,0,0,1,1,0,0,0,0,0,0,0,0,0,0,0,0.7174887892376681,1.4221218961625282,-0.19686800894854586,1.391304347826087,0.5565217391304348,0.7521739130434782,0.6417112299465241,1.1942959001782532,0.8503177733946965,0.1290600129060013,-0.46153846153846156,1.1538461538461537,-0.3076923076923077,1.1538461538461537,-0.23076923076923078,0.23076923076923078,0.5384615384615384,0.38461538461538464,0.5384615384615384,-0.15384615384615385
1,1,0,0,-0.8493336345154733,-1.1923076923076923,-0.9705157958389256,0,6,5,4,3,2,1,0,6,5,1,0,0,1,1,1,1,1,0,0,0,1,1,0,0,0,0,0,1,1,0,0,0,0,0,0,0,0,0,0,-0.5201793721973094,0.7539503386004515,1.378076062639821,-0.2,1.391304347826087,0.5521739130434783,0.7754010695187167,0.6417112299465241,1.1746657900504054,0.8345880834588084,0.3076923076923077,-0.46153846153846156,1.1538461538461537,-0.3076923076923077,1.1538461538461537,-0.23076923076923078,0.23076923076923078,0.5384615384615384,0.38461538461538464,0.5384615384615384
2,1,0,0,-0.11746103456065056,-0.11538461538461539,-0.16031955931659103,1,0,6,5,4,3,2,1,0,6,1,1,0,0,1,1,1,1,1,0,0,0,1,1,0,0,0,0,0,1,0,0,0,0,0,0,0,0,0,0,-0.8430493273542601,-0.49209932279909707,0.7158836689038032,1.3304347826086957,-0.2,1.3869565217391304,0.5704099821746881,0.7754010695187167,0.631163708086785,1.1529361152936115,-1.1538461538461537,0.3076923076923077,-0.46153846153846156,1.1538461538461537,-0.3076923076923077,1.1538461538461537,-0.23076923076923078,0.23076923076923078,0.5384615384615384,0.38461538461538464
3,0,0,1,-0.8854754913033658,-1.0384615384615385,-0.9694026069150822,2,1,0,6,5,4,3,2,1,0,1,1,1,0,0,1,1,1,1,1,0,0,0,1,1,0,0,0,0,0,0,0,0,0,0,0,0,0,0,0,-0.11659192825112108,-0.8171557562076749,-0.5190156599552572,0.6869565217391305,1.3304347826086957,-0.20434782608695654,1.4260249554367204,0.5704099821746881,0.7626561472715319,0.6194880619488062,-0.07692307692307693,-1.1538461538461537,0.3076923076923077,-0.46153846153846156,1.1538461538461537,-0.3076923076923077,1.1538461538461537,-0.23076923076923078,0.23076923076923078,0.5384615384615384
4,0,0,1,0.15360289134854305,0.5,0.09395229585697353,3,2,1,0,6,5,4,3,2,1,0,1,1,1,0,0,1,1,1,1,0,0,0,0,1,1,0,0,0,0,1,0,0,0,0,0,0,0,0,0,-0.8789237668161435,-0.08577878103837472,-0.8411633109619687,-0.5130434782608696,0.6869565217391305,1.326086956521739,-0.20499108734402854,1.4260249554367204,0.5610344071882534,0.7485480748548076,-1.0,-0.07692307692307693,-1.1538461538461537,0.3076923076923077,-0.46153846153846156,1.1538461538461537,-0.3076923076923077,1.1538461538461537,-0.23076923076923078,0.23076923076923078
5,0,1,0,0.8854754913033658,1.1923076923076923,0.9073035926993726,4,3,2,1,0,6,5,4,3,2,0,0,1,1,1,0,0,1,1,1,0,0,0,0,0,1,1,0,0,0,1,1,0,0,0,0,0,0,0,0,0.15246636771300448,-0.8532731376975169,-0.116331096196868,-0.8260869565217391,-0.5130434782608696,0.6826086956521739,1.3636363636363638,-0.20499108734402854,1.4025860179706333,0.5506560550656056,0.5384615384615384,-1.0,-0.07692307692307693,-1.1538461538461537,0.3076923076923077,-0.46153846153846156,1.1538461538461537,-0.3076923076923077,1.1538461538461537,-0.23076923076923078
6,0,1,0,-1.1203975604246668,-0.34615384615384615,-1.1136151923197872,5,4,3,2,1,0,6,5,4,3,0,0,0,1,1,1,0,0,1,1,1,0,0,0,0,0,1,1,0,0,0,1,1,0,0,0,0,0,0,0,0.8789237668161435,0.18510158013544017,-0.8769574944071589,-0.12173913043478261,-0.8260869565217391,-0.5173913043478261,0.7040998217468807,1.3636363636363638,-0.20162174008327854,1.3766401376640138,1.2307692307692308,0.5384615384615384,-1.0,-0.07692307692307693,-1.1538461538461537,0.3076923076923077,-0.46153846153846156,1.1538461538461537,-0.3076923076923077,1.1538461538461537
0,1,0,0,-0.5601987802123334,0.19230769230769232,-0.6018106965272298,6,5,4,3,2,1,0,6,5,4,0,0,0,0,1,1,1,0,0,1,1,1,0,0,0,0,0,1,1,0,0,0,1,1,0,0,0,0,0,0,-1.1121076233183858,0.9164785553047404,0.15212527964205816,-0.8608695652173913,-0.12173913043478261,-0.8304347826086956,-0.5258467023172906,0.7040998217468807,1.3412228796844181,-0.19789201978920198,-0.3076923076923077,1.2307692307692308,0.5384615384615384,-1.0,-0.07692307692307693,-1.1538461538461537,0.3076923076923077,-0.46153846153846156,1.1538461538461537,-0.3076923076923077
1,1,0,0,0.29817031850011294,-1.5769230769230769,0.41277065796831014,0,6,5,4,3,2,1,0,6,5,1,0,0,0,0,1,1,1,0,0,0,1,1,0,0,0,0,0,1,1,0,0,0,1,1,0,0,0,0,0,-0.5560538116591929,-1.0880361173814899,0.8769574944071589,0.1391304347826087,-0.8608695652173913,-0.12608695652173912,-0.8467023172905527,-0.5258467023172906,0.6925268463730002,1.3164121316412132,0.23076923076923078,-0.3076923076923077,1.2307692307692308,0.5384615384615384,-1.0,-0.07692307692307693,-1.1538461538461537,0.3076923076923077,-0.46153846153846156,1.1538461538461537
2,1,0,0,-0.07228371357578496,-0.34615384615384615,-0.1899340162463788,1,0,6,5,4,3,2,1,0,6,1,1,0,0,0,0,1,1,1,0,0,0,1,1,0,0,0,0,0,1,0,0,0,0,1,1,0,0,0,0,0.29596412556053814,-0.5282167042889391,-1.109619686800895,0.8434782608695652,0.1391304347826087,-0.8652173913043478,-0.12477718360071302,-0.8467023172905527,-0.517203594126671,0.6797160679716069,-1.5384615384615385,0.23076923076923078,-0.3076923076923077,1.2307692307692308,0.5384615384615384,-1.0,-0.07692307692307693,-1.1538461538461537,0.3076923076923077,-0.46153846153846156
3,1,0,0,0.17167381974248927,0.4230769230769231,0.1784266710225809,2,1,0,6,5,4,3,2,1,0,1,1,1,0,0,0,0,1,1,1,0,0,0,1,1,0,0,0,0,0,0,0,0,0,0,1,1,0,0,0,-0.07174887892376682,0.3295711060948081,-0.5548098434004475,-1.0869565217391304,0.8434782608695652,0.13478260869565217,-0.8823529411764707,-0.12477718360071302,-0.8327854481700635,-0.5076360507636051,-0.3076923076923077,-1.5384615384615385,0.23076923076923078,-0.3076923076923077,1.2307692307692308,0.5384615384615384,-1.0,-0.07692307692307693,-1.1538461538461537,0.3076923076923077
4,1,0,0,-0.6144115653941722,0.6538461538461539,-0.4790550399584597,3,2,1,0,6,5,4,3,2,1,1,1,1,1,0,0,0,0,1,1,0,0,0,0,1,1,0,0,0,0,0,0,0,0,0,0,1,1,0,0,0.17040358744394618,-0.040632054176072234,0.2953020134228188,-0.5478260869565217,-1.0869565217391304,0.8391304347826087,0.14260249554367202,-0.8823529411764707,-0.12272627657243042,-0.8173800817380082,0.46153846153846156,-0.3076923076923077,-1.5384615384615385,0.23076923076923078,-0.3076923076923077,1.2307692307692308,0.5384615384615384,-1.0,-0.07692307692307693,-1.1538461538461537
5,0,1,0,-0.1807092839394624,0.5769230769230769,-0.19861109107816857,4,3,2,1,0,6,5,4,3,2,1,1,1,1,1,0,0,0,0,1,0,0,0,0,0,1,1,0,0,0,0,0,0,0,0,0,0,1,1,0,-0.6098654708520179,0.20316027088036118,-0.07158836689038031,0.2782608695652174,-0.5478260869565217,-1.0913043478260869,0.8645276292335117,0.14260249554367202,-0.8678500986193294,-0.1204560120456012,0.6923076923076923,0.46153846153846156,-0.3076923076923077,-1.5384615384615385,0.23076923076923078,-0.3076923076923077,1.2307692307692308,0.5384615384615384,-1.0,-0.07692307692307693
6,0,1,0,0.6415179579850915,0.34615384615384615,0.732430135204424,5,4,3,2,1,0,6,5,4,3,0,1,1,1,1,1,0,0,0,0,1,0,0,0,0,0,1,1,0,0,0,0,0,0,0,0,0,0,1,1,-0.17937219730941703,-0.582392776523702,0.17002237136465326,-0.0782608695652174,0.2782608695652174,-0.5521739130434783,-1.1140819964349378,0.8645276292335117,0.14025860179706334,-0.8517960851796086,0.6153846153846154,0.6923076923076923,0.46153846153846156,-0.3076923076923077,-1.5384615384615385,0.23076923076923078,-0.3076923076923077,1.2307692307692308,0.5384615384615384,-1.0
0,1,0,0,-0.5873051728032528,-0.4230769230769231,-0.36429349148367274,6,5,4,3,2,1,0,6,5,4,0,0,1,1,1,1,1,0,0,0,1,1,0,0,0,0,0,1,1,0,0,0,0,0,0,0,0,0,0,1,0.6367713004484304,-0.1489841986455982,-0.6085011185682326,0.1565217391304348,-0.0782608695652174,0.27391304347826084,-0.5614973262032086,-1.1140819964349378,0.8503177733946965,0.1376640137664014,0.38461538461538464,0.6153846153846154,0.6923076923076923,0.46153846153846156,-0.3076923076923077,-1.5384615384615385,0.23076923076923078,-0.3076923076923077,1.2307692307692308,0.5384615384615384
1,1,0,0,-0.3072057826970861,0.9615384615384616,-0.1870144213024706,0,6,5,4,3,2,1,0,6,5,1,0,0,1,1,1,1,1,0,0,0,1,1,0,0,0,0,0,1,1,0,0,0,0,0,0,0,0,0,0,-0.5829596412556054,0.672686230248307,-0.1789709172259508,-0.6,0.1565217391304348,-0.08260869565217391,0.28520499108734404,-0.5614973262032086,-1.0957703265395573,0.8345880834588084,-0.38461538461538464,0.38461538461538464,0.6153846153846154,0.6923076923076923,0.46153846153846156,-0.3076923076923077,-1.5384615384615385,0.23076923076923078,-0.3076923076923077,1.2307692307692308
2,1,0,0,-0.5150214592274678,-0.19230769230769232,-0.5058898925535465,1,0,6,5,4,3,2,1,0,6,1,1,0,0,1,1,1,1,1,0,0,0,1,1,0,0,0,0,0,1,0,0,0,0,0,0,0,0,0,0,-0.30493273542600896,-0.5553047404063205,0.6353467561521253,-0.1826086956521739,-0.6,0.15217391304347827,-0.08021390374331551,0.28520499108734404,-0.5522682445759368,-1.0755001075500108,1.0,-0.38461538461538464,0.38461538461538464,0.6153846153846154,0.6923076923076923,0.46153846153846156,-0.3076923076923077,-1.5384615384615385,0.23076923076923078,-0.3076923076923077
3,0,0,1,-0.5059859950304947,0.11538461538461539,-0.3683754770718153,2,1,0,6,5,4,3,2,1,0,1,1,1,0,0,1,1,1,1,1,0,0,0,1,1,0,0,0,0,0,0,0,0,0,0,0,0,0,0,0,-0.5112107623318386,-0.27539503386004516,-0.5816554809843401,0.6086956521739131,-0.1826086956521739,-0.6043478260869565,0.16042780748663102,-0.08021390374331551,0.2805172035941267,-0.5420520542052054,-0.15384615384615385,1.0,-0.38461538461538464,0.38461538461538464,0.6153846153846154,0.6923076923076923,0.46153846153846156,-0.3076923076923077,-1.5384615384615385,0.23076923076923078
4,1,0,0,-0.8583690987124464,-1.5,-0.9490869822717855,3,2,1,0,6,5,4,3,2,1,0,1,1,1,0,0,1,1,1,1,0,0,0,0,1,1,0,0,0,0,1,0,0,0,0,0,0,0,0,0,-0.5022421524663677,-0.48306997742663654,-0.3042505592841163,-0.5739130434782609,0.6086956521739131,-0.18695652173913044,-0.6149732620320856,0.16042780748663102,-0.07889546351084813,0.2753280275328028,0.15384615384615385,-0.15384615384615385,1.0,-0.38461538461538464,0.38461538461538464,0.6153846153846154,0.6923076923076923,0.46153846153846156,-0.3076923076923077,-1.5384615384615385
5,0,1,0,-0.05421278518183872,0.8076923076923077,-0.009575445529998077,4,3,2,1,0,6,5,4,3,2,1,0,1,1,1,0,0,1,1,1,0,0,0,0,0,1,1,0,0,0,0,1,0,0,0,0,0,0,0,0,-0.852017937219731,-0.47404063205417607,-0.5100671140939598,-0.30434782608695654,-0.5739130434782609,0.6043478260869565,-0.18716577540106955,-0.6149732620320856,0.15779092702169625,-0.07743600774360078,-1.4615384615384615,0.15384615384615385,-0.15384615384615385,1.0,-0.38461538461538464,0.38461538461538464,0.6153846153846154,0.6923076923076923,0.46153846153846156,-0.3076923076923077
6,0,1,0,-0.5692342444093066,-0.5,-0.46749673580997125,5,4,3,2,1,0,6,5,4,3,0,1,0,1,1,1,0,0,1,1,1,0,0,0,0,0,1,1,0,0,0,0,1,0,0,0,0,0,0,0,-0.053811659192825115,-0.8261851015801355,-0.5011185682326622,-0.5043478260869565,-0.30434782608695654,-0.5782608695652174,0.6238859180035651,-0.18716577540106955,-0.6048652202498356,0.15487201548720156,0.8461538461538461,-1.4615384615384615,0.15384615384615385,-0.15384615384615385,1.0,-0.38461538461538464,0.38461538461538464,0.6153846153846154,0.6923076923076923,0.46153846153846156
0,1,0,0,0.12649649875762367,0.2692307692307692,0.09563101169792868,6,5,4,3,2,1,0,6,5,4,0,0,1,0,1,1,1,0,0,1,1,1,0,0,0,0,0,1,1,0,0,0,0,1,0,0,0,0,0,0,-0.5650224215246636,-0.022573363431151242,-0.8501118568232662,-0.4956521739130435,-0.5043478260869565,-0.30869565217391304,-0.5882352941176471,0.6238859180035651,-0.18408941485864563,-0.5936760593676059,-0.46153846153846156,0.8461538461538461,-1.4615384615384615,0.15384615384615385,-0.15384615384615385,1.0,-0.38461538461538464,0.38461538461538464,0.6153846153846154,0.6923076923076923
1,1,0,0,-0.18974474813643552,-0.038461538461538464,-0.29488099297272036,0,6,5,4,3,2,1,0,6,5,1,0,0,1,0,1,1,1,0,0,0,1,1,0,0,0,0,0,1,1,0,0,0,0,1,0,0,0,0,0,0.12556053811659193,-0.5372460496613995,-0.053691275167785234,-0.8347826086956521,-0.4956521739130435,-0.508695652173913,-0.31194295900178254,-0.5882352941176471,0.6136313828621521,-0.1806840180684018,0.3076923076923077,-0.46153846153846156,0.8461538461538461,-1.4615384615384615,0.15384615384615385,-0.15384615384615385,1.0,-0.38461538461538464,0.38461538461538464,0.6153846153846154
2,1,0,0,-0.7770499209396883,0.11538461538461539,-0.8427957442561934,1,0,6,5,4,3,2,1,0,6,1,1,0,0,1,0,1,1,1,0,0,0,1,1,0,0,0,0,0,1,0,0,0,0,0,1,0,0,0,0,-0.18834080717488788,0.1580135440180587,-0.5637583892617449,-0.06086956521739131,-0.8347826086956521,-0.5,-0.5169340463458111,-0.31194295900178254,-0.5785667324128863,0.6022800602280061,0.0,0.3076923076923077,-0.46153846153846156,0.8461538461538461,-1.4615384615384615,0.15384615384615385,-0.15384615384615385,1.0,-0.38461538461538464,0.38461538461538464
3,1,0,0,-0.8402981703185002,-1.7307692307692308,-0.9706915162688929,2,1,0,6,5,4,3,2,1,0,1,1,1,0,0,1,0,1,1,1,0,0,0,1,1,0,0,0,0,0,0,0,0,0,0,0,1,0,0,0,-0.7713004484304933,-0.1580135440180587,0.12527964205816555,-0.5565217391304348,-0.06086956521739131,-0.8391304347826087,-0.5080213903743316,-0.5169340463458111,-0.30681569143107607,-0.5678640567864057,0.15384615384615385,0.0,0.3076923076923077,-0.46153846153846156,0.8461538461538461,-1.4615384615384615,0.15384615384615385,-0.15384615384615385,1.0,-0.38461538461538464
4,1,0,0,-0.7860853851366614,-0.19230769230769232,-0.7982412435031947,3,2,1,0,6,5,4,3,2,1,1,1,1,1,0,0,1,0,1,1,0,0,0,0,1,1,0,0,0,0,0,0,0,0,0,0,0,1,0,0,-0.8340807174887892,-0.744920993227991,-0.18791946308724833,0.11304347826086956,-0.5565217391304348,-0.06521739130434782,-0.8556149732620322,-0.5080213903743316,-0.5084374315143546,-0.30114003011400303,-1.6923076923076923,0.15384615384615385,0.0,0.3076923076923077,-0.46153846153846156,0.8461538461538461,-1.4615384615384615,0.15384615384615385,-0.15384615384615385,1.0
5,0,1,0,-0.25299299751524734,-0.19230769230769232,-0.3783546402896634,4,3,2,1,0,6,5,4,3,2,1,1,1,1,1,0,0,1,0,1,0,0,0,0,0,1,1,0,0,0,0,0,0,0,0,0,0,0,1,0,-0.7802690582959642,-0.8081264108352144,-0.7695749440715883,-0.19130434782608696,0.11304347826086956,-0.5608695652173913,-0.06238859180035651,-0.8556149732620322,-0.4996712689020381,-0.499032049903205,-0.15384615384615385,-1.6923076923076923,0.15384615384615385,0.0,0.3076923076923077,-0.46153846153846156,0.8461538461538461,-1.4615384615384615,0.15384615384615385,-0.15384615384615385
6,0,1,0,-0.1355319629545968,-0.2692307692307692,-0.16092198752399592,5,4,3,2,1,0,6,5,4,3,0,1,1,1,1,1,0,0,1,0,1,0,0,0,0,0,1,1,0,0,0,0,0,0,0,0,0,0,0,1,-0.25112107623318386,-0.7539503386004515,-0.8322147651006712,-0.7565217391304347,-0.19130434782608696,0.10869565217391304,-0.5704099821746881,-0.06238859180035651,-0.8415516107823799,-0.4904280490428049,-0.15384615384615385,-0.15384615384615385,-1.6923076923076923,0.15384615384615385,0.0,0.3076923076923077,-0.46153846153846156,0.8461538461538461,-1.4615384615384615,0.15384615384615385
0,1,0,0,-0.605376101197199,0.11538461538461539,-0.5758594248274956,6,5,4,3,2,1,0,6,5,4,0,0,1,1,1,1,1,0,0,1,1,1,0,0,0,0,0,1,1,0,0,0,0,0,0,0,0,0,0,0,-0.13452914798206278,-0.22121896162528218,-0.7785234899328859,-0.8173913043478261,-0.7565217391304347,-0.1956521739130435,0.11586452762923352,-0.5704099821746881,-0.06136313828621521,-0.8259840825984083,-0.23076923076923078,-0.15384615384615385,-0.15384615384615385,-1.6923076923076923,0.15384615384615385,0.0,0.3076923076923077,-0.46153846153846156,0.8461538461538461,-1.4615384615384615
1,1,0,0,-0.3072057826970861,0.19230769230769232,-0.31356856783236914,0,6,5,4,3,2,1,0,6,5,1,0,0,1,1,1,1,1,0,0,0,1,1,0,0,0,0,0,1,1,0,0,0,0,0,0,0,0,0,0,-0.600896860986547,-0.1038374717832957,-0.2505592841163311,-0.7652173913043478,-0.8173913043478261,-0.7608695652173914,-0.19607843137254904,0.11586452762923352,-0.5610344071882534,-0.0602280060228006,0.15384615384615385,-0.23076923076923078,-0.15384615384615385,-0.15384615384615385,-1.6923076923076923,0.15384615384615385,0.0,0.3076923076923077,-0.46153846153846156,0.8461538461538461
2,1,0,0,-0.5963406370002259,-0.11538461538461539,-0.5742287392373983,1,0,6,5,4,3,2,1,0,6,1,1,0,0,1,1,1,1,1,0,0,0,1,1,0,0,0,0,0,1,0,0,0,0,0,0,0,0,0,0,-0.30493273542600896,-0.5733634311512416,-0.1342281879194631,-0.25217391304347825,-0.7652173913043478,-0.8217391304347826,-0.7754010695187167,-0.19607843137254904,0.11396011396011396,-0.5506560550656056,0.23076923076923078,0.15384615384615385,-0.23076923076923078,-0.15384615384615385,-0.15384615384615385,-1.6923076923076923,0.15384615384615385,0.0,0.3076923076923077,-0.46153846153846156
3,1,0,0,-1.2378585949853174,-1.6538461538461537,-1.2496737640392386,2,1,0,6,5,4,3,2,1,0,1,1,1,0,0,1,1,1,1,1,0,0,0,1,1,0,0,0,0,0,0,0,0,0,0,0,0,0,0,0,-0.5919282511210763,-0.27539503386004516,-0.5995525727069351,-0.1391304347826087,-0.25217391304347825,-0.7695652173913043,-0.8377896613190732,-0.7754010695187167,-0.19285557747096208,0.11185201118520112,-0.07692307692307693,0.23076923076923078,0.15384615384615385,-0.23076923076923078,-0.15384615384615385,-0.15384615384615385,-1.6923076923076923,0.15384615384615385,0.0,0.3076923076923077
4,1,0,0,-0.15360289134854305,0.5769230769230769,-0.21137044436548413,3,2,1,0,6,5,4,3,2,1,1,1,1,1,0,0,1,1,1,1,0,0,0,0,1,1,0,0,0,0,0,0,0,0,0,0,0,0,0,0,-1.2286995515695067,-0.5643340857787811,-0.3042505592841163,-0.591304347826087,-0.1391304347826087,-0.2565217391304348,-0.7843137254901962,-0.8377896613190732,-0.7626561472715319,-0.1892880189288019,-1.6153846153846154,-0.07692307692307693,0.23076923076923078,0.15384615384615385,-0.23076923076923078,-0.15384615384615385,-0.15384615384615385,-1.6923076923076923,0.15384615384615385,0.0
5,0,1,0,0.15360289134854305,0.8076923076923077,0.19075990226722553,4,3,2,1,0,6,5,4,3,2,1,1,1,1,1,0,0,1,1,1,0,0,0,0,0,1,1,0,0,0,0,0,0,0,0,0,0,0,0,0,-0.15246636771300448,-1.2054176072234764,-0.5906040268456376,-0.30434782608695654,-0.591304347826087,-0.14347826086956522,-0.25846702317290554,-0.7843137254901962,-0.8240192855577471,-0.7485480748548076,0.6153846153846154,-1.6153846153846154,-0.07692307692307693,0.23076923076923078,0.15384615384615385,-0.23076923076923078,-0.15384615384615385,-0.15384615384615385,-1.6923076923076923,0.15384615384615385
6,0,1,0,0.831262706121527,0.9615384615384616,1.1267119288326402,5,4,3,2,1,0,6,5,4,3,0,1,1,1,1,1,0,0,1,1,1,0,0,0,0,0,1,1,0,0,0,0,0,0,0,0,0,0,0,0,0.15246636771300448,-0.12189616252821671,-1.225950782997763,-0.5826086956521739,-0.30434782608695654,-0.5956521739130435,-0.14260249554367202,-0.25846702317290554,-0.7714223098838483,-0.8087760808776081,0.8461538461538461,0.6153846153846154,-1.6153846153846154,-0.07692307692307693,0.23076923076923078,0.15384615384615385,-0.23076923076923078,-0.15384615384615385,-0.15384615384615385,-1.6923076923076923
0,1,0,0,-0.10842557036367743,0.2692307692307692,-0.06114207004084548,6,5,4,3,2,1,0,6,5,4,0,0,1,1,1,1,1,0,0,1,1,1,0,0,0,0,0,1,1,0,0,0,0,0,0,0,0,0,0,0,0.8251121076233184,0.18510158013544017,-0.15212527964205816,-1.2,-0.5826086956521739,-0.30869565217391304,-0.6060606060606061,-0.14260249554367202,-0.2542187157571773,-0.7571520757152076,1.0,0.8461538461538461,0.6153846153846154,-1.6153846153846154,-0.07692307692307693,0.23076923076923078,0.15384615384615385,-0.23076923076923078,-0.15384615384615385,-0.15384615384615385
1,1,0,0,-0.6686243505760109,-0.34615384615384615,-0.5171201852327626,0,6,5,4,3,2,1,0,6,5,1,0,0,1,1,1,1,1,0,0,0,1,1,0,0,0,0,0,1,1,0,0,0,0,0,0,0,0,0,0,-0.10762331838565023,0.8623024830699775,0.15212527964205816,-0.1565217391304348,-1.2,-0.5869565217391305,-0.31194295900178254,-0.6060606060606061,-0.14025860179706334,-0.2495160249516025,0.3076923076923077,1.0,0.8461538461538461,0.6153846153846154,-1.6153846153846154,-0.07692307692307693,0.23076923076923078,0.15384615384615385,-0.23076923076923078,-0.15384615384615385
2,1,0,0,-0.42466681725773664,-1.3461538461538463,-0.5108440372090939,1,0,6,5,4,3,2,1,0,6,1,1,0,0,1,1,1,1,1,0,0,0,1,1,0,0,0,0,0,1,0,0,0,0,0,0,0,0,0,0,-0.6636771300448431,-0.07674943566591422,0.8232662192393736,0.1391304347826087,-0.1565217391304348,-1.2043478260869565,-0.5971479500891266,-0.31194295900178254,-0.5960990576375191,-0.1376640137664014,-0.3076923076923077,0.3076923076923077,1.0,0.8461538461538461,0.6153846153846154,-1.6153846153846154,-0.07692307692307693,0.23076923076923078,0.15384615384615385,-0.23076923076923078
3,1,0,0,0.34334763948497854,-0.9615384615384616,0.0940404489393405,2,1,0,6,5,4,3,2,1,0,1,1,1,0,0,1,1,1,1,1,0,0,0,1,1,0,0,0,0,0,0,0,0,0,0,0,0,0,0,0,-0.42152466367713004,-0.636568848758465,-0.10738255033557047,0.7913043478260869,0.1391304347826087,-0.1608695652173913,-1.2299465240641712,-0.5971479500891266,-0.30681569143107607,-0.5850720585072059,-1.3076923076923077,-0.3076923076923077,0.3076923076923077,1.0,0.8461538461538461,0.6153846153846154,-1.6153846153846154,-0.07692307692307693,0.23076923076923078,0.15384615384615385
4,1,0,0,0.12649649875762367,-0.7307692307692307,0.12523492540191838,3,2,1,0,6,5,4,3,2,1,1,1,1,1,0,0,1,1,1,1,0,0,0,0,1,1,0,0,0,0,0,0,0,0,0,0,0,0,0,0,0.34080717488789236,-0.3927765237020316,-0.6621923937360179,-0.11304347826086956,0.7913043478260869,0.13478260869565217,-0.16042780748663102,-1.2299465240641712,-0.5873328950252027,-0.30114003011400303,-0.9230769230769231,-1.3076923076923077,-0.3076923076923077,0.3076923076923077,1.0,0.8461538461538461,0.6153846153846154,-1.6153846153846154,-0.07692307692307693,0.23076923076923078
5,0,1,0,-0.7770499209396883,-0.7307692307692307,-0.8112876068261237,4,3,2,1,0,6,5,4,3,2,1,1,1,1,1,0,0,1,1,1,0,0,0,0,0,1,1,0,0,0,0,0,0,0,0,0,0,0,0,0,0.12556053811659193,0.3747178329571106,-0.42058165548098436,-0.6521739130434783,-0.11304347826086956,0.7869565217391304,0.14260249554367202,-0.16042780748663102,-1.2097304404996712,-0.5764680576468058,-0.6923076923076923,-0.9230769230769231,-1.3076923076923077,-0.3076923076923077,0.3076923076923077,1.0,0.8461538461538461,0.6153846153846154,-1.6153846153846154,-0.07692307692307693
6,0,1,0,-0.43370228145470974,-1.1153846153846154,-0.4485435302336884,5,4,3,2,1,0,6,5,4,3,0,1,1,1,1,1,0,0,1,1,1,0,0,0,0,0,1,1,0,0,0,0,0,0,0,0,0,0,0,0,-0.7713004484304933,0.1580135440180587,0.3400447427293065,-0.41739130434782606,-0.6521739130434783,-0.11739130434782609,0.8110516934046347,0.14260249554367202,-0.15779092702169625,-1.1873521187352118,-0.6923076923076923,-0.6923076923076923,-0.9230769230769231,-1.3076923076923077,-0.3076923076923077,0.3076923076923077,1.0,0.8461538461538461,0.6153846153846154,-1.6153846153846154
0,1,0,0,-0.43370228145470974,-2.1153846153846154,-0.7011688849784585,6,5,4,3,2,1,0,6,5,4,0,0,1,1,1,1,1,0,0,1,1,1,0,0,0,0,0,1,1,0,0,0,0,0,0,0,0,0,0,0,-0.4304932735426009,-0.744920993227991,0.12527964205816555,0.3217391304347826,-0.41739130434782606,-0.6565217391304348,-0.11586452762923352,0.8110516934046347,0.14025860179706334,-0.15487201548720156,-1.0769230769230769,-0.6923076923076923,-0.6923076923076923,-0.9230769230769231,-1.3076923076923077,-0.3076923076923077,0.3076923076923077,1.0,0.8461538461538461,0.6153846153846154
1,1,0,0,-0.11746103456065056,0.34615384615384615,-0.216625363823659,0,6,5,4,3,2,1,0,6,5,1,0,0,1,1,1,1,1,0,0,0,1,1,0,0,0,0,0,1,1,0,0,0,0,0,0,0,0,0,0,-0.4304932735426009,-0.4018058690744921,-0.7695749440715883,0.11304347826086956,0.3217391304347826,-0.4217391304347826,-0.6684491978609627,-0.11586452762923352,0.7977207977207977,0.1376640137664014,-2.076923076923077,-1.0769230769230769,-0.6923076923076923,-0.6923076923076923,-0.9230769230769231,-1.3076923076923077,-0.3076923076923077,0.3076923076923077,1.0,0.8461538461538461
2,1,0,0,-0.451773209848656,-0.19230769230769232,-0.3947446705274886,1,0,6,5,4,3,2,1,0,6,1,1,0,0,1,1,1,1,1,0,0,0,1,1,0,0,0,0,0,1,0,0,0,0,0,0,0,0,0,0,-0.11659192825112108,-0.4018058690744921,-0.42953020134228187,-0.7565217391304347,0.11304347826086956,0.3173913043478261,-0.4278074866310161,-0.6684491978609627,-0.11396011396011396,0.7829640782964079,0.38461538461538464,-2.076923076923077,-1.0769230769230769,-0.6923076923076923,-0.6923076923076923,-0.9230769230769231,-1.3076923076923077,-0.3076923076923077,0.3076923076923077,1.0
3,1,0,0,-0.4065958888637904,-0.4230769230769231,-0.4212597119400348,2,1,0,6,5,4,3,2,1,0,1,1,1,0,0,1,1,1,1,1,0,0,0,1,1,0,0,0,0,0,0,0,0,0,0,0,0,0,0,0,-0.4484304932735426,-0.08577878103837472,-0.42953020134228187,-0.4260869565217391,-0.7565217391304347,0.10869565217391304,0.3297682709447416,-0.4278074866310161,-0.6574621959237343,-0.11185201118520112,-0.15384615384615385,0.38461538461538464,-2.076923076923077,-1.0769230769230769,-0.6923076923076923,-0.6923076923076923,-0.9230769230769231,-1.3076923076923077,-0.3076923076923077,0.3076923076923077
4,1,0,0,0.01807092839394624,-0.038461538461538464,-0.17636839905289617,3,2,1,0,6,5,4,3,2,1,1,1,1,1,0,0,1,1,1,1,0,0,0,0,1,1,0,0,0,0,0,0,0,0,0,0,0,0,0,0,-0.40358744394618834,-0.4198645598194131,-0.116331096196868,-0.4260869565217391,-0.4260869565217391,-0.7608695652173914,0.11586452762923352,0.3297682709447416,-0.42077580539118997,-0.6453000645300064,-0.38461538461538464,-0.15384615384615385,0.38461538461538464,-2.076923076923077,-1.0769230769230769,-0.6923076923076923,-0.6923076923076923,-0.9230769230769231,-1.3076923076923077,-0.3076923076923077
5,0,1,0,0.5511633160153603,-0.34615384615384615,0.5519251307964038,4,3,2,1,0,6,5,4,3,2,1,1,1,1,1,0,0,1,1,1,0,0,0,0,0,1,1,0,0,0,0,0,0,0,0,0,0,0,0,0,0.017937219730941704,-0.3747178329571106,-0.44742729306487694,-0.12173913043478261,-0.4260869565217391,-0.43043478260869567,-0.7754010695187167,0.11586452762923352,0.32434801665570895,-0.41299204129920414,0.0,-0.38461538461538464,-0.15384615384615385,0.38461538461538464,-2.076923076923077,-1.0769230769230769,-0.6923076923076923,-0.6923076923076923,-0.9230769230769231,-1.3076923076923077
6,0,1,0,-0.7951208493336346,-1.8846153846153846,-0.9509370255319588,5,4,3,2,1,0,6,5,4,3,0,1,1,1,1,1,0,0,1,1,1,0,0,0,0,0,1,1,0,0,0,0,0,0,0,0,0,0,0,0,0.547085201793722,0.04966139954853273,-0.40268456375838924,-0.4434782608695652,-0.12173913043478261,-0.43043478260869567,-0.4367201426024956,-0.7754010695187167,0.11396011396011396,0.3183480318348032,-0.3076923076923077,0.0,-0.38461538461538464,-0.15384615384615385,0.38461538461538464,-2.076923076923077,-1.0769230769230769,-0.6923076923076923,-0.6923076923076923,-0.9230769230769231
0,0,0,1,-0.38852496046984414,-1.3461538461538463,-0.5985455180710524,6,5,4,3,2,1,0,6,5,4,0,0,1,1,1,1,1,0,0,1,1,1,0,0,0,0,0,1,1,0,0,0,0,0,0,0,0,0,0,0,-0.7892376681614349,0.582392776523702,0.017897091722595078,-0.4,-0.4434782608695652,-0.12608695652173912,-0.4367201426024956,-0.4367201426024956,-0.7626561472715319,0.11185201118520112,-1.8461538461538463,-0.3076923076923077,0.0,-0.38461538461538464,-0.15384615384615385,0.38461538461538464,-2.076923076923077,-1.0769230769230769,-0.6923076923076923,-0.6923076923076923
1,1,0,0,0.4969505308335216,0.2692307692307692,0.22582169252600243,0,6,5,4,3,2,1,0,6,5,0,0,0,1,1,1,1,1,0,0,0,1,1,0,0,0,0,0,1,1,1,0,0,0,0,0,0,0,0,0,-0.38565022421524664,-0.7629796839729119,0.5458612975391499,0.008695652173913044,-0.4,-0.44782608695652176,-0.12477718360071302,-0.4367201426024956,-0.42954196800350647,-0.7485480748548076,-1.3076923076923077,-1.8461538461538463,-0.3076923076923077,0.0,-0.38461538461538464,-0.15384615384615385,0.38461538461538464,-2.076923076923077,-1.0769230769230769,-0.6923076923076923
2,1,0,0,-0.3162412468940592,-0.5,-0.40702137836716035,1,0,6,5,4,3,2,1,0,6,1,0,0,0,1,1,1,1,1,0,0,0,1,1,0,0,0,0,0,1,0,1,0,0,0,0,0,0,0,0,0.49327354260089684,-0.35665914221218964,-0.7874720357941835,0.5217391304347826,0.008695652173913044,-0.4043478260869565,-0.4545454545454546,-0.12477718360071302,-0.42954196800350647,-0.4215960421596042,0.3076923076923077,-1.3076923076923077,-1.8461538461538463,-0.3076923076923077,0.0,-0.38461538461538464,-0.15384615384615385,0.38461538461538464,-2.076923076923077,-1.0769230769230769
3,1,0,0,0.42466681725773664,0.8076923076923077,0.23511291026052825,2,1,0,6,5,4,3,2,1,0,1,1,0,0,0,1,1,1,1,1,0,0,0,1,1,0,0,0,0,0,0,0,1,0,0,0,0,0,0,0,-0.31390134529147984,0.5282167042889391,-0.38478747203579416,-0.7739130434782608,0.5217391304347826,0.004347826086956522,-0.4099821746880571,-0.4545454545454546,-0.12272627657243042,-0.4215960421596042,-0.46153846153846156,0.3076923076923077,-1.3076923076923077,-1.8461538461538463,-0.3076923076923077,0.0,-0.38461538461538464,-0.15384615384615385,0.38461538461538464,-2.076923076923077
4,1,0,0,0.0451773209848656,-0.038461538461538464,-0.02809696458332769,3,2,1,0,6,5,4,3,2,1,1,1,1,0,0,0,1,1,1,1,0,0,0,0,1,1,0,0,0,0,0,0,0,1,0,0,0,0,0,0,0.42152466367713004,-0.28442437923250563,0.49217002237136465,-0.3826086956521739,-0.7739130434782608,0.5173913043478261,0.008912655971479501,-0.4099821746880571,-0.44707429322813935,-0.1204560120456012,0.8461538461538461,-0.46153846153846156,0.3076923076923077,-1.3076923076923077,-1.8461538461538463,-0.3076923076923077,0.0,-0.38461538461538464,-0.15384615384615385,0.38461538461538464
5,0,1,0,0.01807092839394624,0.4230769230769231,0.31150736718885164,4,3,2,1,0,6,5,4,3,2,1,1,1,1,0,0,0,1,1,1,0,0,0,0,0,1,1,0,0,0,0,0,0,0,1,0,0,0,0,0,0.04484304932735426,0.45598194130925507,-0.3131991051454139,0.46956521739130436,-0.3826086956521739,-0.7782608695652173,0.5347593582887701,0.008912655971479501,-0.4032434801665571,-0.4388040438804044,0.0,0.8461538461538461,-0.46153846153846156,0.3076923076923077,-1.3076923076923077,-1.8461538461538463,-0.3076923076923077,0.0,-0.38461538461538464,-0.15384615384615385
6,0,1,0,0.00903546419697312,-0.5,0.3184931328822053,5,4,3,2,1,0,6,5,4,3,0,1,1,1,1,0,0,0,1,1,1,0,0,0,0,0,1,1,0,0,0,0,0,0,0,1,0,0,0,0,0.017937219730941704,0.07674943566591422,0.42058165548098436,-0.3130434782608696,0.46956521739130436,-0.3869565217391304,-0.7932263814616757,0.5347593582887701,0.008766162612316459,-0.39578403957840397,0.46153846153846156,0.0,0.8461538461538461,-0.46153846153846156,0.3076923076923077,-1.3076923076923077,-1.8461538461538463,-0.3076923076923077,0.0,-0.38461538461538464
0,1,0,0,-0.6505534221820646,-1.1923076923076923,-0.8352260010005814,6,5,4,3,2,1,0,6,5,4,0,0,1,1,1,1,0,0,0,1,1,1,0,0,0,0,0,1,1,0,0,0,0,0,0,0,1,0,0,0,0.008968609865470852,0.04966139954853273,0.0447427293064877,0.4,-0.3130434782608696,0.4652173913043478,-0.3921568627450981,-0.7932263814616757,0.5259697567389875,0.008604000860400087,-0.46153846153846156,0.46153846153846156,0.0,0.8461538461538461,-0.46153846153846156,0.3076923076923077,-1.3076923076923077,-1.8461538461538463,-0.3076923076923077,0.0
1,1,0,0,0.5330923876214141,-0.8846153846153846,-0.1673202612464919,0,6,5,4,3,2,1,0,6,5,1,0,0,1,1,1,1,0,0,0,0,1,1,0,0,0,0,0,1,1,0,0,0,0,0,0,0,1,0,0,-0.6457399103139013,0.040632054176072234,0.017897091722595078,0.034782608695652174,0.4,-0.3173913043478261,0.4812834224598931,-0.3921568627450981,-0.7801884724961647,0.5162400516240052,-1.1538461538461537,-0.46153846153846156,0.46153846153846156,0.0,0.8461538461538461,-0.46153846153846156,0.3076923076923077,-1.3076923076923077,-1.8461538461538463,-0.3076923076923077
2,1,0,0,0.2710639259091936,-0.34615384615384615,-0.032597164794792584,1,0,6,5,4,3,2,1,0,6,1,1,0,0,1,1,1,1,0,0,0,0,1,1,0,0,0,0,0,1,0,0,0,0,0,0,0,0,1,0,0.5291479820627802,-0.618510158013544,0.008948545861297539,0.008695652173913044,0.034782608695652174,0.39565217391304347,-0.32085561497326204,0.4812834224598931,-0.38571115494192415,-0.7657560765756077,-0.8461538461538461,-1.1538461538461537,-0.46153846153846156,0.46153846153846156,0.0,0.8461538461538461,-0.46153846153846156,0.3076923076923077,-1.3076923076923077,-1.8461538461538463
3,1,0,0,0.03614185678789248,-0.5,-0.4516974190842198,2,1,0,6,5,4,3,2,1,0,1,1,1,0,0,1,1,1,1,0,0,0,0,1,1,0,0,0,0,0,0,0,0,0,0,0,0,0,0,1,0.26905829596412556,0.5643340857787811,-0.6442953020134228,0.0,0.008695652173913044,0.030434782608695653,0.4099821746880571,-0.32085561497326204,0.47337278106508873,-0.3785760378576038,-0.3076923076923077,-0.8461538461538461,-1.1538461538461537,-0.46153846153846156,0.46153846153846156,0.0,0.8461538461538461,-0.46153846153846156,0.3076923076923077,-1.3076923076923077
4,1,0,0,-0.07228371357578496,-0.34615384615384615,-0.22469883897851078,3,2,1,0,6,5,4,3,2,1,1,1,1,1,0,0,1,1,1,1,0,0,0,0,1,1,0,0,0,0,0,0,0,0,0,0,0,0,0,0,0.03587443946188341,0.30248306997742663,0.5279642058165548,-0.6347826086956522,0.0,0.004347826086956522,0.035650623885918005,0.4099821746880571,-0.3155818540433925,0.46461604646160465,-0.46153846153846156,-0.3076923076923077,-0.8461538461538461,-1.1538461538461537,-0.46153846153846156,0.46153846153846156,0.0,0.8461538461538461,-0.46153846153846156,0.3076923076923077
5,0,1,0,0.01807092839394624,0.11538461538461539,0.08199188479124303,4,3,2,1,0,6,5,4,3,2,1,1,1,1,1,0,0,1,1,1,0,0,0,0,0,1,1,0,0,0,0,0,0,0,0,0,0,0,0,0,-0.07174887892376682,0.06772009029345373,0.2684563758389262,0.5043478260869565,-0.6347826086956522,-0.004347826086956522,0.008912655971479501,0.035650623885918005,0.4032434801665571,-0.3097440309744031,-0.3076923076923077,-0.46153846153846156,-0.3076923076923077,-0.8461538461538461,-1.1538461538461537,-0.46153846153846156,0.46153846153846156,0.0,0.8461538461538461,-0.46153846153846156
6,0,1,0,0.6144115653941722,0.5769230769230769,0.7359559656317197,5,4,3,2,1,0,6,5,4,3,0,1,1,1,1,1,0,0,1,1,1,0,0,0,0,0,1,1,0,0,0,0,0,0,0,0,0,0,0,0,0.017937219730941704,-0.040632054176072234,0.035794183445190156,0.25217391304347825,0.5043478260869565,-0.6391304347826087,0.0,0.008912655971479501,0.035064650449265836,0.39578403957840397,0.15384615384615385,-0.3076923076923077,-0.46153846153846156,-0.3076923076923077,-0.8461538461538461,-1.1538461538461537,-0.46153846153846156,0.46153846153846156,0.0,0.8461538461538461
0,1,0,0,-0.5601987802123334,-0.11538461538461539,-0.5604917946246974,6,5,4,3,2,1,0,6,5,4,0,0,1,1,1,1,1,0,0,1,1,1,0,0,0,0,0,1,1,0,0,0,0,0,0,0,0,0,0,0,0.6098654708520179,0.04966139954853273,-0.07158836689038031,0.02608695652173913,0.25217391304347825,0.5,-0.6506238859180037,0.0,0.008766162612316459,0.03441600344160035,0.6153846153846154,0.15384615384615385,-0.3076923076923077,-0.46153846153846156,-0.3076923076923077,-0.8461538461538461,-1.1538461538461537,-0.46153846153846156,0.46153846153846156,0.0
1,1,0,0,0.3523831036819517,-0.2692307692307692,0.36524794628577895,0,6,5,4,3,2,1,0,6,5,1,0,0,1,1,1,1,1,0,0,0,1,1,0,0,0,0,0,1,1,0,0,0,0,0,0,0,0,0,0,-0.5560538116591929,0.6455981941309256,0.017897091722595078,-0.0782608695652174,0.02608695652173913,0.24782608695652175,0.5169340463458111,-0.6506238859180037,0.0,0.008604000860400087,-0.07692307692307693,0.6153846153846154,0.15384615384615385,-0.3076923076923077,-0.46153846153846156,-0.3076923076923077,-0.8461538461538461,-1.1538461538461537,-0.46153846153846156,0.46153846153846156
2,1,0,0,-0.12649649875762367,0.7307692307692307,0.009575445529998077,1,0,6,5,4,3,2,1,0,6,1,1,0,0,1,1,1,1,1,0,0,0,1,1,0,0,0,0,0,1,0,0,0,0,0,0,0,0,0,0,0.34977578475336324,-0.5282167042889391,0.6085011185682326,0.008695652173913044,-0.0782608695652174,0.021739130434782608,0.25846702317290554,0.5169340463458111,-0.6399298706991015,0.0,-0.23076923076923078,-0.07692307692307693,0.6153846153846154,0.15384615384615385,-0.3076923076923077,-0.46153846153846156,-0.3076923076923077,-0.8461538461538461,-1.1538461538461537,-0.46153846153846156
3,1,0,0,0.17167381974248927,0.19230769230769232,0.2458652433702329,2,1,0,6,5,4,3,2,1,0,1,1,1,0,0,1,1,1,1,1,0,0,0,1,1,0,0,0,0,0,0,0,0,0,0,0,0,0,0,0,-0.12556053811659193,0.3837471783295711,-0.5548098434004475,0.5826086956521739,0.008695652173913044,-0.08260869565217391,0.026737967914438505,0.25846702317290554,0.5084374315143546,-0.6280920628092063,0.7692307692307693,-0.23076923076923078,-0.07692307692307693,0.6153846153846154,0.15384615384615385,-0.3076923076923077,-0.46153846153846156,-0.3076923076923077,-0.8461538461538461,-1.1538461538461537
4,1,0,0,-0.8674045629094195,0.11538461538461539,-0.7875451409310796,3,2,1,0,6,5,4,3,2,1,1,1,1,1,0,0,1,1,1,1,0,0,0,0,1,1,0,0,0,0,0,0,0,0,0,0,0,0,0,0,0.17040358744394618,-0.09480812641083522,0.348993288590604,-0.5478260869565217,0.5826086956521739,0.004347826086956522,-0.08021390374331551,0.026737967914438505,0.2542187157571773,0.499032049903205,0.23076923076923078,0.7692307692307693,-0.23076923076923078,-0.07692307692307693,0.6153846153846154,0.15384615384615385,-0.3076923076923077,-0.46153846153846156,-0.3076923076923077,-0.8461538461538461
5,0,1,0,-0.5511633160153603,-0.5,-0.5000594886872285,4,3,2,1,0,6,5,4,3,2,1,1,1,1,1,0,0,1,1,1,0,0,0,0,0,1,1,0,0,0,0,0,0,0,0,0,0,0,0,0,-0.8609865470852018,0.20316027088036118,-0.12527964205816555,0.33043478260869563,-0.5478260869565217,0.5782608695652174,0.008912655971479501,-0.08021390374331551,0.026298487836949373,0.2495160249516025,0.15384615384615385,0.23076923076923078,0.7692307692307693,-0.23076923076923078,-0.07692307692307693,0.6153846153846154,0.15384615384615385,-0.3076923076923077,-0.46153846153846156,-0.3076923076923077
6,0,1,0,-0.4065958888637904,-1.8846153846153846,-0.5081965160642519,5,4,3,2,1,0,6,5,4,3,0,1,1,1,1,1,0,0,1,1,1,0,0,0,0,0,1,1,0,0,0,0,0,0,0,0,0,0,0,0,-0.547085201793722,-0.835214446952596,0.17002237136465326,-0.13043478260869565,0.33043478260869563,-0.5521739130434783,0.5971479500891266,0.008912655971479501,-0.07889546351084813,0.02581200258120026,-0.46153846153846156,0.15384615384615385,0.23076923076923078,0.7692307692307693,-0.23076923076923078,-0.07692307692307693,0.6153846153846154,0.15384615384615385,-0.3076923076923077,-0.46153846153846156
0,0,0,1,-0.4608086740456291,0.34615384615384615,-0.2603469497386122,6,5,4,3,2,1,0,6,5,4,0,0,1,1,1,1,1,0,0,1,1,1,0,0,0,0,0,1,1,0,0,0,0,0,0,0,0,0,0,0,-0.40358744394618834,-0.5191873589164786,-0.8590604026845637,0.1565217391304348,-0.13043478260869565,0.32608695652173914,-0.5614973262032086,0.5971479500891266,0.008766162612316459,-0.07743600774360078,-1.8461538461538463,-0.46153846153846156,0.15384615384615385,0.23076923076923078,0.7692307692307693,-0.23076923076923078,-0.07692307692307693,0.6153846153846154,0.15384615384615385,-0.3076923076923077
1,1,0,0,-0.05421278518183872,0.6538461538461539,0.16778914192712155,0,6,5,4,3,2,1,0,6,5,0,0,0,1,1,1,1,1,0,0,0,1,1,0,0,0,0,0,1,1,1,0,0,0,0,0,0,0,0,0,-0.45739910313901344,-0.3747178329571106,-0.5458612975391499,-0.8434782608695652,0.1565217391304348,-0.13478260869565217,0.3386809269162211,-0.5614973262032086,0.5873328950252027,0.008604000860400087,0.38461538461538464,-1.8461538461538463,-0.46153846153846156,0.15384615384615385,0.23076923076923078,0.7692307692307693,-0.23076923076923078,-0.07692307692307693,0.6153846153846154,0.15384615384615385
2,1,0,0,-0.524056923424441,0.5769230769230769,-0.44672101650754326,1,0,6,5,4,3,2,1,0,6,1,0,0,0,1,1,1,1,1,0,0,0,1,1,0,0,0,0,0,1,0,1,0,0,0,0,0,0,0,0,-0.053811659192825115,-0.4288939051918736,-0.40268456375838924,-0.5391304347826087,-0.8434782608695652,0.15217391304347827,-0.13368983957219252,0.3386809269162211,-0.5522682445759368,0.5764680576468058,0.6923076923076923,0.38461538461538464,-1.8461538461538463,-0.46153846153846156,0.15384615384615385,0.23076923076923078,0.7692307692307693,-0.23076923076923078,-0.07692307692307693,0.6153846153846154
3,1,0,0,0.11746103456065056,-0.11538461538461539,0.0961406009448341,2,1,0,6,5,4,3,2,1,0,1,1,0,0,0,1,1,1,1,1,0,0,0,1,1,0,0,0,0,0,0,0,1,0,0,0,0,0,0,0,-0.5201793721973094,-0.022573363431151242,-0.4563758389261745,-0.4,-0.5391304347826087,-0.8478260869565217,0.16042780748663102,-0.13368983957219252,0.3331141792680254,-0.5420520542052054,0.6153846153846154,0.6923076923076923,0.38461538461538464,-1.8461538461538463,-0.46153846153846156,0.15384615384615385,0.23076923076923078,0.7692307692307693,-0.23076923076923078,-0.07692307692307693
4,1,0,0,-0.4608086740456291,1.7307692307692308,-0.36933783929327,3,2,1,0,6,5,4,3,2,1,1,1,1,0,0,0,1,1,1,1,0,0,0,0,1,1,0,0,0,0,0,0,0,1,0,0,0,0,0,0,0.11659192825112108,-0.49209932279909707,-0.053691275167785234,-0.45217391304347826,-0.4,-0.5434782608695652,-0.8645276292335117,0.16042780748663102,-0.13149243918474687,0.3269520326952033,-0.07692307692307693,0.6153846153846154,0.6923076923076923,0.38461538461538464,-1.8461538461538463,-0.46153846153846156,0.15384615384615385,0.23076923076923078,0.7692307692307693,-0.23076923076923078
5,0,1,0,-0.06324824937881184,0.6538461538461539,0.037021219486604945,4,3,2,1,0,6,5,4,3,2,1,1,1,1,0,0,0,1,1,1,0,0,0,0,0,1,1,0,0,0,0,0,0,0,1,0,0,0,0,0,-0.45739910313901344,0.1489841986455982,-0.5190156599552572,-0.06086956521739131,-0.45217391304347826,-0.4043478260869565,-0.5525846702317291,-0.8645276292335117,0.15779092702169625,-0.1290600129060013,1.7692307692307692,-0.07692307692307693,0.6153846153846154,0.6923076923076923,0.38461538461538464,-1.8461538461538463,-0.46153846153846156,0.15384615384615385,0.23076923076923078,0.7692307692307693
6,0,1,0,0.00903546419697312,0.6538461538461539,0.1793670681902897,5,4,3,2,1,0,6,5,4,3,0,1,1,1,1,0,0,0,1,1,1,0,0,0,0,0,1,1,0,0,0,0,0,0,0,1,0,0,0,0,-0.06278026905829596,-0.4288939051918736,0.116331096196868,-0.5130434782608696,-0.06086956521739131,-0.45652173913043476,-0.4099821746880571,-0.5525846702317291,-0.8503177733946965,0.15487201548720156,0.6923076923076923,1.7692307692307692,-0.07692307692307693,0.6153846153846154,0.6923076923076923,0.38461538461538464,-1.8461538461538463,-0.46153846153846156,0.15384615384615385,0.23076923076923078
0,0,0,1,-0.3614185678789248,0.2692307692307692,-0.31497345266995846,6,5,4,3,2,1,0,6,5,4,0,0,1,1,1,1,0,0,0,1,1,1,0,0,0,0,0,1,1,0,0,0,0,0,0,0,1,0,0,0,0.008968609865470852,-0.03160270880361174,-0.4563758389261745,0.10434782608695652,-0.5130434782608696,-0.06521739130434782,-0.4634581105169341,-0.4099821746880571,-0.5435020819636204,-0.8345880834588084,0.6923076923076923,0.6923076923076923,1.7692307692307692,-0.07692307692307693,0.6153846153846154,0.6923076923076923,0.38461538461538464,-1.8461538461538463,-0.46153846153846156,0.15384615384615385
1,1,0,0,-0.43261802575107294,0.6538461538461539,-0.3009161111399504,0,6,5,4,3,2,1,0,6,5,0,0,0,1,1,1,1,0,0,0,0,1,1,0,0,0,0,0,1,1,1,0,0,0,0,0,0,1,0,0,-0.35874439461883406,0.040632054176072234,-0.06263982102908278,-0.45217391304347826,0.10434782608695652,-0.5173913043478261,-0.06238859180035651,-0.4634581105169341,-0.4032434801665571,-0.5334480533448054,0.3076923076923077,0.6923076923076923,0.6923076923076923,1.7692307692307692,-0.07692307692307693,0.6153846153846154,0.6923076923076923,0.38461538461538464,-1.8461538461538463,-0.46153846153846156
2,1,0,0,-0.904901739326858,0.5769230769230769,-0.8447758206345426,1,0,6,5,4,3,2,1,0,6,1,0,0,0,1,1,1,1,0,0,0,0,1,1,0,0,0,0,0,1,0,1,0,0,0,0,0,0,1,0,-0.42941704035874434,-0.3295711060948081,0.008948545861297539,-0.06956521739130435,-0.45217391304347826,0.1,-0.5258467023172906,-0.06238859180035651,-0.45584045584045585,-0.39578403957840397,0.6923076923076923,0.3076923076923077,0.6923076923076923,0.6923076923076923,1.7692307692307692,-0.07692307692307693,0.6153846153846154,0.6923076923076923,0.38461538461538464,-1.8461538461538463
3,1,0,0,0.039394623898802925,0.5,0.12625058948712992,2,1,0,6,5,4,3,2,1,0,1,1,0,0,0,1,1,1,1,0,0,0,0,1,1,0,0,0,0,0,0,0,1,0,0,0,0,0,0,1,-0.8982062780269059,-0.4007223476297968,-0.3579418344519016,0.0,-0.06956521739130435,-0.45652173913043476,0.10695187165775402,-0.5258467023172906,-0.06136313828621521,-0.4474080447408045,0.6153846153846154,0.6923076923076923,0.3076923076923077,0.6923076923076923,0.6923076923076923,1.7692307692307692,-0.07692307692307693,0.6153846153846154,0.6923076923076923,0.38461538461538464
4,1,0,0,-0.44906257058956406,0.11538461538461539,-0.30457109608327215,3,2,1,0,6,5,4,3,2,1,1,1,1,0,0,0,1,1,1,1,0,0,0,0,1,1,0,0,0,0,0,0,0,1,0,0,0,0,0,0,0.03910313901345304,-0.872686230248307,-0.42845637583892615,-0.3565217391304348,0.0,-0.07391304347826087,-0.4634581105169341,0.10695187165775402,-0.517203594126671,-0.0602280060228006,0.5384615384615384,0.6153846153846154,0.6923076923076923,0.3076923076923077,0.6923076923076923,0.6923076923076923,1.7692307692307692,-0.07692307692307693,0.6153846153846154,0.6923076923076923
5,0,1,0,-0.26708832166252544,0.34615384615384615,-0.07257883422527316,4,3,2,1,0,6,5,4,3,2,1,1,1,1,0,0,0,1,1,1,0,0,0,0,0,1,1,0,0,0,0,0,0,0,1,0,0,0,0,0,-0.44573991031390137,0.07097065462753963,-0.8961968680089486,-0.4250434782608695,-0.3565217391304348,-0.004347826086956522,-0.07130124777183601,-0.4634581105169341,0.10519395134779749,-0.5076360507636051,0.15384615384615385,0.5384615384615384,0.6153846153846154,0.6923076923076923,0.3076923076923077,0.6923076923076923,0.6923076923076923,1.7692307692307692,-0.07692307692307693,0.6153846153846154
6,0,1,0,-0.3933137564942399,-0.038461538461538464,-0.16410867752145455,5,4,3,2,1,0,6,5,4,3,0,1,1,1,1,0,0,0,1,1,1,0,0,0,0,0,1,1,0,0,0,0,0,0,0,1,0,0,0,0,-0.2651121076233184,-0.417155756207675,0.039015659955257395,-0.8795652173913044,-0.4250434782608695,-0.36086956521739133,0.0,-0.07130124777183601,-0.45584045584045585,0.10324801032480103,0.38461538461538464,0.15384615384615385,0.5384615384615384,0.6153846153846154,0.6923076923076923,0.3076923076923077,0.6923076923076923,0.6923076923076923,1.7692307692307692,-0.07692307692307693
0,1,0,0,-0.3641292071380167,0.038461538461538464,-0.26433902504008805,6,5,4,3,2,1,0,6,5,4,0,0,1,1,1,1,0,0,0,1,1,1,0,0,0,0,0,1,1,0,0,0,0,0,0,0,1,0,0,0,-0.3904035874439462,-0.23530474040632057,-0.4447427293064877,0.029217391304347945,-0.8795652173913044,-0.4293913043478261,-0.3654188948306596,0.0,-0.07012930089853167,-0.4474080447408045,0.0,0.38461538461538464,0.15384615384615385,0.5384615384615384,0.6153846153846154,0.6923076923076923,0.3076923076923077,0.6923076923076923,0.6923076923076923,1.7692307692307692
1,1,0,0,-0.06722385362547999,-0.19230769230769232,0.1835158275418198,0,6,5,4,3,2,1,0,6,5,1,0,0,1,1,1,1,0,0,0,0,1,1,0,0,0,0,0,1,1,0,0,0,0,0,0,0,1,0,0,-0.3614349775784753,-0.36144469525959366,-0.2645190156599553,-0.44086956521739135,0.029217391304347945,-0.8839130434782609,-0.435650623885918,-0.3654188948306596,0.0,-0.0688320068832007,0.07692307692307693,0.0,0.38461538461538464,0.15384615384615385,0.5384615384615384,0.6153846153846154,0.6923076923076923,0.3076923076923077,0.6923076923076923,0.6923076923076923
2,1,0,0,-0.6150440478879602,-0.4230769230769231,-0.5397869492290229,1,0,6,5,4,3,2,1,0,6,1,1,0,0,1,1,1,1,0,0,0,0,1,1,0,0,0,0,0,1,0,0,0,0,0,0,0,0,1,0,-0.06672645739910311,-0.33227990970654625,-0.3895302013422819,-0.26573913043478264,-0.44086956521739135,0.024869565217391424,-0.9015151515151516,-0.435650623885918,-0.35941266710497477,0.0,-0.15384615384615385,0.07692307692307693,0.0,0.38461538461538464,0.15384615384615385,0.5384615384615384,0.6153846153846154,0.6923076923076923,0.3076923076923077,0.6923076923076923
3,1,0,0,0.7793087869889316,1.4230769230769231,1.0789344225266562,2,1,0,6,5,4,3,2,1,0,1,1,1,0,0,1,1,1,1,0,0,0,0,1,1,0,0,0,0,0,0,0,0,0,0,0,0,0,0,1,-0.6104932735426009,-0.035575620767494334,-0.3606263982102908,-0.38721739130434785,-0.26573913043478264,-0.44521739130434784,0.029946524064171247,-0.9015151515151516,-0.42849002849002843,-0.35276403527640354,-0.38461538461538464,-0.15384615384615385,0.07692307692307693,0.0,0.38461538461538464,0.15384615384615385,0.5384615384615384,0.6153846153846154,0.6923076923076923,0.3076923076923077
4,1,0,0,-0.4434605827874407,-1.5769230769230769,-0.41568585990146917,3,2,1,0,6,5,4,3,2,1,1,1,1,1,0,0,1,1,1,1,0,0,0,0,1,1,0,0,0,0,0,0,0,0,0,0,0,0,0,0,0.773542600896861,-0.5830248306997742,-0.06657718120805367,-0.3591304347826087,-0.38721739130434785,-0.27008695652173914,-0.4518716577540108,0.029946524064171247,-0.8866973482358098,-0.4205635620563562,1.4615384615384615,-0.38461538461538464,-0.15384615384615385,0.07692307692307693,0.0,0.38461538461538464,0.15384615384615385,0.5384615384615384,0.6153846153846154,0.6923076923076923
5,0,1,0,-0.12107522023943985,1.1153846153846154,0.2559562819284936,4,3,2,1,0,6,5,4,3,2,1,1,1,1,1,0,0,1,1,1,0,0,0,0,0,1,1,0,0,0,0,0,0,0,0,0,0,0,0,0,-0.4401793721973094,0.8103837471783296,-0.6091275167785234,-0.07339130434782606,-0.3591304347826087,-0.39156521739130434,-0.2723707664884136,-0.4518716577540108,0.02945430637738342,-0.8702946870294688,-1.5384615384615385,1.4615384615384615,-0.38461538461538464,-0.15384615384615385,0.07692307692307693,0.0,0.38461538461538464,0.15384615384615385,0.5384615384615384,0.6153846153846154
6,0,1,0,-0.3367517506211881,-0.038461538461538464,-0.0968836054962129,5,4,3,2,1,0,6,5,4,3,0,1,1,1,1,1,0,0,1,1,1,0,0,0,0,0,1,1,0,0,0,0,0,0,0,0,0,0,0,0,-0.12017937219730947,-0.41155756207674943,0.7718120805369127,-0.6006086956521739,-0.07339130434782606,-0.3634782608695652,-0.3968805704099822,-0.2723707664884136,-0.4444444444444445,0.02890944289094441,1.1538461538461537,-1.5384615384615385,1.4615384615384615,-0.38461538461538464,-0.15384615384615385,0.07692307692307693,0.0,0.38461538461538464,0.15384615384615385,0.5384615384615384
0,1,0,0,-0.3392816805963406,0.6538461538461539,-0.1495344250599591,6,5,4,3,2,1,0,6,5,4,0,0,1,1,1,1,1,0,0,1,1,1,0,0,0,0,0,1,1,0,0,0,0,0,0,0,0,0,0,0,-0.3342600896860986,-0.08939051918735896,-0.4391946308724832,0.741304347826087,-0.6006086956521739,-0.07773913043478259,-0.3680926916221034,-0.3968805704099822,-0.267893929432391,-0.4362228436222844,0.0,1.1538461538461537,-1.5384615384615385,1.4615384615384615,-0.38461538461538464,-0.15384615384615385,0.07692307692307693,0.0,0.38461538461538464,0.15384615384615385
1,1,0,0,1.1634063700022588,0.11538461538461539,1.8000638304461856,0,6,5,4,3,2,1,0,6,5,1,0,0,1,1,1,1,1,0,0,0,1,1,0,0,0,0,0,1,1,0,0,0,0,0,0,0,0,0,0,-0.33677130044843046,-0.30492099322799093,-0.11991051454138707,-0.4354782608695652,0.741304347826087,-0.6049565217391304,-0.07522281639928698,-0.3680926916221034,-0.3903572211264519,-0.26293826629382666,0.6923076923076923,0.0,1.1538461538461537,-1.5384615384615385,1.4615384615384615,-0.38461538461538464,-0.15384615384615385,0.07692307692307693,0.0,0.38461538461538464
2,1,0,0,-0.117280325276711,0.4230769230769231,0.23359761441944277,1,0,6,5,4,3,2,1,0,6,1,1,0,0,1,1,1,1,1,0,0,0,1,1,0,0,0,0,0,1,0,0,0,0,0,0,0,0,0,0,1.1547982062780269,-0.30744920993227987,-0.3335123042505592,-0.12521739130434786,-0.4354782608695652,0.7369565217391304,-0.6155971479500891,-0.07522281639928698,-0.3620425158886697,-0.38313615831361586,0.15384615384615385,0.6923076923076923,0.0,1.1538461538461537,-1.5384615384615385,1.4615384615384615,-0.38461538461538464,-0.15384615384615385,0.07692307692307693,0.0
