﻿FECHA.CONEXION,AREA,NOMBRE.ZONA,COMUNA,MODEL,es_festivo,tipo_dia,dia_semana,LATITUD,LONGITUD,NUMERO.CONEXIONES,USAGE.KB,PORCENTAJE.USO
2024-01-01,URBANA,041_ZW Parque Junin,9,MR76,True,Festivo,Lunes,3.431.926,-76.528.809,35,2112903,"241,7"
2024-01-02,URBANA,041_ZW Parque Junin,9,MR76,False,Laboral,Martes,3.431.926,-76.528.809,39,4112251,"488,5"
2024-01-03,URBANA,041_ZW Parque Junin,9,MR76,False,Laboral,Miércoles,3.431.926,-76.528.809,39,2259251,"186,4"
2024-01-04,URBANA,041_ZW Parque Junin,9,MR76,False,Laboral,Jueves,3.431.926,-76.528.809,50,1976792,"187,1"
2024-01-05,URBANA,041_ZW Parque Junin,9,MR76,False,Laboral,Viernes,3.431.926,-76.528.809,48,3451719,"318,4"
2024-01-06,URBANA,041_ZW Parque Junin,9,MR76,False,Fin de Semana,Sábado,3.431.926,-76.528.809,44,1725906,"225,0"
2024-01-07,URBANA,041_ZW Parque Junin,9,MR76,False,Fin de Semana,Domingo,3.431.926,-76.528.809,46,8263166,"823,3"
2024-01-08,URBANA,041_ZW Parque Junin,9,MR76,True,Festivo,Lunes,3.431.926,-76.528.809,35,3327632,"211,1"
2024-01-09,URBANA,041_ZW Parque Junin,9,MR76,False,Laboral,Martes,3.431.926,-76.528.809,49,5777950,"445,9"
2024-01-10,URBANA,041_ZW Parque Junin,9,MR76,False,Laboral,Miércoles,3.431.926,-76.528.809,47,2076928,"172,2"
2024-01-11,URBANA,041_ZW Parque Junin,9,MR76,False,Laboral,Jueves,3.431.926,-76.528.809,57,1217638,"113,2"
2024-01-12,URBANA,041_ZW Parque Junin,9,MR76,False,Laboral,Viernes,3.431.926,-76.528.809,53,3534614,"304,3"
2024-01-13,URBANA,041_ZW Parque Junin,9,MR76,False,Fin de Semana,Sábado,3.431.926,-76.528.809,46,4246626,"471,7"
2024-01-14,URBANA,041_ZW Parque Junin,9,MR76,False,Fin de Semana,Domingo,3.431.926,-76.528.809,52,1619288,"204,6"
2024-01-15,URBANA,041_ZW Parque Junin,9,MR76,False,Laboral,Lunes,3.431.926,-76.528.809,65,1986539,"287,2"
2024-01-16,URBANA,041_ZW Parque Junin,9,MR76,False,Laboral,Martes,3.431.926,-76.528.809,58,1548354,"181,0"
2024-01-17,URBANA,041_ZW Parque Junin,9,MR76,False,Laboral,Miércoles,3.431.926,-76.528.809,70,11128,"1,1"
2024-01-18,URBANA,041_ZW Parque Junin,9,MR76,False,Laboral,Jueves,3.431.926,-76.528.809,75,102709,"8,6"
2024-01-19,URBANA,041_ZW Parque Junin,9,MR76,False,Laboral,Viernes,3.431.926,-76.528.809,59,3053276,"198,9"
2024-01-20,URBANA,041_ZW Parque Junin,9,MR76,False,Fin de Semana,Sábado,3.431.926,-76.528.809,58,3893927,"300,7"
2024-01-21,URBANA,041_ZW Parque Junin,9,MR76,False,Fin de Semana,Domingo,3.431.926,-76.528.809,54,3059370,"236,3"
2024-01-22,URBANA,041_ZW Parque Junin,9,MR76,False,Laboral,Lunes,3.431.926,-76.528.809,63,4336854,"413,6"
2024-01-23,URBANA,041_ZW Parque Junin,9,MR76,False,Laboral,Martes,3.431.926,-76.528.809,78,327177,"30,3"
2024-01-24,URBANA,041_ZW Parque Junin,9,MR76,False,Laboral,Miércoles,3.431.926,-76.528.809,61,1459114,"116,7"
2024-01-25,URBANA,041_ZW Parque Junin,9,MR76,False,Laboral,Jueves,3.431.926,-76.528.809,64,7890317,"527,8"
2024-01-26,URBANA,041_ZW Parque Junin,9,MR76,False,Laboral,Viernes,3.431.926,-76.528.809,70,3193585,"231,8"
2024-01-27,URBANA,041_ZW Parque Junin,9,MR76,False,Fin de Semana,Sábado,3.431.926,-76.528.809,80,919348,"74,1"
2024-01-28,URBANA,041_ZW Parque Junin,9,MR76,False,Fin de Semana,Domingo,3.431.926,-76.528.809,68,2585102,"251,5"
2024-01-29,URBANA,041_ZW Parque Junin,9,MR76,False,Laboral,Lunes,3.431.926,-76.528.809,84,9759430,"838,5"
2024-01-30,URBANA,041_ZW Parque Junin,9,MR76,False,Laboral,Martes,3.431.926,-76.528.809,66,3765122,"416,0"
2024-01-31,URBANA,041_ZW Parque Junin,9,MR76,False,Laboral,Miércoles,3.431.926,-76.528.809,78,3658104,"350,2"
2024-02-01,URBANA,041_ZW Parque Junin,9,MR76,False,Laboral,Jueves,3.431.926,-76.528.809,75,9419044,"677,1"
2024-02-02,URBANA,041_ZW Parque Junin,9,MR76,False,Laboral,Viernes,3.431.926,-76.528.809,59,2194809,"229,8"
2024-02-03,URBANA,041_ZW Parque Junin,9,MR76,False,Fin de Semana,Sábado,3.431.926,-76.528.809,68,14323159,"807,3"
2024-02-04,URBANA,041_ZW Parque Junin,9,MR76,False,Fin de Semana,Domingo,3.431.926,-76.528.809,44,5249227,"328,2"
2024-02-05,URBANA,041_ZW Parque Junin,9,MR76,False,Laboral,Lunes,3.431.926,-76.528.809,70,6862264,"455,8"
2024-02-06,URBANA,041_ZW Parque Junin,9,MR76,False,Laboral,Martes,3.431.926,-76.528.809,82,3557078,"238,0"
2024-02-07,URBANA,041_ZW Parque Junin,9,MR76,False,Laboral,Miércoles,3.431.926,-76.528.809,93,8361075,"506,5"
2024-02-08,URBANA,041_ZW Parque Junin,9,MR76,False,Laboral,Jueves,3.431.926,-76.528.809,84,1295531,"95,3"
2024-02-09,URBANA,041_ZW Parque Junin,9,MR76,False,Laboral,Viernes,3.431.926,-76.528.809,97,122202,"10,2"
2024-02-10,URBANA,041_ZW Parque Junin,9,MR76,False,Fin de Semana,Sábado,3.431.926,-76.528.809,84,61445,"3,8"
2024-02-11,URBANA,041_ZW Parque Junin,9,MR76,False,Fin de Semana,Domingo,3.431.926,-76.528.809,47,11141,"0,8"
2024-02-12,URBANA,041_ZW Parque Junin,9,MR76,False,Laboral,Lunes,3.431.926,-76.528.809,89,16294,"1,6"
2024-02-13,URBANA,041_ZW Parque Junin,9,MR76,False,Laboral,Martes,3.431.926,-76.528.809,81,18021,"2,1"
2024-02-14,URBANA,041_ZW Parque Junin,9,MR76,False,Laboral,Miércoles,3.431.926,-76.528.809,86,10459,"1,4"
2024-02-15,URBANA,041_ZW Parque Junin,9,MR76,False,Laboral,Jueves,3.431.926,-76.528.809,77,155590,"13,3"
2024-02-16,URBANA,041_ZW Parque Junin,9,MR76,False,Laboral,Viernes,3.431.926,-76.528.809,71,21005,"2,0"
2024-02-17,URBANA,041_ZW Parque Junin,9,MR76,False,Fin de Semana,Sábado,3.431.926,-76.528.809,76,35677,"3,4"
2024-02-18,URBANA,041_ZW Parque Junin,9,MR76,False,Fin de Semana,Domingo,3.431.926,-76.528.809,57,5927,"0,5"
2024-02-19,URBANA,041_ZW Parque Junin,9,MR76,False,Laboral,Lunes,3.431.926,-76.528.809,69,2085560,"142,3"
2024-02-20,URBANA,041_ZW Parque Junin,9,MR76,False,Laboral,Martes,3.431.926,-76.528.809,73,4778190,"391,3"
2024-02-21,URBANA,041_ZW Parque Junin,9,MR76,False,Laboral,Miércoles,3.431.926,-76.528.809,77,2121554,"183,9"
2024-02-22,URBANA,041_ZW Parque Junin,9,MR76,False,Laboral,Jueves,3.431.926,-76.528.809,72,10719376,"700,3"
2024-02-23,URBANA,041_ZW Parque Junin,9,MR76,False,Laboral,Viernes,3.431.926,-76.528.809,93,778914,"54,7"
2024-02-24,URBANA,041_ZW Parque Junin,9,MR76,False,Fin de Semana,Sábado,3.431.926,-76.528.809,73,29352,"2,3"
2024-02-25,URBANA,041_ZW Parque Junin,9,MR76,False,Fin de Semana,Domingo,3.431.926,-76.528.809,64,325569,"18,5"
2024-02-26,URBANA,041_ZW Parque Junin,9,MR76,False,Laboral,Lunes,3.431.926,-76.528.809,80,139353,"12,5"
2024-02-27,URBANA,041_ZW Parque Junin,9,MR76,False,Laboral,Martes,3.431.926,-76.528.809,61,165062,"14,2"
2024-02-28,URBANA,041_ZW Parque Junin,9,MR76,False,Laboral,Miércoles,3.431.926,-76.528.809,81,565376,"33,0"
2024-02-29,URBANA,041_ZW Parque Junin,9,MR76,False,Laboral,Jueves,3.431.926,-76.528.809,94,47334,"6,0"
2024-03-01,URBANA,041_ZW Parque Junin,9,MR76,False,Laboral,Viernes,3.431.926,-76.528.809,83,691978,"57,7"
2024-03-02,URBANA,041_ZW Parque Junin,9,MR76,False,Fin de Semana,Sábado,3.431.926,-76.528.809,55,4613407,"448,3"
2024-03-03,URBANA,041_ZW Parque Junin,9,MR76,False,Fin de Semana,Domingo,3.431.926,-76.528.809,46,5653372,"405,6"
2024-03-04,URBANA,041_ZW Parque Junin,9,MR76,False,Laboral,Lunes,3.431.926,-76.528.809,69,3400151,"239,1"
2024-03-05,URBANA,041_ZW Parque Junin,9,MR76,False,Laboral,Martes,3.431.926,-76.528.809,67,3015986,"218,8"
2024-03-06,URBANA,041_ZW Parque Junin,9,MR76,False,Laboral,Miércoles,3.431.926,-76.528.809,73,4783532,"395,3"
2024-03-07,URBANA,041_ZW Parque Junin,9,MR76,False,Laboral,Jueves,3.431.926,-76.528.809,74,760891,"71,2"
2024-03-08,URBANA,041_ZW Parque Junin,9,MR76,False,Laboral,Viernes,3.431.926,-76.528.809,88,12496,"1,2"
2024-03-09,URBANA,041_ZW Parque Junin,9,MR76,False,Fin de Semana,Sábado,3.431.926,-76.528.809,73,11875,"1,2"
2024-03-10,URBANA,041_ZW Parque Junin,9,MR76,False,Fin de Semana,Domingo,3.431.926,-76.528.809,49,5426351,"568,6"
2024-03-11,URBANA,041_ZW Parque Junin,9,MR76,False,Laboral,Lunes,3.431.926,-76.528.809,72,4052423,"431,2"
2024-03-12,URBANA,041_ZW Parque Junin,9,MR76,False,Laboral,Martes,3.431.926,-76.528.809,74,3880956,"440,2"
2024-03-13,URBANA,041_ZW Parque Junin,9,MR76,False,Laboral,Miércoles,3.431.926,-76.528.809,71,2939207,"397,0"
2024-03-14,URBANA,041_ZW Parque Junin,9,MR76,False,Laboral,Jueves,3.431.926,-76.528.809,69,1505983,"155,2"
2024-03-15,URBANA,041_ZW Parque Junin,9,MR76,False,Laboral,Viernes,3.431.926,-76.528.809,77,516059,"39,6"
2024-03-16,URBANA,041_ZW Parque Junin,9,MR76,False,Fin de Semana,Sábado,3.431.926,-76.528.809,77,15285,"1,4"
2024-03-17,URBANA,041_ZW Parque Junin,9,MR76,False,Fin de Semana,Domingo,3.431.926,-76.528.809,55,3799,"0,3"
2024-03-18,URBANA,041_ZW Parque Junin,9,MR76,False,Laboral,Lunes,3.431.926,-76.528.809,70,7322,"0,6"
2024-03-19,URBANA,041_ZW Parque Junin,9,MR76,False,Laboral,Martes,3.431.926,-76.528.809,73,14530,"1,9"
2024-03-20,URBANA,041_ZW Parque Junin,9,MR76,False,Laboral,Miércoles,3.431.926,-76.528.809,69,8082,"1,2"
2024-03-21,URBANA,041_ZW Parque Junin,9,MR76,False,Laboral,Jueves,3.431.926,-76.528.809,84,545010,"62,4"
2024-03-22,URBANA,041_ZW Parque Junin,9,MR76,False,Laboral,Viernes,3.431.926,-76.528.809,52,5681500,"582,4"
2024-03-23,URBANA,041_ZW Parque Junin,9,MR76,False,Fin de Semana,Sábado,3.431.926,-76.528.809,59,2729605,"349,9"
2024-03-24,URBANA,041_ZW Parque Junin,9,MR76,True,Festivo,Domingo,3.431.926,-76.528.809,66,738055,"81,1"
2024-03-25,URBANA,041_ZW Parque Junin,9,MR76,True,Festivo,Lunes,3.431.926,-76.528.809,55,18534,"2,6"
2024-03-26,URBANA,041_ZW Parque Junin,9,MR76,False,Laboral,Martes,3.431.926,-76.528.809,60,17495,"2,2"
2024-03-27,URBANA,041_ZW Parque Junin,9,MR76,False,Laboral,Miércoles,3.431.926,-76.528.809,63,21719,"2,7"
2024-03-28,URBANA,041_ZW Parque Junin,9,MR76,True,Festivo,Jueves,3.431.926,-76.528.809,44,6704,"1,1"
2024-03-29,URBANA,041_ZW Parque Junin,9,MR76,True,Festivo,Viernes,3.431.926,-76.528.809,37,8005,"0,8"
2024-03-30,URBANA,041_ZW Parque Junin,9,MR76,False,Fin de Semana,Sábado,3.431.926,-76.528.809,48,10394,"1,7"
2024-03-31,URBANA,041_ZW Parque Junin,9,MR76,True,Festivo,Domingo,3.431.926,-76.528.809,53,11929,"1,6"
2024-04-01,URBANA,041_ZW Parque Junin,9,MR76,False,Laboral,Lunes,3.431.926,-76.528.809,68,102219,"9,7"
2024-04-02,URBANA,041_ZW Parque Junin,9,MR76,False,Laboral,Martes,3.431.926,-76.528.809,48,792549,"112,6"
2024-04-03,URBANA,041_ZW Parque Junin,9,MR76,False,Laboral,Miércoles,3.431.926,-76.528.809,64,2180820,"242,1"
2024-04-04,URBANA,041_ZW Parque Junin,9,MR76,False,Laboral,Jueves,3.431.926,-76.528.809,62,1817172,"158,1"
2024-04-05,URBANA,041_ZW Parque Junin,9,MR76,False,Laboral,Viernes,3.431.926,-76.528.809,72,3123432,"278,0"
2024-04-06,URBANA,041_ZW Parque Junin,9,MR76,False,Fin de Semana,Sábado,3.431.926,-76.528.809,75,121492,"10,1"
2024-04-07,URBANA,041_ZW Parque Junin,9,MR76,False,Fin de Semana,Domingo,3.431.926,-76.528.809,55,18243,"1,5"
2024-04-08,URBANA,041_ZW Parque Junin,9,MR76,False,Laboral,Lunes,3.431.926,-76.528.809,83,11900,"1,7"
2024-04-09,URBANA,041_ZW Parque Junin,9,MR76,False,Laboral,Martes,3.431.926,-76.528.809,74,21891,"2,9"
2024-04-10,URBANA,041_ZW Parque Junin,9,MR76,False,Laboral,Miércoles,3.431.926,-76.528.809,94,59587,"14,0"
2024-04-11,URBANA,041_ZW Parque Junin,9,MR76,False,Laboral,Jueves,3.431.926,-76.528.809,85,1968926,"445,8"
2024-04-12,URBANA,041_ZW Parque Junin,9,MR76,False,Laboral,Viernes,3.431.926,-76.528.809,58,2016045,"296,9"
2024-04-13,URBANA,041_ZW Parque Junin,9,MR76,False,Fin de Semana,Sábado,3.431.926,-76.528.809,49,3992398,"469,2"
2024-04-14,URBANA,041_ZW Parque Junin,9,MR76,False,Fin de Semana,Domingo,3.431.926,-76.528.809,53,1666987,"241,7"
2024-04-15,URBANA,041_ZW Parque Junin,9,MR76,False,Laboral,Lunes,3.431.926,-76.528.809,61,1626089,"406,3"
2024-04-16,URBANA,041_ZW Parque Junin,9,MR76,False,Laboral,Martes,3.431.926,-76.528.809,70,868589,"204,5"
2024-04-17,URBANA,041_ZW Parque Junin,9,MR76,False,Laboral,Miércoles,3.431.926,-76.528.809,62,2053875,"550,7"
2024-04-18,URBANA,041_ZW Parque Junin,9,MR76,False,Laboral,Jueves,3.431.926,-76.528.809,40,296618,"101,8"
2024-04-19,URBANA,041_ZW Parque Junin,9,MR76,False,Laboral,Viernes,3.431.926,-76.528.809,52,7253,"1,8"
2024-04-20,URBANA,041_ZW Parque Junin,9,MR76,False,Fin de Semana,Sábado,3.431.926,-76.528.809,80,7927,"1,0"
2024-04-21,URBANA,041_ZW Parque Junin,9,MR76,False,Fin de Semana,Domingo,3.431.926,-76.528.809,48,6889,"1,1"
2024-04-22,URBANA,041_ZW Parque Junin,9,MR76,False,Laboral,Lunes,3.431.926,-76.528.809,80,28204,"6,1"
2024-04-23,URBANA,041_ZW Parque Junin,9,MR76,False,Laboral,Martes,3.431.926,-76.528.809,61,491869,"26,8"
2024-04-24,URBANA,041_ZW Parque Junin,9,MR76,False,Laboral,Miércoles,3.431.926,-76.528.809,80,2444894,"133,1"
2024-04-25,URBANA,041_ZW Parque Junin,9,MR76,False,Laboral,Jueves,3.431.926,-76.528.809,74,2104626,"177,4"
2024-04-26,URBANA,041_ZW Parque Junin,9,MR76,False,Laboral,Viernes,3.431.926,-76.528.809,84,484599,"48,4"
2024-04-27,URBANA,041_ZW Parque Junin,9,MR76,False,Fin de Semana,Sábado,3.431.926,-76.528.809,49,62613,"5,1"
2024-04-28,URBANA,041_ZW Parque Junin,9,MR76,False,Fin de Semana,Domingo,3.431.926,-76.528.809,27,2016958,"273,0"
2024-04-29,URBANA,041_ZW Parque Junin,9,MR76,False,Laboral,Lunes,3.431.926,-76.528.809,70,3579166,"447,0"
2024-04-30,URBANA,041_ZW Parque Junin,9,MR76,False,Laboral,Martes,3.431.926,-76.528.809,82,457450,"72,6"
2024-05-01,URBANA,041_ZW Parque Junin,9,MR76,True,Festivo,Miércoles,3.431.926,-76.528.809,49,7333,"1,4"
2024-05-02,URBANA,041_ZW Parque Junin,9,MR76,False,Laboral,Jueves,3.431.926,-76.528.809,87,13176,"2,6"
2024-05-03,URBANA,041_ZW Parque Junin,9,MR76,False,Laboral,Viernes,3.431.926,-76.528.809,73,190777,"41,6"
2024-05-04,URBANA,041_ZW Parque Junin,9,MR76,False,Fin de Semana,Sábado,3.431.926,-76.528.809,57,2497567,"346,0"
2024-05-05,URBANA,041_ZW Parque Junin,9,MR76,False,Fin de Semana,Domingo,3.431.926,-76.528.809,57,1282128,"208,0"
2024-05-06,URBANA,041_ZW Parque Junin,9,MR76,False,Laboral,Lunes,3.431.926,-76.528.809,76,357414,"74,8"
2024-05-07,URBANA,041_ZW Parque Junin,9,MR76,False,Laboral,Martes,3.431.926,-76.528.809,75,7115,"1,2"
2024-05-08,URBANA,041_ZW Parque Junin,9,MR76,False,Laboral,Miércoles,3.431.926,-76.528.809,64,10602,"1,3"
2024-05-09,URBANA,041_ZW Parque Junin,9,MR76,False,Laboral,Jueves,3.431.926,-76.528.809,53,12104,"1,4"
2024-05-10,URBANA,041_ZW Parque Junin,9,MR76,False,Laboral,Viernes,3.431.926,-76.528.809,81,10902,"1,4"
2024-05-11,URBANA,041_ZW Parque Junin,9,MR76,False,Fin de Semana,Sábado,3.431.926,-76.528.809,60,9643,"1,3"
2024-05-12,URBANA,041_ZW Parque Junin,9,MR76,False,Fin de Semana,Domingo,3.431.926,-76.528.809,42,7765,"1,9"
2024-05-13,URBANA,041_ZW Parque Junin,9,MR76,True,Festivo,Lunes,3.431.926,-76.528.809,42,21542,"3,8"
2024-05-14,URBANA,041_ZW Parque Junin,9,MR76,False,Laboral,Martes,3.431.926,-76.528.809,74,8423,"3,9"
2024-05-15,URBANA,041_ZW Parque Junin,9,MR76,False,Laboral,Miércoles,3.431.926,-76.528.809,41,1513955,"245,0"
2024-05-16,URBANA,041_ZW Parque Junin,9,MR76,False,Laboral,Jueves,3.431.926,-76.528.809,70,1727216,"211,6"
2024-05-17,URBANA,041_ZW Parque Junin,9,MR76,False,Laboral,Viernes,3.431.926,-76.528.809,58,1259433,"121,1"
2024-05-18,URBANA,041_ZW Parque Junin,9,MR76,False,Fin de Semana,Sábado,3.431.926,-76.528.809,62,1578333,"143,8"
2024-05-19,URBANA,041_ZW Parque Junin,9,MR76,False,Fin de Semana,Domingo,3.431.926,-76.528.809,40,1061456,"90,8"
2024-05-20,URBANA,041_ZW Parque Junin,9,MR76,False,Laboral,Lunes,3.431.926,-76.528.809,69,1963952,"279,0"
2024-05-21,URBANA,041_ZW Parque Junin,9,MR76,False,Laboral,Martes,3.431.926,-76.528.809,72,2819839,"363,0"
2024-05-22,URBANA,041_ZW Parque Junin,9,MR76,False,Laboral,Miércoles,3.431.926,-76.528.809,69,316976,"123,0"
2024-05-23,URBANA,041_ZW Parque Junin,9,MR76,False,Laboral,Jueves,3.431.926,-76.528.809,44,2018829,"380,2"
2024-05-24,URBANA,041_ZW Parque Junin,9,MR76,False,Laboral,Viernes,3.431.926,-76.528.809,84,4194771,"888,7"
2024-05-25,URBANA,041_ZW Parque Junin,9,MR76,False,Fin de Semana,Sábado,3.431.926,-76.528.809,59,2040552,"286,5"
2024-05-26,URBANA,041_ZW Parque Junin,9,MR76,False,Fin de Semana,Domingo,3.431.926,-76.528.809,42,187139,"27,1"
2024-05-27,URBANA,041_ZW Parque Junin,9,MR76,False,Laboral,Lunes,3.431.926,-76.528.809,83,3722929,"437,9"
2024-05-28,URBANA,041_ZW Parque Junin,9,MR76,False,Laboral,Martes,3.431.926,-76.528.809,69,2786358,"374,1"
2024-05-29,URBANA,041_ZW Parque Junin,9,MR76,False,Laboral,Miércoles,3.431.926,-76.528.809,48,165209,"33,0"
2024-05-30,URBANA,041_ZW Parque Junin,9,MR76,False,Laboral,Jueves,3.431.926,-76.528.809,86,3096270,"258,7"
2024-05-31,URBANA,041_ZW Parque Junin,9,MR76,False,Laboral,Viernes,3.431.926,-76.528.809,69,677926,"72,9"
2024-06-01,URBANA,041_ZW Parque Junin,9,MR76,False,Fin de Semana,Sábado,3.431.926,-76.528.809,74,16255,"1,6"
2024-06-02,URBANA,041_ZW Parque Junin,9,MR76,False,Fin de Semana,Domingo,3.431.926,-76.528.809,63,629153,"64,2"
2024-06-03,URBANA,041_ZW Parque Junin,9,MR76,True,Festivo,Lunes,3.431.926,-76.528.809,58,4798247,"692,6"
2024-06-04,URBANA,041_ZW Parque Junin,9,MR76,False,Laboral,Martes,3.431.926,-76.528.809,70,316790,"69,7"
2024-06-05,URBANA,041_ZW Parque Junin,9,MR76,False,Laboral,Miércoles,3.431.926,-76.528.809,63,14047,"4,9"
2024-06-06,URBANA,041_ZW Parque Junin,9,MR76,False,Laboral,Jueves,3.431.926,-76.528.809,87,11077,"1,8"
2024-06-07,URBANA,041_ZW Parque Junin,9,MR76,False,Laboral,Viernes,3.431.926,-76.528.809,87,11688,"2,4"
2024-06-08,URBANA,041_ZW Parque Junin,9,MR76,False,Fin de Semana,Sábado,3.431.926,-76.528.809,59,9002,"2,9"
2024-06-09,URBANA,041_ZW Parque Junin,9,MR76,False,Fin de Semana,Domingo,3.431.926,-76.528.809,59,537406,"184,4"
2024-06-10,URBANA,041_ZW Parque Junin,9,MR76,True,Festivo,Lunes,3.431.926,-76.528.809,43,2612227,"479,3"
2024-06-11,URBANA,041_ZW Parque Junin,9,MR76,False,Laboral,Martes,3.431.926,-76.528.809,101,3176864,"507,4"
2024-06-12,URBANA,041_ZW Parque Junin,9,MR76,False,Laboral,Miércoles,3.431.926,-76.528.809,85,267238,"36,0"
2024-06-13,URBANA,041_ZW Parque Junin,9,MR76,False,Laboral,Jueves,3.431.926,-76.528.809,86,110504,"2151395500,0"
2024-06-14,URBANA,041_ZW Parque Junin,9,MR76,False,Laboral,Viernes,3.431.926,-76.528.809,62,612476,"18408592500,0"
2024-06-15,URBANA,041_ZW Parque Junin,9,MR76,False,Fin de Semana,Sábado,3.431.926,-76.528.809,35,1842900,"33062102300,0"
2024-06-16,URBANA,041_ZW Parque Junin,9,MR76,False,Fin de Semana,Domingo,3.431.926,-76.528.809,46,2332641,"41828691900,0"
2024-06-17,URBANA,041_ZW Parque Junin,9,MR76,False,Laboral,Lunes,3.431.926,-76.528.809,75,869368,"139,1"
2024-06-18,URBANA,041_ZW Parque Junin,9,MR76,False,Laboral,Martes,3.431.926,-76.528.809,49,14471,"2,3"
2024-06-19,URBANA,041_ZW Parque Junin,9,MR76,False,Laboral,Miércoles,3.431.926,-76.528.809,54,76655,"10,9"
2024-06-20,URBANA,041_ZW Parque Junin,9,MR76,False,Laboral,Jueves,3.431.926,-76.528.809,83,3187048,"638,0"
2024-06-21,URBANA,041_ZW Parque Junin,9,MR76,False,Laboral,Viernes,3.431.926,-76.528.809,87,549286,"94,4"
2024-06-22,URBANA,041_ZW Parque Junin,9,MR76,False,Fin de Semana,Sábado,3.431.926,-76.528.809,88,15661,"3,0"
2024-06-23,URBANA,041_ZW Parque Junin,9,MR76,False,Fin de Semana,Domingo,3.431.926,-76.528.809,58,2535,"1,0"
2024-06-24,URBANA,041_ZW Parque Junin,9,MR76,False,Laboral,Lunes,3.431.926,-76.528.809,98,9043,"1,7"
2024-06-25,URBANA,041_ZW Parque Junin,9,MR76,False,Laboral,Martes,3.431.926,-76.528.809,89,8988,"2,2"
2024-06-26,URBANA,041_ZW Parque Junin,9,MR76,False,Laboral,Miércoles,3.431.926,-76.528.809,99,30739,"7,9"
2024-06-27,URBANA,041_ZW Parque Junin,9,MR76,False,Laboral,Jueves,3.431.926,-76.528.809,103,12986,"3,9"
2024-06-28,URBANA,041_ZW Parque Junin,9,MR76,False,Laboral,Viernes,3.431.926,-76.528.809,103,12433,"2,1"
2024-06-29,URBANA,041_ZW Parque Junin,9,MR76,False,Fin de Semana,Sábado,3.431.926,-76.528.809,87,17154,"2,9"
2024-06-30,URBANA,041_ZW Parque Junin,9,MR76,False,Fin de Semana,Domingo,3.431.926,-76.528.809,73,665736,"143,0"
2024-07-01,URBANA,041_ZW Parque Junin,9,MR76,True,Festivo,Lunes,3.431.926,-76.528.809,67,1599808,"222,25"
2024-07-02,URBANA,041_ZW Parque Junin,9,MR76,False,Laboral,Martes,3.431.926,-76.528.809,59,573674,"61,79"
2024-07-03,URBANA,041_ZW Parque Junin,9,MR76,False,Laboral,Miércoles,3.431.926,-76.528.809,69,1175886,"139,86"
2024-07-04,URBANA,041_ZW Parque Junin,9,MR76,False,Laboral,Jueves,3.431.926,-76.528.809,75,2941689,"370,71"
2024-07-05,URBANA,041_ZW Parque Junin,9,MR76,False,Laboral,Viernes,3.431.926,-76.528.809,77,1467340,"172,22"
2024-07-06,URBANA,041_ZW Parque Junin,9,MR76,False,Fin de Semana,Sábado,3.431.926,-76.528.809,93,737117,"87,57"
2024-07-07,URBANA,041_ZW Parque Junin,9,MR76,False,Fin de Semana,Domingo,3.431.926,-76.528.809,78,10308,"1,17"
2024-07-08,URBANA,041_ZW Parque Junin,9,MR76,False,Laboral,Lunes,3.431.926,-76.528.809,84,8027,"1,44"
2024-07-09,URBANA,041_ZW Parque Junin,9,MR76,False,Laboral,Martes,3.431.926,-76.528.809,82,8728,"1,5"
2024-07-10,URBANA,041_ZW Parque Junin,9,MR76,False,Laboral,Miércoles,3.431.926,-76.528.809,89,13863,"2,01"
2024-07-11,URBANA,041_ZW Parque Junin,9,MR76,False,Laboral,Jueves,3.431.926,-76.528.809,86,8575,"1,16"
2024-07-12,URBANA,041_ZW Parque Junin,9,MR76,False,Laboral,Viernes,3.431.926,-76.528.809,85,9512,"1,5"
2024-07-13,URBANA,041_ZW Parque Junin,9,MR76,False,Fin de Semana,Sábado,3.431.926,-76.528.809,77,6504,"0,92"
2024-07-14,URBANA,041_ZW Parque Junin,9,MR76,False,Fin de Semana,Domingo,3.431.926,-76.528.809,82,9584,"1,51"
2024-07-15,URBANA,041_ZW Parque Junin,9,MR76,False,Laboral,Lunes,3.431.926,-76.528.809,84,9687,"1,73"
2024-07-16,URBANA,041_ZW Parque Junin,9,MR76,False,Laboral,Martes,3.431.926,-76.528.809,103,59033,"9,4"
2024-07-17,URBANA,041_ZW Parque Junin,9,MR76,False,Laboral,Miércoles,3.431.926,-76.528.809,85,11077,"2,45"
2024-07-18,URBANA,041_ZW Parque Junin,9,MR76,False,Laboral,Jueves,3.431.926,-76.528.809,106,9692,"1,63"
2024-07-19,URBANA,041_ZW Parque Junin,9,MR76,False,Laboral,Viernes,3.431.926,-76.528.809,113,683616,"95,26"
2024-07-20,URBANA,041_ZW Parque Junin,9,MR76,True,Festivo,Sábado,3.431.926,-76.528.809,84,6717072,"862,46"
2024-07-21,URBANA,041_ZW Parque Junin,9,MR76,False,Fin de Semana,Domingo,3.431.926,-76.528.809,84,2550960,"389,69"
2024-07-22,URBANA,041_ZW Parque Junin,9,MR76,False,Laboral,Lunes,3.431.926,-76.528.809,117,23865,"3,43"
2024-07-23,URBANA,041_ZW Parque Junin,9,MR76,False,Laboral,Martes,3.431.926,-76.528.809,123,21048,"3,04"
2024-07-24,URBANA,041_ZW Parque Junin,9,MR76,False,Laboral,Miércoles,3.431.926,-76.528.809,114,15299,"2,42"
2024-07-25,URBANA,041_ZW Parque Junin,9,MR76,False,Laboral,Jueves,3.431.926,-76.528.809,120,15249,"2,41"
2024-07-26,URBANA,041_ZW Parque Junin,9,MR76,False,Laboral,Viernes,3.431.926,-76.528.809,104,12341,"1,63"
2024-07-27,URBANA,041_ZW Parque Junin,9,MR76,False,Fin de Semana,Sábado,3.431.926,-76.528.809,101,21811,"3,73"
2024-07-28,URBANA,041_ZW Parque Junin,9,MR76,False,Fin de Semana,Domingo,3.431.926,-76.528.809,85,5913,"1,25"
2024-07-29,URBANA,041_ZW Parque Junin,9,MR76,False,Laboral,Lunes,3.431.926,-76.528.809,112,8143,"1,31"
2024-07-30,URBANA,041_ZW Parque Junin,9,MR76,False,Laboral,Martes,3.431.926,-76.528.809,100,11159,"1,63"
2024-07-31,URBANA,041_ZW Parque Junin,9,MR76,False,Laboral,Miércoles,3.431.926,-76.528.809,123,14212,"2,36"
2024-08-01,URBANA,041_ZW Parque Junin,9,MR76,False,Laboral,Jueves,3.431.926,-76.528.809,122,8915,"1,33"
2024-08-02,URBANA,041_ZW Parque Junin,9,MR76,False,Laboral,Viernes,3.431.926,-76.528.809,105,6286,"1,05"
2024-08-03,URBANA,041_ZW Parque Junin,9,MR76,False,Fin de Semana,Sábado,3.431.926,-76.528.809,110,15126,"3,08"
2024-08-04,URBANA,041_ZW Parque Junin,9,MR76,False,Fin de Semana,Domingo,3.431.926,-76.528.809,86,14796,"2,36"
2024-08-05,URBANA,041_ZW Parque Junin,9,MR76,False,Laboral,Lunes,3.431.926,-76.528.809,107,6417,"0,93"
2024-08-06,URBANA,041_ZW Parque Junin,9,MR76,False,Laboral,Martes,3.431.926,-76.528.809,99,6427,"0,62"
2024-08-07,URBANA,041_ZW Parque Junin,9,MR76,True,Festivo,Miércoles,3.431.926,-76.528.809,71,18607,"2,21"
2024-08-08,URBANA,041_ZW Parque Junin,9,MR76,False,Laboral,Jueves,3.431.926,-76.528.809,105,8301,"1,04"
2024-08-09,URBANA,041_ZW Parque Junin,9,MR76,False,Laboral,Viernes,3.431.926,-76.528.809,125,16621,"3,07"
2024-08-10,URBANA,041_ZW Parque Junin,9,MR76,False,Fin de Semana,Sábado,3.431.926,-76.528.809,111,7319,"1,39"
2024-08-11,URBANA,041_ZW Parque Junin,9,MR76,False,Fin de Semana,Domingo,3.431.926,-76.528.809,76,5174,"0,9"
2024-08-12,URBANA,041_ZW Parque Junin,9,MR76,False,Laboral,Lunes,3.431.926,-76.528.809,118,9189,"1,97"
2024-08-13,URBANA,041_ZW Parque Junin,9,MR76,False,Laboral,Martes,3.431.926,-76.528.809,112,12766,"1,44"
2024-08-14,URBANA,041_ZW Parque Junin,9,MR76,False,Laboral,Miércoles,3.431.926,-76.528.809,123,117822,"15,64"
2024-08-15,URBANA,041_ZW Parque Junin,9,MR76,False,Laboral,Jueves,3.431.926,-76.528.809,116,8993,"1,35"
2024-08-16,URBANA,041_ZW Parque Junin,9,MR76,False,Laboral,Viernes,3.431.926,-76.528.809,105,15229,"2,07"
2024-08-17,URBANA,041_ZW Parque Junin,9,MR76,False,Fin de Semana,Sábado,3.431.926,-76.528.809,106,9858,"1,43"
2024-08-18,URBANA,041_ZW Parque Junin,9,MR76,False,Fin de Semana,Domingo,3.431.926,-76.528.809,80,5626,"0,85"
2024-08-19,URBANA,041_ZW Parque Junin,9,MR76,True,Festivo,Lunes,3.431.926,-76.528.809,69,5987,"0,82"
2024-08-20,URBANA,041_ZW Parque Junin,9,MR76,False,Laboral,Martes,3.431.926,-76.528.809,100,10246,"2,54"
2024-08-21,URBANA,041_ZW Parque Junin,9,MR76,False,Laboral,Miércoles,3.431.926,-76.528.809,109,13476,"3,92"
2024-08-22,URBANA,041_ZW Parque Junin,9,MR76,False,Laboral,Jueves,3.431.926,-76.528.809,132,8365,"2,23"
2024-08-23,URBANA,041_ZW Parque Junin,9,MR76,False,Laboral,Viernes,3.431.926,-76.528.809,124,15253,"6,21"
2024-08-24,URBANA,041_ZW Parque Junin,9,MR76,False,Fin de Semana,Sábado,3.431.926,-76.528.809,96,11051,"7,49"
2024-08-25,URBANA,041_ZW Parque Junin,9,MR76,False,Fin de Semana,Domingo,3.431.926,-76.528.809,90,10535,"10,08"
2024-08-26,URBANA,041_ZW Parque Junin,9,MR76,False,Laboral,Lunes,3.431.926,-76.528.809,129,11375,"15,2"
2024-08-27,URBANA,041_ZW Parque Junin,9,MR76,False,Laboral,Martes,3.431.926,-76.528.809,113,11060,"11,87"
2024-08-28,URBANA,041_ZW Parque Junin,9,MR76,False,Laboral,Miércoles,3.431.926,-76.528.809,110,7460,"13,24"
2024-08-29,URBANA,041_ZW Parque Junin,9,MR76,False,Laboral,Jueves,3.431.926,-76.528.809,131,6816,"19,47"
2024-08-30,URBANA,041_ZW Parque Junin,9,MR76,False,Laboral,Viernes,3.431.926,-76.528.809,122,12533,"30,19"
2024-08-31,URBANA,041_ZW Parque Junin,9,MR76,False,Fin de Semana,Sábado,3.431.926,-76.528.809,93,10649,"15,2"
2024-09-01,URBANA,041_ZW Parque Junin,9,MR76,False,Fin de Semana,Domingo,3.431.926,-76.528.809,88,21162,"48,98"
2024-09-02,URBANA,041_ZW Parque Junin,9,MR76,False,Laboral,Lunes,3.431.926,-76.528.809,118,12257,"24,16"
2024-09-03,URBANA,041_ZW Parque Junin,9,MR76,False,Laboral,Martes,3.431.926,-76.528.809,134,13543,"74,21"
2024-09-04,URBANA,041_ZW Parque Junin,9,MR76,False,Laboral,Miércoles,3.431.926,-76.528.809,43,1606,"220,26"
2024-10-25,URBANA,041_ZW Parque Junin,9,MR76,False,Laboral,Viernes,3.431.926,-76.528.809,32,1314662,"293,68"
2024-10-26,URBANA,041_ZW Parque Junin,9,MR76,False,Fin de Semana,Sábado,3.431.926,-76.528.809,54,5025609,"650,8"
2024-10-27,URBANA,041_ZW Parque Junin,9,MR76,False,Fin de Semana,Domingo,3.431.926,-76.528.809,54,1181726,"118,71"
2024-10-28,URBANA,041_ZW Parque Junin,9,MR76,False,Laboral,Lunes,3.431.926,-76.528.809,77,8530,"1,42"
2024-10-29,URBANA,041_ZW Parque Junin,9,MR76,False,Laboral,Martes,3.431.926,-76.528.809,66,17802,"2,81"
2024-10-30,URBANA,041_ZW Parque Junin,9,MR76,False,Laboral,Miércoles,3.431.926,-76.528.809,74,4770,"0,97"
2024-10-31,URBANA,041_ZW Parque Junin,9,MR76,False,Laboral,Jueves,3.431.926,-76.528.809,72,11870,"2,53"
2024-11-01,URBANA,041_ZW Parque Junin,9,MR76,False,Laboral,Viernes,3.431.926,-76.528.809,74,6428,"1,16"
2024-11-02,URBANA,041_ZW Parque Junin,9,MR76,False,Fin de Semana,Sábado,3.431.926,-76.528.809,52,15015,"2,42"
2024-11-03,URBANA,041_ZW Parque Junin,9,MR76,False,Fin de Semana,Domingo,3.431.926,-76.528.809,36,3097,"0,53"
2024-11-04,URBANA,041_ZW Parque Junin,9,MR76,True,Festivo,Lunes,3.431.926,-76.528.809,42,2094,"0,32"
2024-11-05,URBANA,041_ZW Parque Junin,9,MR76,False,Laboral,Martes,3.431.926,-76.528.809,81,570360,"78,11"
2024-11-06,URBANA,041_ZW Parque Junin,9,MR76,False,Laboral,Miércoles,3.431.926,-76.528.809,67,745820,"119,11"
2024-11-07,URBANA,041_ZW Parque Junin,9,MR76,False,Laboral,Jueves,3.431.926,-76.528.809,74,1005749,"113,09"
2024-11-08,URBANA,041_ZW Parque Junin,9,MR76,False,Laboral,Viernes,3.431.926,-76.528.809,92,986921,"79,81"
2024-11-09,URBANA,041_ZW Parque Junin,9,MR76,False,Fin de Semana,Sábado,3.431.926,-76.528.809,87,3768584,"226,33"
2024-11-10,URBANA,041_ZW Parque Junin,9,MR76,False,Fin de Semana,Domingo,3.431.926,-76.528.809,69,2487916,"128,43"
2024-11-11,URBANA,041_ZW Parque Junin,9,MR76,True,Festivo,Lunes,3.431.926,-76.528.809,62,811943,"46,23"
2024-11-12,URBANA,041_ZW Parque Junin,9,MR76,False,Laboral,Martes,3.431.926,-76.528.809,106,1111241,"58,14"
2024-11-13,URBANA,041_ZW Parque Junin,9,MR76,False,Laboral,Miércoles,3.431.926,-76.528.809,94,575491,"35,52"
2024-11-14,URBANA,041_ZW Parque Junin,9,MR76,False,Laboral,Jueves,3.431.926,-76.528.809,99,1303353,"67,89"
2024-11-15,URBANA,041_ZW Parque Junin,9,MR76,False,Laboral,Viernes,3.431.926,-76.528.809,113,3331339,"182,88"
2024-11-16,URBANA,041_ZW Parque Junin,9,MR76,False,Fin de Semana,Sábado,3.431.926,-76.528.809,83,2232049,"121,22"
2024-11-17,URBANA,041_ZW Parque Junin,9,MR76,False,Fin de Semana,Domingo,3.431.926,-76.528.809,75,228005,"13,27"
2024-11-18,URBANA,041_ZW Parque Junin,9,MR76,False,Laboral,Lunes,3.431.926,-76.528.809,103,3372620,"209,82"
2024-11-19,URBANA,041_ZW Parque Junin,9,MR76,False,Laboral,Martes,3.431.926,-76.528.809,89,1622507,"101,56"
2024-11-20,URBANA,041_ZW Parque Junin,9,MR76,False,Laboral,Miércoles,3.431.926,-76.528.809,111,2966632,"155,46"
2024-11-21,URBANA,041_ZW Parque Junin,9,MR76,False,Laboral,Jueves,3.431.926,-76.528.809,95,738100,"40,88"
2024-11-22,URBANA,041_ZW Parque Junin,9,MR76,False,Laboral,Viernes,3.431.926,-76.528.809,91,2030174,"100,57"
2024-11-23,URBANA,041_ZW Parque Junin,9,MR76,False,Fin de Semana,Sábado,3.431.926,-76.528.809,97,2237523,"116,76"
2024-11-24,URBANA,041_ZW Parque Junin,9,MR76,False,Fin de Semana,Domingo,3.431.926,-76.528.809,61,681036,"91,98"
2024-11-25,URBANA,041_ZW Parque Junin,9,MR76,False,Laboral,Lunes,3.431.926,-76.528.809,33,88193,"21,44"
2024-11-26,URBANA,041_ZW Parque Junin,9,MR76,False,Laboral,Martes,3.431.926,-76.528.809,32,299800,"38,07"
2024-11-27,URBANA,041_ZW Parque Junin,9,MR76,False,Laboral,Miércoles,3.431.926,-76.528.809,19,331790,"17,08"
2024-11-28,URBANA,041_ZW Parque Junin,9,MR76,False,Laboral,Jueves,3.431.926,-76.528.809,82,2669466,"126,78"
2024-11-29,URBANA,041_ZW Parque Junin,9,MR76,False,Laboral,Viernes,3.431.926,-76.528.809,95,386139,"17,37"
