﻿FECHA.CONEXION,AREA,NOMBRE.ZONA,COMUNA,MODEL,es_festivo,tipo_dia,dia_semana,LATITUD,LONGITUD,NUMERO.CONEXIONES,USAGE.KB,PORCENTAJE.USO
2024-01-01,URBANA,033_ZW Plaza Alameda,19,MR76,True,Festivo,Lunes,343.428,-765.355,1,1279,"0,1"
2024-01-02,URBANA,033_ZW Plaza Alameda,19,MR76,False,Laboral,Martes,343.428,-765.355,15,1613179,"191,7"
2024-01-05,URBANA,033_ZW Plaza Alameda,19,MR76,False,Laboral,Viernes,343.428,-765.355,30,808418,"74,6"
2024-01-06,URBANA,033_ZW Plaza Alameda,19,MR76,False,Fin de Semana,Sábado,343.428,-765.355,57,692355,"90,3"
2024-01-07,URBANA,033_ZW Plaza Alameda,19,MR76,False,Fin de Semana,Domingo,343.428,-765.355,48,4548690,"453,2"
2024-01-08,URBANA,033_ZW Plaza Alameda,19,MR76,True,Festivo,Lunes,343.428,-765.355,34,4125051,"261,70000000000005"
2024-01-09,URBANA,033_ZW Plaza Alameda,19,MR76,False,Laboral,Martes,343.428,-765.355,48,5123153,"395,40000000000003"
2024-01-10,URBANA,033_ZW Plaza Alameda,19,MR76,False,Laboral,Miércoles,343.428,-765.355,38,3358977,"278,40000000000003"
2024-01-25,URBANA,033_ZW Plaza Alameda,19,MR76,False,Laboral,Jueves,343.428,-765.355,37,820215,"54,900000000000006"
2024-01-26,URBANA,033_ZW Plaza Alameda,19,MR76,False,Laboral,Viernes,343.428,-765.355,59,12583200,"913,4"
2024-01-27,URBANA,033_ZW Plaza Alameda,19,MR76,False,Fin de Semana,Sábado,343.428,-765.355,52,6409837,"516,4"
2024-01-28,URBANA,033_ZW Plaza Alameda,19,MR76,False,Fin de Semana,Domingo,343.428,-765.355,44,1922921,"187,0"
2024-01-29,URBANA,033_ZW Plaza Alameda,19,MR76,False,Laboral,Lunes,343.428,-765.355,14,1465630,"126,0"
2024-02-03,URBANA,033_ZW Plaza Alameda,19,MR76,False,Fin de Semana,Sábado,343.428,-765.355,52,3381930,"190,6"
2024-02-04,URBANA,033_ZW Plaza Alameda,19,MR76,False,Fin de Semana,Domingo,343.428,-765.355,47,3540554,"221,39999999999998"
2024-02-05,URBANA,033_ZW Plaza Alameda,19,MR76,False,Laboral,Lunes,343.428,-765.355,35,2603410,"173,0"
2024-02-06,URBANA,033_ZW Plaza Alameda,19,MR76,False,Laboral,Martes,343.428,-765.355,51,5841068,"390,9"
2024-02-07,URBANA,033_ZW Plaza Alameda,19,MR76,False,Laboral,Miércoles,343.428,-765.355,42,1679833,"101,8"
2024-03-17,URBANA,033_ZW Plaza Alameda,19,MR76,False,Fin de Semana,Domingo,343.428,-765.355,42,381088,"29,4"
2024-03-18,URBANA,033_ZW Plaza Alameda,19,MR76,False,Laboral,Lunes,343.428,-765.355,30,1972352,"164,2"
2024-03-19,URBANA,033_ZW Plaza Alameda,19,MR76,False,Laboral,Martes,343.428,-765.355,48,371805,"49,300000000000004"
2024-03-20,URBANA,033_ZW Plaza Alameda,19,MR76,False,Laboral,Miércoles,343.428,-765.355,47,1071454,"163,5"
2024-03-21,URBANA,033_ZW Plaza Alameda,19,MR76,False,Laboral,Jueves,343.428,-765.355,58,177962,"20,4"
2024-03-22,URBANA,033_ZW Plaza Alameda,19,MR76,False,Laboral,Viernes,343.428,-765.355,54,1090645,"111,80000000000001"
2024-03-23,URBANA,033_ZW Plaza Alameda,19,MR76,False,Fin de Semana,Sábado,343.428,-765.355,91,51885,"6,6"
2024-03-24,URBANA,033_ZW Plaza Alameda,19,MR76,True,Festivo,Domingo,343.428,-765.355,64,3483,"0,4"
2024-03-25,URBANA,033_ZW Plaza Alameda,19,MR76,True,Festivo,Lunes,343.428,-765.355,65,25648,"3,5999999999999996"
2024-03-26,URBANA,033_ZW Plaza Alameda,19,MR76,False,Laboral,Martes,343.428,-765.355,78,7969,"1,0"
2024-03-27,URBANA,033_ZW Plaza Alameda,19,MR76,False,Laboral,Miércoles,343.428,-765.355,83,16925,"2,0"
2024-03-28,URBANA,033_ZW Plaza Alameda,19,MR76,True,Festivo,Jueves,343.428,-765.355,61,10415,"1,7000000000000002"
2024-03-29,URBANA,033_ZW Plaza Alameda,19,MR76,True,Festivo,Viernes,343.428,-765.355,45,9416,"0,9"
2024-03-30,URBANA,033_ZW Plaza Alameda,19,MR76,False,Fin de Semana,Sábado,343.428,-765.355,68,11052,"1,8"
2024-03-31,URBANA,033_ZW Plaza Alameda,19,MR76,True,Festivo,Domingo,343.428,-765.355,71,10750,"1,4"
2024-04-01,URBANA,033_ZW Plaza Alameda,19,MR76,False,Laboral,Lunes,343.428,-765.355,49,10183,"1,0"
2024-04-02,URBANA,033_ZW Plaza Alameda,19,MR76,False,Laboral,Martes,343.428,-765.355,69,27028,"3,8"
2024-04-03,URBANA,033_ZW Plaza Alameda,19,MR76,False,Laboral,Miércoles,343.428,-765.355,72,13489,"1,5"
2024-04-04,URBANA,033_ZW Plaza Alameda,19,MR76,False,Laboral,Jueves,343.428,-765.355,80,9364,"0,8"
2024-04-05,URBANA,033_ZW Plaza Alameda,19,MR76,False,Laboral,Viernes,343.428,-765.355,93,56359,"5,0"
2024-04-06,URBANA,033_ZW Plaza Alameda,19,MR76,False,Fin de Semana,Sábado,343.428,-765.355,91,10465,"0,8"
2024-04-07,URBANA,033_ZW Plaza Alameda,19,MR76,False,Fin de Semana,Domingo,343.428,-765.355,98,34868,"2,9"
2024-04-08,URBANA,033_ZW Plaza Alameda,19,MR76,False,Laboral,Lunes,343.428,-765.355,35,1626,"0,30000000000000004"
2024-04-09,URBANA,033_ZW Plaza Alameda,19,MR76,False,Laboral,Martes,343.428,-765.355,75,8684,"1,1"
2024-04-10,URBANA,033_ZW Plaza Alameda,19,MR76,False,Laboral,Miércoles,343.428,-765.355,53,7863,"1,9"
2024-04-11,URBANA,033_ZW Plaza Alameda,19,MR76,False,Laboral,Jueves,343.428,-765.355,69,7774,"1,7"
2024-04-12,URBANA,033_ZW Plaza Alameda,19,MR76,False,Laboral,Viernes,343.428,-765.355,88,9881,"1,4"
2024-04-13,URBANA,033_ZW Plaza Alameda,19,MR76,False,Fin de Semana,Sábado,343.428,-765.355,76,12801,"1,5"
2024-04-14,URBANA,033_ZW Plaza Alameda,19,MR76,False,Fin de Semana,Domingo,343.428,-765.355,81,17944,"2,6"
2024-04-15,URBANA,033_ZW Plaza Alameda,19,MR76,False,Laboral,Lunes,343.428,-765.355,51,9800,"2,4000000000000004"
2024-04-16,URBANA,033_ZW Plaza Alameda,19,MR76,False,Laboral,Martes,343.428,-765.355,43,3239,"0,8"
2024-04-17,URBANA,033_ZW Plaza Alameda,19,MR76,False,Laboral,Miércoles,343.428,-765.355,73,7753,"2,1"
2024-04-18,URBANA,033_ZW Plaza Alameda,19,MR76,False,Laboral,Jueves,343.428,-765.355,74,8332,"2,8"
2024-04-19,URBANA,033_ZW Plaza Alameda,19,MR76,False,Laboral,Viernes,343.428,-765.355,27,26645,"6,6000000000000005"
2024-11-08,URBANA,033_ZW Plaza Alameda,19,MR76,False,Laboral,Viernes,343.428,-765.355,85,2289174,"185,11"
2024-11-09,URBANA,033_ZW Plaza Alameda,19,MR76,False,Fin de Semana,Sábado,343.428,-765.355,100,3682139,"221,14000000000001"
2024-11-10,URBANA,033_ZW Plaza Alameda,19,MR76,False,Fin de Semana,Domingo,343.428,-765.355,88,873899,"45,11"
2024-11-11,URBANA,033_ZW Plaza Alameda,19,MR76,True,Festivo,Lunes,343.428,-765.355,65,3852741,"219,38"
2024-11-12,URBANA,033_ZW Plaza Alameda,19,MR76,False,Laboral,Martes,343.428,-765.355,80,4723102,"247,09"
2024-11-13,URBANA,033_ZW Plaza Alameda,19,MR76,False,Laboral,Miércoles,343.428,-765.355,91,1437802,"88,75"
2024-11-14,URBANA,033_ZW Plaza Alameda,19,MR76,False,Laboral,Jueves,343.428,-765.355,56,2152809,"112,14"
2024-11-15,URBANA,033_ZW Plaza Alameda,19,MR76,False,Laboral,Viernes,343.428,-765.355,78,4287029,"235,34"
2024-11-16,URBANA,033_ZW Plaza Alameda,19,MR76,False,Fin de Semana,Sábado,343.428,-765.355,111,4628538,"251,38"
2024-11-17,URBANA,033_ZW Plaza Alameda,19,MR76,False,Fin de Semana,Domingo,343.428,-765.355,100,5918241,"344,5"
2024-11-18,URBANA,033_ZW Plaza Alameda,19,MR76,False,Laboral,Lunes,343.428,-765.355,49,2354379,"146,47"
2024-11-19,URBANA,033_ZW Plaza Alameda,19,MR76,False,Laboral,Martes,343.428,-765.355,91,4167733,"260,87"
2024-11-20,URBANA,033_ZW Plaza Alameda,19,MR76,False,Laboral,Miércoles,343.428,-765.355,80,1300454,"68,15"
2024-11-21,URBANA,033_ZW Plaza Alameda,19,MR76,False,Laboral,Jueves,343.428,-765.355,102,3249362,"179,96"
2024-11-22,URBANA,033_ZW Plaza Alameda,19,MR76,False,Laboral,Viernes,343.428,-765.355,76,4509481,"223,38"
2024-11-23,URBANA,033_ZW Plaza Alameda,19,MR76,False,Fin de Semana,Sábado,343.428,-765.355,127,7063922,"368,6"
2024-11-24,URBANA,033_ZW Plaza Alameda,19,MR76,False,Fin de Semana,Domingo,343.428,-765.355,87,775275,"104,71"
2024-11-25,URBANA,033_ZW Plaza Alameda,19,MR76,False,Laboral,Lunes,343.428,-765.355,40,1233045,"299,81"
2024-11-26,URBANA,033_ZW Plaza Alameda,19,MR76,False,Laboral,Martes,343.428,-765.355,9,210261,"26,7"
2024-11-27,URBANA,033_ZW Plaza Alameda,19,MR76,False,Laboral,Miércoles,343.428,-765.355,81,4475051,"230,42"
2024-11-28,URBANA,033_ZW Plaza Alameda,19,MR76,False,Laboral,Jueves,343.428,-765.355,118,7401808,"351,54"
2024-11-29,URBANA,033_ZW Plaza Alameda,19,MR76,False,Laboral,Viernes,343.428,-765.355,92,6137130,"276,15"
2024-11-30,URBANA,033_ZW Plaza Alameda,19,MR76,False,Fin de Semana,Sábado,343.428,-765.355,136,12300562,"539,6600000000001"
2024-12-01,URBANA,033_ZW Plaza Alameda,19,MR76,False,Fin de Semana,Domingo,343.428,-765.355,76,2182323,"90,30000000000001"
2024-12-02,URBANA,033_ZW Plaza Alameda,19,MR76,False,Laboral,Lunes,343.428,-765.355,80,4296019,"205,89"
2024-12-03,URBANA,033_ZW Plaza Alameda,19,MR76,False,Laboral,Martes,343.428,-765.355,111,8513812,"456,0"
2024-12-04,URBANA,033_ZW Plaza Alameda,19,MR76,False,Laboral,Miércoles,343.428,-765.355,107,9300727,"402,69"
2024-12-05,URBANA,033_ZW Plaza Alameda,19,MR76,False,Laboral,Jueves,343.428,-765.355,103,8910019,"388,37"
2024-12-06,URBANA,033_ZW Plaza Alameda,19,MR76,False,Laboral,Viernes,343.428,-765.355,104,5664226,"251,93"
2024-12-07,URBANA,033_ZW Plaza Alameda,19,MR76,False,Fin de Semana,Sábado,343.428,-765.355,141,7959725,"387,99"
