﻿FECHA.CONEXION,AREA,NOMBRE.ZONA,COMUNA,MODEL,es_festivo,tipo_dia,dia_semana,LATITUD,LONGITUD,NUMERO.CONEXIONES,USAGE.KB,PORCENTAJE.USO
2024-01-01,URBANA,036_ZW Parque India Elena,10,MR76,True,Festivo,Lunes,342.931,-7.652.441,185,51847,"5,9"
2024-01-02,URBANA,036_ZW Parque India Elena,10,MR76,False,Laboral,Martes,342.931,-7.652.441,125,208184,"24,7"
2024-01-03,URBANA,036_ZW Parque India Elena,10,MR76,False,Laboral,Miércoles,342.931,-7.652.441,136,15603,"1,2999999999999998"
2024-01-04,URBANA,036_ZW Parque India Elena,10,MR76,False,Laboral,Jueves,342.931,-7.652.441,109,10933,"1,0"
2024-01-05,URBANA,036_ZW Parque India Elena,10,MR76,False,Laboral,Viernes,342.931,-7.652.441,133,16259,"1,5"
2024-01-06,URBANA,036_ZW Parque India Elena,10,MR76,False,Fin de Semana,Sábado,342.931,-7.652.441,164,20508,"2,6"
2024-01-07,URBANA,036_ZW Parque India Elena,10,MR76,False,Fin de Semana,Domingo,342.931,-7.652.441,183,66865,"6,699999999999999"
2024-01-08,URBANA,036_ZW Parque India Elena,10,MR76,True,Festivo,Lunes,342.931,-7.652.441,140,189164,"12,0"
2024-01-09,URBANA,036_ZW Parque India Elena,10,MR76,False,Laboral,Martes,342.931,-7.652.441,135,31924,"2,5"
2024-01-10,URBANA,036_ZW Parque India Elena,10,MR76,False,Laboral,Miércoles,342.931,-7.652.441,146,923087,"76,5"
2024-01-11,URBANA,036_ZW Parque India Elena,10,MR76,False,Laboral,Jueves,342.931,-7.652.441,145,111078,"10,3"
2024-01-12,URBANA,036_ZW Parque India Elena,10,MR76,False,Laboral,Viernes,342.931,-7.652.441,121,144011,"12,4"
2024-01-13,URBANA,036_ZW Parque India Elena,10,MR76,False,Fin de Semana,Sábado,342.931,-7.652.441,153,42355,"4,7"
2024-01-14,URBANA,036_ZW Parque India Elena,10,MR76,False,Fin de Semana,Domingo,342.931,-7.652.441,146,47968,"6,0"
2024-01-15,URBANA,036_ZW Parque India Elena,10,MR76,False,Laboral,Lunes,342.931,-7.652.441,119,86409,"12,4"
2024-01-16,URBANA,036_ZW Parque India Elena,10,MR76,False,Laboral,Martes,342.931,-7.652.441,133,18085,"2,1"
2024-01-17,URBANA,036_ZW Parque India Elena,10,MR76,False,Laboral,Miércoles,342.931,-7.652.441,126,19171,"1,9"
2024-01-18,URBANA,036_ZW Parque India Elena,10,MR76,False,Laboral,Jueves,342.931,-7.652.441,114,17876,"1,4"
2024-01-19,URBANA,036_ZW Parque India Elena,10,MR76,False,Laboral,Viernes,342.931,-7.652.441,129,2973731,"193,7"
2024-01-20,URBANA,036_ZW Parque India Elena,10,MR76,False,Fin de Semana,Sábado,342.931,-7.652.441,155,3937895,"304,1"
2024-01-21,URBANA,036_ZW Parque India Elena,10,MR76,False,Fin de Semana,Domingo,342.931,-7.652.441,178,127442,"9,8"
2024-01-22,URBANA,036_ZW Parque India Elena,10,MR76,False,Laboral,Lunes,342.931,-7.652.441,138,23698,"2,3"
2024-01-23,URBANA,036_ZW Parque India Elena,10,MR76,False,Laboral,Martes,342.931,-7.652.441,126,4856698,"449,7"
2024-01-24,URBANA,036_ZW Parque India Elena,10,MR76,False,Laboral,Miércoles,342.931,-7.652.441,140,6791081,"542,9000000000001"
2024-01-25,URBANA,036_ZW Parque India Elena,10,MR76,False,Laboral,Jueves,342.931,-7.652.441,138,18994255,"1270,7"
2024-01-26,URBANA,036_ZW Parque India Elena,10,MR76,False,Laboral,Viernes,342.931,-7.652.441,153,12512762,"908,2"
2024-01-27,URBANA,036_ZW Parque India Elena,10,MR76,False,Fin de Semana,Sábado,342.931,-7.652.441,191,2019862,"162,8"
2024-01-28,URBANA,036_ZW Parque India Elena,10,MR76,False,Fin de Semana,Domingo,342.931,-7.652.441,199,168825,"16,4"
2024-01-29,URBANA,036_ZW Parque India Elena,10,MR76,False,Laboral,Lunes,342.931,-7.652.441,171,70668,"6,1000000000000005"
2024-01-30,URBANA,036_ZW Parque India Elena,10,MR76,False,Laboral,Martes,342.931,-7.652.441,142,3575948,"395,0"
2024-01-31,URBANA,036_ZW Parque India Elena,10,MR76,False,Laboral,Miércoles,342.931,-7.652.441,151,4014404,"384,3"
2024-02-01,URBANA,036_ZW Parque India Elena,10,MR76,False,Laboral,Jueves,342.931,-7.652.441,151,7087168,"509,5"
2024-02-02,URBANA,036_ZW Parque India Elena,10,MR76,False,Laboral,Viernes,342.931,-7.652.441,101,5887264,"616,2"
2024-02-03,URBANA,036_ZW Parque India Elena,10,MR76,False,Fin de Semana,Sábado,342.931,-7.652.441,188,6673485,"376,1"
2024-02-04,URBANA,036_ZW Parque India Elena,10,MR76,False,Fin de Semana,Domingo,342.931,-7.652.441,162,362307,"22,6"
2024-02-05,URBANA,036_ZW Parque India Elena,10,MR76,False,Laboral,Lunes,342.931,-7.652.441,110,12394,"0,8"
2024-02-06,URBANA,036_ZW Parque India Elena,10,MR76,False,Laboral,Martes,342.931,-7.652.441,140,110370,"7,4"
2024-02-07,URBANA,036_ZW Parque India Elena,10,MR76,False,Laboral,Miércoles,342.931,-7.652.441,178,107018,"6,5"
2024-02-08,URBANA,036_ZW Parque India Elena,10,MR76,False,Laboral,Jueves,342.931,-7.652.441,142,170644,"12,600000000000001"
2024-02-09,URBANA,036_ZW Parque India Elena,10,MR76,False,Laboral,Viernes,342.931,-7.652.441,146,77453,"6,4"
2024-02-10,URBANA,036_ZW Parque India Elena,10,MR76,False,Fin de Semana,Sábado,342.931,-7.652.441,192,52663,"3,3000000000000003"
2024-02-11,URBANA,036_ZW Parque India Elena,10,MR76,False,Fin de Semana,Domingo,342.931,-7.652.441,190,142248,"10,5"
2024-02-12,URBANA,036_ZW Parque India Elena,10,MR76,False,Laboral,Lunes,342.931,-7.652.441,151,38951,"3,8"
2024-02-13,URBANA,036_ZW Parque India Elena,10,MR76,False,Laboral,Martes,342.931,-7.652.441,151,29049,"3,4"
2024-02-14,URBANA,036_ZW Parque India Elena,10,MR76,False,Laboral,Miércoles,342.931,-7.652.441,158,24352,"3,3"
2024-02-15,URBANA,036_ZW Parque India Elena,10,MR76,False,Laboral,Jueves,342.931,-7.652.441,141,19281,"1,6"
2024-02-16,URBANA,036_ZW Parque India Elena,10,MR76,False,Laboral,Viernes,342.931,-7.652.441,125,19656,"1,9"
2024-02-17,URBANA,036_ZW Parque India Elena,10,MR76,False,Fin de Semana,Sábado,342.931,-7.652.441,167,27734,"2,6"
2024-02-18,URBANA,036_ZW Parque India Elena,10,MR76,False,Fin de Semana,Domingo,342.931,-7.652.441,181,88647,"6,9"
2024-02-19,URBANA,036_ZW Parque India Elena,10,MR76,False,Laboral,Lunes,342.931,-7.652.441,121,95510,"6,5"
2024-02-20,URBANA,036_ZW Parque India Elena,10,MR76,False,Laboral,Martes,342.931,-7.652.441,156,12264,"1,0"
2024-02-21,URBANA,036_ZW Parque India Elena,10,MR76,False,Laboral,Miércoles,342.931,-7.652.441,118,642513,"55,7"
2024-02-22,URBANA,036_ZW Parque India Elena,10,MR76,False,Laboral,Jueves,342.931,-7.652.441,143,17302,"1,1"
2024-02-23,URBANA,036_ZW Parque India Elena,10,MR76,False,Laboral,Viernes,342.931,-7.652.441,152,31404,"2,2"
2024-02-24,URBANA,036_ZW Parque India Elena,10,MR76,False,Fin de Semana,Sábado,342.931,-7.652.441,175,551430,"43,9"
2024-02-25,URBANA,036_ZW Parque India Elena,10,MR76,False,Fin de Semana,Domingo,342.931,-7.652.441,174,3383918,"192,70000000000002"
2024-02-26,URBANA,036_ZW Parque India Elena,10,MR76,False,Laboral,Lunes,342.931,-7.652.441,144,3699852,"332,4"
2024-02-27,URBANA,036_ZW Parque India Elena,10,MR76,False,Laboral,Martes,342.931,-7.652.441,157,4366200,"375,7"
2024-02-28,URBANA,036_ZW Parque India Elena,10,MR76,False,Laboral,Miércoles,342.931,-7.652.441,115,1104535,"64,4"
2024-02-29,URBANA,036_ZW Parque India Elena,10,MR76,False,Laboral,Jueves,342.931,-7.652.441,145,32463,"4,1000000000000005"
2024-03-01,URBANA,036_ZW Parque India Elena,10,MR76,False,Laboral,Viernes,342.931,-7.652.441,151,16106,"1,3"
2024-03-02,URBANA,036_ZW Parque India Elena,10,MR76,False,Fin de Semana,Sábado,342.931,-7.652.441,150,4183081,"406,5"
2024-03-03,URBANA,036_ZW Parque India Elena,10,MR76,False,Fin de Semana,Domingo,342.931,-7.652.441,188,4083327,"292,9"
2024-03-04,URBANA,036_ZW Parque India Elena,10,MR76,False,Laboral,Lunes,342.931,-7.652.441,138,687821,"48,400000000000006"
2024-03-05,URBANA,036_ZW Parque India Elena,10,MR76,False,Laboral,Martes,342.931,-7.652.441,137,714677,"51,8"
2024-03-06,URBANA,036_ZW Parque India Elena,10,MR76,False,Laboral,Miércoles,342.931,-7.652.441,120,673146,"55,599999999999994"
2024-03-07,URBANA,036_ZW Parque India Elena,10,MR76,False,Laboral,Jueves,342.931,-7.652.441,159,32996,"3,1"
2024-03-08,URBANA,036_ZW Parque India Elena,10,MR76,False,Laboral,Viernes,342.931,-7.652.441,148,27565,"2,5999999999999996"
2024-03-09,URBANA,036_ZW Parque India Elena,10,MR76,False,Fin de Semana,Sábado,342.931,-7.652.441,191,384837,"38,900000000000006"
2024-03-10,URBANA,036_ZW Parque India Elena,10,MR76,False,Fin de Semana,Domingo,342.931,-7.652.441,174,53392,"5,6"
2024-03-11,URBANA,036_ZW Parque India Elena,10,MR76,False,Laboral,Lunes,342.931,-7.652.441,178,21031,"2,2"
2024-03-12,URBANA,036_ZW Parque India Elena,10,MR76,False,Laboral,Martes,342.931,-7.652.441,149,175177,"19,8"
2024-03-13,URBANA,036_ZW Parque India Elena,10,MR76,False,Laboral,Miércoles,342.931,-7.652.441,132,64083,"8,700000000000001"
2024-03-14,URBANA,036_ZW Parque India Elena,10,MR76,False,Laboral,Jueves,342.931,-7.652.441,167,40796,"4,2"
2024-03-15,URBANA,036_ZW Parque India Elena,10,MR76,False,Laboral,Viernes,342.931,-7.652.441,186,43166,"3,3"
2024-03-16,URBANA,036_ZW Parque India Elena,10,MR76,False,Fin de Semana,Sábado,342.931,-7.652.441,167,18054,"1,6"
2024-03-17,URBANA,036_ZW Parque India Elena,10,MR76,False,Fin de Semana,Domingo,342.931,-7.652.441,212,1244261,"96,10000000000001"
2024-03-18,URBANA,036_ZW Parque India Elena,10,MR76,False,Laboral,Lunes,342.931,-7.652.441,125,10576484,"880,9"
2024-03-19,URBANA,036_ZW Parque India Elena,10,MR76,False,Laboral,Martes,342.931,-7.652.441,127,3560800,"472,5"
2024-03-20,URBANA,036_ZW Parque India Elena,10,MR76,False,Laboral,Miércoles,342.931,-7.652.441,138,2338180,"356,7"
2024-03-21,URBANA,036_ZW Parque India Elena,10,MR76,False,Laboral,Jueves,342.931,-7.652.441,135,1835539,"210,2"
2024-03-22,URBANA,036_ZW Parque India Elena,10,MR76,False,Laboral,Viernes,342.931,-7.652.441,178,39348,"4,0"
2024-03-23,URBANA,036_ZW Parque India Elena,10,MR76,False,Fin de Semana,Sábado,342.931,-7.652.441,168,88023,"11,2"
2024-03-24,URBANA,036_ZW Parque India Elena,10,MR76,True,Festivo,Domingo,342.931,-7.652.441,195,22631,"2,4"
2024-03-25,URBANA,036_ZW Parque India Elena,10,MR76,True,Festivo,Lunes,342.931,-7.652.441,151,18195,"2,5999999999999996"
2024-03-26,URBANA,036_ZW Parque India Elena,10,MR76,False,Laboral,Martes,342.931,-7.652.441,145,49283,"6,300000000000001"
2024-03-27,URBANA,036_ZW Parque India Elena,10,MR76,False,Laboral,Miércoles,342.931,-7.652.441,168,32308,"4,0"
2024-03-28,URBANA,036_ZW Parque India Elena,10,MR76,True,Festivo,Jueves,342.931,-7.652.441,118,12469,"1,9"
2024-03-29,URBANA,036_ZW Parque India Elena,10,MR76,True,Festivo,Viernes,342.931,-7.652.441,130,23321,"2,4"
2024-03-30,URBANA,036_ZW Parque India Elena,10,MR76,False,Fin de Semana,Sábado,342.931,-7.652.441,151,22020,"3,5"
2024-03-31,URBANA,036_ZW Parque India Elena,10,MR76,True,Festivo,Domingo,342.931,-7.652.441,139,22775,"3,0"
2024-04-01,URBANA,036_ZW Parque India Elena,10,MR76,False,Laboral,Lunes,342.931,-7.652.441,153,13910,"1,2999999999999998"
2024-04-02,URBANA,036_ZW Parque India Elena,10,MR76,False,Laboral,Martes,342.931,-7.652.441,126,929167,"132,0"
2024-04-03,URBANA,036_ZW Parque India Elena,10,MR76,False,Laboral,Miércoles,342.931,-7.652.441,107,2749824,"305,2"
2024-04-04,URBANA,036_ZW Parque India Elena,10,MR76,False,Laboral,Jueves,342.931,-7.652.441,138,2953030,"256,9"
2024-04-05,URBANA,036_ZW Parque India Elena,10,MR76,False,Laboral,Viernes,342.931,-7.652.441,117,1531498,"136,3"
2024-04-06,URBANA,036_ZW Parque India Elena,10,MR76,False,Fin de Semana,Sábado,342.931,-7.652.441,183,13048396,"1084,2"
2024-04-07,URBANA,036_ZW Parque India Elena,10,MR76,False,Fin de Semana,Domingo,342.931,-7.652.441,186,11701326,"978,3"
2024-04-08,URBANA,036_ZW Parque India Elena,10,MR76,False,Laboral,Lunes,342.931,-7.652.441,163,1035427,"146,3"
2024-04-09,URBANA,036_ZW Parque India Elena,10,MR76,False,Laboral,Martes,342.931,-7.652.441,172,41120,"5,4"
2024-04-10,URBANA,036_ZW Parque India Elena,10,MR76,False,Laboral,Miércoles,342.931,-7.652.441,156,105177,"24,700000000000003"
2024-04-11,URBANA,036_ZW Parque India Elena,10,MR76,False,Laboral,Jueves,342.931,-7.652.441,156,23277,"5,3"
2024-04-12,URBANA,036_ZW Parque India Elena,10,MR76,False,Laboral,Viernes,342.931,-7.652.441,183,20355,"3,0"
2024-04-13,URBANA,036_ZW Parque India Elena,10,MR76,False,Fin de Semana,Sábado,342.931,-7.652.441,167,25612,"3,0"
2024-04-14,URBANA,036_ZW Parque India Elena,10,MR76,False,Fin de Semana,Domingo,342.931,-7.652.441,166,26027,"3,8"
2024-04-15,URBANA,036_ZW Parque India Elena,10,MR76,False,Laboral,Lunes,342.931,-7.652.441,156,138812,"34,7"
2024-04-16,URBANA,036_ZW Parque India Elena,10,MR76,False,Laboral,Martes,342.931,-7.652.441,139,16419,"3,9"
2024-04-17,URBANA,036_ZW Parque India Elena,10,MR76,False,Laboral,Miércoles,342.931,-7.652.441,148,9261,"2,5"
2024-04-18,URBANA,036_ZW Parque India Elena,10,MR76,False,Laboral,Jueves,342.931,-7.652.441,114,13570,"4,699999999999999"
2024-04-19,URBANA,036_ZW Parque India Elena,10,MR76,False,Laboral,Viernes,342.931,-7.652.441,130,10705,"2,5999999999999996"
2024-04-20,URBANA,036_ZW Parque India Elena,10,MR76,False,Fin de Semana,Sábado,342.931,-7.652.441,193,29615,"3,8"
2024-04-21,URBANA,036_ZW Parque India Elena,10,MR76,False,Fin de Semana,Domingo,342.931,-7.652.441,139,5142049,"830,9"
2024-04-22,URBANA,036_ZW Parque India Elena,10,MR76,False,Laboral,Lunes,342.931,-7.652.441,99,1803584,"387,79999999999995"
2024-04-23,URBANA,036_ZW Parque India Elena,10,MR76,False,Laboral,Martes,342.931,-7.652.441,165,3394084,"184,8"
2024-04-24,URBANA,036_ZW Parque India Elena,10,MR76,False,Laboral,Miércoles,342.931,-7.652.441,122,5583218,"304,0"
2024-04-25,URBANA,036_ZW Parque India Elena,10,MR76,False,Laboral,Jueves,342.931,-7.652.441,151,2440870,"205,7"
2024-04-26,URBANA,036_ZW Parque India Elena,10,MR76,False,Laboral,Viernes,342.931,-7.652.441,137,41719,"4,1"
2024-04-27,URBANA,036_ZW Parque India Elena,10,MR76,False,Fin de Semana,Sábado,342.931,-7.652.441,149,23267,"1,9000000000000001"
2024-04-28,URBANA,036_ZW Parque India Elena,10,MR76,False,Fin de Semana,Domingo,342.931,-7.652.441,107,25530,"3,4"
2024-04-29,URBANA,036_ZW Parque India Elena,10,MR76,False,Laboral,Lunes,342.931,-7.652.441,151,23901,"3,0"
2024-04-30,URBANA,036_ZW Parque India Elena,10,MR76,False,Laboral,Martes,342.931,-7.652.441,147,13592,"2,2"
2024-05-01,URBANA,036_ZW Parque India Elena,10,MR76,True,Festivo,Miércoles,342.931,-7.652.441,156,32219,"6,1"
2024-05-02,URBANA,036_ZW Parque India Elena,10,MR76,False,Laboral,Jueves,342.931,-7.652.441,135,25084,"4,9"
2024-05-03,URBANA,036_ZW Parque India Elena,10,MR76,False,Laboral,Viernes,342.931,-7.652.441,104,12992,"2,9000000000000004"
2024-05-04,URBANA,036_ZW Parque India Elena,10,MR76,False,Fin de Semana,Sábado,342.931,-7.652.441,155,27046,"3,8"
2024-05-05,URBANA,036_ZW Parque India Elena,10,MR76,False,Fin de Semana,Domingo,342.931,-7.652.441,159,81782,"13,3"
2024-05-06,URBANA,036_ZW Parque India Elena,10,MR76,False,Laboral,Lunes,342.931,-7.652.441,115,12053,"2,5"
2024-05-07,URBANA,036_ZW Parque India Elena,10,MR76,False,Laboral,Martes,342.931,-7.652.441,108,10190,"1,7"
2024-05-08,URBANA,036_ZW Parque India Elena,10,MR76,False,Laboral,Miércoles,342.931,-7.652.441,119,15795,"2,0"
2024-05-09,URBANA,036_ZW Parque India Elena,10,MR76,False,Laboral,Jueves,342.931,-7.652.441,101,11926,"1,4000000000000001"
2024-05-10,URBANA,036_ZW Parque India Elena,10,MR76,False,Laboral,Viernes,342.931,-7.652.441,139,23874,"3,0"
2024-05-11,URBANA,036_ZW Parque India Elena,10,MR76,False,Fin de Semana,Sábado,342.931,-7.652.441,137,20229,"2,7"
2024-05-12,URBANA,036_ZW Parque India Elena,10,MR76,False,Fin de Semana,Domingo,342.931,-7.652.441,200,28806,"6,9"
2024-05-13,URBANA,036_ZW Parque India Elena,10,MR76,True,Festivo,Lunes,342.931,-7.652.441,142,44361,"7,9"
2024-05-14,URBANA,036_ZW Parque India Elena,10,MR76,False,Laboral,Martes,342.931,-7.652.441,122,13773,"6,4"
2024-05-15,URBANA,036_ZW Parque India Elena,10,MR76,False,Laboral,Miércoles,342.931,-7.652.441,131,245972,"39,8"
2024-05-16,URBANA,036_ZW Parque India Elena,10,MR76,False,Laboral,Jueves,342.931,-7.652.441,151,21525,"2,7"
2024-05-17,URBANA,036_ZW Parque India Elena,10,MR76,False,Laboral,Viernes,342.931,-7.652.441,136,12594,"1,3"
2024-05-18,URBANA,036_ZW Parque India Elena,10,MR76,False,Fin de Semana,Sábado,342.931,-7.652.441,206,47380,"4,3"
2024-05-19,URBANA,036_ZW Parque India Elena,10,MR76,False,Fin de Semana,Domingo,342.931,-7.652.441,160,24280,"2,0"
2024-05-20,URBANA,036_ZW Parque India Elena,10,MR76,False,Laboral,Lunes,342.931,-7.652.441,144,23366,"3,3"
2024-05-21,URBANA,036_ZW Parque India Elena,10,MR76,False,Laboral,Martes,342.931,-7.652.441,131,16690,"2,2"
2024-05-22,URBANA,036_ZW Parque India Elena,10,MR76,False,Laboral,Miércoles,342.931,-7.652.441,111,8093,"3,2"
2024-05-23,URBANA,036_ZW Parque India Elena,10,MR76,False,Laboral,Jueves,342.931,-7.652.441,126,14828,"2,8"
2024-05-24,URBANA,036_ZW Parque India Elena,10,MR76,False,Laboral,Viernes,342.931,-7.652.441,147,15215,"3,3"
2024-05-25,URBANA,036_ZW Parque India Elena,10,MR76,False,Fin de Semana,Sábado,342.931,-7.652.441,161,27607,"3,9000000000000004"
2024-05-26,URBANA,036_ZW Parque India Elena,10,MR76,False,Fin de Semana,Domingo,342.931,-7.652.441,149,38676,"5,6"
2024-05-27,URBANA,036_ZW Parque India Elena,10,MR76,False,Laboral,Lunes,342.931,-7.652.441,106,11417,"1,3"
2024-05-28,URBANA,036_ZW Parque India Elena,10,MR76,False,Laboral,Martes,342.931,-7.652.441,136,14208,"1,9"
2024-05-29,URBANA,036_ZW Parque India Elena,10,MR76,False,Laboral,Miércoles,342.931,-7.652.441,109,14509,"2,9"
2024-05-30,URBANA,036_ZW Parque India Elena,10,MR76,False,Laboral,Jueves,342.931,-7.652.441,138,27193,"2,3"
2024-05-31,URBANA,036_ZW Parque India Elena,10,MR76,False,Laboral,Viernes,342.931,-7.652.441,139,23106,"2,5"
2024-06-01,URBANA,036_ZW Parque India Elena,10,MR76,False,Fin de Semana,Sábado,342.931,-7.652.441,161,23588,"2,3"
2024-06-02,URBANA,036_ZW Parque India Elena,10,MR76,False,Fin de Semana,Domingo,342.931,-7.652.441,161,42568,"4,4"
2024-06-03,URBANA,036_ZW Parque India Elena,10,MR76,True,Festivo,Lunes,342.931,-7.652.441,151,44699,"6,5"
2024-06-04,URBANA,036_ZW Parque India Elena,10,MR76,False,Laboral,Martes,342.931,-7.652.441,121,20019,"4,4"
2024-06-05,URBANA,036_ZW Parque India Elena,10,MR76,False,Laboral,Miércoles,342.931,-7.652.441,145,12052,"4,2"
2024-06-06,URBANA,036_ZW Parque India Elena,10,MR76,False,Laboral,Jueves,342.931,-7.652.441,151,16506,"2,7"
2024-06-07,URBANA,036_ZW Parque India Elena,10,MR76,False,Laboral,Viernes,342.931,-7.652.441,158,22902,"4,800000000000001"
2024-06-08,URBANA,036_ZW Parque India Elena,10,MR76,False,Fin de Semana,Sábado,342.931,-7.652.441,138,11084,"3,5"
2024-06-09,URBANA,036_ZW Parque India Elena,10,MR76,False,Fin de Semana,Domingo,342.931,-7.652.441,176,49129,"16,799999999999997"
2024-06-10,URBANA,036_ZW Parque India Elena,10,MR76,True,Festivo,Lunes,342.931,-7.652.441,119,15716,"2,8"
2024-06-11,URBANA,036_ZW Parque India Elena,10,MR76,False,Laboral,Martes,342.931,-7.652.441,194,39585,"6,4"
2024-06-12,URBANA,036_ZW Parque India Elena,10,MR76,False,Laboral,Miércoles,342.931,-7.652.441,164,24898,"3,4"
2024-06-13,URBANA,036_ZW Parque India Elena,10,MR76,False,Laboral,Jueves,342.931,-7.652.441,158,24170,"470564200,0"
2024-06-14,URBANA,036_ZW Parque India Elena,10,MR76,False,Laboral,Viernes,342.931,-7.652.441,134,12767,"383725200,0"
2024-06-15,URBANA,036_ZW Parque India Elena,10,MR76,False,Fin de Semana,Sábado,342.931,-7.652.441,143,43431,"554827600,0"
2024-06-16,URBANA,036_ZW Parque India Elena,10,MR76,False,Fin de Semana,Domingo,342.931,-7.652.441,178,27457,"492356200,0"
2024-06-17,URBANA,036_ZW Parque India Elena,10,MR76,False,Laboral,Lunes,342.931,-7.652.441,155,21672,"3,5"
2024-06-18,URBANA,036_ZW Parque India Elena,10,MR76,False,Laboral,Martes,342.931,-7.652.441,149,20351,"3,2"
2024-06-19,URBANA,036_ZW Parque India Elena,10,MR76,False,Laboral,Miércoles,342.931,-7.652.441,122,15728,"2,2"
2024-06-20,URBANA,036_ZW Parque India Elena,10,MR76,False,Laboral,Jueves,342.931,-7.652.441,204,21091,"4,2"
2024-06-21,URBANA,036_ZW Parque India Elena,10,MR76,False,Laboral,Viernes,342.931,-7.652.441,126,1182981,"203,2"
2024-06-22,URBANA,036_ZW Parque India Elena,10,MR76,False,Fin de Semana,Sábado,342.931,-7.652.441,233,1330173,"251,7"
2024-06-23,URBANA,036_ZW Parque India Elena,10,MR76,False,Fin de Semana,Domingo,342.931,-7.652.441,160,2428769,"953,3"
2024-06-24,URBANA,036_ZW Parque India Elena,10,MR76,False,Laboral,Lunes,342.931,-7.652.441,180,4879590,"934,5"
2024-06-25,URBANA,036_ZW Parque India Elena,10,MR76,False,Laboral,Martes,342.931,-7.652.441,207,1325564,"328,4"
2024-06-26,URBANA,036_ZW Parque India Elena,10,MR76,False,Laboral,Miércoles,342.931,-7.652.441,191,18430,"4,7"
2024-06-27,URBANA,036_ZW Parque India Elena,10,MR76,False,Laboral,Jueves,342.931,-7.652.441,177,13710,"4,1"
2024-06-28,URBANA,036_ZW Parque India Elena,10,MR76,False,Laboral,Viernes,342.931,-7.652.441,203,33724,"5,8"
2024-06-29,URBANA,036_ZW Parque India Elena,10,MR76,False,Fin de Semana,Sábado,342.931,-7.652.441,249,22937,"3,9"
2024-06-30,URBANA,036_ZW Parque India Elena,10,MR76,False,Fin de Semana,Domingo,342.931,-7.652.441,164,37641,"8,0"
2024-07-01,URBANA,036_ZW Parque India Elena,10,MR76,True,Festivo,Lunes,342.931,-7.652.441,171,23126,"3,2199999999999998"
2024-07-02,URBANA,036_ZW Parque India Elena,10,MR76,False,Laboral,Martes,342.931,-7.652.441,183,363141,"39,11"
2024-07-03,URBANA,036_ZW Parque India Elena,10,MR76,False,Laboral,Miércoles,342.931,-7.652.441,158,12873,"1,53"
2024-07-04,URBANA,036_ZW Parque India Elena,10,MR76,False,Laboral,Jueves,342.931,-7.652.441,160,8219,"1,04"
2024-07-05,URBANA,036_ZW Parque India Elena,10,MR76,False,Laboral,Viernes,342.931,-7.652.441,165,9470,"1,1099999999999999"
2024-07-06,URBANA,036_ZW Parque India Elena,10,MR76,False,Fin de Semana,Sábado,342.931,-7.652.441,209,29828,"3,54"
2024-07-07,URBANA,036_ZW Parque India Elena,10,MR76,False,Fin de Semana,Domingo,342.931,-7.652.441,262,10027274,"1136,56"
2024-07-08,URBANA,036_ZW Parque India Elena,10,MR76,False,Laboral,Lunes,342.931,-7.652.441,185,1361392,"245,03"
2024-07-09,URBANA,036_ZW Parque India Elena,10,MR76,False,Laboral,Martes,342.931,-7.652.441,177,1303494,"224,46"
2024-07-10,URBANA,036_ZW Parque India Elena,10,MR76,False,Laboral,Miércoles,342.931,-7.652.441,216,2905658,"420,77"
2024-07-11,URBANA,036_ZW Parque India Elena,10,MR76,False,Laboral,Jueves,342.931,-7.652.441,211,1472557,"199,56"
2024-07-12,URBANA,036_ZW Parque India Elena,10,MR76,False,Laboral,Viernes,342.931,-7.652.441,217,2115079,"333,52"
2024-07-13,URBANA,036_ZW Parque India Elena,10,MR76,False,Fin de Semana,Sábado,342.931,-7.652.441,275,44780,"6,359999999999999"
2024-07-14,URBANA,036_ZW Parque India Elena,10,MR76,False,Fin de Semana,Domingo,342.931,-7.652.441,264,56842,"8,94"
2024-07-15,URBANA,036_ZW Parque India Elena,10,MR76,False,Laboral,Lunes,342.931,-7.652.441,211,15221,"2,73"
2024-07-16,URBANA,036_ZW Parque India Elena,10,MR76,False,Laboral,Martes,342.931,-7.652.441,208,47018,"7,48"
2024-07-17,URBANA,036_ZW Parque India Elena,10,MR76,False,Laboral,Miércoles,342.931,-7.652.441,181,24103,"5,32"
2024-07-18,URBANA,036_ZW Parque India Elena,10,MR76,False,Laboral,Jueves,342.931,-7.652.441,198,27578,"4,63"
2024-07-19,URBANA,036_ZW Parque India Elena,10,MR76,False,Laboral,Viernes,342.931,-7.652.441,219,18630,"2,5999999999999996"
2024-07-20,URBANA,036_ZW Parque India Elena,10,MR76,True,Festivo,Sábado,342.931,-7.652.441,196,32288,"4,15"
2024-07-21,URBANA,036_ZW Parque India Elena,10,MR76,False,Fin de Semana,Domingo,342.931,-7.652.441,247,163012,"24,9"
2024-07-22,URBANA,036_ZW Parque India Elena,10,MR76,False,Laboral,Lunes,342.931,-7.652.441,198,17770,"2,55"
2024-07-23,URBANA,036_ZW Parque India Elena,10,MR76,False,Laboral,Martes,342.931,-7.652.441,179,19293,"2,7800000000000002"
2024-07-24,URBANA,036_ZW Parque India Elena,10,MR76,False,Laboral,Miércoles,342.931,-7.652.441,193,284502,"45,01"
2024-07-25,URBANA,036_ZW Parque India Elena,10,MR76,False,Laboral,Jueves,342.931,-7.652.441,196,22323,"3,5300000000000002"
2024-07-26,URBANA,036_ZW Parque India Elena,10,MR76,False,Laboral,Viernes,342.931,-7.652.441,224,19048,"2,51"
2024-07-27,URBANA,036_ZW Parque India Elena,10,MR76,False,Fin de Semana,Sábado,342.931,-7.652.441,202,33168,"5,67"
2024-07-28,URBANA,036_ZW Parque India Elena,10,MR76,False,Fin de Semana,Domingo,342.931,-7.652.441,208,38891,"8,23"
2024-07-29,URBANA,036_ZW Parque India Elena,10,MR76,False,Laboral,Lunes,342.931,-7.652.441,203,15752,"2,52"
2024-07-30,URBANA,036_ZW Parque India Elena,10,MR76,False,Laboral,Martes,342.931,-7.652.441,199,12363,"1,81"
2024-07-31,URBANA,036_ZW Parque India Elena,10,MR76,False,Laboral,Miércoles,342.931,-7.652.441,189,11000,"1,83"
2024-08-01,URBANA,036_ZW Parque India Elena,10,MR76,False,Laboral,Jueves,342.931,-7.652.441,194,13722,"2,05"
2024-08-02,URBANA,036_ZW Parque India Elena,10,MR76,False,Laboral,Viernes,342.931,-7.652.441,211,18979,"3,16"
2024-08-03,URBANA,036_ZW Parque India Elena,10,MR76,False,Fin de Semana,Sábado,342.931,-7.652.441,203,47689,"9,71"
2024-08-04,URBANA,036_ZW Parque India Elena,10,MR76,False,Fin de Semana,Domingo,342.931,-7.652.441,222,18654,"2,97"
2024-08-05,URBANA,036_ZW Parque India Elena,10,MR76,False,Laboral,Lunes,342.931,-7.652.441,170,13491,"1,9499999999999997"
2024-08-06,URBANA,036_ZW Parque India Elena,10,MR76,False,Laboral,Martes,342.931,-7.652.441,167,17856,"1,72"
2024-08-07,URBANA,036_ZW Parque India Elena,10,MR76,True,Festivo,Miércoles,342.931,-7.652.441,212,32510,"3,86"
2024-08-08,URBANA,036_ZW Parque India Elena,10,MR76,False,Laboral,Jueves,342.931,-7.652.441,206,20244,"2,54"
2024-08-09,URBANA,036_ZW Parque India Elena,10,MR76,False,Laboral,Viernes,342.931,-7.652.441,206,16379,"3,02"
2024-08-10,URBANA,036_ZW Parque India Elena,10,MR76,False,Fin de Semana,Sábado,342.931,-7.652.441,247,32749,"6,2"
2024-08-11,URBANA,036_ZW Parque India Elena,10,MR76,False,Fin de Semana,Domingo,342.931,-7.652.441,223,26878,"4,67"
2024-08-12,URBANA,036_ZW Parque India Elena,10,MR76,False,Laboral,Lunes,342.931,-7.652.441,162,13425,"2,88"
2024-08-13,URBANA,036_ZW Parque India Elena,10,MR76,False,Laboral,Martes,342.931,-7.652.441,194,13074,"1,48"
2024-08-14,URBANA,036_ZW Parque India Elena,10,MR76,False,Laboral,Miércoles,342.931,-7.652.441,218,26585,"3,5300000000000002"
2024-08-15,URBANA,036_ZW Parque India Elena,10,MR76,False,Laboral,Jueves,342.931,-7.652.441,214,22781,"3,42"
2024-08-16,URBANA,036_ZW Parque India Elena,10,MR76,False,Laboral,Viernes,342.931,-7.652.441,202,57900,"7,890000000000001"
2024-08-17,URBANA,036_ZW Parque India Elena,10,MR76,False,Fin de Semana,Sábado,342.931,-7.652.441,238,41624,"6,04"
2024-08-18,URBANA,036_ZW Parque India Elena,10,MR76,False,Fin de Semana,Domingo,342.931,-7.652.441,231,38691,"5,85"
2024-08-19,URBANA,036_ZW Parque India Elena,10,MR76,True,Festivo,Lunes,342.931,-7.652.441,193,27227,"3,73"
2024-08-20,URBANA,036_ZW Parque India Elena,10,MR76,False,Laboral,Martes,342.931,-7.652.441,229,17554,"4,34"
2024-08-21,URBANA,036_ZW Parque India Elena,10,MR76,False,Laboral,Miércoles,342.931,-7.652.441,188,11460,"3,34"
2024-08-22,URBANA,036_ZW Parque India Elena,10,MR76,False,Laboral,Jueves,342.931,-7.652.441,218,14221,"3,79"
2024-08-23,URBANA,036_ZW Parque India Elena,10,MR76,False,Laboral,Viernes,342.931,-7.652.441,212,14081,"5,74"
2024-08-24,URBANA,036_ZW Parque India Elena,10,MR76,False,Fin de Semana,Sábado,342.931,-7.652.441,218,16087,"10,9"
2024-08-25,URBANA,036_ZW Parque India Elena,10,MR76,False,Fin de Semana,Domingo,342.931,-7.652.441,205,20834,"19,939999999999998"
2024-08-26,URBANA,036_ZW Parque India Elena,10,MR76,False,Laboral,Lunes,342.931,-7.652.441,215,19572,"26,15"
2024-08-27,URBANA,036_ZW Parque India Elena,10,MR76,False,Laboral,Martes,342.931,-7.652.441,208,11305,"12,129999999999999"
2024-08-28,URBANA,036_ZW Parque India Elena,10,MR76,False,Laboral,Miércoles,342.931,-7.652.441,213,22522,"39,959999999999994"
2024-08-29,URBANA,036_ZW Parque India Elena,10,MR76,False,Laboral,Jueves,342.931,-7.652.441,229,18447,"52,699999999999996"
2024-08-30,URBANA,036_ZW Parque India Elena,10,MR76,False,Laboral,Viernes,342.931,-7.652.441,219,13313,"32,07"
2024-08-31,URBANA,036_ZW Parque India Elena,10,MR76,False,Fin de Semana,Sábado,342.931,-7.652.441,259,26129,"37,3"
2024-09-01,URBANA,036_ZW Parque India Elena,10,MR76,False,Fin de Semana,Domingo,342.931,-7.652.441,238,32422,"75,03999999999999"
2024-09-02,URBANA,036_ZW Parque India Elena,10,MR76,False,Laboral,Lunes,342.931,-7.652.441,203,18495,"36,47"
2024-09-03,URBANA,036_ZW Parque India Elena,10,MR76,False,Laboral,Martes,342.931,-7.652.441,195,9590,"52,55"
2024-09-04,URBANA,036_ZW Parque India Elena,10,MR76,False,Laboral,Miércoles,342.931,-7.652.441,75,1903,"260,99"
2024-11-09,URBANA,036_ZW Parque India Elena,10,MR76,False,Fin de Semana,Sábado,342.931,-7.652.441,167,4358271,"261,74"
2024-11-10,URBANA,036_ZW Parque India Elena,10,MR76,False,Fin de Semana,Domingo,342.931,-7.652.441,190,3137605,"161,97"
2024-11-11,URBANA,036_ZW Parque India Elena,10,MR76,True,Festivo,Lunes,342.931,-7.652.441,151,6198746,"352,96000000000004"
2024-11-12,URBANA,036_ZW Parque India Elena,10,MR76,False,Laboral,Martes,342.931,-7.652.441,170,6832876,"357,46"
2024-11-13,URBANA,036_ZW Parque India Elena,10,MR76,False,Laboral,Miércoles,342.931,-7.652.441,184,4916022,"303,43"
2024-11-14,URBANA,036_ZW Parque India Elena,10,MR76,False,Laboral,Jueves,342.931,-7.652.441,186,10665924,"555,5999999999999"
2024-11-15,URBANA,036_ZW Parque India Elena,10,MR76,False,Laboral,Viernes,342.931,-7.652.441,198,8249088,"452,84000000000003"
2024-11-16,URBANA,036_ZW Parque India Elena,10,MR76,False,Fin de Semana,Sábado,342.931,-7.652.441,214,5025675,"272,94"
2024-11-17,URBANA,036_ZW Parque India Elena,10,MR76,False,Fin de Semana,Domingo,342.931,-7.652.441,191,3520104,"204,91"
2024-11-18,URBANA,036_ZW Parque India Elena,10,MR76,False,Laboral,Lunes,342.931,-7.652.441,156,2826687,"175,85"
2024-11-19,URBANA,036_ZW Parque India Elena,10,MR76,False,Laboral,Martes,342.931,-7.652.441,146,478447,"29,95"
2024-11-20,URBANA,036_ZW Parque India Elena,10,MR76,False,Laboral,Miércoles,342.931,-7.652.441,153,5297677,"277,62"
2024-11-21,URBANA,036_ZW Parque India Elena,10,MR76,False,Laboral,Jueves,342.931,-7.652.441,170,1661966,"92,04"
2024-11-22,URBANA,036_ZW Parque India Elena,10,MR76,False,Laboral,Viernes,342.931,-7.652.441,183,1938366,"96,02000000000001"
2024-11-23,URBANA,036_ZW Parque India Elena,10,MR76,False,Fin de Semana,Sábado,342.931,-7.652.441,211,6779813,"353,78"
2024-11-24,URBANA,036_ZW Parque India Elena,10,MR76,False,Fin de Semana,Domingo,342.931,-7.652.441,225,3017841,"407,61"
2024-11-25,URBANA,036_ZW Parque India Elena,10,MR76,False,Laboral,Lunes,342.931,-7.652.441,62,1747567,"424,91999999999996"
2024-11-26,URBANA,036_ZW Parque India Elena,10,MR76,False,Laboral,Martes,342.931,-7.652.441,88,3163264,"401,67"
2024-11-27,URBANA,036_ZW Parque India Elena,10,MR76,False,Laboral,Miércoles,342.931,-7.652.441,189,3233336,"166,49"
2024-11-28,URBANA,036_ZW Parque India Elena,10,MR76,False,Laboral,Jueves,342.931,-7.652.441,197,5783194,"274,65999999999997"
2024-11-29,URBANA,036_ZW Parque India Elena,10,MR76,False,Laboral,Viernes,342.931,-7.652.441,212,11336806,"510,11"
2024-11-30,URBANA,036_ZW Parque India Elena,10,MR76,False,Fin de Semana,Sábado,342.931,-7.652.441,237,14414624,"632,42"
2024-12-01,URBANA,036_ZW Parque India Elena,10,MR76,False,Fin de Semana,Domingo,342.931,-7.652.441,237,9315530,"385,47"
2024-12-02,URBANA,036_ZW Parque India Elena,10,MR76,False,Laboral,Lunes,342.931,-7.652.441,195,4379318,"209,88"
2024-12-03,URBANA,036_ZW Parque India Elena,10,MR76,False,Laboral,Martes,342.931,-7.652.441,161,8218768,"440,2"
