﻿FECHA.CONEXION,AREA,NOMBRE.ZONA,COMUNA,MODEL,es_festivo,tipo_dia,dia_semana,LATITUD,LONGITUD,NUMERO.CONEXIONES,USAGE.KB,PORCENTAJE.USO
2024-01-01,URBANA,006_ZW Parque Vallado,15,MR76,True,Festivo,Lunes,3.4069,-7.650.234,110,38318,"4,4"
2024-01-02,URBANA,006_ZW Parque Vallado,15,MR76,False,Laboral,Martes,3.4069,-7.650.234,73,14047,"1,7"
2024-01-03,URBANA,006_ZW Parque Vallado,15,MR76,False,Laboral,Miércoles,3.4069,-7.650.234,66,239653,"19,8"
2024-01-04,URBANA,006_ZW Parque Vallado,15,MR76,False,Laboral,Jueves,3.4069,-7.650.234,67,14957,"1,4"
2024-01-05,URBANA,006_ZW Parque Vallado,15,MR76,False,Laboral,Viernes,3.4069,-7.650.234,64,21494,"2,0"
2024-01-06,URBANA,006_ZW Parque Vallado,15,MR76,False,Fin de Semana,Sábado,3.4069,-7.650.234,91,1231726,"160,6"
2024-01-07,URBANA,006_ZW Parque Vallado,15,MR76,False,Fin de Semana,Domingo,3.4069,-7.650.234,86,6241864,"621,9"
2024-01-08,URBANA,006_ZW Parque Vallado,15,MR76,True,Festivo,Lunes,3.4069,-7.650.234,89,7769799,"492,8"
2024-01-09,URBANA,006_ZW Parque Vallado,15,MR76,False,Laboral,Martes,3.4069,-7.650.234,85,22198,"1,7"
2024-01-10,URBANA,006_ZW Parque Vallado,15,MR76,False,Laboral,Miércoles,3.4069,-7.650.234,74,8452,"0,7"
2024-01-11,URBANA,006_ZW Parque Vallado,15,MR76,False,Laboral,Jueves,3.4069,-7.650.234,73,5690,"0,5"
2024-01-12,URBANA,006_ZW Parque Vallado,15,MR76,False,Laboral,Viernes,3.4069,-7.650.234,75,9471,"0,8"
2024-01-13,URBANA,006_ZW Parque Vallado,15,MR76,False,Fin de Semana,Sábado,3.4069,-7.650.234,92,15318,"1,7"
2024-01-14,URBANA,006_ZW Parque Vallado,15,MR76,False,Fin de Semana,Domingo,3.4069,-7.650.234,104,35531,"4,5"
2024-01-15,URBANA,006_ZW Parque Vallado,15,MR76,False,Laboral,Lunes,3.4069,-7.650.234,94,15559,"2,2"
2024-01-16,URBANA,006_ZW Parque Vallado,15,MR76,False,Laboral,Martes,3.4069,-7.650.234,90,40819,"4,8"
2024-01-17,URBANA,006_ZW Parque Vallado,15,MR76,False,Laboral,Miércoles,3.4069,-7.650.234,99,18536,"1,9"
2024-01-18,URBANA,006_ZW Parque Vallado,15,MR76,False,Laboral,Jueves,3.4069,-7.650.234,83,19045,"1,6"
2024-01-19,URBANA,006_ZW Parque Vallado,15,MR76,False,Laboral,Viernes,3.4069,-7.650.234,87,31190,"2,0"
2024-01-20,URBANA,006_ZW Parque Vallado,15,MR76,False,Fin de Semana,Sábado,3.4069,-7.650.234,96,19959,"1,5"
2024-01-21,URBANA,006_ZW Parque Vallado,15,MR76,False,Fin de Semana,Domingo,3.4069,-7.650.234,105,49215,"3,8"
2024-01-22,URBANA,006_ZW Parque Vallado,15,MR76,False,Laboral,Lunes,3.4069,-7.650.234,110,27913,"2,7"
2024-01-23,URBANA,006_ZW Parque Vallado,15,MR76,False,Laboral,Martes,3.4069,-7.650.234,71,781843,"72,4"
2024-01-24,URBANA,006_ZW Parque Vallado,15,MR76,False,Laboral,Miércoles,3.4069,-7.650.234,59,2566083,"205,2"
2024-01-25,URBANA,006_ZW Parque Vallado,15,MR76,False,Laboral,Jueves,3.4069,-7.650.234,87,251641,"16,8"
2024-01-26,URBANA,006_ZW Parque Vallado,15,MR76,False,Laboral,Viernes,3.4069,-7.650.234,92,18731,"1,4"
2024-01-27,URBANA,006_ZW Parque Vallado,15,MR76,False,Fin de Semana,Sábado,3.4069,-7.650.234,88,16971,"1,4"
2024-01-28,URBANA,006_ZW Parque Vallado,15,MR76,False,Fin de Semana,Domingo,3.4069,-7.650.234,82,13497,"1,3"
2024-01-29,URBANA,006_ZW Parque Vallado,15,MR76,False,Laboral,Lunes,3.4069,-7.650.234,99,18913,"1,6"
2024-01-30,URBANA,006_ZW Parque Vallado,15,MR76,False,Laboral,Martes,3.4069,-7.650.234,78,26817,"3,0"
2024-01-31,URBANA,006_ZW Parque Vallado,15,MR76,False,Laboral,Miércoles,3.4069,-7.650.234,71,15312,"1,5"
2024-02-01,URBANA,006_ZW Parque Vallado,15,MR76,False,Laboral,Jueves,3.4069,-7.650.234,103,21166,"1,5"
2024-02-02,URBANA,006_ZW Parque Vallado,15,MR76,False,Laboral,Viernes,3.4069,-7.650.234,40,6201,"0,6"
2024-02-03,URBANA,006_ZW Parque Vallado,15,MR76,False,Fin de Semana,Sábado,3.4069,-7.650.234,65,3763484,"212,1"
2024-02-04,URBANA,006_ZW Parque Vallado,15,MR76,False,Fin de Semana,Domingo,3.4069,-7.650.234,58,2273658,"142,2"
2024-02-05,URBANA,006_ZW Parque Vallado,15,MR76,False,Laboral,Lunes,3.4069,-7.650.234,72,5610,"0,4"
2024-02-06,URBANA,006_ZW Parque Vallado,15,MR76,False,Laboral,Martes,3.4069,-7.650.234,74,1320336,"88,4"
2024-02-07,URBANA,006_ZW Parque Vallado,15,MR76,False,Laboral,Miércoles,3.4069,-7.650.234,74,2436371,"147,6"
2024-02-08,URBANA,006_ZW Parque Vallado,15,MR76,False,Laboral,Jueves,3.4069,-7.650.234,88,3877311,"285,4"
2024-02-09,URBANA,006_ZW Parque Vallado,15,MR76,False,Laboral,Viernes,3.4069,-7.650.234,98,930606,"77,3"
2024-02-10,URBANA,006_ZW Parque Vallado,15,MR76,False,Fin de Semana,Sábado,3.4069,-7.650.234,92,29503,"1,8"
2024-02-11,URBANA,006_ZW Parque Vallado,15,MR76,False,Fin de Semana,Domingo,3.4069,-7.650.234,91,117406,"8,7"
2024-02-12,URBANA,006_ZW Parque Vallado,15,MR76,False,Laboral,Lunes,3.4069,-7.650.234,88,12977,"1,3"
2024-02-13,URBANA,006_ZW Parque Vallado,15,MR76,False,Laboral,Martes,3.4069,-7.650.234,96,18459,"2,1"
2024-02-14,URBANA,006_ZW Parque Vallado,15,MR76,False,Laboral,Miércoles,3.4069,-7.650.234,91,16364,"2,2"
2024-02-15,URBANA,006_ZW Parque Vallado,15,MR76,False,Laboral,Jueves,3.4069,-7.650.234,76,5161,"0,4"
2024-02-16,URBANA,006_ZW Parque Vallado,15,MR76,False,Laboral,Viernes,3.4069,-7.650.234,89,60628,"5,7"
2024-02-17,URBANA,006_ZW Parque Vallado,15,MR76,False,Fin de Semana,Sábado,3.4069,-7.650.234,89,42758,"4,0"
2024-02-18,URBANA,006_ZW Parque Vallado,15,MR76,False,Fin de Semana,Domingo,3.4069,-7.650.234,98,65923,"5,1"
2024-02-19,URBANA,006_ZW Parque Vallado,15,MR76,False,Laboral,Lunes,3.4069,-7.650.234,90,21499,"1,5"
2024-02-20,URBANA,006_ZW Parque Vallado,15,MR76,False,Laboral,Martes,3.4069,-7.650.234,80,19058,"1,6"
2024-02-21,URBANA,006_ZW Parque Vallado,15,MR76,False,Laboral,Miércoles,3.4069,-7.650.234,80,2251466,"195,2"
2024-02-22,URBANA,006_ZW Parque Vallado,15,MR76,False,Laboral,Jueves,3.4069,-7.650.234,114,4976239,"325,1"
2024-02-23,URBANA,006_ZW Parque Vallado,15,MR76,False,Laboral,Viernes,3.4069,-7.650.234,115,1218532,"85,6"
2024-02-24,URBANA,006_ZW Parque Vallado,15,MR76,False,Fin de Semana,Sábado,3.4069,-7.650.234,114,54838,"4,4"
2024-02-25,URBANA,006_ZW Parque Vallado,15,MR76,False,Fin de Semana,Domingo,3.4069,-7.650.234,90,39832,"2,3"
2024-02-26,URBANA,006_ZW Parque Vallado,15,MR76,False,Laboral,Lunes,3.4069,-7.650.234,116,26954,"2,4"
2024-02-27,URBANA,006_ZW Parque Vallado,15,MR76,False,Laboral,Martes,3.4069,-7.650.234,126,71480,"6,2"
2024-02-28,URBANA,006_ZW Parque Vallado,15,MR76,False,Laboral,Miércoles,3.4069,-7.650.234,89,31270,"1,8"
2024-02-29,URBANA,006_ZW Parque Vallado,15,MR76,False,Laboral,Jueves,3.4069,-7.650.234,113,11766,"1,5"
2024-03-01,URBANA,006_ZW Parque Vallado,15,MR76,False,Laboral,Viernes,3.4069,-7.650.234,88,3749209,"312,5"
2024-03-02,URBANA,006_ZW Parque Vallado,15,MR76,False,Fin de Semana,Sábado,3.4069,-7.650.234,75,503712,"48,9"
2024-03-03,URBANA,006_ZW Parque Vallado,15,MR76,False,Fin de Semana,Domingo,3.4069,-7.650.234,90,16390,"1,2"
2024-03-04,URBANA,006_ZW Parque Vallado,15,MR76,False,Laboral,Lunes,3.4069,-7.650.234,103,9319,"0,7"
2024-03-05,URBANA,006_ZW Parque Vallado,15,MR76,False,Laboral,Martes,3.4069,-7.650.234,115,17311,"1,3"
2024-03-06,URBANA,006_ZW Parque Vallado,15,MR76,False,Laboral,Miércoles,3.4069,-7.650.234,81,10202,"0,8"
2024-03-07,URBANA,006_ZW Parque Vallado,15,MR76,False,Laboral,Jueves,3.4069,-7.650.234,124,26952,"2,5"
2024-03-08,URBANA,006_ZW Parque Vallado,15,MR76,False,Laboral,Viernes,3.4069,-7.650.234,98,14425,"1,3"
2024-03-09,URBANA,006_ZW Parque Vallado,15,MR76,False,Fin de Semana,Sábado,3.4069,-7.650.234,105,23468,"2,4"
2024-03-10,URBANA,006_ZW Parque Vallado,15,MR76,False,Fin de Semana,Domingo,3.4069,-7.650.234,97,20679,"2,2"
2024-03-11,URBANA,006_ZW Parque Vallado,15,MR76,False,Laboral,Lunes,3.4069,-7.650.234,99,15324,"1,6"
2024-03-12,URBANA,006_ZW Parque Vallado,15,MR76,False,Laboral,Martes,3.4069,-7.650.234,108,27121,"3,1"
2024-03-13,URBANA,006_ZW Parque Vallado,15,MR76,False,Laboral,Miércoles,3.4069,-7.650.234,78,89497,"12,1"
2024-03-14,URBANA,006_ZW Parque Vallado,15,MR76,False,Laboral,Jueves,3.4069,-7.650.234,98,20657,"2,1"
2024-03-15,URBANA,006_ZW Parque Vallado,15,MR76,False,Laboral,Viernes,3.4069,-7.650.234,130,1228524,"94,3"
2024-03-16,URBANA,006_ZW Parque Vallado,15,MR76,False,Fin de Semana,Sábado,3.4069,-7.650.234,98,3709491,"328,0"
2024-03-17,URBANA,006_ZW Parque Vallado,15,MR76,False,Fin de Semana,Domingo,3.4069,-7.650.234,109,34590,"2,7"
2024-03-18,URBANA,006_ZW Parque Vallado,15,MR76,False,Laboral,Lunes,3.4069,-7.650.234,116,25944,"2,2"
2024-03-19,URBANA,006_ZW Parque Vallado,15,MR76,False,Laboral,Martes,3.4069,-7.650.234,99,17446,"2,3"
2024-03-20,URBANA,006_ZW Parque Vallado,15,MR76,False,Laboral,Miércoles,3.4069,-7.650.234,106,20746,"3,2"
2024-03-21,URBANA,006_ZW Parque Vallado,15,MR76,False,Laboral,Jueves,3.4069,-7.650.234,85,29301,"3,4"
2024-03-22,URBANA,006_ZW Parque Vallado,15,MR76,False,Laboral,Viernes,3.4069,-7.650.234,97,30063,"3,1"
2024-03-23,URBANA,006_ZW Parque Vallado,15,MR76,False,Fin de Semana,Sábado,3.4069,-7.650.234,94,1794993,"230,1"
2024-03-24,URBANA,006_ZW Parque Vallado,15,MR76,True,Festivo,Domingo,3.4069,-7.650.234,100,2634264,"289,6"
2024-03-25,URBANA,006_ZW Parque Vallado,15,MR76,True,Festivo,Lunes,3.4069,-7.650.234,96,20040,"2,9"
2024-03-26,URBANA,006_ZW Parque Vallado,15,MR76,False,Laboral,Martes,3.4069,-7.650.234,105,22847,"2,9"
2024-03-27,URBANA,006_ZW Parque Vallado,15,MR76,False,Laboral,Miércoles,3.4069,-7.650.234,91,24059,"3,0"
2024-03-28,URBANA,006_ZW Parque Vallado,15,MR76,True,Festivo,Jueves,3.4069,-7.650.234,82,6758,"1,1"
2024-03-29,URBANA,006_ZW Parque Vallado,15,MR76,True,Festivo,Viernes,3.4069,-7.650.234,47,478395,"48,3"
2024-03-30,URBANA,006_ZW Parque Vallado,15,MR76,False,Fin de Semana,Sábado,3.4069,-7.650.234,92,7920800,"1270,1"
2024-03-31,URBANA,006_ZW Parque Vallado,15,MR76,True,Festivo,Domingo,3.4069,-7.650.234,89,2815220,"369,6"
2024-04-01,URBANA,006_ZW Parque Vallado,15,MR76,False,Laboral,Lunes,3.4069,-7.650.234,89,17315,"1,7"
2024-04-02,URBANA,006_ZW Parque Vallado,15,MR76,False,Laboral,Martes,3.4069,-7.650.234,56,551632,"78,4"
2024-04-03,URBANA,006_ZW Parque Vallado,15,MR76,False,Laboral,Miércoles,3.4069,-7.650.234,88,2664336,"295,7"
2024-04-04,URBANA,006_ZW Parque Vallado,15,MR76,False,Laboral,Jueves,3.4069,-7.650.234,98,3265380,"284,0"
2024-04-05,URBANA,006_ZW Parque Vallado,15,MR76,False,Laboral,Viernes,3.4069,-7.650.234,114,17476,"1,6"
2024-04-06,URBANA,006_ZW Parque Vallado,15,MR76,False,Fin de Semana,Sábado,3.4069,-7.650.234,99,7872075,"654,1"
2024-04-07,URBANA,006_ZW Parque Vallado,15,MR76,False,Fin de Semana,Domingo,3.4069,-7.650.234,88,5897827,"493,1"
2024-04-08,URBANA,006_ZW Parque Vallado,15,MR76,False,Laboral,Lunes,3.4069,-7.650.234,107,16236,"2,3"
2024-04-09,URBANA,006_ZW Parque Vallado,15,MR76,False,Laboral,Martes,3.4069,-7.650.234,95,4912351,"642,0"
2024-04-10,URBANA,006_ZW Parque Vallado,15,MR76,False,Laboral,Miércoles,3.4069,-7.650.234,90,1875705,"441,3"
2024-04-11,URBANA,006_ZW Parque Vallado,15,MR76,False,Laboral,Jueves,3.4069,-7.650.234,110,25094,"5,7"
2024-04-12,URBANA,006_ZW Parque Vallado,15,MR76,False,Laboral,Viernes,3.4069,-7.650.234,203,2152833,"317,1"
2024-04-13,URBANA,006_ZW Parque Vallado,15,MR76,False,Fin de Semana,Sábado,3.4069,-7.650.234,205,78368,"9,2"
2024-04-14,URBANA,006_ZW Parque Vallado,15,MR76,False,Fin de Semana,Domingo,3.4069,-7.650.234,190,29084,"4,2"
2024-04-15,URBANA,006_ZW Parque Vallado,15,MR76,False,Laboral,Lunes,3.4069,-7.650.234,182,16163,"4,1"
2024-04-16,URBANA,006_ZW Parque Vallado,15,MR76,False,Laboral,Martes,3.4069,-7.650.234,202,39850,"9,3"
2024-04-17,URBANA,006_ZW Parque Vallado,15,MR76,False,Laboral,Miércoles,3.4069,-7.650.234,194,43803,"11,7"
2024-04-18,URBANA,006_ZW Parque Vallado,15,MR76,False,Laboral,Jueves,3.4069,-7.650.234,146,9750,"3,4"
2024-04-19,URBANA,006_ZW Parque Vallado,15,MR76,False,Laboral,Viernes,3.4069,-7.650.234,121,8750,"2,2"
2024-04-20,URBANA,006_ZW Parque Vallado,15,MR76,False,Fin de Semana,Sábado,3.4069,-7.650.234,188,28707,"3,7"
2024-04-21,URBANA,006_ZW Parque Vallado,15,MR76,False,Fin de Semana,Domingo,3.4069,-7.650.234,195,59084,"9,6"
2024-04-22,URBANA,006_ZW Parque Vallado,15,MR76,False,Laboral,Lunes,3.4069,-7.650.234,146,9387,"2,0"
2024-04-23,URBANA,006_ZW Parque Vallado,15,MR76,False,Laboral,Martes,3.4069,-7.650.234,177,3317781,"180,70000000000002"
2024-04-24,URBANA,006_ZW Parque Vallado,15,MR76,False,Laboral,Miércoles,3.4069,-7.650.234,172,1199413,"65,3"
2024-04-25,URBANA,006_ZW Parque Vallado,15,MR76,False,Laboral,Jueves,3.4069,-7.650.234,196,2735492,"230,5"
2024-04-26,URBANA,006_ZW Parque Vallado,15,MR76,False,Laboral,Viernes,3.4069,-7.650.234,136,749936,"74,8"
2024-04-27,URBANA,006_ZW Parque Vallado,15,MR76,False,Fin de Semana,Sábado,3.4069,-7.650.234,134,2031866,"166,6"
2024-04-28,URBANA,006_ZW Parque Vallado,15,MR76,False,Fin de Semana,Domingo,3.4069,-7.650.234,82,462956,"62,699999999999996"
2024-04-29,URBANA,006_ZW Parque Vallado,15,MR76,False,Laboral,Lunes,3.4069,-7.650.234,173,2677647,"334,4"
2024-04-30,URBANA,006_ZW Parque Vallado,15,MR76,False,Laboral,Martes,3.4069,-7.650.234,216,35438,"5,6"
2024-05-01,URBANA,006_ZW Parque Vallado,15,MR76,True,Festivo,Miércoles,3.4069,-7.650.234,173,22678,"4,3"
2024-05-02,URBANA,006_ZW Parque Vallado,15,MR76,False,Laboral,Jueves,3.4069,-7.650.234,195,28312,"5,5"
2024-05-03,URBANA,006_ZW Parque Vallado,15,MR76,False,Laboral,Viernes,3.4069,-7.650.234,126,45333,"9,9"
2024-05-04,URBANA,006_ZW Parque Vallado,15,MR76,False,Fin de Semana,Sábado,3.4069,-7.650.234,209,61223,"8,5"
2024-05-05,URBANA,006_ZW Parque Vallado,15,MR76,False,Fin de Semana,Domingo,3.4069,-7.650.234,160,31734,"5,2"
2024-05-06,URBANA,006_ZW Parque Vallado,15,MR76,False,Laboral,Lunes,3.4069,-7.650.234,207,52157,"11,0"
2024-05-07,URBANA,006_ZW Parque Vallado,15,MR76,False,Laboral,Martes,3.4069,-7.650.234,159,25676,"4,2"
2024-05-08,URBANA,006_ZW Parque Vallado,15,MR76,False,Laboral,Miércoles,3.4069,-7.650.234,157,36317,"4,6"
2024-05-09,URBANA,006_ZW Parque Vallado,15,MR76,False,Laboral,Jueves,3.4069,-7.650.234,152,18820,"2,2"
2024-05-10,URBANA,006_ZW Parque Vallado,15,MR76,False,Laboral,Viernes,3.4069,-7.650.234,162,48541,"6,199999999999999"
2024-05-11,URBANA,006_ZW Parque Vallado,15,MR76,False,Fin de Semana,Sábado,3.4069,-7.650.234,165,7150203,"959,5"
2024-05-12,URBANA,006_ZW Parque Vallado,15,MR76,False,Fin de Semana,Domingo,3.4069,-7.650.234,155,4960803,"1202,6"
2024-05-13,URBANA,006_ZW Parque Vallado,15,MR76,True,Festivo,Lunes,3.4069,-7.650.234,179,2724887,"486,90000000000003"
2024-05-14,URBANA,006_ZW Parque Vallado,15,MR76,False,Laboral,Martes,3.4069,-7.650.234,129,40412,"18,6"
2024-05-15,URBANA,006_ZW Parque Vallado,15,MR76,False,Laboral,Miércoles,3.4069,-7.650.234,144,30491,"4,9"
2024-05-16,URBANA,006_ZW Parque Vallado,15,MR76,False,Laboral,Jueves,3.4069,-7.650.234,165,45193,"5,5"
2024-05-17,URBANA,006_ZW Parque Vallado,15,MR76,False,Laboral,Viernes,3.4069,-7.650.234,183,31740,"3,0"
2024-05-18,URBANA,006_ZW Parque Vallado,15,MR76,False,Fin de Semana,Sábado,3.4069,-7.650.234,200,47382,"4,3"
2024-05-19,URBANA,006_ZW Parque Vallado,15,MR76,False,Fin de Semana,Domingo,3.4069,-7.650.234,195,28046,"2,4"
2024-05-20,URBANA,006_ZW Parque Vallado,15,MR76,False,Laboral,Lunes,3.4069,-7.650.234,179,34594,"4,9"
2024-05-21,URBANA,006_ZW Parque Vallado,15,MR76,False,Laboral,Martes,3.4069,-7.650.234,191,51890,"6,7"
2024-05-22,URBANA,006_ZW Parque Vallado,15,MR76,False,Laboral,Miércoles,3.4069,-7.650.234,172,44129,"17,2"
2024-05-23,URBANA,006_ZW Parque Vallado,15,MR76,False,Laboral,Jueves,3.4069,-7.650.234,192,32333,"6,0"
2024-05-24,URBANA,006_ZW Parque Vallado,15,MR76,False,Laboral,Viernes,3.4069,-7.650.234,202,58022,"12,3"
2024-05-25,URBANA,006_ZW Parque Vallado,15,MR76,False,Fin de Semana,Sábado,3.4069,-7.650.234,222,4859073,"682,2"
2024-05-26,URBANA,006_ZW Parque Vallado,15,MR76,False,Fin de Semana,Domingo,3.4069,-7.650.234,145,5449713,"788,7"
2024-05-27,URBANA,006_ZW Parque Vallado,15,MR76,False,Laboral,Lunes,3.4069,-7.650.234,186,4412159,"519,0"
2024-05-28,URBANA,006_ZW Parque Vallado,15,MR76,False,Laboral,Martes,3.4069,-7.650.234,212,1437048,"192,89999999999998"
2024-05-29,URBANA,006_ZW Parque Vallado,15,MR76,False,Laboral,Miércoles,3.4069,-7.650.234,117,7743,"1,5"
2024-05-30,URBANA,006_ZW Parque Vallado,15,MR76,False,Laboral,Jueves,3.4069,-7.650.234,201,42288,"3,5"
2024-05-31,URBANA,006_ZW Parque Vallado,15,MR76,False,Laboral,Viernes,3.4069,-7.650.234,220,52332,"5,7"
2024-06-01,URBANA,006_ZW Parque Vallado,15,MR76,False,Fin de Semana,Sábado,3.4069,-7.650.234,243,45574,"4,6"
2024-06-02,URBANA,006_ZW Parque Vallado,15,MR76,False,Fin de Semana,Domingo,3.4069,-7.650.234,205,91710,"9,3"
2024-06-03,URBANA,006_ZW Parque Vallado,15,MR76,True,Festivo,Lunes,3.4069,-7.650.234,182,41969,"6,1"
2024-06-04,URBANA,006_ZW Parque Vallado,15,MR76,False,Laboral,Martes,3.4069,-7.650.234,175,26938,"5,9"
2024-06-05,URBANA,006_ZW Parque Vallado,15,MR76,False,Laboral,Miércoles,3.4069,-7.650.234,183,25428,"8,9"
2024-06-06,URBANA,006_ZW Parque Vallado,15,MR76,False,Laboral,Jueves,3.4069,-7.650.234,201,18665,"3,0999999999999996"
2024-06-07,URBANA,006_ZW Parque Vallado,15,MR76,False,Laboral,Viernes,3.4069,-7.650.234,227,70117,"14,6"
2024-06-08,URBANA,006_ZW Parque Vallado,15,MR76,False,Fin de Semana,Sábado,3.4069,-7.650.234,219,36404,"11,5"
2024-06-09,URBANA,006_ZW Parque Vallado,15,MR76,False,Fin de Semana,Domingo,3.4069,-7.650.234,188,102217,"35,1"
2024-06-10,URBANA,006_ZW Parque Vallado,15,MR76,True,Festivo,Lunes,3.4069,-7.650.234,162,32142,"5,9"
2024-06-11,URBANA,006_ZW Parque Vallado,15,MR76,False,Laboral,Martes,3.4069,-7.650.234,262,34031,"5,4"
2024-06-12,URBANA,006_ZW Parque Vallado,15,MR76,False,Laboral,Miércoles,3.4069,-7.650.234,204,25866,"3,5"
2024-06-13,URBANA,006_ZW Parque Vallado,15,MR76,False,Laboral,Jueves,3.4069,-7.650.234,231,37431,"728741800,0"
2024-06-14,URBANA,006_ZW Parque Vallado,15,MR76,False,Laboral,Viernes,3.4069,-7.650.234,193,36253,"1089621000,0"
2024-06-15,URBANA,006_ZW Parque Vallado,15,MR76,False,Fin de Semana,Sábado,3.4069,-7.650.234,187,17055,"177317900,0"
2024-06-16,URBANA,006_ZW Parque Vallado,15,MR76,False,Fin de Semana,Domingo,3.4069,-7.650.234,195,37449,"671531900,0"
2024-06-17,URBANA,006_ZW Parque Vallado,15,MR76,False,Laboral,Lunes,3.4069,-7.650.234,209,29696,"4,7"
2024-06-18,URBANA,006_ZW Parque Vallado,15,MR76,False,Laboral,Martes,3.4069,-7.650.234,211,29863,"4,800000000000001"
2024-06-19,URBANA,006_ZW Parque Vallado,15,MR76,False,Laboral,Miércoles,3.4069,-7.650.234,153,688542,"97,60000000000001"
2024-06-20,URBANA,006_ZW Parque Vallado,15,MR76,False,Laboral,Jueves,3.4069,-7.650.234,260,1178121,"235,79999999999998"
2024-06-21,URBANA,006_ZW Parque Vallado,15,MR76,False,Laboral,Viernes,3.4069,-7.650.234,263,1554200,"267,0"
2024-06-22,URBANA,006_ZW Parque Vallado,15,MR76,False,Fin de Semana,Sábado,3.4069,-7.650.234,301,59070,"11,2"
2024-06-23,URBANA,006_ZW Parque Vallado,15,MR76,False,Fin de Semana,Domingo,3.4069,-7.650.234,152,10694,"4,2"
2024-06-24,URBANA,006_ZW Parque Vallado,15,MR76,False,Laboral,Lunes,3.4069,-7.650.234,315,28555,"5,4"
2024-06-25,URBANA,006_ZW Parque Vallado,15,MR76,False,Laboral,Martes,3.4069,-7.650.234,266,12909,"3,2"
2024-06-26,URBANA,006_ZW Parque Vallado,15,MR76,False,Laboral,Miércoles,3.4069,-7.650.234,262,21920,"5,699999999999999"
2024-06-27,URBANA,006_ZW Parque Vallado,15,MR76,False,Laboral,Jueves,3.4069,-7.650.234,267,1139949,"339,2"
2024-06-28,URBANA,006_ZW Parque Vallado,15,MR76,False,Laboral,Viernes,3.4069,-7.650.234,322,1172071,"201,7"
2024-06-29,URBANA,006_ZW Parque Vallado,15,MR76,False,Fin de Semana,Sábado,3.4069,-7.650.234,216,2202756,"373,5"
2024-06-30,URBANA,006_ZW Parque Vallado,15,MR76,False,Fin de Semana,Domingo,3.4069,-7.650.234,201,3838538,"824,5"
2024-07-01,URBANA,006_ZW Parque Vallado,15,MR76,True,Festivo,Lunes,3.4069,-7.650.234,242,6248514,"868,0699999999999"
2024-07-02,URBANA,006_ZW Parque Vallado,15,MR76,False,Laboral,Martes,3.4069,-7.650.234,310,68117,"7,33"
2024-07-03,URBANA,006_ZW Parque Vallado,15,MR76,False,Laboral,Miércoles,3.4069,-7.650.234,248,37931,"4,51"
2024-07-04,URBANA,006_ZW Parque Vallado,15,MR76,False,Laboral,Jueves,3.4069,-7.650.234,240,21137,"2,66"
2024-07-05,URBANA,006_ZW Parque Vallado,15,MR76,False,Laboral,Viernes,3.4069,-7.650.234,259,20352,"2,3899999999999997"
2024-07-06,URBANA,006_ZW Parque Vallado,15,MR76,False,Fin de Semana,Sábado,3.4069,-7.650.234,307,36954,"4,39"
2024-07-07,URBANA,006_ZW Parque Vallado,15,MR76,False,Fin de Semana,Domingo,3.4069,-7.650.234,301,73265,"8,31"
2024-07-08,URBANA,006_ZW Parque Vallado,15,MR76,False,Laboral,Lunes,3.4069,-7.650.234,295,57681,"10,38"
2024-07-09,URBANA,006_ZW Parque Vallado,15,MR76,False,Laboral,Martes,3.4069,-7.650.234,297,54882,"9,45"
2024-07-10,URBANA,006_ZW Parque Vallado,15,MR76,False,Laboral,Miércoles,3.4069,-7.650.234,282,46569,"6,74"
2024-07-11,URBANA,006_ZW Parque Vallado,15,MR76,False,Laboral,Jueves,3.4069,-7.650.234,248,84218,"11,42"
2024-07-12,URBANA,006_ZW Parque Vallado,15,MR76,False,Laboral,Viernes,3.4069,-7.650.234,276,76879,"12,120000000000001"
2024-07-13,URBANA,006_ZW Parque Vallado,15,MR76,False,Fin de Semana,Sábado,3.4069,-7.650.234,269,291264,"41,339999999999996"
2024-07-14,URBANA,006_ZW Parque Vallado,15,MR76,False,Fin de Semana,Domingo,3.4069,-7.650.234,210,79866,"12,559999999999999"
2024-07-15,URBANA,006_ZW Parque Vallado,15,MR76,False,Laboral,Lunes,3.4069,-7.650.234,248,30908,"5,529999999999999"
2024-07-16,URBANA,006_ZW Parque Vallado,15,MR76,False,Laboral,Martes,3.4069,-7.650.234,274,76704,"12,21"
2024-07-17,URBANA,006_ZW Parque Vallado,15,MR76,False,Laboral,Miércoles,3.4069,-7.650.234,268,27612,"6,1"
2024-07-18,URBANA,006_ZW Parque Vallado,15,MR76,False,Laboral,Jueves,3.4069,-7.650.234,302,49498,"8,309999999999999"
2024-07-19,URBANA,006_ZW Parque Vallado,15,MR76,False,Laboral,Viernes,3.4069,-7.650.234,278,39832,"5,55"
2024-07-20,URBANA,006_ZW Parque Vallado,15,MR76,True,Festivo,Sábado,3.4069,-7.650.234,251,194283,"24,94"
2024-07-21,URBANA,006_ZW Parque Vallado,15,MR76,False,Fin de Semana,Domingo,3.4069,-7.650.234,254,42769,"6,53"
2024-07-22,URBANA,006_ZW Parque Vallado,15,MR76,False,Laboral,Lunes,3.4069,-7.650.234,279,1099711,"158,23"
2024-07-23,URBANA,006_ZW Parque Vallado,15,MR76,False,Laboral,Martes,3.4069,-7.650.234,259,1297980,"187,38"
2024-07-24,URBANA,006_ZW Parque Vallado,15,MR76,False,Laboral,Miércoles,3.4069,-7.650.234,227,1290635,"204,19"
2024-07-25,URBANA,006_ZW Parque Vallado,15,MR76,False,Laboral,Jueves,3.4069,-7.650.234,235,3721865,"588,6899999999999"
2024-07-26,URBANA,006_ZW Parque Vallado,15,MR76,False,Laboral,Viernes,3.4069,-7.650.234,274,2108491,"277,71000000000004"
2024-07-27,URBANA,006_ZW Parque Vallado,15,MR76,False,Fin de Semana,Sábado,3.4069,-7.650.234,205,20506,"3,51"
2024-07-28,URBANA,006_ZW Parque Vallado,15,MR76,False,Fin de Semana,Domingo,3.4069,-7.650.234,222,23510,"4,9799999999999995"
2024-07-29,URBANA,006_ZW Parque Vallado,15,MR76,False,Laboral,Lunes,3.4069,-7.650.234,219,2236024,"358,56"
2024-07-30,URBANA,006_ZW Parque Vallado,15,MR76,False,Laboral,Martes,3.4069,-7.650.234,62,85886,"12,559999999999999"
2024-11-12,URBANA,006_ZW Parque Vallado,15,MR76,False,Laboral,Martes,3.4069,-7.650.234,225,805343,"42,129999999999995"
2024-11-13,URBANA,006_ZW Parque Vallado,15,MR76,False,Laboral,Miércoles,3.4069,-7.650.234,218,739273,"45,63"
2024-11-14,URBANA,006_ZW Parque Vallado,15,MR76,False,Laboral,Jueves,3.4069,-7.650.234,252,1755907,"91,47"
2024-11-15,URBANA,006_ZW Parque Vallado,15,MR76,False,Laboral,Viernes,3.4069,-7.650.234,253,577509,"31,700000000000003"
2024-11-16,URBANA,006_ZW Parque Vallado,15,MR76,False,Fin de Semana,Sábado,3.4069,-7.650.234,219,4772710,"259,2"
2024-11-17,URBANA,006_ZW Parque Vallado,15,MR76,False,Fin de Semana,Domingo,3.4069,-7.650.234,214,2178465,"126,81"
2024-11-18,URBANA,006_ZW Parque Vallado,15,MR76,False,Laboral,Lunes,3.4069,-7.650.234,244,487628,"30,34"
2024-11-19,URBANA,006_ZW Parque Vallado,15,MR76,False,Laboral,Martes,3.4069,-7.650.234,232,2324358,"145,49"
2024-11-20,URBANA,006_ZW Parque Vallado,15,MR76,False,Laboral,Miércoles,3.4069,-7.650.234,237,1904697,"99,81"
2024-11-21,URBANA,006_ZW Parque Vallado,15,MR76,False,Laboral,Jueves,3.4069,-7.650.234,220,3105663,"172,0"
2024-11-22,URBANA,006_ZW Parque Vallado,15,MR76,False,Laboral,Viernes,3.4069,-7.650.234,258,2812664,"139,32999999999998"
2024-11-23,URBANA,006_ZW Parque Vallado,15,MR76,False,Fin de Semana,Sábado,3.4069,-7.650.234,201,3714187,"193,81"
2024-11-24,URBANA,006_ZW Parque Vallado,15,MR76,False,Fin de Semana,Domingo,3.4069,-7.650.234,79,344851,"46,57"
2024-11-25,URBANA,006_ZW Parque Vallado,15,MR76,False,Laboral,Lunes,3.4069,-7.650.234,190,636259,"154,7"
2024-11-26,URBANA,006_ZW Parque Vallado,15,MR76,False,Laboral,Martes,3.4069,-7.650.234,124,2564884,"325,69"
2024-11-27,URBANA,006_ZW Parque Vallado,15,MR76,False,Laboral,Miércoles,3.4069,-7.650.234,211,5374715,"276,75"
2024-11-28,URBANA,006_ZW Parque Vallado,15,MR76,False,Laboral,Jueves,3.4069,-7.650.234,237,3023345,"143,59"
2024-11-29,URBANA,006_ZW Parque Vallado,15,MR76,False,Laboral,Viernes,3.4069,-7.650.234,223,2857841,"128,59"
2024-11-30,URBANA,006_ZW Parque Vallado,15,MR76,False,Fin de Semana,Sábado,3.4069,-7.650.234,237,2443150,"107,19"
2024-12-01,URBANA,006_ZW Parque Vallado,15,MR76,False,Fin de Semana,Domingo,3.4069,-7.650.234,217,3911524,"161,85"
2024-12-02,URBANA,006_ZW Parque Vallado,15,MR76,False,Laboral,Lunes,3.4069,-7.650.234,245,2225074,"106,64"
2024-12-03,URBANA,006_ZW Parque Vallado,15,MR76,False,Laboral,Martes,3.4069,-7.650.234,230,2248904,"120,45"
2024-12-04,URBANA,006_ZW Parque Vallado,15,MR76,False,Laboral,Miércoles,3.4069,-7.650.234,262,5067047,"219,39"
