﻿FECHA.CONEXION,AREA,NOMBRE.ZONA,COMUNA,MODEL,es_festivo,tipo_dia,dia_semana,LATITUD,LONGITUD,NUMERO.CONEXIONES,USAGE.KB,PORCENTAJE.USO
2024-01-01,URBANA,039_ZW Biblioteca Daniel Guillard,13,MR76,True,Festivo,Lunes,342.637,-764.865,87,23011,"2,7"
2024-01-02,URBANA,039_ZW Biblioteca Daniel Guillard,13,MR76,False,Laboral,Martes,342.637,-764.865,62,33003,"3,9"
2024-01-03,URBANA,039_ZW Biblioteca Daniel Guillard,13,MR76,False,Laboral,Miércoles,342.637,-764.865,82,14167,"1,1"
2024-01-04,URBANA,039_ZW Biblioteca Daniel Guillard,13,MR76,False,Laboral,Jueves,342.637,-764.865,71,23103,"2,2"
2024-01-05,URBANA,039_ZW Biblioteca Daniel Guillard,13,MR76,False,Laboral,Viernes,342.637,-764.865,88,16926,"1,6"
2024-01-06,URBANA,039_ZW Biblioteca Daniel Guillard,13,MR76,False,Fin de Semana,Sábado,342.637,-764.865,90,27794,"3,6"
2024-01-07,URBANA,039_ZW Biblioteca Daniel Guillard,13,MR76,False,Fin de Semana,Domingo,342.637,-764.865,83,4739507,"472,2"
2024-01-08,URBANA,039_ZW Biblioteca Daniel Guillard,13,MR76,True,Festivo,Lunes,342.637,-764.865,77,5788385,"367,1"
2024-01-09,URBANA,039_ZW Biblioteca Daniel Guillard,13,MR76,False,Laboral,Martes,342.637,-764.865,93,5800441,"447,6"
2024-01-10,URBANA,039_ZW Biblioteca Daniel Guillard,13,MR76,False,Laboral,Miércoles,342.637,-764.865,94,3442145,"285,29999999999995"
2024-01-11,URBANA,039_ZW Biblioteca Daniel Guillard,13,MR76,False,Laboral,Jueves,342.637,-764.865,91,6929923,"644,0"
2024-01-12,URBANA,039_ZW Biblioteca Daniel Guillard,13,MR76,False,Laboral,Viernes,342.637,-764.865,97,24498866,"2109,3"
2024-01-13,URBANA,039_ZW Biblioteca Daniel Guillard,13,MR76,False,Fin de Semana,Sábado,342.637,-764.865,115,12494778,"1387,8000000000002"
2024-01-14,URBANA,039_ZW Biblioteca Daniel Guillard,13,MR76,False,Fin de Semana,Domingo,342.637,-764.865,111,10527020,"1330,3000000000002"
2024-01-15,URBANA,039_ZW Biblioteca Daniel Guillard,13,MR76,False,Laboral,Lunes,342.637,-764.865,90,218735,"31,6"
2024-01-16,URBANA,039_ZW Biblioteca Daniel Guillard,13,MR76,False,Laboral,Martes,342.637,-764.865,90,11306,"1,4"
2024-01-17,URBANA,039_ZW Biblioteca Daniel Guillard,13,MR76,False,Laboral,Miércoles,342.637,-764.865,71,9998,"1,0"
2024-01-18,URBANA,039_ZW Biblioteca Daniel Guillard,13,MR76,False,Laboral,Jueves,342.637,-764.865,83,1264899,"105,39999999999999"
2024-01-19,URBANA,039_ZW Biblioteca Daniel Guillard,13,MR76,False,Laboral,Viernes,342.637,-764.865,94,3735477,"243,39999999999998"
2024-01-20,URBANA,039_ZW Biblioteca Daniel Guillard,13,MR76,False,Fin de Semana,Sábado,342.637,-764.865,113,9514381,"734,6999999999999"
2024-01-21,URBANA,039_ZW Biblioteca Daniel Guillard,13,MR76,False,Fin de Semana,Domingo,342.637,-764.865,111,7537281,"582,2"
2024-01-22,URBANA,039_ZW Biblioteca Daniel Guillard,13,MR76,False,Laboral,Lunes,342.637,-764.865,114,12484720,"1190,7"
2024-01-23,URBANA,039_ZW Biblioteca Daniel Guillard,13,MR76,False,Laboral,Martes,342.637,-764.865,101,14259413,"1320,4"
2024-01-24,URBANA,039_ZW Biblioteca Daniel Guillard,13,MR76,False,Laboral,Miércoles,342.637,-764.865,107,4749572,"379,70000000000005"
2024-01-25,URBANA,039_ZW Biblioteca Daniel Guillard,13,MR76,False,Laboral,Jueves,342.637,-764.865,108,15488,"1,0"
2024-01-26,URBANA,039_ZW Biblioteca Daniel Guillard,13,MR76,False,Laboral,Viernes,342.637,-764.865,102,26982,"2,0"
2024-01-27,URBANA,039_ZW Biblioteca Daniel Guillard,13,MR76,False,Fin de Semana,Sábado,342.637,-764.865,85,17473,"1,4"
2024-01-28,URBANA,039_ZW Biblioteca Daniel Guillard,13,MR76,False,Fin de Semana,Domingo,342.637,-764.865,93,14894,"1,4"
2024-01-29,URBANA,039_ZW Biblioteca Daniel Guillard,13,MR76,False,Laboral,Lunes,342.637,-764.865,101,29477,"2,5"
2024-01-30,URBANA,039_ZW Biblioteca Daniel Guillard,13,MR76,False,Laboral,Martes,342.637,-764.865,89,40355,"4,5"
2024-01-31,URBANA,039_ZW Biblioteca Daniel Guillard,13,MR76,False,Laboral,Miércoles,342.637,-764.865,75,11226,"1,1"
2024-02-01,URBANA,039_ZW Biblioteca Daniel Guillard,13,MR76,False,Laboral,Jueves,342.637,-764.865,94,17145,"1,3"
2024-02-02,URBANA,039_ZW Biblioteca Daniel Guillard,13,MR76,False,Laboral,Viernes,342.637,-764.865,51,40183,"4,2"
2024-02-03,URBANA,039_ZW Biblioteca Daniel Guillard,13,MR76,False,Fin de Semana,Sábado,342.637,-764.865,82,1258233,"70,9"
2024-02-04,URBANA,039_ZW Biblioteca Daniel Guillard,13,MR76,False,Fin de Semana,Domingo,342.637,-764.865,54,2145556,"134,2"
2024-02-05,URBANA,039_ZW Biblioteca Daniel Guillard,13,MR76,False,Laboral,Lunes,342.637,-764.865,63,9693816,"644,0"
2024-02-06,URBANA,039_ZW Biblioteca Daniel Guillard,13,MR76,False,Laboral,Martes,342.637,-764.865,56,4605460,"308,2"
2024-02-07,URBANA,039_ZW Biblioteca Daniel Guillard,13,MR76,False,Laboral,Miércoles,342.637,-764.865,73,12667185,"767,3"
2024-02-08,URBANA,039_ZW Biblioteca Daniel Guillard,13,MR76,False,Laboral,Jueves,342.637,-764.865,82,8962853,"659,7"
2024-02-09,URBANA,039_ZW Biblioteca Daniel Guillard,13,MR76,False,Laboral,Viernes,342.637,-764.865,95,13713370,"1139,6"
2024-02-10,URBANA,039_ZW Biblioteca Daniel Guillard,13,MR76,False,Fin de Semana,Sábado,342.637,-764.865,101,7664501,"479,8"
2024-02-11,URBANA,039_ZW Biblioteca Daniel Guillard,13,MR76,False,Fin de Semana,Domingo,342.637,-764.865,93,6118790,"455,3"
2024-02-12,URBANA,039_ZW Biblioteca Daniel Guillard,13,MR76,False,Laboral,Lunes,342.637,-764.865,86,11763709,"1136,2"
2024-02-13,URBANA,039_ZW Biblioteca Daniel Guillard,13,MR76,False,Laboral,Martes,342.637,-764.865,80,16312753,"1883,1999999999998"
2024-02-14,URBANA,039_ZW Biblioteca Daniel Guillard,13,MR76,False,Laboral,Miércoles,342.637,-764.865,89,6762885,"895,4"
2024-02-15,URBANA,039_ZW Biblioteca Daniel Guillard,13,MR76,False,Laboral,Jueves,342.637,-764.865,105,7219011,"618,2"
2024-02-16,URBANA,039_ZW Biblioteca Daniel Guillard,13,MR76,False,Laboral,Viernes,342.637,-764.865,107,13209871,"1252,8"
2024-02-17,URBANA,039_ZW Biblioteca Daniel Guillard,13,MR76,False,Fin de Semana,Sábado,342.637,-764.865,108,12762626,"1206,9"
2024-02-18,URBANA,039_ZW Biblioteca Daniel Guillard,13,MR76,False,Fin de Semana,Domingo,342.637,-764.865,96,18922581,"1462,0"
2024-02-19,URBANA,039_ZW Biblioteca Daniel Guillard,13,MR76,False,Laboral,Lunes,342.637,-764.865,101,11855235,"809,0"
2024-02-20,URBANA,039_ZW Biblioteca Daniel Guillard,13,MR76,False,Laboral,Martes,342.637,-764.865,93,16262370,"1331,8000000000002"
2024-02-21,URBANA,039_ZW Biblioteca Daniel Guillard,13,MR76,False,Laboral,Miércoles,342.637,-764.865,105,7765243,"673,0999999999999"
2024-02-22,URBANA,039_ZW Biblioteca Daniel Guillard,13,MR76,False,Laboral,Jueves,342.637,-764.865,107,15539671,"1015,2"
2024-02-23,URBANA,039_ZW Biblioteca Daniel Guillard,13,MR76,False,Laboral,Viernes,342.637,-764.865,86,10332498,"726,2"
2024-02-24,URBANA,039_ZW Biblioteca Daniel Guillard,13,MR76,False,Fin de Semana,Sábado,342.637,-764.865,125,9847814,"784,1"
2024-02-25,URBANA,039_ZW Biblioteca Daniel Guillard,13,MR76,False,Fin de Semana,Domingo,342.637,-764.865,99,12160632,"692,4000000000001"
2024-02-26,URBANA,039_ZW Biblioteca Daniel Guillard,13,MR76,False,Laboral,Lunes,342.637,-764.865,113,2951837,"265,2"
2024-02-27,URBANA,039_ZW Biblioteca Daniel Guillard,13,MR76,False,Laboral,Martes,342.637,-764.865,96,36346,"3,2"
2024-02-28,URBANA,039_ZW Biblioteca Daniel Guillard,13,MR76,False,Laboral,Miércoles,342.637,-764.865,81,25208,"1,5"
2024-02-29,URBANA,039_ZW Biblioteca Daniel Guillard,13,MR76,False,Laboral,Jueves,342.637,-764.865,93,24469,"3,0"
2024-03-01,URBANA,039_ZW Biblioteca Daniel Guillard,13,MR76,False,Laboral,Viernes,342.637,-764.865,109,11135990,"928,2"
2024-03-02,URBANA,039_ZW Biblioteca Daniel Guillard,13,MR76,False,Fin de Semana,Sábado,342.637,-764.865,85,6314963,"613,6"
2024-03-03,URBANA,039_ZW Biblioteca Daniel Guillard,13,MR76,False,Fin de Semana,Domingo,342.637,-764.865,106,8133263,"583,5"
2024-03-04,URBANA,039_ZW Biblioteca Daniel Guillard,13,MR76,False,Laboral,Lunes,342.637,-764.865,83,6948304,"488,70000000000005"
2024-03-05,URBANA,039_ZW Biblioteca Daniel Guillard,13,MR76,False,Laboral,Martes,342.637,-764.865,84,4539800,"329,3"
2024-03-06,URBANA,039_ZW Biblioteca Daniel Guillard,13,MR76,False,Laboral,Miércoles,342.637,-764.865,92,6955605,"574,8"
2024-03-07,URBANA,039_ZW Biblioteca Daniel Guillard,13,MR76,False,Laboral,Jueves,342.637,-764.865,107,7523125,"704,0999999999999"
2024-03-08,URBANA,039_ZW Biblioteca Daniel Guillard,13,MR76,False,Laboral,Viernes,342.637,-764.865,102,4028969,"376,7"
2024-03-09,URBANA,039_ZW Biblioteca Daniel Guillard,13,MR76,False,Fin de Semana,Sábado,342.637,-764.865,116,682784,"69,0"
2024-03-10,URBANA,039_ZW Biblioteca Daniel Guillard,13,MR76,False,Fin de Semana,Domingo,342.637,-764.865,104,5419667,"567,9"
2024-03-11,URBANA,039_ZW Biblioteca Daniel Guillard,13,MR76,False,Laboral,Lunes,342.637,-764.865,108,15685827,"1668,9"
2024-03-12,URBANA,039_ZW Biblioteca Daniel Guillard,13,MR76,False,Laboral,Martes,342.637,-764.865,119,6636308,"752,7"
2024-03-13,URBANA,039_ZW Biblioteca Daniel Guillard,13,MR76,False,Laboral,Miércoles,342.637,-764.865,101,487574,"65,8"
2024-03-14,URBANA,039_ZW Biblioteca Daniel Guillard,13,MR76,False,Laboral,Jueves,342.637,-764.865,117,107027,"11,0"
2024-03-15,URBANA,039_ZW Biblioteca Daniel Guillard,13,MR76,False,Laboral,Viernes,342.637,-764.865,105,41817,"3,2"
2024-03-16,URBANA,039_ZW Biblioteca Daniel Guillard,13,MR76,False,Fin de Semana,Sábado,342.637,-764.865,126,256707,"22,700000000000003"
2024-03-17,URBANA,039_ZW Biblioteca Daniel Guillard,13,MR76,False,Fin de Semana,Domingo,342.637,-764.865,108,19896,"1,5"
2024-03-18,URBANA,039_ZW Biblioteca Daniel Guillard,13,MR76,False,Laboral,Lunes,342.637,-764.865,103,5867855,"488,8"
2024-03-19,URBANA,039_ZW Biblioteca Daniel Guillard,13,MR76,False,Laboral,Martes,342.637,-764.865,98,6099912,"809,3"
2024-03-20,URBANA,039_ZW Biblioteca Daniel Guillard,13,MR76,False,Laboral,Miércoles,342.637,-764.865,100,4683337,"714,5"
2024-03-21,URBANA,039_ZW Biblioteca Daniel Guillard,13,MR76,False,Laboral,Jueves,342.637,-764.865,114,4786345,"548,2"
2024-03-22,URBANA,039_ZW Biblioteca Daniel Guillard,13,MR76,False,Laboral,Viernes,342.637,-764.865,99,9254164,"948,7"
2024-03-23,URBANA,039_ZW Biblioteca Daniel Guillard,13,MR76,False,Fin de Semana,Sábado,342.637,-764.865,105,6623807,"848,9"
2024-03-24,URBANA,039_ZW Biblioteca Daniel Guillard,13,MR76,True,Festivo,Domingo,342.637,-764.865,122,1867445,"205,3"
2024-03-25,URBANA,039_ZW Biblioteca Daniel Guillard,13,MR76,True,Festivo,Lunes,342.637,-764.865,83,36506,"5,2"
2024-03-26,URBANA,039_ZW Biblioteca Daniel Guillard,13,MR76,False,Laboral,Martes,342.637,-764.865,105,22630,"2,9"
2024-03-27,URBANA,039_ZW Biblioteca Daniel Guillard,13,MR76,False,Laboral,Miércoles,342.637,-764.865,129,25264,"3,1"
2024-03-28,URBANA,039_ZW Biblioteca Daniel Guillard,13,MR76,True,Festivo,Jueves,342.637,-764.865,123,27308,"4,300000000000001"
2024-03-29,URBANA,039_ZW Biblioteca Daniel Guillard,13,MR76,True,Festivo,Viernes,342.637,-764.865,92,71185,"7,2"
2024-03-30,URBANA,039_ZW Biblioteca Daniel Guillard,13,MR76,False,Fin de Semana,Sábado,342.637,-764.865,120,25877,"4,1"
2024-03-31,URBANA,039_ZW Biblioteca Daniel Guillard,13,MR76,True,Festivo,Domingo,342.637,-764.865,70,97139,"12,8"
2024-04-01,URBANA,039_ZW Biblioteca Daniel Guillard,13,MR76,False,Laboral,Lunes,342.637,-764.865,70,5171326,"493,0"
2024-04-02,URBANA,039_ZW Biblioteca Daniel Guillard,13,MR76,False,Laboral,Martes,342.637,-764.865,76,4265189,"606,1999999999999"
2024-04-03,URBANA,039_ZW Biblioteca Daniel Guillard,13,MR76,False,Laboral,Miércoles,342.637,-764.865,95,4748374,"527,1"
2024-04-04,URBANA,039_ZW Biblioteca Daniel Guillard,13,MR76,False,Laboral,Jueves,342.637,-764.865,88,7551910,"656,9"
2024-04-05,URBANA,039_ZW Biblioteca Daniel Guillard,13,MR76,False,Laboral,Viernes,342.637,-764.865,98,21868,"2,0"
2024-04-06,URBANA,039_ZW Biblioteca Daniel Guillard,13,MR76,False,Fin de Semana,Sábado,342.637,-764.865,110,29790,"2,5"
2024-04-07,URBANA,039_ZW Biblioteca Daniel Guillard,13,MR76,False,Fin de Semana,Domingo,342.637,-764.865,78,31231,"2,5999999999999996"
2024-04-08,URBANA,039_ZW Biblioteca Daniel Guillard,13,MR76,False,Laboral,Lunes,342.637,-764.865,74,25827,"3,7"
2024-04-09,URBANA,039_ZW Biblioteca Daniel Guillard,13,MR76,False,Laboral,Martes,342.637,-764.865,87,21439,"2,8"
2024-04-10,URBANA,039_ZW Biblioteca Daniel Guillard,13,MR76,False,Laboral,Miércoles,342.637,-764.865,86,211030,"49,7"
2024-04-11,URBANA,039_ZW Biblioteca Daniel Guillard,13,MR76,False,Laboral,Jueves,342.637,-764.865,89,8120900,"1838,6"
2024-04-12,URBANA,039_ZW Biblioteca Daniel Guillard,13,MR76,False,Laboral,Viernes,342.637,-764.865,87,7118913,"1048,5"
2024-04-13,URBANA,039_ZW Biblioteca Daniel Guillard,13,MR76,False,Fin de Semana,Sábado,342.637,-764.865,110,3317661,"390,0"
2024-04-14,URBANA,039_ZW Biblioteca Daniel Guillard,13,MR76,False,Fin de Semana,Domingo,342.637,-764.865,87,4521249,"655,6"
2024-04-15,URBANA,039_ZW Biblioteca Daniel Guillard,13,MR76,False,Laboral,Lunes,342.637,-764.865,99,32696,"8,2"
2024-04-16,URBANA,039_ZW Biblioteca Daniel Guillard,13,MR76,False,Laboral,Martes,342.637,-764.865,76,12871,"3,0"
2024-04-17,URBANA,039_ZW Biblioteca Daniel Guillard,13,MR76,False,Laboral,Miércoles,342.637,-764.865,89,139949,"37,5"
2024-04-18,URBANA,039_ZW Biblioteca Daniel Guillard,13,MR76,False,Laboral,Jueves,342.637,-764.865,87,8293285,"2846,8999999999996"
2024-04-19,URBANA,039_ZW Biblioteca Daniel Guillard,13,MR76,False,Laboral,Viernes,342.637,-764.865,78,2623544,"646,8"
2024-04-20,URBANA,039_ZW Biblioteca Daniel Guillard,13,MR76,False,Fin de Semana,Sábado,342.637,-764.865,72,1759890,"225,2"
2024-04-21,URBANA,039_ZW Biblioteca Daniel Guillard,13,MR76,False,Fin de Semana,Domingo,342.637,-764.865,75,5157510,"833,5"
2024-04-22,URBANA,039_ZW Biblioteca Daniel Guillard,13,MR76,False,Laboral,Lunes,342.637,-764.865,71,3390748,"729,0"
2024-04-23,URBANA,039_ZW Biblioteca Daniel Guillard,13,MR76,False,Laboral,Martes,342.637,-764.865,95,12745207,"694,2"
2024-04-24,URBANA,039_ZW Biblioteca Daniel Guillard,13,MR76,False,Laboral,Miércoles,342.637,-764.865,98,14833635,"807,5999999999999"
2024-04-25,URBANA,039_ZW Biblioteca Daniel Guillard,13,MR76,False,Laboral,Jueves,342.637,-764.865,86,12281964,"1035,1"
2024-04-26,URBANA,039_ZW Biblioteca Daniel Guillard,13,MR76,False,Laboral,Viernes,342.637,-764.865,82,3863867,"385,6"
2024-04-27,URBANA,039_ZW Biblioteca Daniel Guillard,13,MR76,False,Fin de Semana,Sábado,342.637,-764.865,100,420013,"34,4"
2024-04-28,URBANA,039_ZW Biblioteca Daniel Guillard,13,MR76,False,Fin de Semana,Domingo,342.637,-764.865,61,21632,"2,9"
2024-04-29,URBANA,039_ZW Biblioteca Daniel Guillard,13,MR76,False,Laboral,Lunes,342.637,-764.865,78,43607,"5,5"
2024-04-30,URBANA,039_ZW Biblioteca Daniel Guillard,13,MR76,False,Laboral,Martes,342.637,-764.865,86,14840,"2,4"
2024-05-01,URBANA,039_ZW Biblioteca Daniel Guillard,13,MR76,True,Festivo,Miércoles,342.637,-764.865,77,13571,"2,6"
2024-05-02,URBANA,039_ZW Biblioteca Daniel Guillard,13,MR76,False,Laboral,Jueves,342.637,-764.865,57,21754,"4,2"
2024-05-03,URBANA,039_ZW Biblioteca Daniel Guillard,13,MR76,False,Laboral,Viernes,342.637,-764.865,69,7384556,"1611,6"
2024-05-04,URBANA,039_ZW Biblioteca Daniel Guillard,13,MR76,False,Fin de Semana,Sábado,342.637,-764.865,73,5096377,"706,0"
2024-05-05,URBANA,039_ZW Biblioteca Daniel Guillard,13,MR76,False,Fin de Semana,Domingo,342.637,-764.865,82,3129784,"507,7"
2024-05-06,URBANA,039_ZW Biblioteca Daniel Guillard,13,MR76,False,Laboral,Lunes,342.637,-764.865,81,3900542,"816,3000000000001"
2024-05-07,URBANA,039_ZW Biblioteca Daniel Guillard,13,MR76,False,Laboral,Martes,342.637,-764.865,73,1166547,"192,4"
2024-05-08,URBANA,039_ZW Biblioteca Daniel Guillard,13,MR76,False,Laboral,Miércoles,342.637,-764.865,59,12204,"1,6"
2024-05-09,URBANA,039_ZW Biblioteca Daniel Guillard,13,MR76,False,Laboral,Jueves,342.637,-764.865,58,7577,"0,8999999999999999"
2024-05-10,URBANA,039_ZW Biblioteca Daniel Guillard,13,MR76,False,Laboral,Viernes,342.637,-764.865,68,12709,"1,6"
2024-05-11,URBANA,039_ZW Biblioteca Daniel Guillard,13,MR76,False,Fin de Semana,Sábado,342.637,-764.865,82,26794,"3,6"
2024-05-12,URBANA,039_ZW Biblioteca Daniel Guillard,13,MR76,False,Fin de Semana,Domingo,342.637,-764.865,62,60015,"14,600000000000001"
2024-05-13,URBANA,039_ZW Biblioteca Daniel Guillard,13,MR76,True,Festivo,Lunes,342.637,-764.865,94,38108,"6,9"
2024-05-14,URBANA,039_ZW Biblioteca Daniel Guillard,13,MR76,False,Laboral,Martes,342.637,-764.865,73,7971,"3,6"
2024-05-15,URBANA,039_ZW Biblioteca Daniel Guillard,13,MR76,False,Laboral,Miércoles,342.637,-764.865,67,13244,"2,2"
2024-05-16,URBANA,039_ZW Biblioteca Daniel Guillard,13,MR76,False,Laboral,Jueves,342.637,-764.865,80,13234,"1,6"
2024-05-17,URBANA,039_ZW Biblioteca Daniel Guillard,13,MR76,False,Laboral,Viernes,342.637,-764.865,67,34631,"3,4"
2024-05-18,URBANA,039_ZW Biblioteca Daniel Guillard,13,MR76,False,Fin de Semana,Sábado,342.637,-764.865,73,24941,"2,3"
2024-05-19,URBANA,039_ZW Biblioteca Daniel Guillard,13,MR76,False,Fin de Semana,Domingo,342.637,-764.865,63,10305,"0,9"
2024-05-20,URBANA,039_ZW Biblioteca Daniel Guillard,13,MR76,False,Laboral,Lunes,342.637,-764.865,66,14045,"2,0"
2024-05-21,URBANA,039_ZW Biblioteca Daniel Guillard,13,MR76,False,Laboral,Martes,342.637,-764.865,72,5675,"0,7"
2024-05-22,URBANA,039_ZW Biblioteca Daniel Guillard,13,MR76,False,Laboral,Miércoles,342.637,-764.865,45,9136,"3,6"
2024-05-23,URBANA,039_ZW Biblioteca Daniel Guillard,13,MR76,False,Laboral,Jueves,342.637,-764.865,62,26830,"5,1"
2024-05-24,URBANA,039_ZW Biblioteca Daniel Guillard,13,MR76,False,Laboral,Viernes,342.637,-764.865,78,13059,"2,8"
2024-05-25,URBANA,039_ZW Biblioteca Daniel Guillard,13,MR76,False,Fin de Semana,Sábado,342.637,-764.865,92,11796,"1,6"
2024-05-26,URBANA,039_ZW Biblioteca Daniel Guillard,13,MR76,False,Fin de Semana,Domingo,342.637,-764.865,64,16570,"2,4"
2024-05-27,URBANA,039_ZW Biblioteca Daniel Guillard,13,MR76,False,Laboral,Lunes,342.637,-764.865,66,14712,"1,8"
2024-05-28,URBANA,039_ZW Biblioteca Daniel Guillard,13,MR76,False,Laboral,Martes,342.637,-764.865,63,4704,"0,7"
2024-05-29,URBANA,039_ZW Biblioteca Daniel Guillard,13,MR76,False,Laboral,Miércoles,342.637,-764.865,41,6892,"1,4"
2024-05-30,URBANA,039_ZW Biblioteca Daniel Guillard,13,MR76,False,Laboral,Jueves,342.637,-764.865,68,9849,"0,8"
2024-05-31,URBANA,039_ZW Biblioteca Daniel Guillard,13,MR76,False,Laboral,Viernes,342.637,-764.865,78,5997,"0,6"
2024-06-01,URBANA,039_ZW Biblioteca Daniel Guillard,13,MR76,False,Fin de Semana,Sábado,342.637,-764.865,81,21055,"2,1"
2024-06-02,URBANA,039_ZW Biblioteca Daniel Guillard,13,MR76,False,Fin de Semana,Domingo,342.637,-764.865,63,12197,"1,2000000000000002"
2024-06-03,URBANA,039_ZW Biblioteca Daniel Guillard,13,MR76,True,Festivo,Lunes,342.637,-764.865,74,15728,"2,2"
2024-06-04,URBANA,039_ZW Biblioteca Daniel Guillard,13,MR76,False,Laboral,Martes,342.637,-764.865,57,11355,"2,5"
2024-06-05,URBANA,039_ZW Biblioteca Daniel Guillard,13,MR76,False,Laboral,Miércoles,342.637,-764.865,42,7202,"2,5"
2024-06-06,URBANA,039_ZW Biblioteca Daniel Guillard,13,MR76,False,Laboral,Jueves,342.637,-764.865,64,9335,"1,5"
2024-06-07,URBANA,039_ZW Biblioteca Daniel Guillard,13,MR76,False,Laboral,Viernes,342.637,-764.865,71,16893,"3,5"
2024-06-08,URBANA,039_ZW Biblioteca Daniel Guillard,13,MR76,False,Fin de Semana,Sábado,342.637,-764.865,74,15914,"5,1"
2024-06-09,URBANA,039_ZW Biblioteca Daniel Guillard,13,MR76,False,Fin de Semana,Domingo,342.637,-764.865,73,23250,"8,0"
2024-06-10,URBANA,039_ZW Biblioteca Daniel Guillard,13,MR76,True,Festivo,Lunes,342.637,-764.865,77,21595,"4,0"
2024-06-11,URBANA,039_ZW Biblioteca Daniel Guillard,13,MR76,False,Laboral,Martes,342.637,-764.865,70,12778,"2,0"
2024-06-12,URBANA,039_ZW Biblioteca Daniel Guillard,13,MR76,False,Laboral,Miércoles,342.637,-764.865,80,11053,"1,4"
2024-06-13,URBANA,039_ZW Biblioteca Daniel Guillard,13,MR76,False,Laboral,Jueves,342.637,-764.865,55,12998,"253057200,0"
2024-06-14,URBANA,039_ZW Biblioteca Daniel Guillard,13,MR76,False,Laboral,Viernes,342.637,-764.865,48,8180,"245858300,0"
2024-06-15,URBANA,039_ZW Biblioteca Daniel Guillard,13,MR76,False,Fin de Semana,Sábado,342.637,-764.865,77,6099,"109417600,0"
2024-06-16,URBANA,039_ZW Biblioteca Daniel Guillard,13,MR76,False,Fin de Semana,Domingo,342.637,-764.865,83,11350,"141199400,0"
2024-06-17,URBANA,039_ZW Biblioteca Daniel Guillard,13,MR76,False,Laboral,Lunes,342.637,-764.865,66,12650,"2,0"
2024-06-18,URBANA,039_ZW Biblioteca Daniel Guillard,13,MR76,False,Laboral,Martes,342.637,-764.865,59,2401618,"379,4"
2024-06-19,URBANA,039_ZW Biblioteca Daniel Guillard,13,MR76,False,Laboral,Miércoles,342.637,-764.865,46,501516,"71,19999999999999"
2024-06-20,URBANA,039_ZW Biblioteca Daniel Guillard,13,MR76,False,Laboral,Jueves,342.637,-764.865,80,871111,"174,39999999999998"
2024-06-21,URBANA,039_ZW Biblioteca Daniel Guillard,13,MR76,False,Laboral,Viernes,342.637,-764.865,76,693580,"119,10000000000001"
2024-06-22,URBANA,039_ZW Biblioteca Daniel Guillard,13,MR76,False,Fin de Semana,Sábado,342.637,-764.865,114,15480,"2,9"
2024-06-23,URBANA,039_ZW Biblioteca Daniel Guillard,13,MR76,False,Fin de Semana,Domingo,342.637,-764.865,15,1002,"0,4"
2024-06-25,URBANA,039_ZW Biblioteca Daniel Guillard,13,MR76,False,Laboral,Martes,342.637,-764.865,68,1276063,"316,1"
2024-06-26,URBANA,039_ZW Biblioteca Daniel Guillard,13,MR76,False,Laboral,Miércoles,342.637,-764.865,86,3190834,"824,0"
2024-06-27,URBANA,039_ZW Biblioteca Daniel Guillard,13,MR76,False,Laboral,Jueves,342.637,-764.865,76,6716576,"1998,7"
2024-06-28,URBANA,039_ZW Biblioteca Daniel Guillard,13,MR76,False,Laboral,Viernes,342.637,-764.865,3,4092,"0,7"
2024-06-29,URBANA,039_ZW Biblioteca Daniel Guillard,13,MR76,False,Fin de Semana,Sábado,342.637,-764.865,88,1750534,"296,8"
2024-06-30,URBANA,039_ZW Biblioteca Daniel Guillard,13,MR76,False,Fin de Semana,Domingo,342.637,-764.865,59,6412319,"1377,3"
2024-07-01,URBANA,039_ZW Biblioteca Daniel Guillard,13,MR76,True,Festivo,Lunes,342.637,-764.865,93,6753718,"938,26"
2024-07-02,URBANA,039_ZW Biblioteca Daniel Guillard,13,MR76,False,Laboral,Martes,342.637,-764.865,6,963,"0,11"
2024-07-03,URBANA,039_ZW Biblioteca Daniel Guillard,13,MR76,False,Laboral,Miércoles,342.637,-764.865,61,1005438,"119,58"
2024-07-04,URBANA,039_ZW Biblioteca Daniel Guillard,13,MR76,False,Laboral,Jueves,342.637,-764.865,73,3091058,"389,53999999999996"
2024-07-05,URBANA,039_ZW Biblioteca Daniel Guillard,13,MR76,False,Laboral,Viernes,342.637,-764.865,72,3842753,"451,03"
2024-07-06,URBANA,039_ZW Biblioteca Daniel Guillard,13,MR76,False,Fin de Semana,Sábado,342.637,-764.865,100,7634702,"906,97"
2024-07-07,URBANA,039_ZW Biblioteca Daniel Guillard,13,MR76,False,Fin de Semana,Domingo,342.637,-764.865,123,2771081,"314,1"
2024-07-08,URBANA,039_ZW Biblioteca Daniel Guillard,13,MR76,False,Laboral,Lunes,342.637,-764.865,71,20253,"3,65"
2024-07-09,URBANA,039_ZW Biblioteca Daniel Guillard,13,MR76,False,Laboral,Martes,342.637,-764.865,77,18259,"3,1500000000000004"
2024-07-10,URBANA,039_ZW Biblioteca Daniel Guillard,13,MR76,False,Laboral,Miércoles,342.637,-764.865,97,10407,"1,5"
2024-07-11,URBANA,039_ZW Biblioteca Daniel Guillard,13,MR76,False,Laboral,Jueves,342.637,-764.865,98,30671,"4,16"
2024-07-12,URBANA,039_ZW Biblioteca Daniel Guillard,13,MR76,False,Laboral,Viernes,342.637,-764.865,85,9662,"1,5299999999999998"
2024-07-13,URBANA,039_ZW Biblioteca Daniel Guillard,13,MR76,False,Fin de Semana,Sábado,342.637,-764.865,87,420772,"59,73"
2024-07-14,URBANA,039_ZW Biblioteca Daniel Guillard,13,MR76,False,Fin de Semana,Domingo,342.637,-764.865,89,1626950,"255,84999999999997"
2024-07-15,URBANA,039_ZW Biblioteca Daniel Guillard,13,MR76,False,Laboral,Lunes,342.637,-764.865,69,1512119,"270,51"
2024-07-16,URBANA,039_ZW Biblioteca Daniel Guillard,13,MR76,False,Laboral,Martes,342.637,-764.865,89,2924213,"465,51"
2024-07-17,URBANA,039_ZW Biblioteca Daniel Guillard,13,MR76,False,Laboral,Miércoles,342.637,-764.865,110,54756,"12,100000000000001"
2024-07-18,URBANA,039_ZW Biblioteca Daniel Guillard,13,MR76,False,Laboral,Jueves,342.637,-764.865,81,10245,"1,72"
2024-07-19,URBANA,039_ZW Biblioteca Daniel Guillard,13,MR76,False,Laboral,Viernes,342.637,-764.865,80,16445,"2,29"
2024-07-20,URBANA,039_ZW Biblioteca Daniel Guillard,13,MR76,True,Festivo,Sábado,342.637,-764.865,126,16243,"2,09"
2024-07-21,URBANA,039_ZW Biblioteca Daniel Guillard,13,MR76,False,Fin de Semana,Domingo,342.637,-764.865,96,12553,"1,92"
2024-07-22,URBANA,039_ZW Biblioteca Daniel Guillard,13,MR76,False,Laboral,Lunes,342.637,-764.865,83,9218,"1,32"
2024-07-23,URBANA,039_ZW Biblioteca Daniel Guillard,13,MR76,False,Laboral,Martes,342.637,-764.865,93,15997,"2,31"
2024-07-24,URBANA,039_ZW Biblioteca Daniel Guillard,13,MR76,False,Laboral,Miércoles,342.637,-764.865,99,13991,"2,21"
2024-07-25,URBANA,039_ZW Biblioteca Daniel Guillard,13,MR76,False,Laboral,Jueves,342.637,-764.865,106,25708,"4,07"
2024-07-26,URBANA,039_ZW Biblioteca Daniel Guillard,13,MR76,False,Laboral,Viernes,342.637,-764.865,126,16111,"2,12"
2024-07-27,URBANA,039_ZW Biblioteca Daniel Guillard,13,MR76,False,Fin de Semana,Sábado,342.637,-764.865,77,7408,"1,27"
2024-07-28,URBANA,039_ZW Biblioteca Daniel Guillard,13,MR76,False,Fin de Semana,Domingo,342.637,-764.865,93,238246,"50,41"
2024-07-29,URBANA,039_ZW Biblioteca Daniel Guillard,13,MR76,False,Laboral,Lunes,342.637,-764.865,91,1167303,"187,18"
2024-07-30,URBANA,039_ZW Biblioteca Daniel Guillard,13,MR76,False,Laboral,Martes,342.637,-764.865,100,2964755,"433,26"
2024-07-31,URBANA,039_ZW Biblioteca Daniel Guillard,13,MR76,False,Laboral,Miércoles,342.637,-764.865,111,2491781,"413,88"
2024-08-01,URBANA,039_ZW Biblioteca Daniel Guillard,13,MR76,False,Laboral,Jueves,342.637,-764.865,111,3665010,"546,9100000000001"
2024-08-02,URBANA,039_ZW Biblioteca Daniel Guillard,13,MR76,False,Laboral,Viernes,342.637,-764.865,133,3183366,"529,59"
2024-08-03,URBANA,039_ZW Biblioteca Daniel Guillard,13,MR76,False,Fin de Semana,Sábado,342.637,-764.865,108,2066361,"421,02000000000004"
2024-08-04,URBANA,039_ZW Biblioteca Daniel Guillard,13,MR76,False,Fin de Semana,Domingo,342.637,-764.865,117,2030781,"323,78"
2024-08-05,URBANA,039_ZW Biblioteca Daniel Guillard,13,MR76,False,Laboral,Lunes,342.637,-764.865,90,1511151,"218,34999999999997"
2024-08-06,URBANA,039_ZW Biblioteca Daniel Guillard,13,MR76,False,Laboral,Martes,342.637,-764.865,70,1080674,"104,03999999999999"
2024-08-07,URBANA,039_ZW Biblioteca Daniel Guillard,13,MR76,True,Festivo,Miércoles,342.637,-764.865,107,4448432,"529,15"
2024-08-08,URBANA,039_ZW Biblioteca Daniel Guillard,13,MR76,False,Laboral,Jueves,342.637,-764.865,97,3143743,"394,40999999999997"
2024-08-09,URBANA,039_ZW Biblioteca Daniel Guillard,13,MR76,False,Laboral,Viernes,342.637,-764.865,114,6275734,"1158,1999999999998"
2024-08-10,URBANA,039_ZW Biblioteca Daniel Guillard,13,MR76,False,Fin de Semana,Sábado,342.637,-764.865,114,1756951,"332,56"
2024-08-11,URBANA,039_ZW Biblioteca Daniel Guillard,13,MR76,False,Fin de Semana,Domingo,342.637,-764.865,100,13725,"2,38"
2024-08-12,URBANA,039_ZW Biblioteca Daniel Guillard,13,MR76,False,Laboral,Lunes,342.637,-764.865,102,11561,"2,48"
2024-08-13,URBANA,039_ZW Biblioteca Daniel Guillard,13,MR76,False,Laboral,Martes,342.637,-764.865,111,11366,"1,28"
2024-08-14,URBANA,039_ZW Biblioteca Daniel Guillard,13,MR76,False,Laboral,Miércoles,342.637,-764.865,109,13589,"1,7999999999999998"
2024-08-15,URBANA,039_ZW Biblioteca Daniel Guillard,13,MR76,False,Laboral,Jueves,342.637,-764.865,109,13107,"1,96"
2024-08-16,URBANA,039_ZW Biblioteca Daniel Guillard,13,MR76,False,Laboral,Viernes,342.637,-764.865,143,18941,"2,58"
2024-08-17,URBANA,039_ZW Biblioteca Daniel Guillard,13,MR76,False,Fin de Semana,Sábado,342.637,-764.865,104,11853,"1,7200000000000002"
2024-08-18,URBANA,039_ZW Biblioteca Daniel Guillard,13,MR76,False,Fin de Semana,Domingo,342.637,-764.865,142,1525079,"230,78"
2024-08-19,URBANA,039_ZW Biblioteca Daniel Guillard,13,MR76,True,Festivo,Lunes,342.637,-764.865,97,3451772,"473,83"
2024-08-20,URBANA,039_ZW Biblioteca Daniel Guillard,13,MR76,False,Laboral,Martes,342.637,-764.865,104,1559436,"386,09000000000003"
2024-08-21,URBANA,039_ZW Biblioteca Daniel Guillard,13,MR76,False,Laboral,Miércoles,342.637,-764.865,88,846370,"246,5"
2024-08-22,URBANA,039_ZW Biblioteca Daniel Guillard,13,MR76,False,Laboral,Jueves,342.637,-764.865,98,13540,"3,5999999999999996"
2024-08-23,URBANA,039_ZW Biblioteca Daniel Guillard,13,MR76,False,Laboral,Viernes,342.637,-764.865,107,3720595,"1515,91"
2024-08-24,URBANA,039_ZW Biblioteca Daniel Guillard,13,MR76,False,Fin de Semana,Sábado,342.637,-764.865,122,5165892,"3501,09"
2024-08-25,URBANA,039_ZW Biblioteca Daniel Guillard,13,MR76,False,Fin de Semana,Domingo,342.637,-764.865,119,3425501,"3277,44"
2024-08-26,URBANA,039_ZW Biblioteca Daniel Guillard,13,MR76,False,Laboral,Lunes,342.637,-764.865,87,2340668,"3127,67"
2024-08-27,URBANA,039_ZW Biblioteca Daniel Guillard,13,MR76,False,Laboral,Martes,342.637,-764.865,110,3927456,"4215,48"
2024-08-28,URBANA,039_ZW Biblioteca Daniel Guillard,13,MR76,False,Laboral,Miércoles,342.637,-764.865,45,1164098,"2065,36"
2024-12-06,URBANA,039_ZW Biblioteca Daniel Guillard,13,MR76,False,Laboral,Viernes,342.637,-764.865,62,940428,"41,82"
2024-12-07,URBANA,039_ZW Biblioteca Daniel Guillard,13,MR76,False,Fin de Semana,Sábado,342.637,-764.865,73,3411880,"166,31"
2024-12-08,URBANA,039_ZW Biblioteca Daniel Guillard,13,MR76,True,Festivo,Domingo,342.637,-764.865,44,1712801,"64,5"
2024-12-09,URBANA,039_ZW Biblioteca Daniel Guillard,13,MR76,False,Laboral,Lunes,342.637,-764.865,102,4824961,"178,89000000000001"
2024-12-10,URBANA,039_ZW Biblioteca Daniel Guillard,13,MR76,False,Laboral,Martes,342.637,-764.865,83,4449188,"146,91"
2024-12-11,URBANA,039_ZW Biblioteca Daniel Guillard,13,MR76,False,Laboral,Miércoles,342.637,-764.865,80,3735025,"123,87"
2024-12-12,URBANA,039_ZW Biblioteca Daniel Guillard,13,MR76,False,Laboral,Jueves,342.637,-764.865,79,9864573,"287,47"
2024-12-13,URBANA,039_ZW Biblioteca Daniel Guillard,13,MR76,False,Laboral,Viernes,342.637,-764.865,81,9888100,"291,46"
2024-12-14,URBANA,039_ZW Biblioteca Daniel Guillard,13,MR76,False,Fin de Semana,Sábado,342.637,-764.865,119,4605653,"151,62"
