﻿FECHA.CONEXION,AREA,NOMBRE.ZONA,COMUNA,MODEL,es_festivo,tipo_dia,dia_semana,LATITUD,LONGITUD,NUMERO.CONEXIONES,USAGE.KB,PORCENTAJE.USO
2024-01-01,URBANA,030_ZW Parque Mutis,1,MR76,True,Festivo,Lunes,345.407,-765.585,35,5655,"0,6"
2024-01-02,URBANA,030_ZW Parque Mutis,1,MR76,False,Laboral,Martes,345.407,-765.585,18,1240,"0,1"
2024-01-03,URBANA,030_ZW Parque Mutis,1,MR76,False,Laboral,Miércoles,345.407,-765.585,31,9999,"0,8"
2024-01-04,URBANA,030_ZW Parque Mutis,1,MR76,False,Laboral,Jueves,345.407,-765.585,28,9310,"0,9"
2024-01-05,URBANA,030_ZW Parque Mutis,1,MR76,False,Laboral,Viernes,345.407,-765.585,27,255129,"23,5"
2024-01-06,URBANA,030_ZW Parque Mutis,1,MR76,False,Fin de Semana,Sábado,345.407,-765.585,39,7319,"1,0"
2024-01-07,URBANA,030_ZW Parque Mutis,1,MR76,False,Fin de Semana,Domingo,345.407,-765.585,43,14530,"1,4"
2024-01-08,URBANA,030_ZW Parque Mutis,1,MR76,True,Festivo,Lunes,345.407,-765.585,34,5582,"0,4"
2024-01-09,URBANA,030_ZW Parque Mutis,1,MR76,False,Laboral,Martes,345.407,-765.585,29,28179,"2,2"
2024-01-10,URBANA,030_ZW Parque Mutis,1,MR76,False,Laboral,Miércoles,345.407,-765.585,23,7026,"0,6"
2024-01-11,URBANA,030_ZW Parque Mutis,1,MR76,False,Laboral,Jueves,345.407,-765.585,31,5966,"0,6"
2024-01-12,URBANA,030_ZW Parque Mutis,1,MR76,False,Laboral,Viernes,345.407,-765.585,26,4391,"0,4"
2024-01-13,URBANA,030_ZW Parque Mutis,1,MR76,False,Fin de Semana,Sábado,345.407,-765.585,38,6812,"0,8"
2024-01-14,URBANA,030_ZW Parque Mutis,1,MR76,False,Fin de Semana,Domingo,345.407,-765.585,28,4567,"0,6"
2024-01-15,URBANA,030_ZW Parque Mutis,1,MR76,False,Laboral,Lunes,345.407,-765.585,31,7012,"1,0"
2024-01-16,URBANA,030_ZW Parque Mutis,1,MR76,False,Laboral,Martes,345.407,-765.585,42,221181,"25,9"
2024-01-17,URBANA,030_ZW Parque Mutis,1,MR76,False,Laboral,Miércoles,345.407,-765.585,43,13893,"1,4"
2024-01-18,URBANA,030_ZW Parque Mutis,1,MR76,False,Laboral,Jueves,345.407,-765.585,35,12479,"1,0"
2024-01-19,URBANA,030_ZW Parque Mutis,1,MR76,False,Laboral,Viernes,345.407,-765.585,41,9368,"0,6"
2024-01-20,URBANA,030_ZW Parque Mutis,1,MR76,False,Fin de Semana,Sábado,345.407,-765.585,32,18916,"1,5"
2024-01-21,URBANA,030_ZW Parque Mutis,1,MR76,False,Fin de Semana,Domingo,345.407,-765.585,34,20497,"1,6"
2024-01-22,URBANA,030_ZW Parque Mutis,1,MR76,False,Laboral,Lunes,345.407,-765.585,26,3349,"0,3"
2024-01-23,URBANA,030_ZW Parque Mutis,1,MR76,False,Laboral,Martes,345.407,-765.585,25,534649,"49,5"
2024-01-24,URBANA,030_ZW Parque Mutis,1,MR76,False,Laboral,Miércoles,345.407,-765.585,51,4340581,"347,1"
2024-01-25,URBANA,030_ZW Parque Mutis,1,MR76,False,Laboral,Jueves,345.407,-765.585,38,7022845,"469,8"
2024-01-26,URBANA,030_ZW Parque Mutis,1,MR76,False,Laboral,Viernes,345.407,-765.585,50,5013046,"363,9"
2024-01-27,URBANA,030_ZW Parque Mutis,1,MR76,False,Fin de Semana,Sábado,345.407,-765.585,53,4419837,"356,1"
2024-01-28,URBANA,030_ZW Parque Mutis,1,MR76,False,Fin de Semana,Domingo,345.407,-765.585,42,155327,"15,1"
2024-01-29,URBANA,030_ZW Parque Mutis,1,MR76,False,Laboral,Lunes,345.407,-765.585,33,4236,"0,4"
2024-01-30,URBANA,030_ZW Parque Mutis,1,MR76,False,Laboral,Martes,345.407,-765.585,28,192219,"21,2"
2024-01-31,URBANA,030_ZW Parque Mutis,1,MR76,False,Laboral,Miércoles,345.407,-765.585,43,287998,"27,6"
2024-02-01,URBANA,030_ZW Parque Mutis,1,MR76,False,Laboral,Jueves,345.407,-765.585,29,137222,"9,9"
2024-02-02,URBANA,030_ZW Parque Mutis,1,MR76,False,Laboral,Viernes,345.407,-765.585,24,2127,"0,2"
2024-02-03,URBANA,030_ZW Parque Mutis,1,MR76,False,Fin de Semana,Sábado,345.407,-765.585,42,6974,"0,4"
2024-02-04,URBANA,030_ZW Parque Mutis,1,MR76,False,Fin de Semana,Domingo,345.407,-765.585,46,13069,"0,8"
2024-02-05,URBANA,030_ZW Parque Mutis,1,MR76,False,Laboral,Lunes,345.407,-765.585,36,11385,"0,8"
2024-02-06,URBANA,030_ZW Parque Mutis,1,MR76,False,Laboral,Martes,345.407,-765.585,30,29837,"2,0"
2024-02-07,URBANA,030_ZW Parque Mutis,1,MR76,False,Laboral,Miércoles,345.407,-765.585,48,19316,"1,2"
2024-02-08,URBANA,030_ZW Parque Mutis,1,MR76,False,Laboral,Jueves,345.407,-765.585,11,102070,"7,5"
2024-02-09,URBANA,030_ZW Parque Mutis,1,MR76,False,Laboral,Viernes,345.407,-765.585,29,2611121,"217,0"
2024-02-10,URBANA,030_ZW Parque Mutis,1,MR76,False,Fin de Semana,Sábado,345.407,-765.585,33,3064797,"191,9"
2024-02-11,URBANA,030_ZW Parque Mutis,1,MR76,False,Fin de Semana,Domingo,345.407,-765.585,55,1542450,"114,8"
2024-02-12,URBANA,030_ZW Parque Mutis,1,MR76,False,Laboral,Lunes,345.407,-765.585,41,142352,"13,7"
2024-02-13,URBANA,030_ZW Parque Mutis,1,MR76,False,Laboral,Martes,345.407,-765.585,40,13425,"1,5"
2024-02-14,URBANA,030_ZW Parque Mutis,1,MR76,False,Laboral,Miércoles,345.407,-765.585,37,880645,"116,6"
2024-02-15,URBANA,030_ZW Parque Mutis,1,MR76,False,Laboral,Jueves,345.407,-765.585,42,2969086,"254,3"
2024-02-16,URBANA,030_ZW Parque Mutis,1,MR76,False,Laboral,Viernes,345.407,-765.585,43,2797411,"265,3"
2024-02-17,URBANA,030_ZW Parque Mutis,1,MR76,False,Fin de Semana,Sábado,345.407,-765.585,44,3922016,"370,9"
2024-02-18,URBANA,030_ZW Parque Mutis,1,MR76,False,Fin de Semana,Domingo,345.407,-765.585,48,2876021,"222,2"
2024-02-19,URBANA,030_ZW Parque Mutis,1,MR76,False,Laboral,Lunes,345.407,-765.585,40,3491379,"238,2"
2024-02-20,URBANA,030_ZW Parque Mutis,1,MR76,False,Laboral,Martes,345.407,-765.585,42,3057983,"250,4"
2024-02-21,URBANA,030_ZW Parque Mutis,1,MR76,False,Laboral,Miércoles,345.407,-765.585,43,45574,"4,0"
2024-02-22,URBANA,030_ZW Parque Mutis,1,MR76,False,Laboral,Jueves,345.407,-765.585,55,8163,"0,5"
2024-02-23,URBANA,030_ZW Parque Mutis,1,MR76,False,Laboral,Viernes,345.407,-765.585,41,307233,"21,6"
2024-02-24,URBANA,030_ZW Parque Mutis,1,MR76,False,Fin de Semana,Sábado,345.407,-765.585,44,8331,"0,7"
2024-02-25,URBANA,030_ZW Parque Mutis,1,MR76,False,Fin de Semana,Domingo,345.407,-765.585,35,42761,"2,4"
2024-02-26,URBANA,030_ZW Parque Mutis,1,MR76,False,Laboral,Lunes,345.407,-765.585,37,8825,"0,8"
2024-02-27,URBANA,030_ZW Parque Mutis,1,MR76,False,Laboral,Martes,345.407,-765.585,32,2769,"0,2"
2024-02-28,URBANA,030_ZW Parque Mutis,1,MR76,False,Laboral,Miércoles,345.407,-765.585,40,7623,"0,4"
2024-02-29,URBANA,030_ZW Parque Mutis,1,MR76,False,Laboral,Jueves,345.407,-765.585,48,9740,"1,2"
2024-03-01,URBANA,030_ZW Parque Mutis,1,MR76,False,Laboral,Viernes,345.407,-765.585,40,12582,"1,0"
2024-03-02,URBANA,030_ZW Parque Mutis,1,MR76,False,Fin de Semana,Sábado,345.407,-765.585,43,12013,"1,2"
2024-03-03,URBANA,030_ZW Parque Mutis,1,MR76,False,Fin de Semana,Domingo,345.407,-765.585,58,63738,"4,6"
2024-03-04,URBANA,030_ZW Parque Mutis,1,MR76,False,Laboral,Lunes,345.407,-765.585,42,4079,"0,3"
2024-03-05,URBANA,030_ZW Parque Mutis,1,MR76,False,Laboral,Martes,345.407,-765.585,33,2728,"0,2"
2024-03-06,URBANA,030_ZW Parque Mutis,1,MR76,False,Laboral,Miércoles,345.407,-765.585,37,13630,"1,1"
2024-03-07,URBANA,030_ZW Parque Mutis,1,MR76,False,Laboral,Jueves,345.407,-765.585,44,5251,"0,5"
2024-03-08,URBANA,030_ZW Parque Mutis,1,MR76,False,Laboral,Viernes,345.407,-765.585,39,3976,"0,4"
2024-03-09,URBANA,030_ZW Parque Mutis,1,MR76,False,Fin de Semana,Sábado,345.407,-765.585,38,23377,"2,4"
2024-03-10,URBANA,030_ZW Parque Mutis,1,MR76,False,Fin de Semana,Domingo,345.407,-765.585,42,10821,"1,1"
2024-03-11,URBANA,030_ZW Parque Mutis,1,MR76,False,Laboral,Lunes,345.407,-765.585,35,384274,"40,9"
2024-03-12,URBANA,030_ZW Parque Mutis,1,MR76,False,Laboral,Martes,345.407,-765.585,31,551749,"62,6"
2024-03-13,URBANA,030_ZW Parque Mutis,1,MR76,False,Laboral,Miércoles,345.407,-765.585,41,2185651,"295,2"
2024-03-14,URBANA,030_ZW Parque Mutis,1,MR76,False,Laboral,Jueves,345.407,-765.585,47,3010982,"310,3"
2024-03-15,URBANA,030_ZW Parque Mutis,1,MR76,False,Laboral,Viernes,345.407,-765.585,55,4734537,"363,4"
2024-03-16,URBANA,030_ZW Parque Mutis,1,MR76,False,Fin de Semana,Sábado,345.407,-765.585,51,865711,"76,6"
2024-03-17,URBANA,030_ZW Parque Mutis,1,MR76,False,Fin de Semana,Domingo,345.407,-765.585,47,7314,"0,6"
2024-03-18,URBANA,030_ZW Parque Mutis,1,MR76,False,Laboral,Lunes,345.407,-765.585,36,7906,"0,7"
2024-03-19,URBANA,030_ZW Parque Mutis,1,MR76,False,Laboral,Martes,345.407,-765.585,30,2640,"0,4"
2024-03-20,URBANA,030_ZW Parque Mutis,1,MR76,False,Laboral,Miércoles,345.407,-765.585,40,16968,"2,6"
2024-03-21,URBANA,030_ZW Parque Mutis,1,MR76,False,Laboral,Jueves,345.407,-765.585,49,8271,"0,9"
2024-03-22,URBANA,030_ZW Parque Mutis,1,MR76,False,Laboral,Viernes,345.407,-765.585,40,18407,"1,9"
2024-03-23,URBANA,030_ZW Parque Mutis,1,MR76,False,Fin de Semana,Sábado,345.407,-765.585,35,7275,"0,9"
2024-03-24,URBANA,030_ZW Parque Mutis,1,MR76,True,Festivo,Domingo,345.407,-765.585,43,31297,"3,4"
2024-03-25,URBANA,030_ZW Parque Mutis,1,MR76,True,Festivo,Lunes,345.407,-765.585,33,14356,"2,0"
2024-03-26,URBANA,030_ZW Parque Mutis,1,MR76,False,Laboral,Martes,345.407,-765.585,32,4998,"0,6"
2024-03-27,URBANA,030_ZW Parque Mutis,1,MR76,False,Laboral,Miércoles,345.407,-765.585,25,155746,"19,3"
2024-03-28,URBANA,030_ZW Parque Mutis,1,MR76,True,Festivo,Jueves,345.407,-765.585,23,1532145,"240,1"
2024-03-29,URBANA,030_ZW Parque Mutis,1,MR76,True,Festivo,Viernes,345.407,-765.585,24,1268904,"128,0"
2024-03-30,URBANA,030_ZW Parque Mutis,1,MR76,False,Fin de Semana,Sábado,345.407,-765.585,39,19468,"3,1"
2024-03-31,URBANA,030_ZW Parque Mutis,1,MR76,True,Festivo,Domingo,345.407,-765.585,43,5377,"0,7"
2024-04-01,URBANA,030_ZW Parque Mutis,1,MR76,False,Laboral,Lunes,345.407,-765.585,32,8968,"0,9"
2024-04-02,URBANA,030_ZW Parque Mutis,1,MR76,False,Laboral,Martes,345.407,-765.585,27,8274,"1,2"
2024-04-03,URBANA,030_ZW Parque Mutis,1,MR76,False,Laboral,Miércoles,345.407,-765.585,35,5813,"0,6"
2024-04-04,URBANA,030_ZW Parque Mutis,1,MR76,False,Laboral,Jueves,345.407,-765.585,49,12145,"1,1"
2024-04-05,URBANA,030_ZW Parque Mutis,1,MR76,False,Laboral,Viernes,345.407,-765.585,38,15042,"1,3"
2024-04-06,URBANA,030_ZW Parque Mutis,1,MR76,False,Fin de Semana,Sábado,345.407,-765.585,36,5059,"0,4"
2024-04-07,URBANA,030_ZW Parque Mutis,1,MR76,False,Fin de Semana,Domingo,345.407,-765.585,52,3996,"0,3"
2024-04-08,URBANA,030_ZW Parque Mutis,1,MR76,False,Laboral,Lunes,345.407,-765.585,34,9611,"1,4"
2024-04-09,URBANA,030_ZW Parque Mutis,1,MR76,False,Laboral,Martes,345.407,-765.585,25,1499,"0,2"
2024-04-10,URBANA,030_ZW Parque Mutis,1,MR76,False,Laboral,Miércoles,345.407,-765.585,38,193741,"45,6"
2024-04-11,URBANA,030_ZW Parque Mutis,1,MR76,False,Laboral,Jueves,345.407,-765.585,35,2759,"0,6"
2024-04-12,URBANA,030_ZW Parque Mutis,1,MR76,False,Laboral,Viernes,345.407,-765.585,31,4493,"0,7"
2024-04-13,URBANA,030_ZW Parque Mutis,1,MR76,False,Fin de Semana,Sábado,345.407,-765.585,46,5717,"0,7"
2024-04-14,URBANA,030_ZW Parque Mutis,1,MR76,False,Fin de Semana,Domingo,345.407,-765.585,39,8650,"1,3"
2024-04-15,URBANA,030_ZW Parque Mutis,1,MR76,False,Laboral,Lunes,345.407,-765.585,29,5503,"1,4"
2024-04-16,URBANA,030_ZW Parque Mutis,1,MR76,False,Laboral,Martes,345.407,-765.585,34,3746,"0,9"
2024-04-17,URBANA,030_ZW Parque Mutis,1,MR76,False,Laboral,Miércoles,345.407,-765.585,35,3418,"0,9"
2024-04-18,URBANA,030_ZW Parque Mutis,1,MR76,False,Laboral,Jueves,345.407,-765.585,36,44826,"15,4"
2024-04-19,URBANA,030_ZW Parque Mutis,1,MR76,False,Laboral,Viernes,345.407,-765.585,31,3236,"0,8"
2024-04-20,URBANA,030_ZW Parque Mutis,1,MR76,False,Fin de Semana,Sábado,345.407,-765.585,41,10203,"1,3"
2024-04-21,URBANA,030_ZW Parque Mutis,1,MR76,False,Fin de Semana,Domingo,345.407,-765.585,37,5736,"0,9"
2024-04-22,URBANA,030_ZW Parque Mutis,1,MR76,False,Laboral,Lunes,345.407,-765.585,25,3192,"0,7"
2024-04-23,URBANA,030_ZW Parque Mutis,1,MR76,False,Laboral,Martes,345.407,-765.585,33,871362,"47,5"
2024-04-24,URBANA,030_ZW Parque Mutis,1,MR76,False,Laboral,Miércoles,345.407,-765.585,19,1007723,"54,9"
2024-04-25,URBANA,030_ZW Parque Mutis,1,MR76,False,Laboral,Jueves,345.407,-765.585,38,2622765,"221,0"
2024-04-26,URBANA,030_ZW Parque Mutis,1,MR76,False,Laboral,Viernes,345.407,-765.585,25,948491,"94,7"
2024-04-27,URBANA,030_ZW Parque Mutis,1,MR76,False,Fin de Semana,Sábado,345.407,-765.585,44,8250319,"676,3"
2024-04-28,URBANA,030_ZW Parque Mutis,1,MR76,False,Fin de Semana,Domingo,345.407,-765.585,21,4575,"0,6"
2024-04-29,URBANA,030_ZW Parque Mutis,1,MR76,False,Laboral,Lunes,345.407,-765.585,40,6129,"0,8"
2024-04-30,URBANA,030_ZW Parque Mutis,1,MR76,False,Laboral,Martes,345.407,-765.585,34,5139,"0,8"
2024-05-01,URBANA,030_ZW Parque Mutis,1,MR76,True,Festivo,Miércoles,345.407,-765.585,31,4243,"0,8"
2024-05-02,URBANA,030_ZW Parque Mutis,1,MR76,False,Laboral,Jueves,345.407,-765.585,25,8985,"1,8"
2024-05-03,URBANA,030_ZW Parque Mutis,1,MR76,False,Laboral,Viernes,345.407,-765.585,28,3889,"0,8"
2024-05-04,URBANA,030_ZW Parque Mutis,1,MR76,False,Fin de Semana,Sábado,345.407,-765.585,28,6195,"0,9"
2024-05-05,URBANA,030_ZW Parque Mutis,1,MR76,False,Fin de Semana,Domingo,345.407,-765.585,32,7722,"1,3"
2024-05-06,URBANA,030_ZW Parque Mutis,1,MR76,False,Laboral,Lunes,345.407,-765.585,26,4793,"1,0"
2024-05-07,URBANA,030_ZW Parque Mutis,1,MR76,False,Laboral,Martes,345.407,-765.585,33,9398,"1,5"
2024-05-08,URBANA,030_ZW Parque Mutis,1,MR76,False,Laboral,Miércoles,345.407,-765.585,24,5080,"0,6"
2024-05-09,URBANA,030_ZW Parque Mutis,1,MR76,False,Laboral,Jueves,345.407,-765.585,24,6291,"0,7"
2024-05-10,URBANA,030_ZW Parque Mutis,1,MR76,False,Laboral,Viernes,345.407,-765.585,23,3335,"0,4"
2024-05-11,URBANA,030_ZW Parque Mutis,1,MR76,False,Fin de Semana,Sábado,345.407,-765.585,32,13413,"1,8"
2024-05-12,URBANA,030_ZW Parque Mutis,1,MR76,False,Fin de Semana,Domingo,345.407,-765.585,33,13859,"3,4"
2024-05-13,URBANA,030_ZW Parque Mutis,1,MR76,True,Festivo,Lunes,345.407,-765.585,44,10788,"1,9"
2024-05-14,URBANA,030_ZW Parque Mutis,1,MR76,False,Laboral,Martes,345.407,-765.585,16,9231,"4,3"
2024-05-15,URBANA,030_ZW Parque Mutis,1,MR76,False,Laboral,Miércoles,345.407,-765.585,21,1632,"0,3"
2024-05-16,URBANA,030_ZW Parque Mutis,1,MR76,False,Laboral,Jueves,345.407,-765.585,37,9217,"1,1"
2024-05-17,URBANA,030_ZW Parque Mutis,1,MR76,False,Laboral,Viernes,345.407,-765.585,35,72500,"7,0"
2024-05-18,URBANA,030_ZW Parque Mutis,1,MR76,False,Fin de Semana,Sábado,345.407,-765.585,36,3041,"0,3"
2024-05-19,URBANA,030_ZW Parque Mutis,1,MR76,False,Fin de Semana,Domingo,345.407,-765.585,29,3900,"0,3"
2024-05-20,URBANA,030_ZW Parque Mutis,1,MR76,False,Laboral,Lunes,345.407,-765.585,33,4088,"0,6"
2024-05-23,URBANA,030_ZW Parque Mutis,1,MR76,False,Laboral,Jueves,345.407,-765.585,33,1971284,"371,2"
2024-05-24,URBANA,030_ZW Parque Mutis,1,MR76,False,Laboral,Viernes,345.407,-765.585,35,140060,"29,7"
2024-05-25,URBANA,030_ZW Parque Mutis,1,MR76,False,Fin de Semana,Sábado,345.407,-765.585,26,275802,"38,7"
2024-05-26,URBANA,030_ZW Parque Mutis,1,MR76,False,Fin de Semana,Domingo,345.407,-765.585,40,34695,"5,0"
2024-05-27,URBANA,030_ZW Parque Mutis,1,MR76,False,Laboral,Lunes,345.407,-765.585,29,5484,"0,6"
2024-05-28,URBANA,030_ZW Parque Mutis,1,MR76,False,Laboral,Martes,345.407,-765.585,21,2516,"0,3"
2024-05-29,URBANA,030_ZW Parque Mutis,1,MR76,False,Laboral,Miércoles,345.407,-765.585,17,2006,"0,4"
2024-05-30,URBANA,030_ZW Parque Mutis,1,MR76,False,Laboral,Jueves,345.407,-765.585,29,13263,"1,1"
2024-05-31,URBANA,030_ZW Parque Mutis,1,MR76,False,Laboral,Viernes,345.407,-765.585,33,2245,"0,2"
2024-06-01,URBANA,030_ZW Parque Mutis,1,MR76,False,Fin de Semana,Sábado,345.407,-765.585,33,7383,"0,7"
2024-06-02,URBANA,030_ZW Parque Mutis,1,MR76,False,Fin de Semana,Domingo,345.407,-765.585,38,5191,"0,5"
2024-06-03,URBANA,030_ZW Parque Mutis,1,MR76,True,Festivo,Lunes,345.407,-765.585,31,4486,"0,6"
2024-06-04,URBANA,030_ZW Parque Mutis,1,MR76,False,Laboral,Martes,345.407,-765.585,26,2214,"0,5"
2024-06-05,URBANA,030_ZW Parque Mutis,1,MR76,False,Laboral,Miércoles,345.407,-765.585,10,3375,"1,2"
2024-06-12,URBANA,030_ZW Parque Mutis,1,MR76,False,Laboral,Miércoles,345.407,-765.585,20,380366,"51,3"
2024-06-13,URBANA,030_ZW Parque Mutis,1,MR76,False,Laboral,Jueves,345.407,-765.585,21,564247,"10985289600,0"
2024-06-14,URBANA,030_ZW Parque Mutis,1,MR76,False,Laboral,Viernes,345.407,-765.585,25,1392020,"41838584600,0"
2024-06-18,URBANA,030_ZW Parque Mutis,1,MR76,False,Laboral,Martes,345.407,-765.585,18,127602,"20,2"
2024-06-19,URBANA,030_ZW Parque Mutis,1,MR76,False,Laboral,Miércoles,345.407,-765.585,29,2115099,"300,0"
2024-06-20,URBANA,030_ZW Parque Mutis,1,MR76,False,Laboral,Jueves,345.407,-765.585,37,3266886,"654,0"
2024-06-21,URBANA,030_ZW Parque Mutis,1,MR76,False,Laboral,Viernes,345.407,-765.585,39,1404814,"241,4"
2024-06-22,URBANA,030_ZW Parque Mutis,1,MR76,False,Fin de Semana,Sábado,345.407,-765.585,43,10685,"2,0"
2024-06-23,URBANA,030_ZW Parque Mutis,1,MR76,False,Fin de Semana,Domingo,345.407,-765.585,34,5445,"2,1"
2024-06-24,URBANA,030_ZW Parque Mutis,1,MR76,False,Laboral,Lunes,345.407,-765.585,37,26041,"5,0"
2024-06-25,URBANA,030_ZW Parque Mutis,1,MR76,False,Laboral,Martes,345.407,-765.585,33,3308,"0,8"
2024-06-26,URBANA,030_ZW Parque Mutis,1,MR76,False,Laboral,Miércoles,345.407,-765.585,36,4679,"1,2"
2024-06-27,URBANA,030_ZW Parque Mutis,1,MR76,False,Laboral,Jueves,345.407,-765.585,25,5786,"1,7"
2024-06-28,URBANA,030_ZW Parque Mutis,1,MR76,False,Laboral,Viernes,345.407,-765.585,41,4048,"0,7"
2024-06-29,URBANA,030_ZW Parque Mutis,1,MR76,False,Fin de Semana,Sábado,345.407,-765.585,44,15912,"2,7"
2024-06-30,URBANA,030_ZW Parque Mutis,1,MR76,False,Fin de Semana,Domingo,345.407,-765.585,39,15398,"3,3"
2024-07-01,URBANA,030_ZW Parque Mutis,1,MR76,True,Festivo,Lunes,345.407,-765.585,43,6378,"0,89"
2024-07-02,URBANA,030_ZW Parque Mutis,1,MR76,False,Laboral,Martes,345.407,-765.585,38,20645,"2,22"
2024-07-03,URBANA,030_ZW Parque Mutis,1,MR76,False,Laboral,Miércoles,345.407,-765.585,34,6476,"0,77"
2024-07-04,URBANA,030_ZW Parque Mutis,1,MR76,False,Laboral,Jueves,345.407,-765.585,31,6701,"0,84"
2024-07-05,URBANA,030_ZW Parque Mutis,1,MR76,False,Laboral,Viernes,345.407,-765.585,35,12113,"1,42"
2024-07-06,URBANA,030_ZW Parque Mutis,1,MR76,False,Fin de Semana,Sábado,345.407,-765.585,42,8058,"0,96"
2024-07-07,URBANA,030_ZW Parque Mutis,1,MR76,False,Fin de Semana,Domingo,345.407,-765.585,49,11440,"1,3"
2024-07-08,URBANA,030_ZW Parque Mutis,1,MR76,False,Laboral,Lunes,345.407,-765.585,36,5314,"0,96"
2024-07-09,URBANA,030_ZW Parque Mutis,1,MR76,False,Laboral,Martes,345.407,-765.585,36,5197,"0,89"
2024-07-10,URBANA,030_ZW Parque Mutis,1,MR76,False,Laboral,Miércoles,345.407,-765.585,36,5288,"0,77"
2024-07-11,URBANA,030_ZW Parque Mutis,1,MR76,False,Laboral,Jueves,345.407,-765.585,27,2247,"0,3"
2024-07-12,URBANA,030_ZW Parque Mutis,1,MR76,False,Laboral,Viernes,345.407,-765.585,30,3153,"0,5"
2024-07-13,URBANA,030_ZW Parque Mutis,1,MR76,False,Fin de Semana,Sábado,345.407,-765.585,37,9615,"1,36"
2024-07-14,URBANA,030_ZW Parque Mutis,1,MR76,False,Fin de Semana,Domingo,345.407,-765.585,29,26964,"4,24"
2024-07-15,URBANA,030_ZW Parque Mutis,1,MR76,False,Laboral,Lunes,345.407,-765.585,43,5978,"1,07"
2024-07-16,URBANA,030_ZW Parque Mutis,1,MR76,False,Laboral,Martes,345.407,-765.585,38,5215,"0,83"
2024-07-17,URBANA,030_ZW Parque Mutis,1,MR76,False,Laboral,Miércoles,345.407,-765.585,33,4303,"0,95"
2024-07-18,URBANA,030_ZW Parque Mutis,1,MR76,False,Laboral,Jueves,345.407,-765.585,42,20453,"3,43"
2024-07-19,URBANA,030_ZW Parque Mutis,1,MR76,False,Laboral,Viernes,345.407,-765.585,37,2525,"0,35"
2024-07-20,URBANA,030_ZW Parque Mutis,1,MR76,True,Festivo,Sábado,345.407,-765.585,46,13472,"1,73"
2024-07-21,URBANA,030_ZW Parque Mutis,1,MR76,False,Fin de Semana,Domingo,345.407,-765.585,39,8980,"1,37"
2024-07-22,URBANA,030_ZW Parque Mutis,1,MR76,False,Laboral,Lunes,345.407,-765.585,32,2793,"0,4"
2024-07-23,URBANA,030_ZW Parque Mutis,1,MR76,False,Laboral,Martes,345.407,-765.585,30,4645,"0,67"
2024-07-24,URBANA,030_ZW Parque Mutis,1,MR76,False,Laboral,Miércoles,345.407,-765.585,33,2200,"0,35"
2024-07-25,URBANA,030_ZW Parque Mutis,1,MR76,False,Laboral,Jueves,345.407,-765.585,46,3594,"0,57"
2024-07-26,URBANA,030_ZW Parque Mutis,1,MR76,False,Laboral,Viernes,345.407,-765.585,40,7237,"0,95"
2024-07-27,URBANA,030_ZW Parque Mutis,1,MR76,False,Fin de Semana,Sábado,345.407,-765.585,41,4407,"0,75"
2024-07-28,URBANA,030_ZW Parque Mutis,1,MR76,False,Fin de Semana,Domingo,345.407,-765.585,34,4276,"0,9"
2024-07-29,URBANA,030_ZW Parque Mutis,1,MR76,False,Laboral,Lunes,345.407,-765.585,28,6079,"0,97"
2024-07-30,URBANA,030_ZW Parque Mutis,1,MR76,False,Laboral,Martes,345.407,-765.585,30,3400,"0,5"
2024-07-31,URBANA,030_ZW Parque Mutis,1,MR76,False,Laboral,Miércoles,345.407,-765.585,32,3308,"0,55"
2024-08-01,URBANA,030_ZW Parque Mutis,1,MR76,False,Laboral,Jueves,345.407,-765.585,44,2713,"0,4"
2024-08-02,URBANA,030_ZW Parque Mutis,1,MR76,False,Laboral,Viernes,345.407,-765.585,32,21731,"3,62"
2024-08-03,URBANA,030_ZW Parque Mutis,1,MR76,False,Fin de Semana,Sábado,345.407,-765.585,36,3871,"0,79"
2024-08-04,URBANA,030_ZW Parque Mutis,1,MR76,False,Fin de Semana,Domingo,345.407,-765.585,47,13404,"2,14"
2024-08-05,URBANA,030_ZW Parque Mutis,1,MR76,False,Laboral,Lunes,345.407,-765.585,35,33246,"4,8"
2024-08-06,URBANA,030_ZW Parque Mutis,1,MR76,False,Laboral,Martes,345.407,-765.585,28,4902,"0,47"
2024-08-07,URBANA,030_ZW Parque Mutis,1,MR76,True,Festivo,Miércoles,345.407,-765.585,34,5942,"0,71"
2024-08-08,URBANA,030_ZW Parque Mutis,1,MR76,False,Laboral,Jueves,345.407,-765.585,47,9179,"1,15"
2024-08-09,URBANA,030_ZW Parque Mutis,1,MR76,False,Laboral,Viernes,345.407,-765.585,33,7700,"1,42"
2024-08-10,URBANA,030_ZW Parque Mutis,1,MR76,False,Fin de Semana,Sábado,345.407,-765.585,35,8909,"1,69"
2024-08-11,URBANA,030_ZW Parque Mutis,1,MR76,False,Fin de Semana,Domingo,345.407,-765.585,42,11850,"2,06"
2024-08-12,URBANA,030_ZW Parque Mutis,1,MR76,False,Laboral,Lunes,345.407,-765.585,31,3725,"0,8"
2024-08-13,URBANA,030_ZW Parque Mutis,1,MR76,False,Laboral,Martes,345.407,-765.585,30,5484,"0,62"
2024-08-14,URBANA,030_ZW Parque Mutis,1,MR76,False,Laboral,Miércoles,345.407,-765.585,31,4419,"0,59"
2024-08-15,URBANA,030_ZW Parque Mutis,1,MR76,False,Laboral,Jueves,345.407,-765.585,34,4620,"0,69"
2024-08-16,URBANA,030_ZW Parque Mutis,1,MR76,False,Laboral,Viernes,345.407,-765.585,46,3079923,"419,64"
2024-08-17,URBANA,030_ZW Parque Mutis,1,MR76,False,Fin de Semana,Sábado,345.407,-765.585,44,443243,"64,29"
2024-08-18,URBANA,030_ZW Parque Mutis,1,MR76,False,Fin de Semana,Domingo,345.407,-765.585,37,261111,"39,51"
2024-08-19,URBANA,030_ZW Parque Mutis,1,MR76,True,Festivo,Lunes,345.407,-765.585,41,4709946,"646,55"
2024-08-20,URBANA,030_ZW Parque Mutis,1,MR76,False,Laboral,Martes,345.407,-765.585,30,200694,"49,69"
2024-08-21,URBANA,030_ZW Parque Mutis,1,MR76,False,Laboral,Miércoles,345.407,-765.585,36,6904,"2,01"
2024-08-22,URBANA,030_ZW Parque Mutis,1,MR76,False,Laboral,Jueves,345.407,-765.585,35,5977,"1,59"
2024-08-23,URBANA,030_ZW Parque Mutis,1,MR76,False,Laboral,Viernes,345.407,-765.585,37,6853,"2,79"
2024-08-24,URBANA,030_ZW Parque Mutis,1,MR76,False,Fin de Semana,Sábado,345.407,-765.585,42,8587,"5,82"
2024-08-25,URBANA,030_ZW Parque Mutis,1,MR76,False,Fin de Semana,Domingo,345.407,-765.585,38,12986,"12,42"
2024-08-26,URBANA,030_ZW Parque Mutis,1,MR76,False,Laboral,Lunes,345.407,-765.585,37,18894,"25,25"
2024-08-27,URBANA,030_ZW Parque Mutis,1,MR76,False,Laboral,Martes,345.407,-765.585,35,5362,"5,76"
2024-08-28,URBANA,030_ZW Parque Mutis,1,MR76,False,Laboral,Miércoles,345.407,-765.585,29,6126,"10,87"
2024-08-29,URBANA,030_ZW Parque Mutis,1,MR76,False,Laboral,Jueves,345.407,-765.585,40,13713,"39,17"
2024-08-30,URBANA,030_ZW Parque Mutis,1,MR76,False,Laboral,Viernes,345.407,-765.585,40,11292,"27,2"
2024-08-31,URBANA,030_ZW Parque Mutis,1,MR76,False,Fin de Semana,Sábado,345.407,-765.585,39,3207,"4,58"
2024-09-01,URBANA,030_ZW Parque Mutis,1,MR76,False,Fin de Semana,Domingo,345.407,-765.585,37,10174,"23,55"
2024-09-02,URBANA,030_ZW Parque Mutis,1,MR76,False,Laboral,Lunes,345.407,-765.585,41,7447,"14,68"
2024-09-03,URBANA,030_ZW Parque Mutis,1,MR76,False,Laboral,Martes,345.407,-765.585,35,5778,"31,66"
2024-09-04,URBANA,030_ZW Parque Mutis,1,MR76,False,Laboral,Miércoles,345.407,-765.585,11,1475,"202,29"
2024-10-25,URBANA,030_ZW Parque Mutis,1,MR76,False,Laboral,Viernes,345.407,-765.585,30,321420,"71,8"
2024-10-26,URBANA,030_ZW Parque Mutis,1,MR76,False,Fin de Semana,Sábado,345.407,-765.585,29,3260386,"422,21"
2024-10-27,URBANA,030_ZW Parque Mutis,1,MR76,False,Fin de Semana,Domingo,345.407,-765.585,27,2009322,"201,85"
2024-10-28,URBANA,030_ZW Parque Mutis,1,MR76,False,Laboral,Lunes,345.407,-765.585,27,548103,"91,02"
2024-10-29,URBANA,030_ZW Parque Mutis,1,MR76,False,Laboral,Martes,345.407,-765.585,28,1465460,"231,16"
2024-10-30,URBANA,030_ZW Parque Mutis,1,MR76,False,Laboral,Miércoles,345.407,-765.585,39,312981,"63,88"
2024-10-31,URBANA,030_ZW Parque Mutis,1,MR76,False,Laboral,Jueves,345.407,-765.585,83,35161,"7,49"
2024-11-01,URBANA,030_ZW Parque Mutis,1,MR76,False,Laboral,Viernes,345.407,-765.585,25,3781,"0,68"
2024-11-02,URBANA,030_ZW Parque Mutis,1,MR76,False,Fin de Semana,Sábado,345.407,-765.585,22,2456,"0,4"
2024-11-03,URBANA,030_ZW Parque Mutis,1,MR76,False,Fin de Semana,Domingo,345.407,-765.585,32,17751,"3,02"
2024-11-04,URBANA,030_ZW Parque Mutis,1,MR76,True,Festivo,Lunes,345.407,-765.585,23,898480,"135,44"
2024-11-05,URBANA,030_ZW Parque Mutis,1,MR76,False,Laboral,Martes,345.407,-765.585,41,1477191,"202,3"
2024-11-06,URBANA,030_ZW Parque Mutis,1,MR76,False,Laboral,Miércoles,345.407,-765.585,24,807913,"129,03"
2024-11-07,URBANA,030_ZW Parque Mutis,1,MR76,False,Laboral,Jueves,345.407,-765.585,42,753380,"84,71"
2024-11-08,URBANA,030_ZW Parque Mutis,1,MR76,False,Laboral,Viernes,345.407,-765.585,116,10807434,"873,93"
2024-11-09,URBANA,030_ZW Parque Mutis,1,MR76,False,Fin de Semana,Sábado,345.407,-765.585,58,4960183,"297,89"
2024-11-10,URBANA,030_ZW Parque Mutis,1,MR76,False,Fin de Semana,Domingo,345.407,-765.585,70,3053015,"157,6"
2024-11-11,URBANA,030_ZW Parque Mutis,1,MR76,True,Festivo,Lunes,345.407,-765.585,39,4649889,"264,77"
2024-11-12,URBANA,030_ZW Parque Mutis,1,MR76,False,Laboral,Martes,345.407,-765.585,39,17184746,"899,03"
2024-11-13,URBANA,030_ZW Parque Mutis,1,MR76,False,Laboral,Miércoles,345.407,-765.585,49,1651187,"101,92"
2024-11-14,URBANA,030_ZW Parque Mutis,1,MR76,False,Laboral,Jueves,345.407,-765.585,48,4065461,"211,77"
2024-11-15,URBANA,030_ZW Parque Mutis,1,MR76,False,Laboral,Viernes,345.407,-765.585,38,1731029,"95,03"
2024-11-16,URBANA,030_ZW Parque Mutis,1,MR76,False,Fin de Semana,Sábado,345.407,-765.585,37,1230785,"66,84"
2024-11-17,URBANA,030_ZW Parque Mutis,1,MR76,False,Fin de Semana,Domingo,345.407,-765.585,46,4897314,"285,07"
2024-11-18,URBANA,030_ZW Parque Mutis,1,MR76,False,Laboral,Lunes,345.407,-765.585,39,2734489,"170,12"
2024-11-19,URBANA,030_ZW Parque Mutis,1,MR76,False,Laboral,Martes,345.407,-765.585,39,3802082,"237,98"
2024-11-20,URBANA,030_ZW Parque Mutis,1,MR76,False,Laboral,Miércoles,345.407,-765.585,56,4047728,"212,11"
2024-11-21,URBANA,030_ZW Parque Mutis,1,MR76,False,Laboral,Jueves,345.407,-765.585,46,2139378,"118,49"
2024-11-22,URBANA,030_ZW Parque Mutis,1,MR76,False,Laboral,Viernes,345.407,-765.585,46,2523139,"124,98"
2024-11-23,URBANA,030_ZW Parque Mutis,1,MR76,False,Fin de Semana,Sábado,345.407,-765.585,44,4018821,"209,7"
2024-11-24,URBANA,030_ZW Parque Mutis,1,MR76,False,Fin de Semana,Domingo,345.407,-765.585,49,1377625,"186,07"
2024-11-25,URBANA,030_ZW Parque Mutis,1,MR76,False,Laboral,Lunes,345.407,-765.585,14,61144,"14,87"
2024-11-26,URBANA,030_ZW Parque Mutis,1,MR76,False,Laboral,Martes,345.407,-765.585,17,63072,"8,01"
2024-11-27,URBANA,030_ZW Parque Mutis,1,MR76,False,Laboral,Miércoles,345.407,-765.585,52,10748381,"553,45"
2024-11-28,URBANA,030_ZW Parque Mutis,1,MR76,False,Laboral,Jueves,345.407,-765.585,46,984027,"46,74"
2024-11-29,URBANA,030_ZW Parque Mutis,1,MR76,False,Laboral,Viernes,345.407,-765.585,47,3507860,"157,84"
2024-11-30,URBANA,030_ZW Parque Mutis,1,MR76,False,Fin de Semana,Sábado,345.407,-765.585,56,3538352,"155,24"
2024-12-01,URBANA,030_ZW Parque Mutis,1,MR76,False,Fin de Semana,Domingo,345.407,-765.585,57,1219780,"50,47"
2024-12-02,URBANA,030_ZW Parque Mutis,1,MR76,False,Laboral,Lunes,345.407,-765.585,35,469591,"22,51"
