﻿FECHA.CONEXION,AREA,NOMBRE.ZONA,COMUNA,MODEL,es_festivo,tipo_dia,dia_semana,LATITUD,LONGITUD,NUMERO.CONEXIONES,USAGE.KB,PORCENTAJE.USO
2024-01-01,URBANA,011_ZW Parque Santa Rosa Poblado,13,MR76,True,Festivo,Lunes,342.244,-7.648.789,68,3284449,"375,8"
2024-01-02,URBANA,011_ZW Parque Santa Rosa Poblado,13,MR76,False,Laboral,Martes,342.244,-7.648.789,49,3781971,"449,2"
2024-01-03,URBANA,011_ZW Parque Santa Rosa Poblado,13,MR76,False,Laboral,Miércoles,342.244,-7.648.789,66,9380649,"774,1"
2024-01-04,URBANA,011_ZW Parque Santa Rosa Poblado,13,MR76,False,Laboral,Jueves,342.244,-7.648.789,51,2065521,"195,5"
2024-01-05,URBANA,011_ZW Parque Santa Rosa Poblado,13,MR76,False,Laboral,Viernes,342.244,-7.648.789,59,2180930,"201,2"
2024-01-06,URBANA,011_ZW Parque Santa Rosa Poblado,13,MR76,False,Fin de Semana,Sábado,342.244,-7.648.789,60,400160,"52,2"
2024-01-07,URBANA,011_ZW Parque Santa Rosa Poblado,13,MR76,False,Fin de Semana,Domingo,342.244,-7.648.789,65,1932910,"192,6"
2024-01-08,URBANA,011_ZW Parque Santa Rosa Poblado,13,MR76,True,Festivo,Lunes,342.244,-7.648.789,52,2419865,"153,5"
2024-01-09,URBANA,011_ZW Parque Santa Rosa Poblado,13,MR76,False,Laboral,Martes,342.244,-7.648.789,59,14549,"1,1"
2024-01-10,URBANA,011_ZW Parque Santa Rosa Poblado,13,MR76,False,Laboral,Miércoles,342.244,-7.648.789,59,26017,"2,1"
2024-01-11,URBANA,011_ZW Parque Santa Rosa Poblado,13,MR76,False,Laboral,Jueves,342.244,-7.648.789,44,13897,"1,2999999999999998"
2024-01-12,URBANA,011_ZW Parque Santa Rosa Poblado,13,MR76,False,Laboral,Viernes,342.244,-7.648.789,46,9812,"0,9"
2024-01-13,URBANA,011_ZW Parque Santa Rosa Poblado,13,MR76,False,Fin de Semana,Sábado,342.244,-7.648.789,36,13600,"1,5"
2024-01-14,URBANA,011_ZW Parque Santa Rosa Poblado,13,MR76,False,Fin de Semana,Domingo,342.244,-7.648.789,80,9145,"1,1"
2024-01-15,URBANA,011_ZW Parque Santa Rosa Poblado,13,MR76,False,Laboral,Lunes,342.244,-7.648.789,48,12505,"1,8"
2024-01-16,URBANA,011_ZW Parque Santa Rosa Poblado,13,MR76,False,Laboral,Martes,342.244,-7.648.789,74,8358,"1,0"
2024-01-17,URBANA,011_ZW Parque Santa Rosa Poblado,13,MR76,False,Laboral,Miércoles,342.244,-7.648.789,57,7151,"0,7"
2024-01-18,URBANA,011_ZW Parque Santa Rosa Poblado,13,MR76,False,Laboral,Jueves,342.244,-7.648.789,68,10671,"0,8"
2024-01-19,URBANA,011_ZW Parque Santa Rosa Poblado,13,MR76,False,Laboral,Viernes,342.244,-7.648.789,65,17367,"1,2"
2024-01-20,URBANA,011_ZW Parque Santa Rosa Poblado,13,MR76,False,Fin de Semana,Sábado,342.244,-7.648.789,53,4780,"0,4"
2024-01-21,URBANA,011_ZW Parque Santa Rosa Poblado,13,MR76,False,Fin de Semana,Domingo,342.244,-7.648.789,56,8949,"0,7"
2024-01-22,URBANA,011_ZW Parque Santa Rosa Poblado,13,MR76,False,Laboral,Lunes,342.244,-7.648.789,73,12028,"1,1"
2024-01-23,URBANA,011_ZW Parque Santa Rosa Poblado,13,MR76,False,Laboral,Martes,342.244,-7.648.789,58,8009,"0,7"
2024-01-24,URBANA,011_ZW Parque Santa Rosa Poblado,13,MR76,False,Laboral,Miércoles,342.244,-7.648.789,62,12535,"1,0"
2024-01-25,URBANA,011_ZW Parque Santa Rosa Poblado,13,MR76,False,Laboral,Jueves,342.244,-7.648.789,68,15003,"1,0"
2024-01-26,URBANA,011_ZW Parque Santa Rosa Poblado,13,MR76,False,Laboral,Viernes,342.244,-7.648.789,58,12060,"0,8999999999999999"
2024-01-27,URBANA,011_ZW Parque Santa Rosa Poblado,13,MR76,False,Fin de Semana,Sábado,342.244,-7.648.789,71,8056,"0,7"
2024-01-28,URBANA,011_ZW Parque Santa Rosa Poblado,13,MR76,False,Fin de Semana,Domingo,342.244,-7.648.789,53,3875,"0,4"
2024-01-29,URBANA,011_ZW Parque Santa Rosa Poblado,13,MR76,False,Laboral,Lunes,342.244,-7.648.789,97,161007,"13,899999999999999"
2024-01-30,URBANA,011_ZW Parque Santa Rosa Poblado,13,MR76,False,Laboral,Martes,342.244,-7.648.789,154,26138,"2,9"
2024-01-31,URBANA,011_ZW Parque Santa Rosa Poblado,13,MR76,False,Laboral,Miércoles,342.244,-7.648.789,128,49825,"4,7"
2024-02-01,URBANA,011_ZW Parque Santa Rosa Poblado,13,MR76,False,Laboral,Jueves,342.244,-7.648.789,171,25824,"1,9"
2024-02-02,URBANA,011_ZW Parque Santa Rosa Poblado,13,MR76,False,Laboral,Viernes,342.244,-7.648.789,41,2922,"0,30000000000000004"
2024-02-03,URBANA,011_ZW Parque Santa Rosa Poblado,13,MR76,False,Fin de Semana,Sábado,342.244,-7.648.789,98,16076,"0,8999999999999999"
2024-02-04,URBANA,011_ZW Parque Santa Rosa Poblado,13,MR76,False,Fin de Semana,Domingo,342.244,-7.648.789,53,8677,"0,6"
2024-02-05,URBANA,011_ZW Parque Santa Rosa Poblado,13,MR76,False,Laboral,Lunes,342.244,-7.648.789,101,15184,"1,0"
2024-02-06,URBANA,011_ZW Parque Santa Rosa Poblado,13,MR76,False,Laboral,Martes,342.244,-7.648.789,123,146390,"9,700000000000001"
2024-02-07,URBANA,011_ZW Parque Santa Rosa Poblado,13,MR76,False,Laboral,Miércoles,342.244,-7.648.789,112,3095632,"187,5"
2024-02-08,URBANA,011_ZW Parque Santa Rosa Poblado,13,MR76,False,Laboral,Jueves,342.244,-7.648.789,55,1668559,"122,8"
2024-02-09,URBANA,011_ZW Parque Santa Rosa Poblado,13,MR76,False,Laboral,Viernes,342.244,-7.648.789,162,8615496,"716,0"
2024-02-10,URBANA,011_ZW Parque Santa Rosa Poblado,13,MR76,False,Fin de Semana,Sábado,342.244,-7.648.789,134,3579409,"224,1"
2024-02-11,URBANA,011_ZW Parque Santa Rosa Poblado,13,MR76,False,Fin de Semana,Domingo,342.244,-7.648.789,61,70700,"5,300000000000001"
2024-02-12,URBANA,011_ZW Parque Santa Rosa Poblado,13,MR76,False,Laboral,Lunes,342.244,-7.648.789,179,7283300,"703,4"
2024-02-13,URBANA,011_ZW Parque Santa Rosa Poblado,13,MR76,False,Laboral,Martes,342.244,-7.648.789,216,10098385,"1165,8000000000002"
2024-02-14,URBANA,011_ZW Parque Santa Rosa Poblado,13,MR76,False,Laboral,Miércoles,342.244,-7.648.789,243,2306004,"305,3"
2024-02-15,URBANA,011_ZW Parque Santa Rosa Poblado,13,MR76,False,Laboral,Jueves,342.244,-7.648.789,230,92152,"7,9"
2024-02-16,URBANA,011_ZW Parque Santa Rosa Poblado,13,MR76,False,Laboral,Viernes,342.244,-7.648.789,206,1609585,"152,7"
2024-02-17,URBANA,011_ZW Parque Santa Rosa Poblado,13,MR76,False,Fin de Semana,Sábado,342.244,-7.648.789,147,63954,"6,1000000000000005"
2024-02-18,URBANA,011_ZW Parque Santa Rosa Poblado,13,MR76,False,Fin de Semana,Domingo,342.244,-7.648.789,57,38331,"3,0"
2024-02-19,URBANA,011_ZW Parque Santa Rosa Poblado,13,MR76,False,Laboral,Lunes,342.244,-7.648.789,200,10151691,"692,6999999999999"
2024-02-20,URBANA,011_ZW Parque Santa Rosa Poblado,13,MR76,False,Laboral,Martes,342.244,-7.648.789,216,4218568,"345,5"
2024-02-21,URBANA,011_ZW Parque Santa Rosa Poblado,13,MR76,False,Laboral,Miércoles,342.244,-7.648.789,229,2168583,"188,0"
2024-02-22,URBANA,011_ZW Parque Santa Rosa Poblado,13,MR76,False,Laboral,Jueves,342.244,-7.648.789,228,2359149,"154,1"
2024-02-23,URBANA,011_ZW Parque Santa Rosa Poblado,13,MR76,False,Laboral,Viernes,342.244,-7.648.789,205,1813099,"127,5"
2024-02-24,URBANA,011_ZW Parque Santa Rosa Poblado,13,MR76,False,Fin de Semana,Sábado,342.244,-7.648.789,8,5149,"0,4"
2024-02-25,URBANA,011_ZW Parque Santa Rosa Poblado,13,MR76,False,Fin de Semana,Domingo,342.244,-7.648.789,70,6828519,"388,8"
2024-02-26,URBANA,011_ZW Parque Santa Rosa Poblado,13,MR76,False,Laboral,Lunes,342.244,-7.648.789,200,10292977,"924,5999999999999"
2024-02-27,URBANA,011_ZW Parque Santa Rosa Poblado,13,MR76,False,Laboral,Martes,342.244,-7.648.789,223,6506501,"560,0"
2024-02-28,URBANA,011_ZW Parque Santa Rosa Poblado,13,MR76,False,Laboral,Miércoles,342.244,-7.648.789,218,5172850,"301,7"
2024-02-29,URBANA,011_ZW Parque Santa Rosa Poblado,13,MR76,False,Laboral,Jueves,342.244,-7.648.789,242,549875,"69,4"
2024-03-01,URBANA,011_ZW Parque Santa Rosa Poblado,13,MR76,False,Laboral,Viernes,342.244,-7.648.789,199,47054,"4,0"
2024-03-02,URBANA,011_ZW Parque Santa Rosa Poblado,13,MR76,False,Fin de Semana,Sábado,342.244,-7.648.789,127,16696,"1,7"
2024-03-03,URBANA,011_ZW Parque Santa Rosa Poblado,13,MR76,False,Fin de Semana,Domingo,342.244,-7.648.789,71,210719,"15,1"
2024-03-04,URBANA,011_ZW Parque Santa Rosa Poblado,13,MR76,False,Laboral,Lunes,342.244,-7.648.789,184,654837,"46,1"
2024-03-05,URBANA,011_ZW Parque Santa Rosa Poblado,13,MR76,False,Laboral,Martes,342.244,-7.648.789,196,488986,"35,5"
2024-03-06,URBANA,011_ZW Parque Santa Rosa Poblado,13,MR76,False,Laboral,Miércoles,342.244,-7.648.789,207,1740246,"143,8"
2024-03-07,URBANA,011_ZW Parque Santa Rosa Poblado,13,MR76,False,Laboral,Jueves,342.244,-7.648.789,231,10374063,"971,0"
2024-03-08,URBANA,011_ZW Parque Santa Rosa Poblado,13,MR76,False,Laboral,Viernes,342.244,-7.648.789,138,923003,"86,3"
2024-03-09,URBANA,011_ZW Parque Santa Rosa Poblado,13,MR76,False,Fin de Semana,Sábado,342.244,-7.648.789,137,17220,"1,7999999999999998"
2024-03-10,URBANA,011_ZW Parque Santa Rosa Poblado,13,MR76,False,Fin de Semana,Domingo,342.244,-7.648.789,63,1380825,"144,7"
2024-03-11,URBANA,011_ZW Parque Santa Rosa Poblado,13,MR76,False,Laboral,Lunes,342.244,-7.648.789,234,1649149,"175,4"
2024-03-12,URBANA,011_ZW Parque Santa Rosa Poblado,13,MR76,False,Laboral,Martes,342.244,-7.648.789,246,539118,"61,2"
2024-03-13,URBANA,011_ZW Parque Santa Rosa Poblado,13,MR76,False,Laboral,Miércoles,342.244,-7.648.789,212,60835,"8,2"
2024-03-14,URBANA,011_ZW Parque Santa Rosa Poblado,13,MR76,False,Laboral,Jueves,342.244,-7.648.789,105,18580,"1,9"
2024-03-15,URBANA,011_ZW Parque Santa Rosa Poblado,13,MR76,False,Laboral,Viernes,342.244,-7.648.789,190,25822,"2,0"
2024-03-16,URBANA,011_ZW Parque Santa Rosa Poblado,13,MR76,False,Fin de Semana,Sábado,342.244,-7.648.789,144,2395524,"211,8"
2024-03-17,URBANA,011_ZW Parque Santa Rosa Poblado,13,MR76,False,Fin de Semana,Domingo,342.244,-7.648.789,68,2265960,"175,0"
2024-03-18,URBANA,011_ZW Parque Santa Rosa Poblado,13,MR76,False,Laboral,Lunes,342.244,-7.648.789,183,2122915,"176,9"
2024-03-19,URBANA,011_ZW Parque Santa Rosa Poblado,13,MR76,False,Laboral,Martes,342.244,-7.648.789,223,6004798,"796,6999999999999"
2024-03-20,URBANA,011_ZW Parque Santa Rosa Poblado,13,MR76,False,Laboral,Miércoles,342.244,-7.648.789,237,3232509,"493,09999999999997"
2024-03-21,URBANA,011_ZW Parque Santa Rosa Poblado,13,MR76,False,Laboral,Jueves,342.244,-7.648.789,248,214535,"24,6"
2024-03-22,URBANA,011_ZW Parque Santa Rosa Poblado,13,MR76,False,Laboral,Viernes,342.244,-7.648.789,179,27245,"2,8"
2024-03-23,URBANA,011_ZW Parque Santa Rosa Poblado,13,MR76,False,Fin de Semana,Sábado,342.244,-7.648.789,114,13363,"1,7000000000000002"
2024-03-24,URBANA,011_ZW Parque Santa Rosa Poblado,13,MR76,True,Festivo,Domingo,342.244,-7.648.789,52,6649,"0,8"
2024-03-25,URBANA,011_ZW Parque Santa Rosa Poblado,13,MR76,True,Festivo,Lunes,342.244,-7.648.789,54,144770,"20,599999999999998"
2024-03-26,URBANA,011_ZW Parque Santa Rosa Poblado,13,MR76,False,Laboral,Martes,342.244,-7.648.789,73,7430,"0,8999999999999999"
2024-03-27,URBANA,011_ZW Parque Santa Rosa Poblado,13,MR76,False,Laboral,Miércoles,342.244,-7.648.789,64,4013,"0,5"
2024-03-28,URBANA,011_ZW Parque Santa Rosa Poblado,13,MR76,True,Festivo,Jueves,342.244,-7.648.789,60,6519,"1,0"
2024-03-29,URBANA,011_ZW Parque Santa Rosa Poblado,13,MR76,True,Festivo,Viernes,342.244,-7.648.789,63,8729,"0,8999999999999999"
2024-03-30,URBANA,011_ZW Parque Santa Rosa Poblado,13,MR76,False,Fin de Semana,Sábado,342.244,-7.648.789,71,9153,"1,4"
2024-03-31,URBANA,011_ZW Parque Santa Rosa Poblado,13,MR76,True,Festivo,Domingo,342.244,-7.648.789,60,9815,"1,3"
2024-04-01,URBANA,011_ZW Parque Santa Rosa Poblado,13,MR76,False,Laboral,Lunes,342.244,-7.648.789,69,6700,"0,7"
2024-04-02,URBANA,011_ZW Parque Santa Rosa Poblado,13,MR76,False,Laboral,Martes,342.244,-7.648.789,246,469344,"66,7"
2024-04-03,URBANA,011_ZW Parque Santa Rosa Poblado,13,MR76,False,Laboral,Miércoles,342.244,-7.648.789,211,377318,"41,9"
2024-04-04,URBANA,011_ZW Parque Santa Rosa Poblado,13,MR76,False,Laboral,Jueves,342.244,-7.648.789,231,189714,"16,5"
2024-04-05,URBANA,011_ZW Parque Santa Rosa Poblado,13,MR76,False,Laboral,Viernes,342.244,-7.648.789,201,101963,"9,0"
2024-04-06,URBANA,011_ZW Parque Santa Rosa Poblado,13,MR76,False,Fin de Semana,Sábado,342.244,-7.648.789,114,38311,"3,2"
2024-04-07,URBANA,011_ZW Parque Santa Rosa Poblado,13,MR76,False,Fin de Semana,Domingo,342.244,-7.648.789,72,53773,"4,5"
2024-04-08,URBANA,011_ZW Parque Santa Rosa Poblado,13,MR76,False,Laboral,Lunes,342.244,-7.648.789,144,31190,"4,4"
2024-04-09,URBANA,011_ZW Parque Santa Rosa Poblado,13,MR76,False,Laboral,Martes,342.244,-7.648.789,67,27767,"3,7"
2024-04-10,URBANA,011_ZW Parque Santa Rosa Poblado,13,MR76,False,Laboral,Miércoles,342.244,-7.648.789,195,438926,"103,3"
2024-04-11,URBANA,011_ZW Parque Santa Rosa Poblado,13,MR76,False,Laboral,Jueves,342.244,-7.648.789,191,26177,"5,9"
2024-04-12,URBANA,011_ZW Parque Santa Rosa Poblado,13,MR76,False,Laboral,Viernes,342.244,-7.648.789,182,393426,"58,0"
2024-04-13,URBANA,011_ZW Parque Santa Rosa Poblado,13,MR76,False,Fin de Semana,Sábado,342.244,-7.648.789,113,5659167,"665,1"
2024-04-14,URBANA,011_ZW Parque Santa Rosa Poblado,13,MR76,False,Fin de Semana,Domingo,342.244,-7.648.789,58,1205581,"174,8"
2024-04-15,URBANA,011_ZW Parque Santa Rosa Poblado,13,MR76,False,Laboral,Lunes,342.244,-7.648.789,80,2887113,"721,3"
2024-04-16,URBANA,011_ZW Parque Santa Rosa Poblado,13,MR76,False,Laboral,Martes,342.244,-7.648.789,219,7847284,"1847,6000000000001"
2024-04-17,URBANA,011_ZW Parque Santa Rosa Poblado,13,MR76,False,Laboral,Miércoles,342.244,-7.648.789,204,44213,"11,8"
2024-04-18,URBANA,011_ZW Parque Santa Rosa Poblado,13,MR76,False,Laboral,Jueves,342.244,-7.648.789,192,72607,"24,900000000000002"
2024-04-19,URBANA,011_ZW Parque Santa Rosa Poblado,13,MR76,False,Laboral,Viernes,342.244,-7.648.789,133,22442,"5,5"
2024-04-20,URBANA,011_ZW Parque Santa Rosa Poblado,13,MR76,False,Fin de Semana,Sábado,342.244,-7.648.789,110,41360,"5,3"
2024-04-21,URBANA,011_ZW Parque Santa Rosa Poblado,13,MR76,False,Fin de Semana,Domingo,342.244,-7.648.789,75,17911,"2,9"
2024-04-22,URBANA,011_ZW Parque Santa Rosa Poblado,13,MR76,False,Laboral,Lunes,342.244,-7.648.789,177,24843,"5,3"
2024-04-23,URBANA,011_ZW Parque Santa Rosa Poblado,13,MR76,False,Laboral,Martes,342.244,-7.648.789,201,3756892,"204,60000000000002"
2024-04-24,URBANA,011_ZW Parque Santa Rosa Poblado,13,MR76,False,Laboral,Miércoles,342.244,-7.648.789,197,2270493,"123,60000000000001"
2024-04-25,URBANA,011_ZW Parque Santa Rosa Poblado,13,MR76,False,Laboral,Jueves,342.244,-7.648.789,189,98407,"8,3"
2024-04-26,URBANA,011_ZW Parque Santa Rosa Poblado,13,MR76,False,Laboral,Viernes,342.244,-7.648.789,160,20693,"2,0999999999999996"
2024-04-27,URBANA,011_ZW Parque Santa Rosa Poblado,13,MR76,False,Fin de Semana,Sábado,342.244,-7.648.789,109,27994,"2,3000000000000003"
2024-04-28,URBANA,011_ZW Parque Santa Rosa Poblado,13,MR76,False,Fin de Semana,Domingo,342.244,-7.648.789,49,192901,"26,099999999999998"
2024-04-29,URBANA,011_ZW Parque Santa Rosa Poblado,13,MR76,False,Laboral,Lunes,342.244,-7.648.789,144,2810099,"351,0"
2024-04-30,URBANA,011_ZW Parque Santa Rosa Poblado,13,MR76,False,Laboral,Martes,342.244,-7.648.789,221,5308023,"842,5999999999999"
2024-05-01,URBANA,011_ZW Parque Santa Rosa Poblado,13,MR76,True,Festivo,Miércoles,342.244,-7.648.789,75,480701,"91,5"
2024-05-02,URBANA,011_ZW Parque Santa Rosa Poblado,13,MR76,False,Laboral,Jueves,342.244,-7.648.789,199,1248510,"243,9"
2024-05-03,URBANA,011_ZW Parque Santa Rosa Poblado,13,MR76,False,Laboral,Viernes,342.244,-7.648.789,166,23789,"5,2"
2024-05-04,URBANA,011_ZW Parque Santa Rosa Poblado,13,MR76,False,Fin de Semana,Sábado,342.244,-7.648.789,111,8858,"1,2"
2024-05-05,URBANA,011_ZW Parque Santa Rosa Poblado,13,MR76,False,Fin de Semana,Domingo,342.244,-7.648.789,70,4446,"0,7"
2024-05-06,URBANA,011_ZW Parque Santa Rosa Poblado,13,MR76,False,Laboral,Lunes,342.244,-7.648.789,152,127639,"26,7"
2024-05-07,URBANA,011_ZW Parque Santa Rosa Poblado,13,MR76,False,Laboral,Martes,342.244,-7.648.789,230,123436,"20,4"
2024-05-08,URBANA,011_ZW Parque Santa Rosa Poblado,13,MR76,False,Laboral,Miércoles,342.244,-7.648.789,187,36502,"4,6"
2024-05-09,URBANA,011_ZW Parque Santa Rosa Poblado,13,MR76,False,Laboral,Jueves,342.244,-7.648.789,106,19635,"2,2"
2024-05-10,URBANA,011_ZW Parque Santa Rosa Poblado,13,MR76,False,Laboral,Viernes,342.244,-7.648.789,164,26387,"3,3"
2024-05-11,URBANA,011_ZW Parque Santa Rosa Poblado,13,MR76,False,Fin de Semana,Sábado,342.244,-7.648.789,130,18635,"2,5"
2024-05-12,URBANA,011_ZW Parque Santa Rosa Poblado,13,MR76,False,Fin de Semana,Domingo,342.244,-7.648.789,110,32969,"8,0"
2024-05-13,URBANA,011_ZW Parque Santa Rosa Poblado,13,MR76,True,Festivo,Lunes,342.244,-7.648.789,64,4458,"0,7999999999999999"
2024-05-14,URBANA,011_ZW Parque Santa Rosa Poblado,13,MR76,False,Laboral,Martes,342.244,-7.648.789,170,19713,"9,0"
2024-05-15,URBANA,011_ZW Parque Santa Rosa Poblado,13,MR76,False,Laboral,Miércoles,342.244,-7.648.789,85,26346,"4,2"
2024-05-16,URBANA,011_ZW Parque Santa Rosa Poblado,13,MR76,False,Laboral,Jueves,342.244,-7.648.789,174,41035,"5,0"
2024-05-17,URBANA,011_ZW Parque Santa Rosa Poblado,13,MR76,False,Laboral,Viernes,342.244,-7.648.789,74,48183,"4,6000000000000005"
2024-05-18,URBANA,011_ZW Parque Santa Rosa Poblado,13,MR76,False,Fin de Semana,Sábado,342.244,-7.648.789,98,11202,"1,0"
2024-05-19,URBANA,011_ZW Parque Santa Rosa Poblado,13,MR76,False,Fin de Semana,Domingo,342.244,-7.648.789,71,4747,"0,4"
2024-05-20,URBANA,011_ZW Parque Santa Rosa Poblado,13,MR76,False,Laboral,Lunes,342.244,-7.648.789,125,13047,"1,9000000000000001"
2024-05-21,URBANA,011_ZW Parque Santa Rosa Poblado,13,MR76,False,Laboral,Martes,342.244,-7.648.789,177,155175,"20,0"
2024-05-22,URBANA,011_ZW Parque Santa Rosa Poblado,13,MR76,False,Laboral,Miércoles,342.244,-7.648.789,156,19845,"7,7"
2024-05-23,URBANA,011_ZW Parque Santa Rosa Poblado,13,MR76,False,Laboral,Jueves,342.244,-7.648.789,127,17905,"3,3000000000000003"
2024-05-24,URBANA,011_ZW Parque Santa Rosa Poblado,13,MR76,False,Laboral,Viernes,342.244,-7.648.789,101,19809,"4,2"
2024-05-25,URBANA,011_ZW Parque Santa Rosa Poblado,13,MR76,False,Fin de Semana,Sábado,342.244,-7.648.789,74,254347,"35,699999999999996"
2024-05-26,URBANA,011_ZW Parque Santa Rosa Poblado,13,MR76,False,Fin de Semana,Domingo,342.244,-7.648.789,48,4218,"0,6"
2024-05-27,URBANA,011_ZW Parque Santa Rosa Poblado,13,MR76,False,Laboral,Lunes,342.244,-7.648.789,144,17774,"2,1"
2024-05-28,URBANA,011_ZW Parque Santa Rosa Poblado,13,MR76,False,Laboral,Martes,342.244,-7.648.789,179,49686,"6,7"
2024-05-29,URBANA,011_ZW Parque Santa Rosa Poblado,13,MR76,False,Laboral,Miércoles,342.244,-7.648.789,154,26451,"5,300000000000001"
2024-05-30,URBANA,011_ZW Parque Santa Rosa Poblado,13,MR76,False,Laboral,Jueves,342.244,-7.648.789,194,36490,"3,0"
2024-05-31,URBANA,011_ZW Parque Santa Rosa Poblado,13,MR76,False,Laboral,Viernes,342.244,-7.648.789,154,17347,"1,9"
2024-06-01,URBANA,011_ZW Parque Santa Rosa Poblado,13,MR76,False,Fin de Semana,Sábado,342.244,-7.648.789,90,7758,"0,7999999999999999"
2024-06-02,URBANA,011_ZW Parque Santa Rosa Poblado,13,MR76,False,Fin de Semana,Domingo,342.244,-7.648.789,74,5642,"0,6000000000000001"
2024-06-03,URBANA,011_ZW Parque Santa Rosa Poblado,13,MR76,True,Festivo,Lunes,342.244,-7.648.789,45,5011,"0,7"
2024-06-04,URBANA,011_ZW Parque Santa Rosa Poblado,13,MR76,False,Laboral,Martes,342.244,-7.648.789,185,32847,"7,2"
2024-06-05,URBANA,011_ZW Parque Santa Rosa Poblado,13,MR76,False,Laboral,Miércoles,342.244,-7.648.789,175,25241,"8,8"
2024-06-06,URBANA,011_ZW Parque Santa Rosa Poblado,13,MR76,False,Laboral,Jueves,342.244,-7.648.789,204,31374,"5,2"
2024-06-07,URBANA,011_ZW Parque Santa Rosa Poblado,13,MR76,False,Laboral,Viernes,342.244,-7.648.789,187,34532,"7,1"
2024-06-08,URBANA,011_ZW Parque Santa Rosa Poblado,13,MR76,False,Fin de Semana,Sábado,342.244,-7.648.789,80,10262,"3,3"
2024-06-09,URBANA,011_ZW Parque Santa Rosa Poblado,13,MR76,False,Fin de Semana,Domingo,342.244,-7.648.789,55,10158,"3,5"
2024-06-10,URBANA,011_ZW Parque Santa Rosa Poblado,13,MR76,True,Festivo,Lunes,342.244,-7.648.789,57,10125,"1,9"
2024-06-11,URBANA,011_ZW Parque Santa Rosa Poblado,13,MR76,False,Laboral,Martes,342.244,-7.648.789,200,452928,"72,3"
2024-06-12,URBANA,011_ZW Parque Santa Rosa Poblado,13,MR76,False,Laboral,Miércoles,342.244,-7.648.789,65,10620,"1,4"
2024-06-13,URBANA,011_ZW Parque Santa Rosa Poblado,13,MR76,False,Laboral,Jueves,342.244,-7.648.789,72,7039,"137041900,0"
2024-06-14,URBANA,011_ZW Parque Santa Rosa Poblado,13,MR76,False,Laboral,Viernes,342.244,-7.648.789,73,10069,"244194400,0"
2024-06-15,URBANA,011_ZW Parque Santa Rosa Poblado,13,MR76,False,Fin de Semana,Sábado,342.244,-7.648.789,56,10260,"184067100,0"
2024-06-16,URBANA,011_ZW Parque Santa Rosa Poblado,13,MR76,False,Fin de Semana,Domingo,342.244,-7.648.789,69,7345,"58230300,0"
2024-06-17,URBANA,011_ZW Parque Santa Rosa Poblado,13,MR76,False,Laboral,Lunes,342.244,-7.648.789,55,9731,"1,5999999999999999"
2024-06-18,URBANA,011_ZW Parque Santa Rosa Poblado,13,MR76,False,Laboral,Martes,342.244,-7.648.789,55,6497,"1,1"
2024-06-19,URBANA,011_ZW Parque Santa Rosa Poblado,13,MR76,False,Laboral,Miércoles,342.244,-7.648.789,56,4091,"0,5"
2024-06-20,URBANA,011_ZW Parque Santa Rosa Poblado,13,MR76,False,Laboral,Jueves,342.244,-7.648.789,69,3099,"0,6"
2024-06-21,URBANA,011_ZW Parque Santa Rosa Poblado,13,MR76,False,Laboral,Viernes,342.244,-7.648.789,78,27466,"4,699999999999999"
2024-06-22,URBANA,011_ZW Parque Santa Rosa Poblado,13,MR76,False,Fin de Semana,Sábado,342.244,-7.648.789,100,13616,"2,5"
2024-06-23,URBANA,011_ZW Parque Santa Rosa Poblado,13,MR76,False,Fin de Semana,Domingo,342.244,-7.648.789,3,194,"0,1"
2024-06-25,URBANA,011_ZW Parque Santa Rosa Poblado,13,MR76,False,Laboral,Martes,342.244,-7.648.789,157,998921,"247,5"
2024-06-26,URBANA,011_ZW Parque Santa Rosa Poblado,13,MR76,False,Laboral,Miércoles,342.244,-7.648.789,196,3312847,"855,5999999999999"
2024-06-27,URBANA,011_ZW Parque Santa Rosa Poblado,13,MR76,False,Laboral,Jueves,342.244,-7.648.789,224,69303,"20,6"
2024-06-28,URBANA,011_ZW Parque Santa Rosa Poblado,13,MR76,False,Laboral,Viernes,342.244,-7.648.789,207,42637,"7,3"
2024-06-29,URBANA,011_ZW Parque Santa Rosa Poblado,13,MR76,False,Fin de Semana,Sábado,342.244,-7.648.789,108,16824,"2,8"
2024-06-30,URBANA,011_ZW Parque Santa Rosa Poblado,13,MR76,False,Fin de Semana,Domingo,342.244,-7.648.789,50,181422,"38,9"
2024-07-01,URBANA,011_ZW Parque Santa Rosa Poblado,13,MR76,True,Festivo,Lunes,342.244,-7.648.789,57,369023,"51,27"
2024-07-02,URBANA,011_ZW Parque Santa Rosa Poblado,13,MR76,False,Laboral,Martes,342.244,-7.648.789,4,25615,"2,75"
2024-07-03,URBANA,011_ZW Parque Santa Rosa Poblado,13,MR76,False,Laboral,Miércoles,342.244,-7.648.789,59,156265,"18,580000000000002"
2024-07-04,URBANA,011_ZW Parque Santa Rosa Poblado,13,MR76,False,Laboral,Jueves,342.244,-7.648.789,59,1515388,"190,97"
2024-07-05,URBANA,011_ZW Parque Santa Rosa Poblado,13,MR76,False,Laboral,Viernes,342.244,-7.648.789,71,2088510,"245,13"
2024-07-06,URBANA,011_ZW Parque Santa Rosa Poblado,13,MR76,False,Fin de Semana,Sábado,342.244,-7.648.789,104,1246462,"148,07999999999998"
2024-07-07,URBANA,011_ZW Parque Santa Rosa Poblado,13,MR76,False,Fin de Semana,Domingo,342.244,-7.648.789,85,1968373,"223,11"
2024-07-08,URBANA,011_ZW Parque Santa Rosa Poblado,13,MR76,False,Laboral,Lunes,342.244,-7.648.789,84,1033215,"185,97"
2024-07-09,URBANA,011_ZW Parque Santa Rosa Poblado,13,MR76,False,Laboral,Martes,342.244,-7.648.789,73,13923,"2,4"
2024-07-10,URBANA,011_ZW Parque Santa Rosa Poblado,13,MR76,False,Laboral,Miércoles,342.244,-7.648.789,71,993829,"143,92000000000002"
2024-07-11,URBANA,011_ZW Parque Santa Rosa Poblado,13,MR76,False,Laboral,Jueves,342.244,-7.648.789,81,298279,"40,43"
2024-07-12,URBANA,011_ZW Parque Santa Rosa Poblado,13,MR76,False,Laboral,Viernes,342.244,-7.648.789,80,83743,"13,2"
2024-07-13,URBANA,011_ZW Parque Santa Rosa Poblado,13,MR76,False,Fin de Semana,Sábado,342.244,-7.648.789,75,104235,"14,79"
2024-07-14,URBANA,011_ZW Parque Santa Rosa Poblado,13,MR76,False,Fin de Semana,Domingo,342.244,-7.648.789,70,13958,"2,2"
2024-07-15,URBANA,011_ZW Parque Santa Rosa Poblado,13,MR76,False,Laboral,Lunes,342.244,-7.648.789,66,113553,"20,32"
2024-07-16,URBANA,011_ZW Parque Santa Rosa Poblado,13,MR76,False,Laboral,Martes,342.244,-7.648.789,62,458204,"72,95"
2024-07-17,URBANA,011_ZW Parque Santa Rosa Poblado,13,MR76,False,Laboral,Miércoles,342.244,-7.648.789,90,14901,"3,29"
2024-07-18,URBANA,011_ZW Parque Santa Rosa Poblado,13,MR76,False,Laboral,Jueves,342.244,-7.648.789,77,15025,"2,52"
2024-07-19,URBANA,011_ZW Parque Santa Rosa Poblado,13,MR76,False,Laboral,Viernes,342.244,-7.648.789,98,17859,"2,48"
2024-07-20,URBANA,011_ZW Parque Santa Rosa Poblado,13,MR76,True,Festivo,Sábado,342.244,-7.648.789,97,7299,"0,94"
2024-07-21,URBANA,011_ZW Parque Santa Rosa Poblado,13,MR76,False,Fin de Semana,Domingo,342.244,-7.648.789,78,5797,"0,88"
2024-07-22,URBANA,011_ZW Parque Santa Rosa Poblado,13,MR76,False,Laboral,Lunes,342.244,-7.648.789,176,62577,"9,0"
2024-07-23,URBANA,011_ZW Parque Santa Rosa Poblado,13,MR76,False,Laboral,Martes,342.244,-7.648.789,181,63392,"9,15"
2024-07-24,URBANA,011_ZW Parque Santa Rosa Poblado,13,MR76,False,Laboral,Miércoles,342.244,-7.648.789,209,329593,"52,14"
2024-07-25,URBANA,011_ZW Parque Santa Rosa Poblado,13,MR76,False,Laboral,Jueves,342.244,-7.648.789,223,637200,"100,78999999999999"
2024-07-26,URBANA,011_ZW Parque Santa Rosa Poblado,13,MR76,False,Laboral,Viernes,342.244,-7.648.789,198,410784,"54,11"
2024-07-27,URBANA,011_ZW Parque Santa Rosa Poblado,13,MR76,False,Fin de Semana,Sábado,342.244,-7.648.789,119,53210,"9,1"
2024-07-28,URBANA,011_ZW Parque Santa Rosa Poblado,13,MR76,False,Fin de Semana,Domingo,342.244,-7.648.789,66,3830,"0,81"
2024-07-29,URBANA,011_ZW Parque Santa Rosa Poblado,13,MR76,False,Laboral,Lunes,342.244,-7.648.789,154,22413,"3,59"
2024-07-30,URBANA,011_ZW Parque Santa Rosa Poblado,13,MR76,False,Laboral,Martes,342.244,-7.648.789,214,253088,"36,989999999999995"
2024-07-31,URBANA,011_ZW Parque Santa Rosa Poblado,13,MR76,False,Laboral,Miércoles,342.244,-7.648.789,203,27831,"4,62"
2024-08-01,URBANA,011_ZW Parque Santa Rosa Poblado,13,MR76,False,Laboral,Jueves,342.244,-7.648.789,218,37330,"5,57"
2024-08-02,URBANA,011_ZW Parque Santa Rosa Poblado,13,MR76,False,Laboral,Viernes,342.244,-7.648.789,170,138823,"23,099999999999998"
2024-08-03,URBANA,011_ZW Parque Santa Rosa Poblado,13,MR76,False,Fin de Semana,Sábado,342.244,-7.648.789,126,10956,"2,23"
2024-08-04,URBANA,011_ZW Parque Santa Rosa Poblado,13,MR76,False,Fin de Semana,Domingo,342.244,-7.648.789,84,10652,"1,7000000000000002"
2024-08-05,URBANA,011_ZW Parque Santa Rosa Poblado,13,MR76,False,Laboral,Lunes,342.244,-7.648.789,200,63079,"9,120000000000001"
2024-08-06,URBANA,011_ZW Parque Santa Rosa Poblado,13,MR76,False,Laboral,Martes,342.244,-7.648.789,225,509039,"49,010000000000005"
2024-08-07,URBANA,011_ZW Parque Santa Rosa Poblado,13,MR76,True,Festivo,Miércoles,342.244,-7.648.789,76,149838,"17,83"
2024-08-08,URBANA,011_ZW Parque Santa Rosa Poblado,13,MR76,False,Laboral,Jueves,342.244,-7.648.789,189,70654,"8,86"
