﻿FECHA.CONEXION,AREA,NOMBRE.ZONA,COMUNA,MODEL,es_festivo,tipo_dia,dia_semana,LATITUD,LONGITUD,NUMERO.CONEXIONES,USAGE.KB,PORCENTAJE.USO
2024-01-01,URBANA,010_ZW Parque Antonio Nariño,16,MR76,True,Festivo,Lunes,341.577,-7.650.848,31,5614,"0,6"
2024-01-02,URBANA,010_ZW Parque Antonio Nariño,16,MR76,False,Laboral,Martes,341.577,-7.650.848,23,132583,"15,7"
2024-01-03,URBANA,010_ZW Parque Antonio Nariño,16,MR76,False,Laboral,Miércoles,341.577,-7.650.848,22,1042349,"86,0"
2024-01-04,URBANA,010_ZW Parque Antonio Nariño,16,MR76,False,Laboral,Jueves,341.577,-7.650.848,26,707692,"67,0"
2024-01-05,URBANA,010_ZW Parque Antonio Nariño,16,MR76,False,Laboral,Viernes,341.577,-7.650.848,25,2305339,"212,6"
2024-01-06,URBANA,010_ZW Parque Antonio Nariño,16,MR76,False,Fin de Semana,Sábado,341.577,-7.650.848,30,1338957,"174,6"
2024-01-07,URBANA,010_ZW Parque Antonio Nariño,16,MR76,False,Fin de Semana,Domingo,341.577,-7.650.848,19,686467,"68,4"
2024-01-08,URBANA,010_ZW Parque Antonio Nariño,16,MR76,True,Festivo,Lunes,341.577,-7.650.848,26,681507,"43,2"
2024-01-09,URBANA,010_ZW Parque Antonio Nariño,16,MR76,False,Laboral,Martes,341.577,-7.650.848,26,6684457,"515,8"
2024-01-10,URBANA,010_ZW Parque Antonio Nariño,16,MR76,False,Laboral,Miércoles,341.577,-7.650.848,17,1683702,"139,6"
2024-01-11,URBANA,010_ZW Parque Antonio Nariño,16,MR76,False,Laboral,Jueves,341.577,-7.650.848,24,1613919,"150,0"
2024-01-12,URBANA,010_ZW Parque Antonio Nariño,16,MR76,False,Laboral,Viernes,341.577,-7.650.848,29,433376,"37,3"
2024-01-13,URBANA,010_ZW Parque Antonio Nariño,16,MR76,False,Fin de Semana,Sábado,341.577,-7.650.848,27,108373,"12,0"
2024-01-14,URBANA,010_ZW Parque Antonio Nariño,16,MR76,False,Fin de Semana,Domingo,341.577,-7.650.848,23,1832832,"231,6"
2024-01-15,URBANA,010_ZW Parque Antonio Nariño,16,MR76,False,Laboral,Lunes,341.577,-7.650.848,18,1813679,"262,2"
2024-01-16,URBANA,010_ZW Parque Antonio Nariño,16,MR76,False,Laboral,Martes,341.577,-7.650.848,23,2085057,"243,8"
2024-01-17,URBANA,010_ZW Parque Antonio Nariño,16,MR76,False,Laboral,Miércoles,341.577,-7.650.848,20,1244834,"124,5"
2024-01-18,URBANA,010_ZW Parque Antonio Nariño,16,MR76,False,Laboral,Jueves,341.577,-7.650.848,31,2847055,"237,3"
2024-01-19,URBANA,010_ZW Parque Antonio Nariño,16,MR76,False,Laboral,Viernes,341.577,-7.650.848,30,2026978,"132,0"
2024-01-20,URBANA,010_ZW Parque Antonio Nariño,16,MR76,False,Fin de Semana,Sábado,341.577,-7.650.848,35,246820,"19,1"
2024-01-21,URBANA,010_ZW Parque Antonio Nariño,16,MR76,False,Fin de Semana,Domingo,341.577,-7.650.848,25,23687,"1,8"
2024-01-22,URBANA,010_ZW Parque Antonio Nariño,16,MR76,False,Laboral,Lunes,341.577,-7.650.848,24,3195,"0,3"
2024-01-23,URBANA,010_ZW Parque Antonio Nariño,16,MR76,False,Laboral,Martes,341.577,-7.650.848,28,7121,"0,7"
2024-01-24,URBANA,010_ZW Parque Antonio Nariño,16,MR76,False,Laboral,Miércoles,341.577,-7.650.848,28,970364,"77,6"
2024-01-25,URBANA,010_ZW Parque Antonio Nariño,16,MR76,False,Laboral,Jueves,341.577,-7.650.848,29,369315,"24,7"
2024-01-26,URBANA,010_ZW Parque Antonio Nariño,16,MR76,False,Laboral,Viernes,341.577,-7.650.848,27,1287579,"93,5"
2024-01-27,URBANA,010_ZW Parque Antonio Nariño,16,MR76,False,Fin de Semana,Sábado,341.577,-7.650.848,32,375694,"30,3"
2024-01-28,URBANA,010_ZW Parque Antonio Nariño,16,MR76,False,Fin de Semana,Domingo,341.577,-7.650.848,25,471897,"45,9"
2024-01-29,URBANA,010_ZW Parque Antonio Nariño,16,MR76,False,Laboral,Lunes,341.577,-7.650.848,23,40697,"3,5"
2024-01-30,URBANA,010_ZW Parque Antonio Nariño,16,MR76,False,Laboral,Martes,341.577,-7.650.848,27,288897,"31,9"
2024-01-31,URBANA,010_ZW Parque Antonio Nariño,16,MR76,False,Laboral,Miércoles,341.577,-7.650.848,28,1508232,"144,4"
2024-02-01,URBANA,010_ZW Parque Antonio Nariño,16,MR76,False,Laboral,Jueves,341.577,-7.650.848,25,3213085,"231,0"
2024-02-02,URBANA,010_ZW Parque Antonio Nariño,16,MR76,False,Laboral,Viernes,341.577,-7.650.848,19,946994,"99,1"
2024-02-03,URBANA,010_ZW Parque Antonio Nariño,16,MR76,False,Fin de Semana,Sábado,341.577,-7.650.848,30,1838214,"103,6"
2024-02-04,URBANA,010_ZW Parque Antonio Nariño,16,MR76,False,Fin de Semana,Domingo,341.577,-7.650.848,27,711879,"44,5"
2024-02-05,URBANA,010_ZW Parque Antonio Nariño,16,MR76,False,Laboral,Lunes,341.577,-7.650.848,29,224292,"14,9"
2024-02-06,URBANA,010_ZW Parque Antonio Nariño,16,MR76,False,Laboral,Martes,341.577,-7.650.848,21,70379,"4,7"
2024-02-07,URBANA,010_ZW Parque Antonio Nariño,16,MR76,False,Laboral,Miércoles,341.577,-7.650.848,21,674453,"40,9"
2024-02-08,URBANA,010_ZW Parque Antonio Nariño,16,MR76,False,Laboral,Jueves,341.577,-7.650.848,17,260201,"19,1"
2024-02-09,URBANA,010_ZW Parque Antonio Nariño,16,MR76,False,Laboral,Viernes,341.577,-7.650.848,22,795701,"66,1"
2024-02-10,URBANA,010_ZW Parque Antonio Nariño,16,MR76,False,Fin de Semana,Sábado,341.577,-7.650.848,31,19545599,"1223,7"
2024-02-11,URBANA,010_ZW Parque Antonio Nariño,16,MR76,False,Fin de Semana,Domingo,341.577,-7.650.848,20,1310413,"97,5"
2024-02-12,URBANA,010_ZW Parque Antonio Nariño,16,MR76,False,Laboral,Lunes,341.577,-7.650.848,31,9220102,"890,5"
2024-02-13,URBANA,010_ZW Parque Antonio Nariño,16,MR76,False,Laboral,Martes,341.577,-7.650.848,28,12530,"1,4"
2024-02-14,URBANA,010_ZW Parque Antonio Nariño,16,MR76,False,Laboral,Miércoles,341.577,-7.650.848,35,14590,"1,9"
2024-02-15,URBANA,010_ZW Parque Antonio Nariño,16,MR76,False,Laboral,Jueves,341.577,-7.650.848,34,6142,"0,5"
2024-02-16,URBANA,010_ZW Parque Antonio Nariño,16,MR76,False,Laboral,Viernes,341.577,-7.650.848,36,395701,"37,5"
2024-02-17,URBANA,010_ZW Parque Antonio Nariño,16,MR76,False,Fin de Semana,Sábado,341.577,-7.650.848,26,3287,"0,3"
2024-02-18,URBANA,010_ZW Parque Antonio Nariño,16,MR76,False,Fin de Semana,Domingo,341.577,-7.650.848,29,889623,"68,7"
2024-02-19,URBANA,010_ZW Parque Antonio Nariño,16,MR76,False,Laboral,Lunes,341.577,-7.650.848,32,3400369,"232,0"
2024-02-20,URBANA,010_ZW Parque Antonio Nariño,16,MR76,False,Laboral,Martes,341.577,-7.650.848,27,1727764,"141,5"
2024-02-21,URBANA,010_ZW Parque Antonio Nariño,16,MR76,False,Laboral,Miércoles,341.577,-7.650.848,25,266207,"23,1"
2024-02-22,URBANA,010_ZW Parque Antonio Nariño,16,MR76,False,Laboral,Jueves,341.577,-7.650.848,20,1032464,"67,5"
2024-02-23,URBANA,010_ZW Parque Antonio Nariño,16,MR76,False,Laboral,Viernes,341.577,-7.650.848,24,464136,"32,6"
2024-02-24,URBANA,010_ZW Parque Antonio Nariño,16,MR76,False,Fin de Semana,Sábado,341.577,-7.650.848,36,1594595,"127,0"
2024-02-25,URBANA,010_ZW Parque Antonio Nariño,16,MR76,False,Fin de Semana,Domingo,341.577,-7.650.848,23,1727363,"98,4"
2024-02-26,URBANA,010_ZW Parque Antonio Nariño,16,MR76,False,Laboral,Lunes,341.577,-7.650.848,28,126853,"11,4"
2024-02-27,URBANA,010_ZW Parque Antonio Nariño,16,MR76,False,Laboral,Martes,341.577,-7.650.848,34,1157721,"99,6"
2024-02-28,URBANA,010_ZW Parque Antonio Nariño,16,MR76,False,Laboral,Miércoles,341.577,-7.650.848,23,3430,"0,2"
2024-02-29,URBANA,010_ZW Parque Antonio Nariño,16,MR76,False,Laboral,Jueves,341.577,-7.650.848,19,1015076,"128,2"
2024-03-01,URBANA,010_ZW Parque Antonio Nariño,16,MR76,False,Laboral,Viernes,341.577,-7.650.848,30,4371782,"364,4"
2024-03-02,URBANA,010_ZW Parque Antonio Nariño,16,MR76,False,Fin de Semana,Sábado,341.577,-7.650.848,19,247946,"24,1"
2024-03-03,URBANA,010_ZW Parque Antonio Nariño,16,MR76,False,Fin de Semana,Domingo,341.577,-7.650.848,28,639273,"45,9"
2024-03-04,URBANA,010_ZW Parque Antonio Nariño,16,MR76,False,Laboral,Lunes,341.577,-7.650.848,31,284125,"20,0"
2024-03-05,URBANA,010_ZW Parque Antonio Nariño,16,MR76,False,Laboral,Martes,341.577,-7.650.848,39,386772,"28,1"
2024-03-06,URBANA,010_ZW Parque Antonio Nariño,16,MR76,False,Laboral,Miércoles,341.577,-7.650.848,27,1908,"0,2"
2024-03-07,URBANA,010_ZW Parque Antonio Nariño,16,MR76,False,Laboral,Jueves,341.577,-7.650.848,27,1387,"0,1"
2024-03-08,URBANA,010_ZW Parque Antonio Nariño,16,MR76,False,Laboral,Viernes,341.577,-7.650.848,27,4026,"0,4"
2024-03-09,URBANA,010_ZW Parque Antonio Nariño,16,MR76,False,Fin de Semana,Sábado,341.577,-7.650.848,27,15534,"1,6"
2024-03-10,URBANA,010_ZW Parque Antonio Nariño,16,MR76,False,Fin de Semana,Domingo,341.577,-7.650.848,30,3046,"0,3"
2024-03-11,URBANA,010_ZW Parque Antonio Nariño,16,MR76,False,Laboral,Lunes,341.577,-7.650.848,24,6395,"0,7"
2024-03-12,URBANA,010_ZW Parque Antonio Nariño,16,MR76,False,Laboral,Martes,341.577,-7.650.848,26,12725,"1,4"
2024-03-13,URBANA,010_ZW Parque Antonio Nariño,16,MR76,False,Laboral,Miércoles,341.577,-7.650.848,26,1842,"0,2"
2024-03-14,URBANA,010_ZW Parque Antonio Nariño,16,MR76,False,Laboral,Jueves,341.577,-7.650.848,24,2392,"0,2"
2024-03-15,URBANA,010_ZW Parque Antonio Nariño,16,MR76,False,Laboral,Viernes,341.577,-7.650.848,29,1643,"0,1"
2024-03-16,URBANA,010_ZW Parque Antonio Nariño,16,MR76,False,Fin de Semana,Sábado,341.577,-7.650.848,27,1905,"0,2"
2024-03-17,URBANA,010_ZW Parque Antonio Nariño,16,MR76,False,Fin de Semana,Domingo,341.577,-7.650.848,32,4142,"0,3"
2024-03-18,URBANA,010_ZW Parque Antonio Nariño,16,MR76,False,Laboral,Lunes,341.577,-7.650.848,27,10550,"0,9"
2024-03-19,URBANA,010_ZW Parque Antonio Nariño,16,MR76,False,Laboral,Martes,341.577,-7.650.848,24,1675,"0,2"
2024-03-20,URBANA,010_ZW Parque Antonio Nariño,16,MR76,False,Laboral,Miércoles,341.577,-7.650.848,27,3654,"0,6"
2024-03-21,URBANA,010_ZW Parque Antonio Nariño,16,MR76,False,Laboral,Jueves,341.577,-7.650.848,15,2141535,"245,3"
2024-03-22,URBANA,010_ZW Parque Antonio Nariño,16,MR76,False,Laboral,Viernes,341.577,-7.650.848,28,4058786,"416,1"
2024-03-23,URBANA,010_ZW Parque Antonio Nariño,16,MR76,False,Fin de Semana,Sábado,341.577,-7.650.848,22,2232020,"286,1"
2024-03-24,URBANA,010_ZW Parque Antonio Nariño,16,MR76,True,Festivo,Domingo,341.577,-7.650.848,25,697570,"76,7"
2024-03-25,URBANA,010_ZW Parque Antonio Nariño,16,MR76,True,Festivo,Lunes,341.577,-7.650.848,20,1798382,"256,3"
2024-03-26,URBANA,010_ZW Parque Antonio Nariño,16,MR76,False,Laboral,Martes,341.577,-7.650.848,17,720621,"92,5"
2024-03-27,URBANA,010_ZW Parque Antonio Nariño,16,MR76,False,Laboral,Miércoles,341.577,-7.650.848,24,1314606,"162,8"
2024-03-28,URBANA,010_ZW Parque Antonio Nariño,16,MR76,True,Festivo,Jueves,341.577,-7.650.848,26,1704562,"267,1"
2024-03-29,URBANA,010_ZW Parque Antonio Nariño,16,MR76,True,Festivo,Viernes,341.577,-7.650.848,30,1178905,"118,9"
2024-03-30,URBANA,010_ZW Parque Antonio Nariño,16,MR76,False,Fin de Semana,Sábado,341.577,-7.650.848,25,1972,"0,3"
2024-03-31,URBANA,010_ZW Parque Antonio Nariño,16,MR76,True,Festivo,Domingo,341.577,-7.650.848,27,2364,"0,3"
2024-04-01,URBANA,010_ZW Parque Antonio Nariño,16,MR76,False,Laboral,Lunes,341.577,-7.650.848,21,2104,"0,2"
2024-04-02,URBANA,010_ZW Parque Antonio Nariño,16,MR76,False,Laboral,Martes,341.577,-7.650.848,13,241358,"34,3"
2024-04-03,URBANA,010_ZW Parque Antonio Nariño,16,MR76,False,Laboral,Miércoles,341.577,-7.650.848,23,1688142,"187,4"
2024-04-04,URBANA,010_ZW Parque Antonio Nariño,16,MR76,False,Laboral,Jueves,341.577,-7.650.848,13,1225407,"106,6"
2024-04-05,URBANA,010_ZW Parque Antonio Nariño,16,MR76,False,Laboral,Viernes,341.577,-7.650.848,22,1860876,"165,6"
2024-04-06,URBANA,010_ZW Parque Antonio Nariño,16,MR76,False,Fin de Semana,Sábado,341.577,-7.650.848,19,1302157,"108,2"
2024-04-07,URBANA,010_ZW Parque Antonio Nariño,16,MR76,False,Fin de Semana,Domingo,341.577,-7.650.848,31,3374353,"282,1"
2024-04-08,URBANA,010_ZW Parque Antonio Nariño,16,MR76,False,Laboral,Lunes,341.577,-7.650.848,33,1529219,"216,1"
2024-04-09,URBANA,010_ZW Parque Antonio Nariño,16,MR76,False,Laboral,Martes,341.577,-7.650.848,21,906248,"118,4"
2024-04-10,URBANA,010_ZW Parque Antonio Nariño,16,MR76,False,Laboral,Miércoles,341.577,-7.650.848,21,28348,"6,7"
2024-04-11,URBANA,010_ZW Parque Antonio Nariño,16,MR76,False,Laboral,Jueves,341.577,-7.650.848,37,9354,"2,1"
2024-04-12,URBANA,010_ZW Parque Antonio Nariño,16,MR76,False,Laboral,Viernes,341.577,-7.650.848,25,8911,"1,3"
2024-04-13,URBANA,010_ZW Parque Antonio Nariño,16,MR76,False,Fin de Semana,Sábado,341.577,-7.650.848,20,9016,"1,1"
2024-04-14,URBANA,010_ZW Parque Antonio Nariño,16,MR76,False,Fin de Semana,Domingo,341.577,-7.650.848,30,8757,"1,3"
2024-04-15,URBANA,010_ZW Parque Antonio Nariño,16,MR76,False,Laboral,Lunes,341.577,-7.650.848,37,9409,"2,4"
2024-04-16,URBANA,010_ZW Parque Antonio Nariño,16,MR76,False,Laboral,Martes,341.577,-7.650.848,14,543,"0,1"
2024-04-17,URBANA,010_ZW Parque Antonio Nariño,16,MR76,False,Laboral,Miércoles,341.577,-7.650.848,27,1440,"0,4"
2024-04-18,URBANA,010_ZW Parque Antonio Nariño,16,MR76,False,Laboral,Jueves,341.577,-7.650.848,20,3370,"1,2"
2024-04-19,URBANA,010_ZW Parque Antonio Nariño,16,MR76,False,Laboral,Viernes,341.577,-7.650.848,19,1365,"0,3"
2024-04-20,URBANA,010_ZW Parque Antonio Nariño,16,MR76,False,Fin de Semana,Sábado,341.577,-7.650.848,27,7298,"0,9"
2024-04-21,URBANA,010_ZW Parque Antonio Nariño,16,MR76,False,Fin de Semana,Domingo,341.577,-7.650.848,28,6762,"1,1"
2024-04-22,URBANA,010_ZW Parque Antonio Nariño,16,MR76,False,Laboral,Lunes,341.577,-7.650.848,25,2464,"0,5"
2024-04-23,URBANA,010_ZW Parque Antonio Nariño,16,MR76,False,Laboral,Martes,341.577,-7.650.848,30,2747091,"149,6"
2024-04-24,URBANA,010_ZW Parque Antonio Nariño,16,MR76,False,Laboral,Miércoles,341.577,-7.650.848,25,1016408,"55,3"
2024-04-25,URBANA,010_ZW Parque Antonio Nariño,16,MR76,False,Laboral,Jueves,341.577,-7.650.848,22,1729897,"145,8"
2024-04-26,URBANA,010_ZW Parque Antonio Nariño,16,MR76,False,Laboral,Viernes,341.577,-7.650.848,20,1695974,"169,3"
2024-04-27,URBANA,010_ZW Parque Antonio Nariño,16,MR76,False,Fin de Semana,Sábado,341.577,-7.650.848,21,786169,"64,4"
2024-04-28,URBANA,010_ZW Parque Antonio Nariño,16,MR76,False,Fin de Semana,Domingo,341.577,-7.650.848,18,411090,"55,6"
2024-04-29,URBANA,010_ZW Parque Antonio Nariño,16,MR76,False,Laboral,Lunes,341.577,-7.650.848,28,2252249,"281,3"
2024-04-30,URBANA,010_ZW Parque Antonio Nariño,16,MR76,False,Laboral,Martes,341.577,-7.650.848,29,192211,"30,5"
2024-05-01,URBANA,010_ZW Parque Antonio Nariño,16,MR76,True,Festivo,Miércoles,341.577,-7.650.848,30,4688,"0,9"
2024-05-02,URBANA,010_ZW Parque Antonio Nariño,16,MR76,False,Laboral,Jueves,341.577,-7.650.848,21,4860,"0,9"
2024-05-03,URBANA,010_ZW Parque Antonio Nariño,16,MR76,False,Laboral,Viernes,341.577,-7.650.848,18,326104,"71,2"
2024-05-04,URBANA,010_ZW Parque Antonio Nariño,16,MR76,False,Fin de Semana,Sábado,341.577,-7.650.848,33,5800327,"803,4"
2024-05-05,URBANA,010_ZW Parque Antonio Nariño,16,MR76,False,Fin de Semana,Domingo,341.577,-7.650.848,32,15324,"2,5"
2024-05-06,URBANA,010_ZW Parque Antonio Nariño,16,MR76,False,Laboral,Lunes,341.577,-7.650.848,26,16628,"3,5"
2024-05-07,URBANA,010_ZW Parque Antonio Nariño,16,MR76,False,Laboral,Martes,341.577,-7.650.848,26,2491,"0,4"
2024-05-08,URBANA,010_ZW Parque Antonio Nariño,16,MR76,False,Laboral,Miércoles,341.577,-7.650.848,19,7826,"1,0"
2024-05-09,URBANA,010_ZW Parque Antonio Nariño,16,MR76,False,Laboral,Jueves,341.577,-7.650.848,18,3290,"0,4"
2024-05-10,URBANA,010_ZW Parque Antonio Nariño,16,MR76,False,Laboral,Viernes,341.577,-7.650.848,18,19164,"2,4"
2024-05-11,URBANA,010_ZW Parque Antonio Nariño,16,MR76,False,Fin de Semana,Sábado,341.577,-7.650.848,31,5285,"0,7"
2024-05-12,URBANA,010_ZW Parque Antonio Nariño,16,MR76,False,Fin de Semana,Domingo,341.577,-7.650.848,27,11828,"2,9"
2024-05-13,URBANA,010_ZW Parque Antonio Nariño,16,MR76,True,Festivo,Lunes,341.577,-7.650.848,32,10359,"1,9"
2024-05-14,URBANA,010_ZW Parque Antonio Nariño,16,MR76,False,Laboral,Martes,341.577,-7.650.848,12,202339,"93,3"
2024-05-15,URBANA,010_ZW Parque Antonio Nariño,16,MR76,False,Laboral,Miércoles,341.577,-7.650.848,22,640293,"103,6"
2024-05-16,URBANA,010_ZW Parque Antonio Nariño,16,MR76,False,Laboral,Jueves,341.577,-7.650.848,21,394019,"48,3"
2024-05-17,URBANA,010_ZW Parque Antonio Nariño,16,MR76,False,Laboral,Viernes,341.577,-7.650.848,15,541818,"52,1"
2024-05-18,URBANA,010_ZW Parque Antonio Nariño,16,MR76,False,Fin de Semana,Sábado,341.577,-7.650.848,15,313320,"28,5"
2024-05-19,URBANA,010_ZW Parque Antonio Nariño,16,MR76,False,Fin de Semana,Domingo,341.577,-7.650.848,25,1568104,"134,1"
2024-05-20,URBANA,010_ZW Parque Antonio Nariño,16,MR76,False,Laboral,Lunes,341.577,-7.650.848,15,962238,"136,7"
2024-05-21,URBANA,010_ZW Parque Antonio Nariño,16,MR76,False,Laboral,Martes,341.577,-7.650.848,24,2005515,"258,2"
2024-05-22,URBANA,010_ZW Parque Antonio Nariño,16,MR76,False,Laboral,Miércoles,341.577,-7.650.848,27,408545,"158,6"
2024-05-23,URBANA,010_ZW Parque Antonio Nariño,16,MR76,False,Laboral,Jueves,341.577,-7.650.848,29,12153,"2,3"
2024-05-24,URBANA,010_ZW Parque Antonio Nariño,16,MR76,False,Laboral,Viernes,341.577,-7.650.848,26,4386,"0,9"
2024-05-25,URBANA,010_ZW Parque Antonio Nariño,16,MR76,False,Fin de Semana,Sábado,341.577,-7.650.848,26,5899,"0,8"
2024-05-26,URBANA,010_ZW Parque Antonio Nariño,16,MR76,False,Fin de Semana,Domingo,341.577,-7.650.848,23,5163,"0,7"
2024-05-27,URBANA,010_ZW Parque Antonio Nariño,16,MR76,False,Laboral,Lunes,341.577,-7.650.848,28,558173,"65,6"
2024-05-28,URBANA,010_ZW Parque Antonio Nariño,16,MR76,False,Laboral,Martes,341.577,-7.650.848,24,951300,"127,7"
2024-05-29,URBANA,010_ZW Parque Antonio Nariño,16,MR76,False,Laboral,Miércoles,341.577,-7.650.848,16,220166,"44,0"
2024-05-30,URBANA,010_ZW Parque Antonio Nariño,16,MR76,False,Laboral,Jueves,341.577,-7.650.848,32,2413988,"201,7"
2024-05-31,URBANA,010_ZW Parque Antonio Nariño,16,MR76,False,Laboral,Viernes,341.577,-7.650.848,22,282460,"30,4"
2024-06-01,URBANA,010_ZW Parque Antonio Nariño,16,MR76,False,Fin de Semana,Sábado,341.577,-7.650.848,26,854366,"85,3"
2024-06-02,URBANA,010_ZW Parque Antonio Nariño,16,MR76,False,Fin de Semana,Domingo,341.577,-7.650.848,28,2845016,"290,3"
2024-06-03,URBANA,010_ZW Parque Antonio Nariño,16,MR76,True,Festivo,Lunes,341.577,-7.650.848,28,2514878,"363,0"
2024-06-04,URBANA,010_ZW Parque Antonio Nariño,16,MR76,False,Laboral,Martes,341.577,-7.650.848,26,962791,"211,8"
2024-06-05,URBANA,010_ZW Parque Antonio Nariño,16,MR76,False,Laboral,Miércoles,341.577,-7.650.848,24,759499,"265,9"
2024-06-06,URBANA,010_ZW Parque Antonio Nariño,16,MR76,False,Laboral,Jueves,341.577,-7.650.848,24,490791,"80,4"
2024-06-07,URBANA,010_ZW Parque Antonio Nariño,16,MR76,False,Laboral,Viernes,341.577,-7.650.848,27,2101947,"437,1"
2024-06-08,URBANA,010_ZW Parque Antonio Nariño,16,MR76,False,Fin de Semana,Sábado,341.577,-7.650.848,26,16597,"5,3"
2024-06-09,URBANA,010_ZW Parque Antonio Nariño,16,MR76,False,Fin de Semana,Domingo,341.577,-7.650.848,23,11911,"4,1"
2024-06-10,URBANA,010_ZW Parque Antonio Nariño,16,MR76,True,Festivo,Lunes,341.577,-7.650.848,22,4058,"0,7"
2024-06-11,URBANA,010_ZW Parque Antonio Nariño,16,MR76,False,Laboral,Martes,341.577,-7.650.848,31,5607,"0,9"
2024-06-12,URBANA,010_ZW Parque Antonio Nariño,16,MR76,False,Laboral,Miércoles,341.577,-7.650.848,20,6788,"0,9"
2024-06-13,URBANA,010_ZW Parque Antonio Nariño,16,MR76,False,Laboral,Jueves,341.577,-7.650.848,24,2844,"55369700,0"
2024-06-14,URBANA,010_ZW Parque Antonio Nariño,16,MR76,False,Laboral,Viernes,341.577,-7.650.848,18,1946,"5848900,0"
2024-06-15,URBANA,010_ZW Parque Antonio Nariño,16,MR76,False,Fin de Semana,Sábado,341.577,-7.650.848,20,3138,"56296500,0"
2024-06-16,URBANA,010_ZW Parque Antonio Nariño,16,MR76,False,Fin de Semana,Domingo,341.577,-7.650.848,33,4772,"8557100,0"
2024-06-17,URBANA,010_ZW Parque Antonio Nariño,16,MR76,False,Laboral,Lunes,341.577,-7.650.848,21,4099,"0,7"
2024-06-18,URBANA,010_ZW Parque Antonio Nariño,16,MR76,False,Laboral,Martes,341.577,-7.650.848,20,4540,"0,7"
2024-06-19,URBANA,010_ZW Parque Antonio Nariño,16,MR76,False,Laboral,Miércoles,341.577,-7.650.848,23,128439,"18,2"
2024-06-20,URBANA,010_ZW Parque Antonio Nariño,16,MR76,False,Laboral,Jueves,341.577,-7.650.848,27,1210000,"242,2"
2024-06-21,URBANA,010_ZW Parque Antonio Nariño,16,MR76,False,Laboral,Viernes,341.577,-7.650.848,26,500294,"86,0"
2024-06-22,URBANA,010_ZW Parque Antonio Nariño,16,MR76,False,Fin de Semana,Sábado,341.577,-7.650.848,28,1169534,"221,3"
2024-06-23,URBANA,010_ZW Parque Antonio Nariño,16,MR76,False,Fin de Semana,Domingo,341.577,-7.650.848,27,1780097,"698,7"
2024-06-24,URBANA,010_ZW Parque Antonio Nariño,16,MR76,False,Laboral,Lunes,341.577,-7.650.848,34,1995155,"382,1"
2024-06-25,URBANA,010_ZW Parque Antonio Nariño,16,MR76,False,Laboral,Martes,341.577,-7.650.848,38,553030,"137,0"
2024-06-26,URBANA,010_ZW Parque Antonio Nariño,16,MR76,False,Laboral,Miércoles,341.577,-7.650.848,35,1377521,"355,7"
2024-06-27,URBANA,010_ZW Parque Antonio Nariño,16,MR76,False,Laboral,Jueves,341.577,-7.650.848,28,638974,"190,1"
2024-06-28,URBANA,010_ZW Parque Antonio Nariño,16,MR76,False,Laboral,Viernes,341.577,-7.650.848,33,631069,"108,6"
2024-06-29,URBANA,010_ZW Parque Antonio Nariño,16,MR76,False,Fin de Semana,Sábado,341.577,-7.650.848,40,3483562,"590,7"
2024-06-30,URBANA,010_ZW Parque Antonio Nariño,16,MR76,False,Fin de Semana,Domingo,341.577,-7.650.848,31,1261435,"270,9"
2024-07-01,URBANA,010_ZW Parque Antonio Nariño,16,MR76,True,Festivo,Lunes,341.577,-7.650.848,53,1293071,"179,64"
2024-07-02,URBANA,010_ZW Parque Antonio Nariño,16,MR76,False,Laboral,Martes,341.577,-7.650.848,35,1564720,"168,53"
2024-07-03,URBANA,010_ZW Parque Antonio Nariño,16,MR76,False,Laboral,Miércoles,341.577,-7.650.848,32,5489512,"652,9"
2024-07-04,URBANA,010_ZW Parque Antonio Nariño,16,MR76,False,Laboral,Jueves,341.577,-7.650.848,38,2410576,"303,78"
2024-07-05,URBANA,010_ZW Parque Antonio Nariño,16,MR76,False,Laboral,Viernes,341.577,-7.650.848,33,4848786,"569,11"
2024-07-06,URBANA,010_ZW Parque Antonio Nariño,16,MR76,False,Fin de Semana,Sábado,341.577,-7.650.848,49,808972,"96,1"
2024-07-07,URBANA,010_ZW Parque Antonio Nariño,16,MR76,False,Fin de Semana,Domingo,341.577,-7.650.848,40,7550129,"855,78"
2024-07-08,URBANA,010_ZW Parque Antonio Nariño,16,MR76,False,Laboral,Lunes,341.577,-7.650.848,41,1767398,"318,11"
2024-07-09,URBANA,010_ZW Parque Antonio Nariño,16,MR76,False,Laboral,Martes,341.577,-7.650.848,42,1898368,"326,9"
2024-07-10,URBANA,010_ZW Parque Antonio Nariño,16,MR76,False,Laboral,Miércoles,341.577,-7.650.848,41,8450971,"1223,78"
2024-07-11,URBANA,010_ZW Parque Antonio Nariño,16,MR76,False,Laboral,Jueves,341.577,-7.650.848,35,6353340,"861,02"
2024-07-12,URBANA,010_ZW Parque Antonio Nariño,16,MR76,False,Laboral,Viernes,341.577,-7.650.848,43,8102816,"1277,72"
2024-07-13,URBANA,010_ZW Parque Antonio Nariño,16,MR76,False,Fin de Semana,Sábado,341.577,-7.650.848,39,6144746,"872,21"
2024-07-14,URBANA,010_ZW Parque Antonio Nariño,16,MR76,False,Fin de Semana,Domingo,341.577,-7.650.848,36,4523512,"711,36"
2024-07-15,URBANA,010_ZW Parque Antonio Nariño,16,MR76,False,Laboral,Lunes,341.577,-7.650.848,9,15925,"2,85"
2024-07-24,URBANA,010_ZW Parque Antonio Nariño,16,MR76,False,Laboral,Miércoles,341.577,-7.650.848,48,1557558,"246,41"
2024-07-25,URBANA,010_ZW Parque Antonio Nariño,16,MR76,False,Laboral,Jueves,341.577,-7.650.848,35,861679,"136,29"
2024-07-26,URBANA,010_ZW Parque Antonio Nariño,16,MR76,False,Laboral,Viernes,341.577,-7.650.848,60,1638086,"215,75"
2024-07-27,URBANA,010_ZW Parque Antonio Nariño,16,MR76,False,Fin de Semana,Sábado,341.577,-7.650.848,42,2145163,"366,88"
2024-07-28,URBANA,010_ZW Parque Antonio Nariño,16,MR76,False,Fin de Semana,Domingo,341.577,-7.650.848,56,3233066,"684,15"
2024-07-29,URBANA,010_ZW Parque Antonio Nariño,16,MR76,False,Laboral,Lunes,341.577,-7.650.848,43,1829791,"293,41"
2024-07-30,URBANA,010_ZW Parque Antonio Nariño,16,MR76,False,Laboral,Martes,341.577,-7.650.848,36,8385453,"1225,44"
2024-07-31,URBANA,010_ZW Parque Antonio Nariño,16,MR76,False,Laboral,Miércoles,341.577,-7.650.848,48,5697244,"946,32"
2024-08-01,URBANA,010_ZW Parque Antonio Nariño,16,MR76,False,Laboral,Jueves,341.577,-7.650.848,68,8737809,"1303,91"
2024-08-02,URBANA,010_ZW Parque Antonio Nariño,16,MR76,False,Laboral,Viernes,341.577,-7.650.848,57,7852233,"1306,29"
2024-08-03,URBANA,010_ZW Parque Antonio Nariño,16,MR76,False,Fin de Semana,Sábado,341.577,-7.650.848,47,1706451,"347,68"
2024-08-04,URBANA,010_ZW Parque Antonio Nariño,16,MR76,False,Fin de Semana,Domingo,341.577,-7.650.848,42,2883110,"459,68"
2024-08-05,URBANA,010_ZW Parque Antonio Nariño,16,MR76,False,Laboral,Lunes,341.577,-7.650.848,48,937432,"135,46"
2024-08-06,URBANA,010_ZW Parque Antonio Nariño,16,MR76,False,Laboral,Martes,341.577,-7.650.848,44,1795076,"172,82"
2024-08-07,URBANA,010_ZW Parque Antonio Nariño,16,MR76,True,Festivo,Miércoles,341.577,-7.650.848,47,2244621,"267,0"
2024-08-08,URBANA,010_ZW Parque Antonio Nariño,16,MR76,False,Laboral,Jueves,341.577,-7.650.848,47,2513657,"315,37"
2024-08-09,URBANA,010_ZW Parque Antonio Nariño,16,MR76,False,Laboral,Viernes,341.577,-7.650.848,55,2331762,"430,33"
2024-08-10,URBANA,010_ZW Parque Antonio Nariño,16,MR76,False,Fin de Semana,Sábado,341.577,-7.650.848,59,11885,"2,25"
2024-08-11,URBANA,010_ZW Parque Antonio Nariño,16,MR76,False,Fin de Semana,Domingo,341.577,-7.650.848,44,9225,"1,6"
2024-08-12,URBANA,010_ZW Parque Antonio Nariño,16,MR76,False,Laboral,Lunes,341.577,-7.650.848,46,3770,"0,81"
2024-08-13,URBANA,010_ZW Parque Antonio Nariño,16,MR76,False,Laboral,Martes,341.577,-7.650.848,50,8159,"0,92"
2024-08-14,URBANA,010_ZW Parque Antonio Nariño,16,MR76,False,Laboral,Miércoles,341.577,-7.650.848,57,3775,"0,5"
2024-08-15,URBANA,010_ZW Parque Antonio Nariño,16,MR76,False,Laboral,Jueves,341.577,-7.650.848,50,3234,"0,49"
2024-08-16,URBANA,010_ZW Parque Antonio Nariño,16,MR76,False,Laboral,Viernes,341.577,-7.650.848,43,4072,"0,55"
2024-08-17,URBANA,010_ZW Parque Antonio Nariño,16,MR76,False,Fin de Semana,Sábado,341.577,-7.650.848,44,13896,"2,02"
2024-08-18,URBANA,010_ZW Parque Antonio Nariño,16,MR76,False,Fin de Semana,Domingo,341.577,-7.650.848,47,10009,"1,51"
2024-08-19,URBANA,010_ZW Parque Antonio Nariño,16,MR76,True,Festivo,Lunes,341.577,-7.650.848,46,6606,"0,91"
2024-08-20,URBANA,010_ZW Parque Antonio Nariño,16,MR76,False,Laboral,Martes,341.577,-7.650.848,47,11972,"2,96"
2024-08-21,URBANA,010_ZW Parque Antonio Nariño,16,MR76,False,Laboral,Miércoles,341.577,-7.650.848,17,1567,"0,46"
2024-11-06,URBANA,010_ZW Parque Antonio Nariño,16,MR76,False,Laboral,Miércoles,341.577,-7.650.848,20,49247,"7,86"
2024-11-07,URBANA,010_ZW Parque Antonio Nariño,16,MR76,False,Laboral,Jueves,341.577,-7.650.848,29,208377,"23,43"
2024-11-08,URBANA,010_ZW Parque Antonio Nariño,16,MR76,False,Laboral,Viernes,341.577,-7.650.848,28,59266,"4,79"
2024-11-09,URBANA,010_ZW Parque Antonio Nariño,16,MR76,False,Fin de Semana,Sábado,341.577,-7.650.848,37,2282378,"137,07"
2024-11-10,URBANA,010_ZW Parque Antonio Nariño,16,MR76,False,Fin de Semana,Domingo,341.577,-7.650.848,37,3631848,"187,48"
2024-11-11,URBANA,010_ZW Parque Antonio Nariño,16,MR76,True,Festivo,Lunes,341.577,-7.650.848,27,1340060,"76,3"
2024-11-12,URBANA,010_ZW Parque Antonio Nariño,16,MR76,False,Laboral,Martes,341.577,-7.650.848,28,402158,"21,04"
2024-11-13,URBANA,010_ZW Parque Antonio Nariño,16,MR76,False,Laboral,Miércoles,341.577,-7.650.848,36,578497,"35,71"
2024-11-14,URBANA,010_ZW Parque Antonio Nariño,16,MR76,False,Laboral,Jueves,341.577,-7.650.848,37,420803,"21,92"
2024-11-15,URBANA,010_ZW Parque Antonio Nariño,16,MR76,False,Laboral,Viernes,341.577,-7.650.848,39,1932269,"106,07"
2024-11-16,URBANA,010_ZW Parque Antonio Nariño,16,MR76,False,Fin de Semana,Sábado,341.577,-7.650.848,65,3691873,"200,5"
2024-11-17,URBANA,010_ZW Parque Antonio Nariño,16,MR76,False,Fin de Semana,Domingo,341.577,-7.650.848,40,2304500,"134,14"
2024-11-18,URBANA,010_ZW Parque Antonio Nariño,16,MR76,False,Laboral,Lunes,341.577,-7.650.848,33,948162,"58,99"
2024-11-19,URBANA,010_ZW Parque Antonio Nariño,16,MR76,False,Laboral,Martes,341.577,-7.650.848,38,1071145,"67,05"
2024-11-20,URBANA,010_ZW Parque Antonio Nariño,16,MR76,False,Laboral,Miércoles,341.577,-7.650.848,48,3617681,"189,58"
2024-11-21,URBANA,010_ZW Parque Antonio Nariño,16,MR76,False,Laboral,Jueves,341.577,-7.650.848,42,868309,"48,09"
2024-11-22,URBANA,010_ZW Parque Antonio Nariño,16,MR76,False,Laboral,Viernes,341.577,-7.650.848,35,2219793,"109,96"
2024-11-23,URBANA,010_ZW Parque Antonio Nariño,16,MR76,False,Fin de Semana,Sábado,341.577,-7.650.848,46,1232898,"64,33"
2024-11-24,URBANA,010_ZW Parque Antonio Nariño,16,MR76,False,Fin de Semana,Domingo,341.577,-7.650.848,21,7606,"1,03"
2024-11-25,URBANA,010_ZW Parque Antonio Nariño,16,MR76,False,Laboral,Lunes,341.577,-7.650.848,3,316063,"76,85"
2024-11-26,URBANA,010_ZW Parque Antonio Nariño,16,MR76,False,Laboral,Martes,341.577,-7.650.848,21,417989,"53,08"
2024-11-27,URBANA,010_ZW Parque Antonio Nariño,16,MR76,False,Laboral,Miércoles,341.577,-7.650.848,37,2271761,"116,98"
2024-11-28,URBANA,010_ZW Parque Antonio Nariño,16,MR76,False,Laboral,Jueves,341.577,-7.650.848,50,1179025,"56,0"
2024-11-29,URBANA,010_ZW Parque Antonio Nariño,16,MR76,False,Laboral,Viernes,341.577,-7.650.848,40,750075,"33,75"
2024-11-30,URBANA,010_ZW Parque Antonio Nariño,16,MR76,False,Fin de Semana,Sábado,341.577,-7.650.848,41,1167923,"51,24"
2024-12-01,URBANA,010_ZW Parque Antonio Nariño,16,MR76,False,Fin de Semana,Domingo,341.577,-7.650.848,47,2832951,"117,23"
2024-12-02,URBANA,010_ZW Parque Antonio Nariño,16,MR76,False,Laboral,Lunes,341.577,-7.650.848,37,1981518,"94,96"
2024-12-03,URBANA,010_ZW Parque Antonio Nariño,16,MR76,False,Laboral,Martes,341.577,-7.650.848,50,3233261,"173,17"
2024-12-04,URBANA,010_ZW Parque Antonio Nariño,16,MR76,False,Laboral,Miércoles,341.577,-7.650.848,37,2468382,"106,87"
2024-12-05,URBANA,010_ZW Parque Antonio Nariño,16,MR76,False,Laboral,Jueves,341.577,-7.650.848,33,3512510,"153,1"
2024-12-06,URBANA,010_ZW Parque Antonio Nariño,16,MR76,False,Laboral,Viernes,341.577,-7.650.848,31,1442333,"64,15"
2024-12-07,URBANA,010_ZW Parque Antonio Nariño,16,MR76,False,Fin de Semana,Sábado,341.577,-7.650.848,38,4328732,"211,0"
2024-12-08,URBANA,010_ZW Parque Antonio Nariño,16,MR76,True,Festivo,Domingo,341.577,-7.650.848,38,1269404,"47,8"
2024-12-09,URBANA,010_ZW Parque Antonio Nariño,16,MR76,False,Laboral,Lunes,341.577,-7.650.848,38,3433323,"127,3"
