﻿FECHA.CONEXION,AREA,NOMBRE.ZONA,COMUNA,MODEL,es_festivo,tipo_dia,dia_semana,LATITUD,LONGITUD,NUMERO.CONEXIONES,USAGE.KB,PORCENTAJE.USO
2024-01-01,URBANA,023_ZW Parque Los Guerreros,21,MR76,True,Festivo,Lunes,343.832,-7.647.297,34,414008,"47,4"
2024-01-02,URBANA,023_ZW Parque Los Guerreros,21,MR76,False,Laboral,Martes,343.832,-7.647.297,28,125388,"14,9"
2024-01-03,URBANA,023_ZW Parque Los Guerreros,21,MR76,False,Laboral,Miércoles,343.832,-7.647.297,34,4140482,"341,7"
2024-01-04,URBANA,023_ZW Parque Los Guerreros,21,MR76,False,Laboral,Jueves,343.832,-7.647.297,26,5038805,"476,9"
2024-01-05,URBANA,023_ZW Parque Los Guerreros,21,MR76,False,Laboral,Viernes,343.832,-7.647.297,32,2036595,"187,9"
2024-01-06,URBANA,023_ZW Parque Los Guerreros,21,MR76,False,Fin de Semana,Sábado,343.832,-7.647.297,47,613517,"80,0"
2024-01-07,URBANA,023_ZW Parque Los Guerreros,21,MR76,False,Fin de Semana,Domingo,343.832,-7.647.297,26,604,"0,1"
2024-01-08,URBANA,023_ZW Parque Los Guerreros,21,MR76,True,Festivo,Lunes,343.832,-7.647.297,33,7648,"0,5"
2024-01-09,URBANA,023_ZW Parque Los Guerreros,21,MR76,False,Laboral,Martes,343.832,-7.647.297,37,7750,"0,6"
2024-01-10,URBANA,023_ZW Parque Los Guerreros,21,MR76,False,Laboral,Miércoles,343.832,-7.647.297,38,43614,"3,6"
2024-01-11,URBANA,023_ZW Parque Los Guerreros,21,MR76,False,Laboral,Jueves,343.832,-7.647.297,33,20008,"1,9"
2024-01-12,URBANA,023_ZW Parque Los Guerreros,21,MR76,False,Laboral,Viernes,343.832,-7.647.297,38,4910,"0,4"
2024-01-13,URBANA,023_ZW Parque Los Guerreros,21,MR76,False,Fin de Semana,Sábado,343.832,-7.647.297,53,3012,"0,3"
2024-01-14,URBANA,023_ZW Parque Los Guerreros,21,MR76,False,Fin de Semana,Domingo,343.832,-7.647.297,33,3114,"0,4"
2024-01-15,URBANA,023_ZW Parque Los Guerreros,21,MR76,False,Laboral,Lunes,343.832,-7.647.297,38,4093,"0,6"
2024-01-16,URBANA,023_ZW Parque Los Guerreros,21,MR76,False,Laboral,Martes,343.832,-7.647.297,44,3551,"0,4"
2024-01-17,URBANA,023_ZW Parque Los Guerreros,21,MR76,False,Laboral,Miércoles,343.832,-7.647.297,48,7355,"0,7"
2024-01-18,URBANA,023_ZW Parque Los Guerreros,21,MR76,False,Laboral,Jueves,343.832,-7.647.297,28,779,"0,1"
2024-01-19,URBANA,023_ZW Parque Los Guerreros,21,MR76,False,Laboral,Viernes,343.832,-7.647.297,43,1229,"0,1"
2024-01-20,URBANA,023_ZW Parque Los Guerreros,21,MR76,False,Fin de Semana,Sábado,343.832,-7.647.297,46,10394,"0,8"
2024-01-21,URBANA,023_ZW Parque Los Guerreros,21,MR76,False,Fin de Semana,Domingo,343.832,-7.647.297,30,1341,"0,1"
2024-01-22,URBANA,023_ZW Parque Los Guerreros,21,MR76,False,Laboral,Lunes,343.832,-7.647.297,36,1527,"0,1"
2024-01-23,URBANA,023_ZW Parque Los Guerreros,21,MR76,False,Laboral,Martes,343.832,-7.647.297,33,1420,"0,1"
2024-01-24,URBANA,023_ZW Parque Los Guerreros,21,MR76,False,Laboral,Miércoles,343.832,-7.647.297,37,8171,"0,7"
2024-01-25,URBANA,023_ZW Parque Los Guerreros,21,MR76,False,Laboral,Jueves,343.832,-7.647.297,36,1290,"0,1"
2024-01-26,URBANA,023_ZW Parque Los Guerreros,21,MR76,False,Laboral,Viernes,343.832,-7.647.297,36,5180,"0,4"
2024-01-27,URBANA,023_ZW Parque Los Guerreros,21,MR76,False,Fin de Semana,Sábado,343.832,-7.647.297,53,2181,"0,2"
2024-01-28,URBANA,023_ZW Parque Los Guerreros,21,MR76,False,Fin de Semana,Domingo,343.832,-7.647.297,33,3687,"0,4"
2024-01-29,URBANA,023_ZW Parque Los Guerreros,21,MR76,False,Laboral,Lunes,343.832,-7.647.297,40,16628,"1,4"
2024-01-30,URBANA,023_ZW Parque Los Guerreros,21,MR76,False,Laboral,Martes,343.832,-7.647.297,32,14839,"1,6"
2024-01-31,URBANA,023_ZW Parque Los Guerreros,21,MR76,False,Laboral,Miércoles,343.832,-7.647.297,50,6192,"0,6"
2024-02-01,URBANA,023_ZW Parque Los Guerreros,21,MR76,False,Laboral,Jueves,343.832,-7.647.297,48,10909,"0,8"
2024-02-02,URBANA,023_ZW Parque Los Guerreros,21,MR76,False,Laboral,Viernes,343.832,-7.647.297,40,7975,"0,8"
2024-02-03,URBANA,023_ZW Parque Los Guerreros,21,MR76,False,Fin de Semana,Sábado,343.832,-7.647.297,51,874,"0,0"
2024-02-04,URBANA,023_ZW Parque Los Guerreros,21,MR76,False,Fin de Semana,Domingo,343.832,-7.647.297,47,2074,"0,1"
2024-02-05,URBANA,023_ZW Parque Los Guerreros,21,MR76,False,Laboral,Lunes,343.832,-7.647.297,31,4042,"0,3"
2024-02-06,URBANA,023_ZW Parque Los Guerreros,21,MR76,False,Laboral,Martes,343.832,-7.647.297,21,8305,"0,6"
2024-02-07,URBANA,023_ZW Parque Los Guerreros,21,MR76,False,Laboral,Miércoles,343.832,-7.647.297,29,663677,"40,2"
2024-02-08,URBANA,023_ZW Parque Los Guerreros,21,MR76,False,Laboral,Jueves,343.832,-7.647.297,28,65895,"4,8"
2024-02-09,URBANA,023_ZW Parque Los Guerreros,21,MR76,False,Laboral,Viernes,343.832,-7.647.297,24,42227,"3,5"
2024-02-10,URBANA,023_ZW Parque Los Guerreros,21,MR76,False,Fin de Semana,Sábado,343.832,-7.647.297,32,181041,"11,3"
2024-02-11,URBANA,023_ZW Parque Los Guerreros,21,MR76,False,Fin de Semana,Domingo,343.832,-7.647.297,30,476231,"35,4"
2024-02-12,URBANA,023_ZW Parque Los Guerreros,21,MR76,False,Laboral,Lunes,343.832,-7.647.297,24,177008,"17,1"
2024-02-13,URBANA,023_ZW Parque Los Guerreros,21,MR76,False,Laboral,Martes,343.832,-7.647.297,31,1142468,"131,9"
2024-02-14,URBANA,023_ZW Parque Los Guerreros,21,MR76,False,Laboral,Miércoles,343.832,-7.647.297,43,1541594,"204,1"
2024-02-15,URBANA,023_ZW Parque Los Guerreros,21,MR76,False,Laboral,Jueves,343.832,-7.647.297,42,419322,"35,9"
2024-02-16,URBANA,023_ZW Parque Los Guerreros,21,MR76,False,Laboral,Viernes,343.832,-7.647.297,42,2581,"0,2"
2024-02-17,URBANA,023_ZW Parque Los Guerreros,21,MR76,False,Fin de Semana,Sábado,343.832,-7.647.297,52,9365,"0,9"
2024-02-18,URBANA,023_ZW Parque Los Guerreros,21,MR76,False,Fin de Semana,Domingo,343.832,-7.647.297,42,7140,"0,6"
2024-02-19,URBANA,023_ZW Parque Los Guerreros,21,MR76,False,Laboral,Lunes,343.832,-7.647.297,32,41976,"2,9"
2024-02-20,URBANA,023_ZW Parque Los Guerreros,21,MR76,False,Laboral,Martes,343.832,-7.647.297,36,2902,"0,2"
2024-02-21,URBANA,023_ZW Parque Los Guerreros,21,MR76,False,Laboral,Miércoles,343.832,-7.647.297,30,6200,"0,5"
2024-02-22,URBANA,023_ZW Parque Los Guerreros,21,MR76,False,Laboral,Jueves,343.832,-7.647.297,25,124450,"8,1"
2024-02-23,URBANA,023_ZW Parque Los Guerreros,21,MR76,False,Laboral,Viernes,343.832,-7.647.297,23,585601,"41,2"
2024-02-24,URBANA,023_ZW Parque Los Guerreros,21,MR76,False,Fin de Semana,Sábado,343.832,-7.647.297,38,1433904,"114,2"
2024-02-25,URBANA,023_ZW Parque Los Guerreros,21,MR76,False,Fin de Semana,Domingo,343.832,-7.647.297,22,1963515,"111,8"
2024-02-26,URBANA,023_ZW Parque Los Guerreros,21,MR76,False,Laboral,Lunes,343.832,-7.647.297,42,2066983,"185,7"
2024-02-27,URBANA,023_ZW Parque Los Guerreros,21,MR76,False,Laboral,Martes,343.832,-7.647.297,28,728492,"62,7"
2024-02-28,URBANA,023_ZW Parque Los Guerreros,21,MR76,False,Laboral,Miércoles,343.832,-7.647.297,36,2857491,"166,6"
2024-02-29,URBANA,023_ZW Parque Los Guerreros,21,MR76,False,Laboral,Jueves,343.832,-7.647.297,39,18793,"2,4"
2024-03-01,URBANA,023_ZW Parque Los Guerreros,21,MR76,False,Laboral,Viernes,343.832,-7.647.297,46,39723,"3,3"
2024-03-02,URBANA,023_ZW Parque Los Guerreros,21,MR76,False,Fin de Semana,Sábado,343.832,-7.647.297,35,128311,"12,5"
2024-03-03,URBANA,023_ZW Parque Los Guerreros,21,MR76,False,Fin de Semana,Domingo,343.832,-7.647.297,37,174727,"12,5"
2024-03-04,URBANA,023_ZW Parque Los Guerreros,21,MR76,False,Laboral,Lunes,343.832,-7.647.297,31,987146,"69,4"
2024-03-05,URBANA,023_ZW Parque Los Guerreros,21,MR76,False,Laboral,Martes,343.832,-7.647.297,30,1765464,"128,1"
2024-03-06,URBANA,023_ZW Parque Los Guerreros,21,MR76,False,Laboral,Miércoles,343.832,-7.647.297,37,376609,"31,1"
2024-03-07,URBANA,023_ZW Parque Los Guerreros,21,MR76,False,Laboral,Jueves,343.832,-7.647.297,34,312123,"29,2"
2024-03-08,URBANA,023_ZW Parque Los Guerreros,21,MR76,False,Laboral,Viernes,343.832,-7.647.297,35,3091905,"289,1"
2024-03-09,URBANA,023_ZW Parque Los Guerreros,21,MR76,False,Fin de Semana,Sábado,343.832,-7.647.297,31,299800,"30,3"
2024-03-10,URBANA,023_ZW Parque Los Guerreros,21,MR76,False,Fin de Semana,Domingo,343.832,-7.647.297,41,186615,"19,6"
2024-03-11,URBANA,023_ZW Parque Los Guerreros,21,MR76,False,Laboral,Lunes,343.832,-7.647.297,41,5354,"0,6"
2024-03-12,URBANA,023_ZW Parque Los Guerreros,21,MR76,False,Laboral,Martes,343.832,-7.647.297,37,22151,"2,5"
2024-03-13,URBANA,023_ZW Parque Los Guerreros,21,MR76,False,Laboral,Miércoles,343.832,-7.647.297,47,3545,"0,5"
2024-03-14,URBANA,023_ZW Parque Los Guerreros,21,MR76,False,Laboral,Jueves,343.832,-7.647.297,46,2611,"0,3"
2024-03-15,URBANA,023_ZW Parque Los Guerreros,21,MR76,False,Laboral,Viernes,343.832,-7.647.297,44,4095,"0,3"
2024-03-16,URBANA,023_ZW Parque Los Guerreros,21,MR76,False,Fin de Semana,Sábado,343.832,-7.647.297,38,3499,"0,3"
2024-03-17,URBANA,023_ZW Parque Los Guerreros,21,MR76,False,Fin de Semana,Domingo,343.832,-7.647.297,34,14649,"1,1"
2024-03-18,URBANA,023_ZW Parque Los Guerreros,21,MR76,False,Laboral,Lunes,343.832,-7.647.297,38,2092,"0,2"
2024-03-19,URBANA,023_ZW Parque Los Guerreros,21,MR76,False,Laboral,Martes,343.832,-7.647.297,32,2624,"0,3"
2024-03-20,URBANA,023_ZW Parque Los Guerreros,21,MR76,False,Laboral,Miércoles,343.832,-7.647.297,40,3404,"0,5"
2024-03-21,URBANA,023_ZW Parque Los Guerreros,21,MR76,False,Laboral,Jueves,343.832,-7.647.297,34,15314,"1,8"
2024-03-22,URBANA,023_ZW Parque Los Guerreros,21,MR76,False,Laboral,Viernes,343.832,-7.647.297,34,2152,"0,2"
2024-03-23,URBANA,023_ZW Parque Los Guerreros,21,MR76,False,Fin de Semana,Sábado,343.832,-7.647.297,59,9216,"1,2"
2024-03-24,URBANA,023_ZW Parque Los Guerreros,21,MR76,True,Festivo,Domingo,343.832,-7.647.297,31,7388,"0,8"
2024-03-25,URBANA,023_ZW Parque Los Guerreros,21,MR76,True,Festivo,Lunes,343.832,-7.647.297,36,6667,"1,0"
2024-03-26,URBANA,023_ZW Parque Los Guerreros,21,MR76,False,Laboral,Martes,343.832,-7.647.297,33,12319,"1,6"
2024-03-27,URBANA,023_ZW Parque Los Guerreros,21,MR76,False,Laboral,Miércoles,343.832,-7.647.297,33,3918,"0,5"
2024-03-28,URBANA,023_ZW Parque Los Guerreros,21,MR76,True,Festivo,Jueves,343.832,-7.647.297,36,3694,"0,6"
2024-03-29,URBANA,023_ZW Parque Los Guerreros,21,MR76,True,Festivo,Viernes,343.832,-7.647.297,34,1188,"0,1"
2024-03-30,URBANA,023_ZW Parque Los Guerreros,21,MR76,False,Fin de Semana,Sábado,343.832,-7.647.297,54,6104,"1,0"
2024-03-31,URBANA,023_ZW Parque Los Guerreros,21,MR76,True,Festivo,Domingo,343.832,-7.647.297,43,139199,"18,3"
2024-04-01,URBANA,023_ZW Parque Los Guerreros,21,MR76,False,Laboral,Lunes,343.832,-7.647.297,36,159811,"15,2"
2024-04-02,URBANA,023_ZW Parque Los Guerreros,21,MR76,False,Laboral,Martes,343.832,-7.647.297,33,12853,"1,8"
2024-04-03,URBANA,023_ZW Parque Los Guerreros,21,MR76,False,Laboral,Miércoles,343.832,-7.647.297,38,96645,"10,7"
2024-04-04,URBANA,023_ZW Parque Los Guerreros,21,MR76,False,Laboral,Jueves,343.832,-7.647.297,41,3113,"0,3"
2024-04-05,URBANA,023_ZW Parque Los Guerreros,21,MR76,False,Laboral,Viernes,343.832,-7.647.297,39,2091,"0,2"
2024-04-06,URBANA,023_ZW Parque Los Guerreros,21,MR76,False,Fin de Semana,Sábado,343.832,-7.647.297,46,3585,"0,3"
2024-04-07,URBANA,023_ZW Parque Los Guerreros,21,MR76,False,Fin de Semana,Domingo,343.832,-7.647.297,32,871,"0,1"
2024-04-08,URBANA,023_ZW Parque Los Guerreros,21,MR76,False,Laboral,Lunes,343.832,-7.647.297,33,1493,"0,2"
2024-04-09,URBANA,023_ZW Parque Los Guerreros,21,MR76,False,Laboral,Martes,343.832,-7.647.297,31,1103,"0,1"
2024-04-10,URBANA,023_ZW Parque Los Guerreros,21,MR76,False,Laboral,Miércoles,343.832,-7.647.297,40,10956,"2,6"
2024-04-11,URBANA,023_ZW Parque Los Guerreros,21,MR76,False,Laboral,Jueves,343.832,-7.647.297,41,945,"0,2"
2024-04-12,URBANA,023_ZW Parque Los Guerreros,21,MR76,False,Laboral,Viernes,343.832,-7.647.297,39,1374,"0,2"
2024-04-13,URBANA,023_ZW Parque Los Guerreros,21,MR76,False,Fin de Semana,Sábado,343.832,-7.647.297,43,2083,"0,2"
2024-04-14,URBANA,023_ZW Parque Los Guerreros,21,MR76,False,Fin de Semana,Domingo,343.832,-7.647.297,29,2151,"0,3"
2024-04-15,URBANA,023_ZW Parque Los Guerreros,21,MR76,False,Laboral,Lunes,343.832,-7.647.297,40,1613,"0,4"
2024-04-16,URBANA,023_ZW Parque Los Guerreros,21,MR76,False,Laboral,Martes,343.832,-7.647.297,42,8365,"2,0"
2024-04-17,URBANA,023_ZW Parque Los Guerreros,21,MR76,False,Laboral,Miércoles,343.832,-7.647.297,32,9328,"2,5"
2024-04-18,URBANA,023_ZW Parque Los Guerreros,21,MR76,False,Laboral,Jueves,343.832,-7.647.297,41,3058,"1,0"
2024-04-19,URBANA,023_ZW Parque Los Guerreros,21,MR76,False,Laboral,Viernes,343.832,-7.647.297,41,2922,"0,7"
2024-04-20,URBANA,023_ZW Parque Los Guerreros,21,MR76,False,Fin de Semana,Sábado,343.832,-7.647.297,56,6604,"0,8"
2024-04-21,URBANA,023_ZW Parque Los Guerreros,21,MR76,False,Fin de Semana,Domingo,343.832,-7.647.297,34,3971,"0,6"
2024-04-22,URBANA,023_ZW Parque Los Guerreros,21,MR76,False,Laboral,Lunes,343.832,-7.647.297,33,20908,"4,5"
2024-04-23,URBANA,023_ZW Parque Los Guerreros,21,MR76,False,Laboral,Martes,343.832,-7.647.297,28,942796,"51,4"
2024-04-24,URBANA,023_ZW Parque Los Guerreros,21,MR76,False,Laboral,Miércoles,343.832,-7.647.297,33,2420765,"131,8"
2024-04-25,URBANA,023_ZW Parque Los Guerreros,21,MR76,False,Laboral,Jueves,343.832,-7.647.297,33,2132005,"179,7"
2024-04-26,URBANA,023_ZW Parque Los Guerreros,21,MR76,False,Laboral,Viernes,343.832,-7.647.297,29,196073,"19,6"
2024-04-27,URBANA,023_ZW Parque Los Guerreros,21,MR76,False,Fin de Semana,Sábado,343.832,-7.647.297,39,1058080,"86,7"
2024-04-28,URBANA,023_ZW Parque Los Guerreros,21,MR76,False,Fin de Semana,Domingo,343.832,-7.647.297,36,4114,"0,6"
2024-04-29,URBANA,023_ZW Parque Los Guerreros,21,MR76,False,Laboral,Lunes,343.832,-7.647.297,37,3288,"0,4"
2024-04-30,URBANA,023_ZW Parque Los Guerreros,21,MR76,False,Laboral,Martes,343.832,-7.647.297,39,2596,"0,4"
2024-05-01,URBANA,023_ZW Parque Los Guerreros,21,MR76,True,Festivo,Miércoles,343.832,-7.647.297,33,2735,"0,5"
2024-05-02,URBANA,023_ZW Parque Los Guerreros,21,MR76,False,Laboral,Jueves,343.832,-7.647.297,39,3630,"0,7"
2024-05-03,URBANA,023_ZW Parque Los Guerreros,21,MR76,False,Laboral,Viernes,343.832,-7.647.297,27,2276,"0,5"
2024-05-04,URBANA,023_ZW Parque Los Guerreros,21,MR76,False,Fin de Semana,Sábado,343.832,-7.647.297,63,6928,"1,0"
2024-05-05,URBANA,023_ZW Parque Los Guerreros,21,MR76,False,Fin de Semana,Domingo,343.832,-7.647.297,50,18148,"2,9"
2024-05-06,URBANA,023_ZW Parque Los Guerreros,21,MR76,False,Laboral,Lunes,343.832,-7.647.297,33,2401,"0,5"
2024-05-07,URBANA,023_ZW Parque Los Guerreros,21,MR76,False,Laboral,Martes,343.832,-7.647.297,33,1252,"0,2"
2024-05-08,URBANA,023_ZW Parque Los Guerreros,21,MR76,False,Laboral,Miércoles,343.832,-7.647.297,40,2267,"0,3"
2024-05-09,URBANA,023_ZW Parque Los Guerreros,21,MR76,False,Laboral,Jueves,343.832,-7.647.297,34,3562,"0,4"
2024-05-10,URBANA,023_ZW Parque Los Guerreros,21,MR76,False,Laboral,Viernes,343.832,-7.647.297,39,2858,"0,4"
2024-05-11,URBANA,023_ZW Parque Los Guerreros,21,MR76,False,Fin de Semana,Sábado,343.832,-7.647.297,49,24284,"3,3"
2024-05-12,URBANA,023_ZW Parque Los Guerreros,21,MR76,False,Fin de Semana,Domingo,343.832,-7.647.297,52,4015,"1,0"
2024-05-13,URBANA,023_ZW Parque Los Guerreros,21,MR76,True,Festivo,Lunes,343.832,-7.647.297,34,2287,"0,4"
2024-05-14,URBANA,023_ZW Parque Los Guerreros,21,MR76,False,Laboral,Martes,343.832,-7.647.297,44,3069,"1,4"
2024-05-15,URBANA,023_ZW Parque Los Guerreros,21,MR76,False,Laboral,Miércoles,343.832,-7.647.297,38,225878,"36,6"
2024-05-16,URBANA,023_ZW Parque Los Guerreros,21,MR76,False,Laboral,Jueves,343.832,-7.647.297,38,1255789,"153,9"
2024-05-17,URBANA,023_ZW Parque Los Guerreros,21,MR76,False,Laboral,Viernes,343.832,-7.647.297,49,2956879,"284,4"
2024-05-18,URBANA,023_ZW Parque Los Guerreros,21,MR76,False,Fin de Semana,Sábado,343.832,-7.647.297,40,2433940,"221,7"
2024-05-19,URBANA,023_ZW Parque Los Guerreros,21,MR76,False,Fin de Semana,Domingo,343.832,-7.647.297,31,610157,"52,2"
2024-05-20,URBANA,023_ZW Parque Los Guerreros,21,MR76,False,Laboral,Lunes,343.832,-7.647.297,47,4110,"0,6"
2024-05-21,URBANA,023_ZW Parque Los Guerreros,21,MR76,False,Laboral,Martes,343.832,-7.647.297,32,3808,"0,5"
2024-05-22,URBANA,023_ZW Parque Los Guerreros,21,MR76,False,Laboral,Miércoles,343.832,-7.647.297,31,1030,"0,4"
2024-05-23,URBANA,023_ZW Parque Los Guerreros,21,MR76,False,Laboral,Jueves,343.832,-7.647.297,31,1137,"0,2"
2024-05-24,URBANA,023_ZW Parque Los Guerreros,21,MR76,False,Laboral,Viernes,343.832,-7.647.297,39,5929,"1,3"
2024-05-25,URBANA,023_ZW Parque Los Guerreros,21,MR76,False,Fin de Semana,Sábado,343.832,-7.647.297,48,6994,"1,0"
2024-05-26,URBANA,023_ZW Parque Los Guerreros,21,MR76,False,Fin de Semana,Domingo,343.832,-7.647.297,26,215711,"31,2"
2024-05-27,URBANA,023_ZW Parque Los Guerreros,21,MR76,False,Laboral,Lunes,343.832,-7.647.297,37,310051,"36,5"
2024-05-28,URBANA,023_ZW Parque Los Guerreros,21,MR76,False,Laboral,Martes,343.832,-7.647.297,28,33584,"4,5"
2024-05-29,URBANA,023_ZW Parque Los Guerreros,21,MR76,False,Laboral,Miércoles,343.832,-7.647.297,23,43587,"8,7"
2024-05-30,URBANA,023_ZW Parque Los Guerreros,21,MR76,False,Laboral,Jueves,343.832,-7.647.297,33,360024,"30,1"
2024-05-31,URBANA,023_ZW Parque Los Guerreros,21,MR76,False,Laboral,Viernes,343.832,-7.647.297,42,824138,"88,6"
2024-06-01,URBANA,023_ZW Parque Los Guerreros,21,MR76,False,Fin de Semana,Sábado,343.832,-7.647.297,48,1243859,"124,2"
2024-06-02,URBANA,023_ZW Parque Los Guerreros,21,MR76,False,Fin de Semana,Domingo,343.832,-7.647.297,39,943310,"96,2"
2024-06-03,URBANA,023_ZW Parque Los Guerreros,21,MR76,True,Festivo,Lunes,343.832,-7.647.297,28,360064,"52,0"
2024-06-04,URBANA,023_ZW Parque Los Guerreros,21,MR76,False,Laboral,Martes,343.832,-7.647.297,28,1683,"0,4"
2024-06-05,URBANA,023_ZW Parque Los Guerreros,21,MR76,False,Laboral,Miércoles,343.832,-7.647.297,26,1258,"0,4"
2024-06-06,URBANA,023_ZW Parque Los Guerreros,21,MR76,False,Laboral,Jueves,343.832,-7.647.297,33,34342,"5,6"
2024-06-07,URBANA,023_ZW Parque Los Guerreros,21,MR76,False,Laboral,Viernes,343.832,-7.647.297,35,403659,"83,9"
2024-06-08,URBANA,023_ZW Parque Los Guerreros,21,MR76,False,Fin de Semana,Sábado,343.832,-7.647.297,29,1336678,"424,2"
2024-06-09,URBANA,023_ZW Parque Los Guerreros,21,MR76,False,Fin de Semana,Domingo,343.832,-7.647.297,33,604267,"207,3"
2024-06-10,URBANA,023_ZW Parque Los Guerreros,21,MR76,True,Festivo,Lunes,343.832,-7.647.297,25,961496,"176,4"
2024-06-11,URBANA,023_ZW Parque Los Guerreros,21,MR76,False,Laboral,Martes,343.832,-7.647.297,35,2738508,"437,4"
2024-06-12,URBANA,023_ZW Parque Los Guerreros,21,MR76,False,Laboral,Miércoles,343.832,-7.647.297,28,4190624,"565,1"
2024-06-13,URBANA,023_ZW Parque Los Guerreros,21,MR76,False,Laboral,Jueves,343.832,-7.647.297,33,1718195,"33451431300,0"
2024-06-14,URBANA,023_ZW Parque Los Guerreros,21,MR76,False,Laboral,Viernes,343.832,-7.647.297,28,1915964,"57586257300,0"
2024-06-15,URBANA,023_ZW Parque Los Guerreros,21,MR76,False,Fin de Semana,Sábado,343.832,-7.647.297,37,406358,"7290167600,0"
2024-06-16,URBANA,023_ZW Parque Los Guerreros,21,MR76,False,Fin de Semana,Domingo,343.832,-7.647.297,46,29973,"537472900,0"
2024-06-17,URBANA,023_ZW Parque Los Guerreros,21,MR76,False,Laboral,Lunes,343.832,-7.647.297,39,1194,"0,2"
2024-06-18,URBANA,023_ZW Parque Los Guerreros,21,MR76,False,Laboral,Martes,343.832,-7.647.297,35,2418960,"382,1"
2024-06-19,URBANA,023_ZW Parque Los Guerreros,21,MR76,False,Laboral,Miércoles,343.832,-7.647.297,32,797376,"113,1"
2024-06-20,URBANA,023_ZW Parque Los Guerreros,21,MR76,False,Laboral,Jueves,343.832,-7.647.297,49,1671114,"334,5"
2024-06-21,URBANA,023_ZW Parque Los Guerreros,21,MR76,False,Laboral,Viernes,343.832,-7.647.297,57,645021,"110,8"
2024-06-22,URBANA,023_ZW Parque Los Guerreros,21,MR76,False,Fin de Semana,Sábado,343.832,-7.647.297,58,4469427,"845,6"
2024-06-23,URBANA,023_ZW Parque Los Guerreros,21,MR76,False,Fin de Semana,Domingo,343.832,-7.647.297,57,2479,"1,0"
2024-06-24,URBANA,023_ZW Parque Los Guerreros,21,MR76,False,Laboral,Lunes,343.832,-7.647.297,67,534782,"102,4"
2024-06-25,URBANA,023_ZW Parque Los Guerreros,21,MR76,False,Laboral,Martes,343.832,-7.647.297,52,2991412,"741,1"
2024-06-26,URBANA,023_ZW Parque Los Guerreros,21,MR76,False,Laboral,Miércoles,343.832,-7.647.297,57,898678,"232,1"
2024-06-27,URBANA,023_ZW Parque Los Guerreros,21,MR76,False,Laboral,Jueves,343.832,-7.647.297,48,559419,"166,5"
2024-06-28,URBANA,023_ZW Parque Los Guerreros,21,MR76,False,Laboral,Viernes,343.832,-7.647.297,68,1113093,"191,5"
2024-06-29,URBANA,023_ZW Parque Los Guerreros,21,MR76,False,Fin de Semana,Sábado,343.832,-7.647.297,81,1905988,"323,2"
2024-06-30,URBANA,023_ZW Parque Los Guerreros,21,MR76,False,Fin de Semana,Domingo,343.832,-7.647.297,66,1429444,"307,0"
2024-07-01,URBANA,023_ZW Parque Los Guerreros,21,MR76,True,Festivo,Lunes,343.832,-7.647.297,69,141970,"19,72"
2024-07-02,URBANA,023_ZW Parque Los Guerreros,21,MR76,False,Laboral,Martes,343.832,-7.647.297,70,7157,"0,77"
2024-07-03,URBANA,023_ZW Parque Los Guerreros,21,MR76,False,Laboral,Miércoles,343.832,-7.647.297,77,23845,"2,84"
2024-07-04,URBANA,023_ZW Parque Los Guerreros,21,MR76,False,Laboral,Jueves,343.832,-7.647.297,54,149820,"18,88"
2024-07-05,URBANA,023_ZW Parque Los Guerreros,21,MR76,False,Laboral,Viernes,343.832,-7.647.297,44,614192,"72,09"
2024-07-06,URBANA,023_ZW Parque Los Guerreros,21,MR76,False,Fin de Semana,Sábado,343.832,-7.647.297,82,4880569,"579,79"
2024-07-07,URBANA,023_ZW Parque Los Guerreros,21,MR76,False,Fin de Semana,Domingo,343.832,-7.647.297,77,579159,"65,65"
2024-07-08,URBANA,023_ZW Parque Los Guerreros,21,MR76,False,Laboral,Lunes,343.832,-7.647.297,59,1605100,"288,9"
2024-07-09,URBANA,023_ZW Parque Los Guerreros,21,MR76,False,Laboral,Martes,343.832,-7.647.297,53,1004630,"173,0"
2024-07-10,URBANA,023_ZW Parque Los Guerreros,21,MR76,False,Laboral,Miércoles,343.832,-7.647.297,59,29324,"4,25"
2024-07-11,URBANA,023_ZW Parque Los Guerreros,21,MR76,False,Laboral,Jueves,343.832,-7.647.297,59,7499,"1,02"
2024-07-12,URBANA,023_ZW Parque Los Guerreros,21,MR76,False,Laboral,Viernes,343.832,-7.647.297,65,6866,"1,08"
2024-07-13,URBANA,023_ZW Parque Los Guerreros,21,MR76,False,Fin de Semana,Sábado,343.832,-7.647.297,70,3755,"0,53"
2024-07-14,URBANA,023_ZW Parque Los Guerreros,21,MR76,False,Fin de Semana,Domingo,343.832,-7.647.297,98,3882,"0,61"
2024-07-15,URBANA,023_ZW Parque Los Guerreros,21,MR76,False,Laboral,Lunes,343.832,-7.647.297,83,5265,"0,94"
2024-07-16,URBANA,023_ZW Parque Los Guerreros,21,MR76,False,Laboral,Martes,343.832,-7.647.297,68,2427,"0,39"
2024-07-17,URBANA,023_ZW Parque Los Guerreros,21,MR76,False,Laboral,Miércoles,343.832,-7.647.297,63,4018,"0,89"
2024-07-18,URBANA,023_ZW Parque Los Guerreros,21,MR76,False,Laboral,Jueves,343.832,-7.647.297,53,1643,"0,28"
2024-07-19,URBANA,023_ZW Parque Los Guerreros,21,MR76,False,Laboral,Viernes,343.832,-7.647.297,64,2133,"0,3"
2024-07-20,URBANA,023_ZW Parque Los Guerreros,21,MR76,True,Festivo,Sábado,343.832,-7.647.297,91,327687,"42,07"
2024-07-21,URBANA,023_ZW Parque Los Guerreros,21,MR76,False,Fin de Semana,Domingo,343.832,-7.647.297,70,503930,"76,98"
2024-07-22,URBANA,023_ZW Parque Los Guerreros,21,MR76,False,Laboral,Lunes,343.832,-7.647.297,71,3531139,"508,07"
2024-07-23,URBANA,023_ZW Parque Los Guerreros,21,MR76,False,Laboral,Martes,343.832,-7.647.297,59,56904,"8,21"
2024-07-24,URBANA,023_ZW Parque Los Guerreros,21,MR76,False,Laboral,Miércoles,343.832,-7.647.297,65,779703,"123,35"
2024-07-25,URBANA,023_ZW Parque Los Guerreros,21,MR76,False,Laboral,Jueves,343.832,-7.647.297,53,340019,"53,78"
2024-07-26,URBANA,023_ZW Parque Los Guerreros,21,MR76,False,Laboral,Viernes,343.832,-7.647.297,53,139902,"18,43"
2024-07-27,URBANA,023_ZW Parque Los Guerreros,21,MR76,False,Fin de Semana,Sábado,343.832,-7.647.297,76,2656,"0,45"
2024-07-28,URBANA,023_ZW Parque Los Guerreros,21,MR76,False,Fin de Semana,Domingo,343.832,-7.647.297,72,3734,"0,79"
2024-07-29,URBANA,023_ZW Parque Los Guerreros,21,MR76,False,Laboral,Lunes,343.832,-7.647.297,67,292909,"46,97"
2024-07-30,URBANA,023_ZW Parque Los Guerreros,21,MR76,False,Laboral,Martes,343.832,-7.647.297,41,37630,"5,5"
2024-07-31,URBANA,023_ZW Parque Los Guerreros,21,MR76,False,Laboral,Miércoles,343.832,-7.647.297,66,398163,"66,14"
2024-08-01,URBANA,023_ZW Parque Los Guerreros,21,MR76,False,Laboral,Jueves,343.832,-7.647.297,65,361692,"53,97"
2024-08-02,URBANA,023_ZW Parque Los Guerreros,21,MR76,False,Laboral,Viernes,343.832,-7.647.297,56,640602,"106,57"
2024-08-03,URBANA,023_ZW Parque Los Guerreros,21,MR76,False,Fin de Semana,Sábado,343.832,-7.647.297,61,1196859,"243,86"
2024-08-04,URBANA,023_ZW Parque Los Guerreros,21,MR76,False,Fin de Semana,Domingo,343.832,-7.647.297,57,2002365,"319,25"
2024-08-05,URBANA,023_ZW Parque Los Guerreros,21,MR76,False,Laboral,Lunes,343.832,-7.647.297,58,1410626,"203,83"
2024-08-06,URBANA,023_ZW Parque Los Guerreros,21,MR76,False,Laboral,Martes,343.832,-7.647.297,48,3172,"0,31"
2024-08-07,URBANA,023_ZW Parque Los Guerreros,21,MR76,True,Festivo,Miércoles,343.832,-7.647.297,39,342737,"40,77"
2024-08-08,URBANA,023_ZW Parque Los Guerreros,21,MR76,False,Laboral,Jueves,343.832,-7.647.297,56,263693,"33,08"
2024-08-09,URBANA,023_ZW Parque Los Guerreros,21,MR76,False,Laboral,Viernes,343.832,-7.647.297,50,1543811,"284,91"
2024-08-10,URBANA,023_ZW Parque Los Guerreros,21,MR76,False,Fin de Semana,Sábado,343.832,-7.647.297,70,1529017,"289,41"
2024-08-11,URBANA,023_ZW Parque Los Guerreros,21,MR76,False,Fin de Semana,Domingo,343.832,-7.647.297,75,65999,"11,45"
2024-08-12,URBANA,023_ZW Parque Los Guerreros,21,MR76,False,Laboral,Lunes,343.832,-7.647.297,58,1726,"0,37"
2024-08-13,URBANA,023_ZW Parque Los Guerreros,21,MR76,False,Laboral,Martes,343.832,-7.647.297,63,4032,"0,46"
2024-08-14,URBANA,023_ZW Parque Los Guerreros,21,MR76,False,Laboral,Miércoles,343.832,-7.647.297,70,3561,"0,47"
2024-08-15,URBANA,023_ZW Parque Los Guerreros,21,MR76,False,Laboral,Jueves,343.832,-7.647.297,72,17109,"2,57"
2024-08-16,URBANA,023_ZW Parque Los Guerreros,21,MR76,False,Laboral,Viernes,343.832,-7.647.297,90,7898,"1,08"
2024-08-17,URBANA,023_ZW Parque Los Guerreros,21,MR76,False,Fin de Semana,Sábado,343.832,-7.647.297,105,6330,"0,92"
2024-08-18,URBANA,023_ZW Parque Los Guerreros,21,MR76,False,Fin de Semana,Domingo,343.832,-7.647.297,63,2358,"0,36"
2024-08-19,URBANA,023_ZW Parque Los Guerreros,21,MR76,True,Festivo,Lunes,343.832,-7.647.297,42,2532,"0,35"
2024-08-20,URBANA,023_ZW Parque Los Guerreros,21,MR76,False,Laboral,Martes,343.832,-7.647.297,51,1645,"0,41"
2024-08-21,URBANA,023_ZW Parque Los Guerreros,21,MR76,False,Laboral,Miércoles,343.832,-7.647.297,55,3016,"0,88"
2024-08-22,URBANA,023_ZW Parque Los Guerreros,21,MR76,False,Laboral,Jueves,343.832,-7.647.297,75,7737,"2,06"
2024-08-23,URBANA,023_ZW Parque Los Guerreros,21,MR76,False,Laboral,Viernes,343.832,-7.647.297,68,5639,"2,3"
2024-08-24,URBANA,023_ZW Parque Los Guerreros,21,MR76,False,Fin de Semana,Sábado,343.832,-7.647.297,74,5367,"3,64"
2024-08-25,URBANA,023_ZW Parque Los Guerreros,21,MR76,False,Fin de Semana,Domingo,343.832,-7.647.297,74,8407,"8,04"
2024-08-26,URBANA,023_ZW Parque Los Guerreros,21,MR76,False,Laboral,Lunes,343.832,-7.647.297,66,2144,"2,86"
2024-08-27,URBANA,023_ZW Parque Los Guerreros,21,MR76,False,Laboral,Martes,343.832,-7.647.297,60,1773,"1,9"
2024-08-28,URBANA,023_ZW Parque Los Guerreros,21,MR76,False,Laboral,Miércoles,343.832,-7.647.297,76,4635,"8,22"
2024-08-29,URBANA,023_ZW Parque Los Guerreros,21,MR76,False,Laboral,Jueves,343.832,-7.647.297,49,2008,"5,74"
2024-10-25,URBANA,023_ZW Parque Los Guerreros,21,MR76,False,Laboral,Viernes,343.832,-7.647.297,28,213231,"47,63"
2024-10-26,URBANA,023_ZW Parque Los Guerreros,21,MR76,False,Fin de Semana,Sábado,343.832,-7.647.297,57,2132477,"276,15"
2024-10-27,URBANA,023_ZW Parque Los Guerreros,21,MR76,False,Fin de Semana,Domingo,343.832,-7.647.297,40,476469,"47,86"
2024-10-28,URBANA,023_ZW Parque Los Guerreros,21,MR76,False,Laboral,Lunes,343.832,-7.647.297,33,313886,"52,12"
2024-10-29,URBANA,023_ZW Parque Los Guerreros,21,MR76,False,Laboral,Martes,343.832,-7.647.297,31,690005,"108,84"
2024-10-30,URBANA,023_ZW Parque Los Guerreros,21,MR76,False,Laboral,Miércoles,343.832,-7.647.297,34,744380,"151,94"
2024-10-31,URBANA,023_ZW Parque Los Guerreros,21,MR76,False,Laboral,Jueves,343.832,-7.647.297,98,1612291,"343,66"
2024-11-01,URBANA,023_ZW Parque Los Guerreros,21,MR76,False,Laboral,Viernes,343.832,-7.647.297,59,4655,"0,84"
2024-11-02,URBANA,023_ZW Parque Los Guerreros,21,MR76,False,Fin de Semana,Sábado,343.832,-7.647.297,51,3768,"0,61"
2024-11-03,URBANA,023_ZW Parque Los Guerreros,21,MR76,False,Fin de Semana,Domingo,343.832,-7.647.297,35,3128,"0,53"
2024-11-04,URBANA,023_ZW Parque Los Guerreros,21,MR76,True,Festivo,Lunes,343.832,-7.647.297,36,1876,"0,28"
2024-11-05,URBANA,023_ZW Parque Los Guerreros,21,MR76,False,Laboral,Martes,343.832,-7.647.297,68,1149028,"157,36"
2024-11-06,URBANA,023_ZW Parque Los Guerreros,21,MR76,False,Laboral,Miércoles,343.832,-7.647.297,50,522182,"83,39"
2024-11-07,URBANA,023_ZW Parque Los Guerreros,21,MR76,False,Laboral,Jueves,343.832,-7.647.297,59,448721,"50,45"
2024-11-08,URBANA,023_ZW Parque Los Guerreros,21,MR76,False,Laboral,Viernes,343.832,-7.647.297,69,2223987,"179,84"
2024-11-09,URBANA,023_ZW Parque Los Guerreros,21,MR76,False,Fin de Semana,Sábado,343.832,-7.647.297,78,5394186,"323,95"
2024-11-10,URBANA,023_ZW Parque Los Guerreros,21,MR76,False,Fin de Semana,Domingo,343.832,-7.647.297,74,1498454,"77,35"
2024-11-11,URBANA,023_ZW Parque Los Guerreros,21,MR76,True,Festivo,Lunes,343.832,-7.647.297,49,251513,"14,32"
2024-11-12,URBANA,023_ZW Parque Los Guerreros,21,MR76,False,Laboral,Martes,343.832,-7.647.297,60,210638,"11,02"
2024-11-13,URBANA,023_ZW Parque Los Guerreros,21,MR76,False,Laboral,Miércoles,343.832,-7.647.297,63,4477905,"276,39"
2024-11-14,URBANA,023_ZW Parque Los Guerreros,21,MR76,False,Laboral,Jueves,343.832,-7.647.297,66,1660122,"86,48"
2024-11-15,URBANA,023_ZW Parque Los Guerreros,21,MR76,False,Laboral,Viernes,343.832,-7.647.297,95,1521114,"83,5"
2024-11-16,URBANA,023_ZW Parque Los Guerreros,21,MR76,False,Fin de Semana,Sábado,343.832,-7.647.297,83,1560688,"84,76"
2024-11-17,URBANA,023_ZW Parque Los Guerreros,21,MR76,False,Fin de Semana,Domingo,343.832,-7.647.297,63,3318939,"193,19"
2024-11-18,URBANA,023_ZW Parque Los Guerreros,21,MR76,False,Laboral,Lunes,343.832,-7.647.297,64,1858698,"115,63"
2024-11-19,URBANA,023_ZW Parque Los Guerreros,21,MR76,False,Laboral,Martes,343.832,-7.647.297,57,454874,"28,47"
2024-11-20,URBANA,023_ZW Parque Los Guerreros,21,MR76,False,Laboral,Miércoles,343.832,-7.647.297,59,279284,"14,64"
2024-11-21,URBANA,023_ZW Parque Los Guerreros,21,MR76,False,Laboral,Jueves,343.832,-7.647.297,70,926676,"51,32"
2024-11-22,URBANA,023_ZW Parque Los Guerreros,21,MR76,False,Laboral,Viernes,343.832,-7.647.297,62,1033011,"51,17"
2024-11-23,URBANA,023_ZW Parque Los Guerreros,21,MR76,False,Fin de Semana,Sábado,343.832,-7.647.297,76,495270,"25,84"
2024-11-24,URBANA,023_ZW Parque Los Guerreros,21,MR76,False,Fin de Semana,Domingo,343.832,-7.647.297,73,190365,"25,71"
2024-11-25,URBANA,023_ZW Parque Los Guerreros,21,MR76,False,Laboral,Lunes,343.832,-7.647.297,70,97640,"23,74"
2024-11-26,URBANA,023_ZW Parque Los Guerreros,21,MR76,False,Laboral,Martes,343.832,-7.647.297,34,330618,"41,98"
2024-11-27,URBANA,023_ZW Parque Los Guerreros,21,MR76,False,Laboral,Miércoles,343.832,-7.647.297,63,377349,"19,43"
2024-11-28,URBANA,023_ZW Parque Los Guerreros,21,MR76,False,Laboral,Jueves,343.832,-7.647.297,59,335960,"15,96"
2024-11-29,URBANA,023_ZW Parque Los Guerreros,21,MR76,False,Laboral,Viernes,343.832,-7.647.297,65,569944,"25,64"
2024-11-30,URBANA,023_ZW Parque Los Guerreros,21,MR76,False,Fin de Semana,Sábado,343.832,-7.647.297,96,2936672,"128,84"
2024-12-01,URBANA,023_ZW Parque Los Guerreros,21,MR76,False,Fin de Semana,Domingo,343.832,-7.647.297,85,997528,"41,28"
