﻿FECHA.CONEXION,AREA,NOMBRE.ZONA,COMUNA,MODEL,es_festivo,tipo_dia,dia_semana,LATITUD,LONGITUD,NUMERO.CONEXIONES,USAGE.KB,PORCENTAJE.USO
2024-01-01,URBANA,002_ZW Canchas Panamericanas,19,MR76,True,Festivo,Lunes,342.416,-7.653.801,8,1419251,"162,4"
2024-01-02,URBANA,002_ZW Canchas Panamericanas,19,MR76,False,Laboral,Martes,342.416,-7.653.801,25,2565564,"304,7"
2024-01-03,URBANA,002_ZW Canchas Panamericanas,19,MR76,False,Laboral,Miércoles,342.416,-7.653.801,27,1679330,"138,6"
2024-01-04,URBANA,002_ZW Canchas Panamericanas,19,MR76,False,Laboral,Jueves,342.416,-7.653.801,24,2055002,"194,5"
2024-01-05,URBANA,002_ZW Canchas Panamericanas,19,MR76,False,Laboral,Viernes,342.416,-7.653.801,25,2183661,"201,4"
2024-01-06,URBANA,002_ZW Canchas Panamericanas,19,MR76,False,Fin de Semana,Sábado,342.416,-7.653.801,24,1247555,"162,7"
2024-01-07,URBANA,002_ZW Canchas Panamericanas,19,MR76,False,Fin de Semana,Domingo,342.416,-7.653.801,26,1438012,"143,3"
2024-01-08,URBANA,002_ZW Canchas Panamericanas,19,MR76,True,Festivo,Lunes,342.416,-7.653.801,13,1771084,"112,3"
2024-01-09,URBANA,002_ZW Canchas Panamericanas,19,MR76,False,Laboral,Martes,342.416,-7.653.801,46,2440270,"188,3"
2024-01-10,URBANA,002_ZW Canchas Panamericanas,19,MR76,False,Laboral,Miércoles,342.416,-7.653.801,36,1491160,"123,6"
2024-01-11,URBANA,002_ZW Canchas Panamericanas,19,MR76,False,Laboral,Jueves,342.416,-7.653.801,42,1963601,"182,5"
2024-01-12,URBANA,002_ZW Canchas Panamericanas,19,MR76,False,Laboral,Viernes,342.416,-7.653.801,35,2702722,"232,7"
2024-01-13,URBANA,002_ZW Canchas Panamericanas,19,MR76,False,Fin de Semana,Sábado,342.416,-7.653.801,25,2241844,"249,0"
2024-01-14,URBANA,002_ZW Canchas Panamericanas,19,MR76,False,Fin de Semana,Domingo,342.416,-7.653.801,33,1801398,"227,6"
2024-01-15,URBANA,002_ZW Canchas Panamericanas,19,MR76,False,Laboral,Lunes,342.416,-7.653.801,32,921801,"133,2"
2024-01-16,URBANA,002_ZW Canchas Panamericanas,19,MR76,False,Laboral,Martes,342.416,-7.653.801,37,1068266,"124,9"
2024-01-17,URBANA,002_ZW Canchas Panamericanas,19,MR76,False,Laboral,Miércoles,342.416,-7.653.801,38,1546623,"154,6"
2024-01-18,URBANA,002_ZW Canchas Panamericanas,19,MR76,False,Laboral,Jueves,342.416,-7.653.801,42,2269796,"189,2"
2024-01-19,URBANA,002_ZW Canchas Panamericanas,19,MR76,False,Laboral,Viernes,342.416,-7.653.801,38,2525435,"164,5"
2024-01-20,URBANA,002_ZW Canchas Panamericanas,19,MR76,False,Fin de Semana,Sábado,342.416,-7.653.801,32,1476050,"114,0"
2024-01-21,URBANA,002_ZW Canchas Panamericanas,19,MR76,False,Fin de Semana,Domingo,342.416,-7.653.801,24,3451753,"266,6"
2024-01-22,URBANA,002_ZW Canchas Panamericanas,19,MR76,False,Laboral,Lunes,342.416,-7.653.801,44,378117,"36,1"
2024-01-23,URBANA,002_ZW Canchas Panamericanas,19,MR76,False,Laboral,Martes,342.416,-7.653.801,55,23255,"2,2"
2024-01-24,URBANA,002_ZW Canchas Panamericanas,19,MR76,False,Laboral,Miércoles,342.416,-7.653.801,51,22024,"1,8"
2024-01-25,URBANA,002_ZW Canchas Panamericanas,19,MR76,False,Laboral,Jueves,342.416,-7.653.801,56,403008,"27,0"
2024-01-26,URBANA,002_ZW Canchas Panamericanas,19,MR76,False,Laboral,Viernes,342.416,-7.653.801,51,211685,"15,4"
2024-01-27,URBANA,002_ZW Canchas Panamericanas,19,MR76,False,Fin de Semana,Sábado,342.416,-7.653.801,37,44443,"3,6"
2024-01-28,URBANA,002_ZW Canchas Panamericanas,19,MR76,False,Fin de Semana,Domingo,342.416,-7.653.801,41,48038,"4,7"
2024-01-29,URBANA,002_ZW Canchas Panamericanas,19,MR76,False,Laboral,Lunes,342.416,-7.653.801,54,13682,"1,2"
2024-01-30,URBANA,002_ZW Canchas Panamericanas,19,MR76,False,Laboral,Martes,342.416,-7.653.801,63,32743,"3,6"
2024-01-31,URBANA,002_ZW Canchas Panamericanas,19,MR76,False,Laboral,Miércoles,342.416,-7.653.801,57,10253,"1,0"
2024-02-01,URBANA,002_ZW Canchas Panamericanas,19,MR76,False,Laboral,Jueves,342.416,-7.653.801,67,1415240,"101,7"
2024-02-02,URBANA,002_ZW Canchas Panamericanas,19,MR76,False,Laboral,Viernes,342.416,-7.653.801,30,612943,"64,2"
2024-02-03,URBANA,002_ZW Canchas Panamericanas,19,MR76,False,Fin de Semana,Sábado,342.416,-7.653.801,31,371897,"21,0"
2024-02-04,URBANA,002_ZW Canchas Panamericanas,19,MR76,False,Fin de Semana,Domingo,342.416,-7.653.801,19,3935711,"246,1"
2024-02-05,URBANA,002_ZW Canchas Panamericanas,19,MR76,False,Laboral,Lunes,342.416,-7.653.801,33,1596325,"106,0"
2024-02-06,URBANA,002_ZW Canchas Panamericanas,19,MR76,False,Laboral,Martes,342.416,-7.653.801,42,1201352,"80,4"
2024-02-07,URBANA,002_ZW Canchas Panamericanas,19,MR76,False,Laboral,Miércoles,342.416,-7.653.801,37,1982829,"120,1"
2024-02-08,URBANA,002_ZW Canchas Panamericanas,19,MR76,False,Laboral,Jueves,342.416,-7.653.801,43,3440436,"253,2"
2024-02-09,URBANA,002_ZW Canchas Panamericanas,19,MR76,False,Laboral,Viernes,342.416,-7.653.801,52,204700,"17,0"
2024-02-10,URBANA,002_ZW Canchas Panamericanas,19,MR76,False,Fin de Semana,Sábado,342.416,-7.653.801,42,15662,"1,0"
2024-02-11,URBANA,002_ZW Canchas Panamericanas,19,MR76,False,Fin de Semana,Domingo,342.416,-7.653.801,50,24798,"1,8"
2024-02-12,URBANA,002_ZW Canchas Panamericanas,19,MR76,False,Laboral,Lunes,342.416,-7.653.801,59,10695,"1,0"
2024-02-13,URBANA,002_ZW Canchas Panamericanas,19,MR76,False,Laboral,Martes,342.416,-7.653.801,85,11484,"1,3"
2024-02-14,URBANA,002_ZW Canchas Panamericanas,19,MR76,False,Laboral,Miércoles,342.416,-7.653.801,47,1350314,"178,8"
2024-02-15,URBANA,002_ZW Canchas Panamericanas,19,MR76,False,Laboral,Jueves,342.416,-7.653.801,47,1726622,"147,9"
2024-02-16,URBANA,002_ZW Canchas Panamericanas,19,MR76,False,Laboral,Viernes,342.416,-7.653.801,43,5117899,"485,4"
2024-02-17,URBANA,002_ZW Canchas Panamericanas,19,MR76,False,Fin de Semana,Sábado,342.416,-7.653.801,34,960147,"90,8"
2024-02-18,URBANA,002_ZW Canchas Panamericanas,19,MR76,False,Fin de Semana,Domingo,342.416,-7.653.801,23,2334822,"180,4"
2024-02-19,URBANA,002_ZW Canchas Panamericanas,19,MR76,False,Laboral,Lunes,342.416,-7.653.801,53,3361067,"229,3"
2024-02-20,URBANA,002_ZW Canchas Panamericanas,19,MR76,False,Laboral,Martes,342.416,-7.653.801,53,3076110,"251,9"
2024-02-21,URBANA,002_ZW Canchas Panamericanas,19,MR76,False,Laboral,Miércoles,342.416,-7.653.801,53,487080,"42,2"
2024-02-22,URBANA,002_ZW Canchas Panamericanas,19,MR76,False,Laboral,Jueves,342.416,-7.653.801,64,1268642,"82,9"
2024-02-23,URBANA,002_ZW Canchas Panamericanas,19,MR76,False,Laboral,Viernes,342.416,-7.653.801,69,342362,"24,1"
2024-02-24,URBANA,002_ZW Canchas Panamericanas,19,MR76,False,Fin de Semana,Sábado,342.416,-7.653.801,35,2450,"0,2"
2024-02-25,URBANA,002_ZW Canchas Panamericanas,19,MR76,False,Fin de Semana,Domingo,342.416,-7.653.801,49,17393,"1,0"
2024-02-26,URBANA,002_ZW Canchas Panamericanas,19,MR76,False,Laboral,Lunes,342.416,-7.653.801,57,2390248,"214,7"
2024-02-27,URBANA,002_ZW Canchas Panamericanas,19,MR76,False,Laboral,Martes,342.416,-7.653.801,59,4266577,"367,2"
2024-02-28,URBANA,002_ZW Canchas Panamericanas,19,MR76,False,Laboral,Miércoles,342.416,-7.653.801,62,3186677,"185,8"
2024-02-29,URBANA,002_ZW Canchas Panamericanas,19,MR76,False,Laboral,Jueves,342.416,-7.653.801,66,1082772,"136,8"
2024-03-01,URBANA,002_ZW Canchas Panamericanas,19,MR76,False,Laboral,Viernes,342.416,-7.653.801,63,6710,"0,6"
2024-03-02,URBANA,002_ZW Canchas Panamericanas,19,MR76,False,Fin de Semana,Sábado,342.416,-7.653.801,34,2617,"0,3"
2024-03-03,URBANA,002_ZW Canchas Panamericanas,19,MR76,False,Fin de Semana,Domingo,342.416,-7.653.801,37,13546,"1,0"
2024-03-04,URBANA,002_ZW Canchas Panamericanas,19,MR76,False,Laboral,Lunes,342.416,-7.653.801,72,10677,"0,8"
2024-03-05,URBANA,002_ZW Canchas Panamericanas,19,MR76,False,Laboral,Martes,342.416,-7.653.801,81,176420,"12,8"
2024-03-06,URBANA,002_ZW Canchas Panamericanas,19,MR76,False,Laboral,Miércoles,342.416,-7.653.801,77,228366,"18,9"
2024-03-07,URBANA,002_ZW Canchas Panamericanas,19,MR76,False,Laboral,Jueves,342.416,-7.653.801,90,249653,"23,4"
2024-03-08,URBANA,002_ZW Canchas Panamericanas,19,MR76,False,Laboral,Viernes,342.416,-7.653.801,62,244938,"22,9"
2024-03-09,URBANA,002_ZW Canchas Panamericanas,19,MR76,False,Fin de Semana,Sábado,342.416,-7.653.801,38,952862,"96,4"
2024-03-10,URBANA,002_ZW Canchas Panamericanas,19,MR76,False,Fin de Semana,Domingo,342.416,-7.653.801,39,3613951,"378,7"
2024-03-11,URBANA,002_ZW Canchas Panamericanas,19,MR76,False,Laboral,Lunes,342.416,-7.653.801,55,1228554,"130,7"
2024-03-12,URBANA,002_ZW Canchas Panamericanas,19,MR76,False,Laboral,Martes,342.416,-7.653.801,55,2356011,"267,2"
2024-03-13,URBANA,002_ZW Canchas Panamericanas,19,MR76,False,Laboral,Miércoles,342.416,-7.653.801,67,1371446,"185,3"
2024-03-14,URBANA,002_ZW Canchas Panamericanas,19,MR76,False,Laboral,Jueves,342.416,-7.653.801,84,100254,"10,3"
2024-03-15,URBANA,002_ZW Canchas Panamericanas,19,MR76,False,Laboral,Viernes,342.416,-7.653.801,82,42847,"3,3"
2024-03-16,URBANA,002_ZW Canchas Panamericanas,19,MR76,False,Fin de Semana,Sábado,342.416,-7.653.801,69,7362,"0,7"
2024-03-17,URBANA,002_ZW Canchas Panamericanas,19,MR76,False,Fin de Semana,Domingo,342.416,-7.653.801,69,259986,"20,1"
2024-03-18,URBANA,002_ZW Canchas Panamericanas,19,MR76,False,Laboral,Lunes,342.416,-7.653.801,77,18965,"1,6"
2024-03-19,URBANA,002_ZW Canchas Panamericanas,19,MR76,False,Laboral,Martes,342.416,-7.653.801,59,144800,"19,2"
2024-03-20,URBANA,002_ZW Canchas Panamericanas,19,MR76,False,Laboral,Miércoles,342.416,-7.653.801,71,5911,"0,9"
2024-03-21,URBANA,002_ZW Canchas Panamericanas,19,MR76,False,Laboral,Jueves,342.416,-7.653.801,66,4793,"0,5"
2024-03-22,URBANA,002_ZW Canchas Panamericanas,19,MR76,False,Laboral,Viernes,342.416,-7.653.801,68,9918,"1,0"
2024-03-23,URBANA,002_ZW Canchas Panamericanas,19,MR76,False,Fin de Semana,Sábado,342.416,-7.653.801,49,3837,"0,5"
2024-03-24,URBANA,002_ZW Canchas Panamericanas,19,MR76,True,Festivo,Domingo,342.416,-7.653.801,43,11223,"1,2"
2024-03-25,URBANA,002_ZW Canchas Panamericanas,19,MR76,True,Festivo,Lunes,342.416,-7.653.801,32,566751,"80,8"
2024-03-26,URBANA,002_ZW Canchas Panamericanas,19,MR76,False,Laboral,Martes,342.416,-7.653.801,39,986410,"126,7"
2024-03-27,URBANA,002_ZW Canchas Panamericanas,19,MR76,False,Laboral,Miércoles,342.416,-7.653.801,47,839445,"103,9"
2024-03-28,URBANA,002_ZW Canchas Panamericanas,19,MR76,True,Festivo,Jueves,342.416,-7.653.801,27,504754,"79,1"
2024-03-29,URBANA,002_ZW Canchas Panamericanas,19,MR76,True,Festivo,Viernes,342.416,-7.653.801,29,1409153,"142,1"
2024-03-30,URBANA,002_ZW Canchas Panamericanas,19,MR76,False,Fin de Semana,Sábado,342.416,-7.653.801,25,151945,"24,4"
2024-03-31,URBANA,002_ZW Canchas Panamericanas,19,MR76,True,Festivo,Domingo,342.416,-7.653.801,34,2144751,"281,6"
2024-04-01,URBANA,002_ZW Canchas Panamericanas,19,MR76,False,Laboral,Lunes,342.416,-7.653.801,57,242670,"23,1"
2024-04-02,URBANA,002_ZW Canchas Panamericanas,19,MR76,False,Laboral,Martes,342.416,-7.653.801,37,20079,"2,9"
2024-04-03,URBANA,002_ZW Canchas Panamericanas,19,MR76,False,Laboral,Miércoles,342.416,-7.653.801,55,20603,"2,3"
2024-04-04,URBANA,002_ZW Canchas Panamericanas,19,MR76,False,Laboral,Jueves,342.416,-7.653.801,51,52566,"4,6"
2024-04-05,URBANA,002_ZW Canchas Panamericanas,19,MR76,False,Laboral,Viernes,342.416,-7.653.801,98,25942,"2,3"
2024-04-06,URBANA,002_ZW Canchas Panamericanas,19,MR76,False,Fin de Semana,Sábado,342.416,-7.653.801,38,8988,"0,7"
2024-04-07,URBANA,002_ZW Canchas Panamericanas,19,MR76,False,Fin de Semana,Domingo,342.416,-7.653.801,46,10803,"0,9"
2024-04-08,URBANA,002_ZW Canchas Panamericanas,19,MR76,False,Laboral,Lunes,342.416,-7.653.801,61,17666,"2,5"
2024-04-09,URBANA,002_ZW Canchas Panamericanas,19,MR76,False,Laboral,Martes,342.416,-7.653.801,60,23740,"3,1"
2024-04-10,URBANA,002_ZW Canchas Panamericanas,19,MR76,False,Laboral,Miércoles,342.416,-7.653.801,73,9443,"2,2"
2024-04-11,URBANA,002_ZW Canchas Panamericanas,19,MR76,False,Laboral,Jueves,342.416,-7.653.801,77,17050,"3,9"
2024-04-12,URBANA,002_ZW Canchas Panamericanas,19,MR76,False,Laboral,Viernes,342.416,-7.653.801,74,64801,"9,5"
2024-04-13,URBANA,002_ZW Canchas Panamericanas,19,MR76,False,Fin de Semana,Sábado,342.416,-7.653.801,46,7028,"0,8"
2024-04-14,URBANA,002_ZW Canchas Panamericanas,19,MR76,False,Fin de Semana,Domingo,342.416,-7.653.801,46,9376,"1,4"
2024-04-15,URBANA,002_ZW Canchas Panamericanas,19,MR76,False,Laboral,Lunes,342.416,-7.653.801,75,23095,"5,8"
2024-04-16,URBANA,002_ZW Canchas Panamericanas,19,MR76,False,Laboral,Martes,342.416,-7.653.801,74,25603,"6,0"
2024-04-17,URBANA,002_ZW Canchas Panamericanas,19,MR76,False,Laboral,Miércoles,342.416,-7.653.801,53,8597,"2,3"
2024-04-18,URBANA,002_ZW Canchas Panamericanas,19,MR76,False,Laboral,Jueves,342.416,-7.653.801,58,11945,"4,1"
2024-04-19,URBANA,002_ZW Canchas Panamericanas,19,MR76,False,Laboral,Viernes,342.416,-7.653.801,74,5398,"1,3"
2024-04-20,URBANA,002_ZW Canchas Panamericanas,19,MR76,False,Fin de Semana,Sábado,342.416,-7.653.801,37,6733,"0,9"
2024-04-21,URBANA,002_ZW Canchas Panamericanas,19,MR76,False,Fin de Semana,Domingo,342.416,-7.653.801,32,4198,"0,7"
2024-04-22,URBANA,002_ZW Canchas Panamericanas,19,MR76,False,Laboral,Lunes,342.416,-7.653.801,39,4721,"1,0"
2024-04-23,URBANA,002_ZW Canchas Panamericanas,19,MR76,False,Laboral,Martes,342.416,-7.653.801,67,533069,"29,0"
2024-04-24,URBANA,002_ZW Canchas Panamericanas,19,MR76,False,Laboral,Miércoles,342.416,-7.653.801,55,618102,"33,7"
2024-04-25,URBANA,002_ZW Canchas Panamericanas,19,MR76,False,Laboral,Jueves,342.416,-7.653.801,62,834435,"70,3"
2024-04-26,URBANA,002_ZW Canchas Panamericanas,19,MR76,False,Laboral,Viernes,342.416,-7.653.801,44,2991921,"298,6"
2024-04-27,URBANA,002_ZW Canchas Panamericanas,19,MR76,False,Fin de Semana,Sábado,342.416,-7.653.801,31,412706,"33,8"
2024-04-28,URBANA,002_ZW Canchas Panamericanas,19,MR76,False,Fin de Semana,Domingo,342.416,-7.653.801,71,112585,"15,2"
2024-04-29,URBANA,002_ZW Canchas Panamericanas,19,MR76,False,Laboral,Lunes,342.416,-7.653.801,54,13884,"1,7"
2024-04-30,URBANA,002_ZW Canchas Panamericanas,19,MR76,False,Laboral,Martes,342.416,-7.653.801,52,5931,"0,9"
2024-05-01,URBANA,002_ZW Canchas Panamericanas,19,MR76,True,Festivo,Miércoles,342.416,-7.653.801,34,11820,"2,2"
2024-05-02,URBANA,002_ZW Canchas Panamericanas,19,MR76,False,Laboral,Jueves,342.416,-7.653.801,43,6320,"1,2"
2024-05-03,URBANA,002_ZW Canchas Panamericanas,19,MR76,False,Laboral,Viernes,342.416,-7.653.801,54,9897,"2,2"
2024-05-04,URBANA,002_ZW Canchas Panamericanas,19,MR76,False,Fin de Semana,Sábado,342.416,-7.653.801,36,21310,"3,0"
2024-05-05,URBANA,002_ZW Canchas Panamericanas,19,MR76,False,Fin de Semana,Domingo,342.416,-7.653.801,47,25107,"4,1"
2024-05-06,URBANA,002_ZW Canchas Panamericanas,19,MR76,False,Laboral,Lunes,342.416,-7.653.801,52,7115,"1,5"
2024-05-07,URBANA,002_ZW Canchas Panamericanas,19,MR76,False,Laboral,Martes,342.416,-7.653.801,1,10,"0,0"
2024-05-14,URBANA,002_ZW Canchas Panamericanas,19,MR76,False,Laboral,Martes,342.416,-7.653.801,22,357719,"165,0"
2024-05-15,URBANA,002_ZW Canchas Panamericanas,19,MR76,False,Laboral,Miércoles,342.416,-7.653.801,42,1272505,"205,9"
2024-05-16,URBANA,002_ZW Canchas Panamericanas,19,MR76,False,Laboral,Jueves,342.416,-7.653.801,67,4767891,"584,2"
2024-05-17,URBANA,002_ZW Canchas Panamericanas,19,MR76,False,Laboral,Viernes,342.416,-7.653.801,75,2345028,"225,6"
2024-05-18,URBANA,002_ZW Canchas Panamericanas,19,MR76,False,Fin de Semana,Sábado,342.416,-7.653.801,50,1914006,"174,4"
2024-05-19,URBANA,002_ZW Canchas Panamericanas,19,MR76,False,Fin de Semana,Domingo,342.416,-7.653.801,41,620189,"53,0"
2024-05-20,URBANA,002_ZW Canchas Panamericanas,19,MR76,False,Laboral,Lunes,342.416,-7.653.801,55,26297,"3,7"
2024-05-21,URBANA,002_ZW Canchas Panamericanas,19,MR76,False,Laboral,Martes,342.416,-7.653.801,53,13026,"1,7"
2024-05-22,URBANA,002_ZW Canchas Panamericanas,19,MR76,False,Laboral,Miércoles,342.416,-7.653.801,54,11325,"4,4"
2024-05-23,URBANA,002_ZW Canchas Panamericanas,19,MR76,False,Laboral,Jueves,342.416,-7.653.801,59,15323,"2,9"
2024-05-24,URBANA,002_ZW Canchas Panamericanas,19,MR76,False,Laboral,Viernes,342.416,-7.653.801,59,16123,"3,4"
2024-05-25,URBANA,002_ZW Canchas Panamericanas,19,MR76,False,Fin de Semana,Sábado,342.416,-7.653.801,47,458455,"64,4"
2024-05-26,URBANA,002_ZW Canchas Panamericanas,19,MR76,False,Fin de Semana,Domingo,342.416,-7.653.801,42,42752,"6,2"
2024-05-27,URBANA,002_ZW Canchas Panamericanas,19,MR76,False,Laboral,Lunes,342.416,-7.653.801,49,18011,"2,1"
2024-05-28,URBANA,002_ZW Canchas Panamericanas,19,MR76,False,Laboral,Martes,342.416,-7.653.801,77,20329,"2,7"
2024-05-29,URBANA,002_ZW Canchas Panamericanas,19,MR76,False,Laboral,Miércoles,342.416,-7.653.801,48,3292,"0,7"
2024-05-30,URBANA,002_ZW Canchas Panamericanas,19,MR76,False,Laboral,Jueves,342.416,-7.653.801,49,6895,"0,6"
2024-05-31,URBANA,002_ZW Canchas Panamericanas,19,MR76,False,Laboral,Viernes,342.416,-7.653.801,50,6341,"0,7"
2024-06-01,URBANA,002_ZW Canchas Panamericanas,19,MR76,False,Fin de Semana,Sábado,342.416,-7.653.801,39,35095,"3,5"
2024-06-02,URBANA,002_ZW Canchas Panamericanas,19,MR76,False,Fin de Semana,Domingo,342.416,-7.653.801,66,27232,"2,8"
2024-06-03,URBANA,002_ZW Canchas Panamericanas,19,MR76,True,Festivo,Lunes,342.416,-7.653.801,32,386126,"55,7"
2024-06-04,URBANA,002_ZW Canchas Panamericanas,19,MR76,False,Laboral,Martes,342.416,-7.653.801,51,659439,"145,1"
2024-06-05,URBANA,002_ZW Canchas Panamericanas,19,MR76,False,Laboral,Miércoles,342.416,-7.653.801,37,748360,"262,0"
2024-06-06,URBANA,002_ZW Canchas Panamericanas,19,MR76,False,Laboral,Jueves,342.416,-7.653.801,35,441944,"72,4"
2024-06-07,URBANA,002_ZW Canchas Panamericanas,19,MR76,False,Laboral,Viernes,342.416,-7.653.801,43,1576418,"327,8"
2024-06-08,URBANA,002_ZW Canchas Panamericanas,19,MR76,False,Fin de Semana,Sábado,342.416,-7.653.801,44,2479105,"786,8"
2024-06-09,URBANA,002_ZW Canchas Panamericanas,19,MR76,False,Fin de Semana,Domingo,342.416,-7.653.801,111,32145,"11,0"
2024-06-10,URBANA,002_ZW Canchas Panamericanas,19,MR76,True,Festivo,Lunes,342.416,-7.653.801,35,25096,"4,6"
2024-06-11,URBANA,002_ZW Canchas Panamericanas,19,MR76,False,Laboral,Martes,342.416,-7.653.801,63,12639,"2,0"
2024-06-12,URBANA,002_ZW Canchas Panamericanas,19,MR76,False,Laboral,Miércoles,342.416,-7.653.801,50,13927,"1,9"
2024-06-13,URBANA,002_ZW Canchas Panamericanas,19,MR76,False,Laboral,Jueves,342.416,-7.653.801,56,6816,"132700300,0"
2024-06-14,URBANA,002_ZW Canchas Panamericanas,19,MR76,False,Laboral,Viernes,342.416,-7.653.801,40,16251,"488440400,0"
2024-06-15,URBANA,002_ZW Canchas Panamericanas,19,MR76,False,Fin de Semana,Sábado,342.416,-7.653.801,28,6370,"114279400,0"
2024-06-16,URBANA,002_ZW Canchas Panamericanas,19,MR76,False,Fin de Semana,Domingo,342.416,-7.653.801,41,11687,"209570100,0"
2024-06-17,URBANA,002_ZW Canchas Panamericanas,19,MR76,False,Laboral,Lunes,342.416,-7.653.801,72,21670,"3,5"
2024-06-18,URBANA,002_ZW Canchas Panamericanas,19,MR76,False,Laboral,Martes,342.416,-7.653.801,42,9768,"1,5"
2024-06-19,URBANA,002_ZW Canchas Panamericanas,19,MR76,False,Laboral,Miércoles,342.416,-7.653.801,48,9612,"1,4"
2024-06-20,URBANA,002_ZW Canchas Panamericanas,19,MR76,False,Laboral,Jueves,342.416,-7.653.801,62,9815,"2,0"
2024-06-21,URBANA,002_ZW Canchas Panamericanas,19,MR76,False,Laboral,Viernes,342.416,-7.653.801,77,9792,"1,7"
2024-06-22,URBANA,002_ZW Canchas Panamericanas,19,MR76,False,Fin de Semana,Sábado,342.416,-7.653.801,76,10651,"2,0"
2024-06-23,URBANA,002_ZW Canchas Panamericanas,19,MR76,False,Fin de Semana,Domingo,342.416,-7.653.801,56,8248,"3,2"
2024-06-24,URBANA,002_ZW Canchas Panamericanas,19,MR76,False,Laboral,Lunes,342.416,-7.653.801,97,27722,"5,3"
2024-06-25,URBANA,002_ZW Canchas Panamericanas,19,MR76,False,Laboral,Martes,342.416,-7.653.801,76,25274,"6,3"
2024-06-26,URBANA,002_ZW Canchas Panamericanas,19,MR76,False,Laboral,Miércoles,342.416,-7.653.801,70,27891,"7,2"
2024-06-27,URBANA,002_ZW Canchas Panamericanas,19,MR76,False,Laboral,Jueves,342.416,-7.653.801,55,5899,"1,8"
2024-06-28,URBANA,002_ZW Canchas Panamericanas,19,MR76,False,Laboral,Viernes,342.416,-7.653.801,83,20808,"3,6"
2024-06-29,URBANA,002_ZW Canchas Panamericanas,19,MR76,False,Fin de Semana,Sábado,342.416,-7.653.801,55,4213,"0,7"
2024-06-30,URBANA,002_ZW Canchas Panamericanas,19,MR76,False,Fin de Semana,Domingo,342.416,-7.653.801,68,15011,"3,2"
2024-07-01,URBANA,002_ZW Canchas Panamericanas,19,MR76,True,Festivo,Lunes,342.416,-7.653.801,55,893579,"124,14"
2024-07-02,URBANA,002_ZW Canchas Panamericanas,19,MR76,False,Laboral,Martes,342.416,-7.653.801,62,1022751,"110,16"
2024-07-03,URBANA,002_ZW Canchas Panamericanas,19,MR76,False,Laboral,Miércoles,342.416,-7.653.801,70,1048541,"124,71"
2024-07-04,URBANA,002_ZW Canchas Panamericanas,19,MR76,False,Laboral,Jueves,342.416,-7.653.801,62,1195800,"150,69"
2024-07-05,URBANA,002_ZW Canchas Panamericanas,19,MR76,False,Laboral,Viernes,342.416,-7.653.801,58,2296882,"269,59"
2024-07-06,URBANA,002_ZW Canchas Panamericanas,19,MR76,False,Fin de Semana,Sábado,342.416,-7.653.801,47,5610,"0,67"
2024-07-07,URBANA,002_ZW Canchas Panamericanas,19,MR76,False,Fin de Semana,Domingo,342.416,-7.653.801,62,7182,"0,81"
2024-07-08,URBANA,002_ZW Canchas Panamericanas,19,MR76,False,Laboral,Lunes,342.416,-7.653.801,76,58714,"10,57"
2024-07-09,URBANA,002_ZW Canchas Panamericanas,19,MR76,False,Laboral,Martes,342.416,-7.653.801,84,57657,"9,93"
2024-07-10,URBANA,002_ZW Canchas Panamericanas,19,MR76,False,Laboral,Miércoles,342.416,-7.653.801,60,14528,"2,1"
2024-07-11,URBANA,002_ZW Canchas Panamericanas,19,MR76,False,Laboral,Jueves,342.416,-7.653.801,65,12903,"1,75"
2024-07-12,URBANA,002_ZW Canchas Panamericanas,19,MR76,False,Laboral,Viernes,342.416,-7.653.801,75,12726,"2,01"
2024-07-13,URBANA,002_ZW Canchas Panamericanas,19,MR76,False,Fin de Semana,Sábado,342.416,-7.653.801,83,11434,"1,62"
2024-07-14,URBANA,002_ZW Canchas Panamericanas,19,MR76,False,Fin de Semana,Domingo,342.416,-7.653.801,59,17716,"2,79"
2024-07-15,URBANA,002_ZW Canchas Panamericanas,19,MR76,False,Laboral,Lunes,342.416,-7.653.801,83,15457,"2,77"
2024-07-16,URBANA,002_ZW Canchas Panamericanas,19,MR76,False,Laboral,Martes,342.416,-7.653.801,77,25227,"4,02"
2024-07-17,URBANA,002_ZW Canchas Panamericanas,19,MR76,False,Laboral,Miércoles,342.416,-7.653.801,82,33598,"7,42"
2024-07-18,URBANA,002_ZW Canchas Panamericanas,19,MR76,False,Laboral,Jueves,342.416,-7.653.801,66,38372,"6,44"
2024-07-19,URBANA,002_ZW Canchas Panamericanas,19,MR76,False,Laboral,Viernes,342.416,-7.653.801,70,14806,"2,06"
2024-07-20,URBANA,002_ZW Canchas Panamericanas,19,MR76,True,Festivo,Sábado,342.416,-7.653.801,61,6283,"0,81"
2024-07-21,URBANA,002_ZW Canchas Panamericanas,19,MR76,False,Fin de Semana,Domingo,342.416,-7.653.801,68,11571,"1,77"
2024-07-22,URBANA,002_ZW Canchas Panamericanas,19,MR76,False,Laboral,Lunes,342.416,-7.653.801,70,12668,"1,82"
2024-07-23,URBANA,002_ZW Canchas Panamericanas,19,MR76,False,Laboral,Martes,342.416,-7.653.801,69,18187,"2,63"
2024-07-24,URBANA,002_ZW Canchas Panamericanas,19,MR76,False,Laboral,Miércoles,342.416,-7.653.801,76,10982,"1,74"
2024-07-25,URBANA,002_ZW Canchas Panamericanas,19,MR76,False,Laboral,Jueves,342.416,-7.653.801,66,14894,"2,36"
2024-07-26,URBANA,002_ZW Canchas Panamericanas,19,MR76,False,Laboral,Viernes,342.416,-7.653.801,81,24259,"3,2"
2024-07-27,URBANA,002_ZW Canchas Panamericanas,19,MR76,False,Fin de Semana,Sábado,342.416,-7.653.801,99,37031,"6,33"
2024-07-28,URBANA,002_ZW Canchas Panamericanas,19,MR76,False,Fin de Semana,Domingo,342.416,-7.653.801,78,14242,"3,01"
2024-07-29,URBANA,002_ZW Canchas Panamericanas,19,MR76,False,Laboral,Lunes,342.416,-7.653.801,86,22912,"3,67"
2024-07-30,URBANA,002_ZW Canchas Panamericanas,19,MR76,False,Laboral,Martes,342.416,-7.653.801,85,14438,"2,11"
2024-07-31,URBANA,002_ZW Canchas Panamericanas,19,MR76,False,Laboral,Miércoles,342.416,-7.653.801,71,12202,"2,03"
2024-08-01,URBANA,002_ZW Canchas Panamericanas,19,MR76,False,Laboral,Jueves,342.416,-7.653.801,103,23360,"3,49"
2024-08-02,URBANA,002_ZW Canchas Panamericanas,19,MR76,False,Laboral,Viernes,342.416,-7.653.801,72,13165,"2,19"
2024-08-03,URBANA,002_ZW Canchas Panamericanas,19,MR76,False,Fin de Semana,Sábado,342.416,-7.653.801,65,24295,"4,95"
2024-08-04,URBANA,002_ZW Canchas Panamericanas,19,MR76,False,Fin de Semana,Domingo,342.416,-7.653.801,74,33288,"5,31"
2024-08-05,URBANA,002_ZW Canchas Panamericanas,19,MR76,False,Laboral,Lunes,342.416,-7.653.801,63,18578,"2,68"
2024-08-06,URBANA,002_ZW Canchas Panamericanas,19,MR76,False,Laboral,Martes,342.416,-7.653.801,69,317862,"30,6"
2024-08-07,URBANA,002_ZW Canchas Panamericanas,19,MR76,True,Festivo,Miércoles,342.416,-7.653.801,71,2160138,"256,95"
2024-08-08,URBANA,002_ZW Canchas Panamericanas,19,MR76,False,Laboral,Jueves,342.416,-7.653.801,87,954442,"119,75"
2024-08-09,URBANA,002_ZW Canchas Panamericanas,19,MR76,False,Laboral,Viernes,342.416,-7.653.801,94,1881722,"347,27"
2024-08-10,URBANA,002_ZW Canchas Panamericanas,19,MR76,False,Fin de Semana,Sábado,342.416,-7.653.801,75,1526862,"289,01"
2024-08-11,URBANA,002_ZW Canchas Panamericanas,19,MR76,False,Fin de Semana,Domingo,342.416,-7.653.801,76,516356,"89,61"
2024-08-12,URBANA,002_ZW Canchas Panamericanas,19,MR76,False,Laboral,Lunes,342.416,-7.653.801,84,18968,"4,07"
2024-08-13,URBANA,002_ZW Canchas Panamericanas,19,MR76,False,Laboral,Martes,342.416,-7.653.801,72,8942,"1,01"
2024-08-14,URBANA,002_ZW Canchas Panamericanas,19,MR76,False,Laboral,Miércoles,342.416,-7.653.801,73,9130,"1,21"
2024-08-15,URBANA,002_ZW Canchas Panamericanas,19,MR76,False,Laboral,Jueves,342.416,-7.653.801,77,11795,"1,77"
2024-08-16,URBANA,002_ZW Canchas Panamericanas,19,MR76,False,Laboral,Viernes,342.416,-7.653.801,89,13204,"1,8"
2024-08-17,URBANA,002_ZW Canchas Panamericanas,19,MR76,False,Fin de Semana,Sábado,342.416,-7.653.801,77,13599,"1,97"
2024-08-18,URBANA,002_ZW Canchas Panamericanas,19,MR76,False,Fin de Semana,Domingo,342.416,-7.653.801,58,9208,"1,39"
2024-08-19,URBANA,002_ZW Canchas Panamericanas,19,MR76,True,Festivo,Lunes,342.416,-7.653.801,49,7452,"1,02"
2024-08-20,URBANA,002_ZW Canchas Panamericanas,19,MR76,False,Laboral,Martes,342.416,-7.653.801,86,15456,"3,83"
2024-08-21,URBANA,002_ZW Canchas Panamericanas,19,MR76,False,Laboral,Miércoles,342.416,-7.653.801,80,10088,"2,94"
2024-08-22,URBANA,002_ZW Canchas Panamericanas,19,MR76,False,Laboral,Jueves,342.416,-7.653.801,104,7766,"2,07"
2024-08-23,URBANA,002_ZW Canchas Panamericanas,19,MR76,False,Laboral,Viernes,342.416,-7.653.801,117,10784,"4,39"
2024-08-24,URBANA,002_ZW Canchas Panamericanas,19,MR76,False,Fin de Semana,Sábado,342.416,-7.653.801,54,7244,"4,91"
2024-08-25,URBANA,002_ZW Canchas Panamericanas,19,MR76,False,Fin de Semana,Domingo,342.416,-7.653.801,49,22153,"21,2"
2024-08-26,URBANA,002_ZW Canchas Panamericanas,19,MR76,False,Laboral,Lunes,342.416,-7.653.801,92,10173,"13,59"
2024-08-27,URBANA,002_ZW Canchas Panamericanas,19,MR76,False,Laboral,Martes,342.416,-7.653.801,82,6740,"7,23"
2024-08-28,URBANA,002_ZW Canchas Panamericanas,19,MR76,False,Laboral,Miércoles,342.416,-7.653.801,92,12072,"21,42"
2024-08-29,URBANA,002_ZW Canchas Panamericanas,19,MR76,False,Laboral,Jueves,342.416,-7.653.801,98,12681,"36,23"
2024-08-30,URBANA,002_ZW Canchas Panamericanas,19,MR76,False,Laboral,Viernes,342.416,-7.653.801,99,18137,"43,69"
2024-08-31,URBANA,002_ZW Canchas Panamericanas,19,MR76,False,Fin de Semana,Sábado,342.416,-7.653.801,64,26874,"38,37"
2024-09-01,URBANA,002_ZW Canchas Panamericanas,19,MR76,False,Fin de Semana,Domingo,342.416,-7.653.801,76,33788,"78,2"
2024-09-02,URBANA,002_ZW Canchas Panamericanas,19,MR76,False,Laboral,Lunes,342.416,-7.653.801,87,10461,"20,62"
2024-09-03,URBANA,002_ZW Canchas Panamericanas,19,MR76,False,Laboral,Martes,342.416,-7.653.801,94,15048,"82,45"
2024-09-04,URBANA,002_ZW Canchas Panamericanas,19,MR76,False,Laboral,Miércoles,342.416,-7.653.801,30,3377,"463,15"
2024-11-08,URBANA,002_ZW Canchas Panamericanas,19,MR76,False,Laboral,Viernes,342.416,-7.653.801,48,116392,"9,41"
2024-11-09,URBANA,002_ZW Canchas Panamericanas,19,MR76,False,Fin de Semana,Sábado,342.416,-7.653.801,69,1288801,"77,4"
2024-11-10,URBANA,002_ZW Canchas Panamericanas,19,MR76,False,Fin de Semana,Domingo,342.416,-7.653.801,60,1049813,"54,19"
2024-11-11,URBANA,002_ZW Canchas Panamericanas,19,MR76,True,Festivo,Lunes,342.416,-7.653.801,48,286253,"16,3"
2024-11-12,URBANA,002_ZW Canchas Panamericanas,19,MR76,False,Laboral,Martes,342.416,-7.653.801,88,1622987,"84,91"
2024-11-13,URBANA,002_ZW Canchas Panamericanas,19,MR76,False,Laboral,Miércoles,342.416,-7.653.801,117,6560548,"404,94"
2024-11-14,URBANA,002_ZW Canchas Panamericanas,19,MR76,False,Laboral,Jueves,342.416,-7.653.801,107,3939776,"205,23"
2024-11-15,URBANA,002_ZW Canchas Panamericanas,19,MR76,False,Laboral,Viernes,342.416,-7.653.801,96,1154918,"63,4"
2024-11-16,URBANA,002_ZW Canchas Panamericanas,19,MR76,False,Fin de Semana,Sábado,342.416,-7.653.801,75,94073,"5,11"
2024-11-17,URBANA,002_ZW Canchas Panamericanas,19,MR76,False,Fin de Semana,Domingo,342.416,-7.653.801,70,937934,"54,6"
2024-11-18,URBANA,002_ZW Canchas Panamericanas,19,MR76,False,Laboral,Lunes,342.416,-7.653.801,85,879761,"54,73"
2024-11-19,URBANA,002_ZW Canchas Panamericanas,19,MR76,False,Laboral,Martes,342.416,-7.653.801,75,578093,"36,18"
2024-11-20,URBANA,002_ZW Canchas Panamericanas,19,MR76,False,Laboral,Miércoles,342.416,-7.653.801,87,249726,"13,09"
2024-11-21,URBANA,002_ZW Canchas Panamericanas,19,MR76,False,Laboral,Jueves,342.416,-7.653.801,94,541153,"29,97"
2024-11-22,URBANA,002_ZW Canchas Panamericanas,19,MR76,False,Laboral,Viernes,342.416,-7.653.801,77,9441163,"467,67"
2024-11-23,URBANA,002_ZW Canchas Panamericanas,19,MR76,False,Fin de Semana,Sábado,342.416,-7.653.801,71,337895,"17,63"
2024-11-24,URBANA,002_ZW Canchas Panamericanas,19,MR76,False,Fin de Semana,Domingo,342.416,-7.653.801,46,134557,"18,17"
2024-11-25,URBANA,002_ZW Canchas Panamericanas,19,MR76,False,Laboral,Lunes,342.416,-7.653.801,19,1095,"0,27"
2024-11-26,URBANA,002_ZW Canchas Panamericanas,19,MR76,False,Laboral,Martes,342.416,-7.653.801,21,31375,"3,98"
2024-11-27,URBANA,002_ZW Canchas Panamericanas,19,MR76,False,Laboral,Miércoles,342.416,-7.653.801,70,21305,"1,1"
2024-11-28,URBANA,002_ZW Canchas Panamericanas,19,MR76,False,Laboral,Jueves,342.416,-7.653.801,69,595115,"28,26"
2024-11-29,URBANA,002_ZW Canchas Panamericanas,19,MR76,False,Laboral,Viernes,342.416,-7.653.801,75,5245097,"236,01"
2024-11-30,URBANA,002_ZW Canchas Panamericanas,19,MR76,False,Fin de Semana,Sábado,342.416,-7.653.801,52,199265,"8,74"
2024-12-01,URBANA,002_ZW Canchas Panamericanas,19,MR76,False,Fin de Semana,Domingo,342.416,-7.653.801,57,2220722,"91,89"
2024-12-02,URBANA,002_ZW Canchas Panamericanas,19,MR76,False,Laboral,Lunes,342.416,-7.653.801,63,386334,"18,52"
2024-12-03,URBANA,002_ZW Canchas Panamericanas,19,MR76,False,Laboral,Martes,342.416,-7.653.801,68,770926,"41,29"
2024-12-04,URBANA,002_ZW Canchas Panamericanas,19,MR76,False,Laboral,Miércoles,342.416,-7.653.801,69,1822785,"78,92"
2024-12-05,URBANA,002_ZW Canchas Panamericanas,19,MR76,False,Laboral,Jueves,342.416,-7.653.801,104,7667044,"334,19"
