﻿FECHA.CONEXION,AREA,NOMBRE.ZONA,COMUNA,MODEL,es_festivo,tipo_dia,dia_semana,LATITUD,LONGITUD,NUMERO.CONEXIONES,USAGE.KB,PORCENTAJE.USO
2024-01-01,URBANA,027_ZW Parque Alfonso Bonilla Aragón,14,MR76,True,Festivo,Lunes,341.674,-7.648.181,76,13829,"1,6"
2024-01-02,URBANA,027_ZW Parque Alfonso Bonilla Aragón,14,MR76,False,Laboral,Martes,341.674,-7.648.181,61,9814,"1,1"
2024-01-03,URBANA,027_ZW Parque Alfonso Bonilla Aragón,14,MR76,False,Laboral,Miércoles,341.674,-7.648.181,52,1997206,"164,8"
2024-01-04,URBANA,027_ZW Parque Alfonso Bonilla Aragón,14,MR76,False,Laboral,Jueves,341.674,-7.648.181,59,1518792,"143,7"
2024-01-05,URBANA,027_ZW Parque Alfonso Bonilla Aragón,14,MR76,False,Laboral,Viernes,341.674,-7.648.181,75,6219773,"573,7"
2024-01-06,URBANA,027_ZW Parque Alfonso Bonilla Aragón,14,MR76,False,Fin de Semana,Sábado,341.674,-7.648.181,64,4248098,"553,9"
2024-01-07,URBANA,027_ZW Parque Alfonso Bonilla Aragón,14,MR76,False,Fin de Semana,Domingo,341.674,-7.648.181,76,5064407,"504,6"
2024-01-08,URBANA,027_ZW Parque Alfonso Bonilla Aragón,14,MR76,True,Festivo,Lunes,341.674,-7.648.181,61,5632173,"357,2"
2024-01-09,URBANA,027_ZW Parque Alfonso Bonilla Aragón,14,MR76,False,Laboral,Martes,341.674,-7.648.181,57,1647232,"127,1"
2024-01-10,URBANA,027_ZW Parque Alfonso Bonilla Aragón,14,MR76,False,Laboral,Miércoles,341.674,-7.648.181,68,3235052,"268,1"
2024-01-11,URBANA,027_ZW Parque Alfonso Bonilla Aragón,14,MR76,False,Laboral,Jueves,341.674,-7.648.181,67,3579698,"332,7"
2024-01-12,URBANA,027_ZW Parque Alfonso Bonilla Aragón,14,MR76,False,Laboral,Viernes,341.674,-7.648.181,65,5701987,"490,9"
2024-01-13,URBANA,027_ZW Parque Alfonso Bonilla Aragón,14,MR76,False,Fin de Semana,Sábado,341.674,-7.648.181,42,3414058,"379,2"
2024-01-14,URBANA,027_ZW Parque Alfonso Bonilla Aragón,14,MR76,False,Fin de Semana,Domingo,341.674,-7.648.181,57,5688974,"718,9"
2024-01-15,URBANA,027_ZW Parque Alfonso Bonilla Aragón,14,MR76,False,Laboral,Lunes,341.674,-7.648.181,60,9177253,"1326,6"
2024-01-16,URBANA,027_ZW Parque Alfonso Bonilla Aragón,14,MR76,False,Laboral,Martes,341.674,-7.648.181,70,1719377,"201,0"
2024-01-17,URBANA,027_ZW Parque Alfonso Bonilla Aragón,14,MR76,False,Laboral,Miércoles,341.674,-7.648.181,36,1460885,"146,0"
2024-01-18,URBANA,027_ZW Parque Alfonso Bonilla Aragón,14,MR76,False,Laboral,Jueves,341.674,-7.648.181,88,3874665,"323,0"
2024-01-19,URBANA,027_ZW Parque Alfonso Bonilla Aragón,14,MR76,False,Laboral,Viernes,341.674,-7.648.181,74,2031839,"132,4"
2024-01-20,URBANA,027_ZW Parque Alfonso Bonilla Aragón,14,MR76,False,Fin de Semana,Sábado,341.674,-7.648.181,41,664255,"51,3"
2024-01-21,URBANA,027_ZW Parque Alfonso Bonilla Aragón,14,MR76,False,Fin de Semana,Domingo,341.674,-7.648.181,39,2276412,"175,79999999999998"
2024-01-22,URBANA,027_ZW Parque Alfonso Bonilla Aragón,14,MR76,False,Laboral,Lunes,341.674,-7.648.181,89,2163117,"206,3"
2024-01-23,URBANA,027_ZW Parque Alfonso Bonilla Aragón,14,MR76,False,Laboral,Martes,341.674,-7.648.181,88,7240483,"670,5"
2024-01-24,URBANA,027_ZW Parque Alfonso Bonilla Aragón,14,MR76,False,Laboral,Miércoles,341.674,-7.648.181,67,7899419,"631,5999999999999"
2024-01-25,URBANA,027_ZW Parque Alfonso Bonilla Aragón,14,MR76,False,Laboral,Jueves,341.674,-7.648.181,99,15988696,"1069,6"
2024-01-26,URBANA,027_ZW Parque Alfonso Bonilla Aragón,14,MR76,False,Laboral,Viernes,341.674,-7.648.181,101,9568029,"694,5"
2024-01-27,URBANA,027_ZW Parque Alfonso Bonilla Aragón,14,MR76,False,Fin de Semana,Sábado,341.674,-7.648.181,75,5825610,"469,29999999999995"
2024-01-28,URBANA,027_ZW Parque Alfonso Bonilla Aragón,14,MR76,False,Fin de Semana,Domingo,341.674,-7.648.181,65,154934,"15,1"
2024-01-29,URBANA,027_ZW Parque Alfonso Bonilla Aragón,14,MR76,False,Laboral,Lunes,341.674,-7.648.181,113,20706,"1,8"
2024-01-30,URBANA,027_ZW Parque Alfonso Bonilla Aragón,14,MR76,False,Laboral,Martes,341.674,-7.648.181,128,25766,"2,9"
2024-01-31,URBANA,027_ZW Parque Alfonso Bonilla Aragón,14,MR76,False,Laboral,Miércoles,341.674,-7.648.181,71,6627,"0,7"
2024-02-01,URBANA,027_ZW Parque Alfonso Bonilla Aragón,14,MR76,False,Laboral,Jueves,341.674,-7.648.181,107,36869,"2,7"
2024-02-02,URBANA,027_ZW Parque Alfonso Bonilla Aragón,14,MR76,False,Laboral,Viernes,341.674,-7.648.181,55,9741,"1,0"
2024-02-03,URBANA,027_ZW Parque Alfonso Bonilla Aragón,14,MR76,False,Fin de Semana,Sábado,341.674,-7.648.181,72,14045,"0,8"
2024-02-04,URBANA,027_ZW Parque Alfonso Bonilla Aragón,14,MR76,False,Fin de Semana,Domingo,341.674,-7.648.181,62,4890202,"305,7"
2024-02-05,URBANA,027_ZW Parque Alfonso Bonilla Aragón,14,MR76,False,Laboral,Lunes,341.674,-7.648.181,51,6045410,"401,6"
2024-02-06,URBANA,027_ZW Parque Alfonso Bonilla Aragón,14,MR76,False,Laboral,Martes,341.674,-7.648.181,93,8274950,"553,8"
2024-02-07,URBANA,027_ZW Parque Alfonso Bonilla Aragón,14,MR76,False,Laboral,Miércoles,341.674,-7.648.181,79,8748859,"530,0"
2024-02-08,URBANA,027_ZW Parque Alfonso Bonilla Aragón,14,MR76,False,Laboral,Jueves,341.674,-7.648.181,114,4556305,"335,3"
2024-02-09,URBANA,027_ZW Parque Alfonso Bonilla Aragón,14,MR76,False,Laboral,Viernes,341.674,-7.648.181,100,72225,"6,0"
2024-02-10,URBANA,027_ZW Parque Alfonso Bonilla Aragón,14,MR76,False,Fin de Semana,Sábado,341.674,-7.648.181,70,56767,"3,6"
2024-02-11,URBANA,027_ZW Parque Alfonso Bonilla Aragón,14,MR76,False,Fin de Semana,Domingo,341.674,-7.648.181,63,8885,"0,7"
2024-02-12,URBANA,027_ZW Parque Alfonso Bonilla Aragón,14,MR76,False,Laboral,Lunes,341.674,-7.648.181,95,30624,"2,9"
2024-02-13,URBANA,027_ZW Parque Alfonso Bonilla Aragón,14,MR76,False,Laboral,Martes,341.674,-7.648.181,58,6023,"0,7"
2024-02-14,URBANA,027_ZW Parque Alfonso Bonilla Aragón,14,MR76,False,Laboral,Miércoles,341.674,-7.648.181,111,34383,"4,6"
2024-02-15,URBANA,027_ZW Parque Alfonso Bonilla Aragón,14,MR76,False,Laboral,Jueves,341.674,-7.648.181,61,5361,"0,4"
2024-02-16,URBANA,027_ZW Parque Alfonso Bonilla Aragón,14,MR76,False,Laboral,Viernes,341.674,-7.648.181,74,108790,"10,3"
2024-02-17,URBANA,027_ZW Parque Alfonso Bonilla Aragón,14,MR76,False,Fin de Semana,Sábado,341.674,-7.648.181,105,6657,"0,6"
2024-02-18,URBANA,027_ZW Parque Alfonso Bonilla Aragón,14,MR76,False,Fin de Semana,Domingo,341.674,-7.648.181,95,12692,"0,9"
2024-02-19,URBANA,027_ZW Parque Alfonso Bonilla Aragón,14,MR76,False,Laboral,Lunes,341.674,-7.648.181,64,213494,"14,6"
2024-02-20,URBANA,027_ZW Parque Alfonso Bonilla Aragón,14,MR76,False,Laboral,Martes,341.674,-7.648.181,48,5731,"0,4"
2024-02-21,URBANA,027_ZW Parque Alfonso Bonilla Aragón,14,MR76,False,Laboral,Miércoles,341.674,-7.648.181,69,10207,"0,8999999999999999"
2024-02-22,URBANA,027_ZW Parque Alfonso Bonilla Aragón,14,MR76,False,Laboral,Jueves,341.674,-7.648.181,71,8313,"0,6"
2024-02-23,URBANA,027_ZW Parque Alfonso Bonilla Aragón,14,MR76,False,Laboral,Viernes,341.674,-7.648.181,62,23357,"1,7000000000000002"
2024-02-24,URBANA,027_ZW Parque Alfonso Bonilla Aragón,14,MR76,False,Fin de Semana,Sábado,341.674,-7.648.181,62,16510,"1,3"
2024-02-25,URBANA,027_ZW Parque Alfonso Bonilla Aragón,14,MR76,False,Fin de Semana,Domingo,341.674,-7.648.181,61,38967,"2,3"
2024-02-26,URBANA,027_ZW Parque Alfonso Bonilla Aragón,14,MR76,False,Laboral,Lunes,341.674,-7.648.181,69,20018,"1,7999999999999998"
2024-02-27,URBANA,027_ZW Parque Alfonso Bonilla Aragón,14,MR76,False,Laboral,Martes,341.674,-7.648.181,93,12848,"1,1"
2024-02-28,URBANA,027_ZW Parque Alfonso Bonilla Aragón,14,MR76,False,Laboral,Miércoles,341.674,-7.648.181,98,13601,"0,8"
2024-02-29,URBANA,027_ZW Parque Alfonso Bonilla Aragón,14,MR76,False,Laboral,Jueves,341.674,-7.648.181,86,11472,"1,5"
2024-03-01,URBANA,027_ZW Parque Alfonso Bonilla Aragón,14,MR76,False,Laboral,Viernes,341.674,-7.648.181,51,13083,"1,1"
2024-03-02,URBANA,027_ZW Parque Alfonso Bonilla Aragón,14,MR76,False,Fin de Semana,Sábado,341.674,-7.648.181,42,7581,"0,7"
2024-03-03,URBANA,027_ZW Parque Alfonso Bonilla Aragón,14,MR76,False,Fin de Semana,Domingo,341.674,-7.648.181,76,7294,"0,6000000000000001"
2024-03-04,URBANA,027_ZW Parque Alfonso Bonilla Aragón,14,MR76,False,Laboral,Lunes,341.674,-7.648.181,66,9487,"0,7"
2024-03-05,URBANA,027_ZW Parque Alfonso Bonilla Aragón,14,MR76,False,Laboral,Martes,341.674,-7.648.181,62,4449216,"322,8"
2024-03-06,URBANA,027_ZW Parque Alfonso Bonilla Aragón,14,MR76,False,Laboral,Miércoles,341.674,-7.648.181,44,1079850,"89,2"
2024-03-07,URBANA,027_ZW Parque Alfonso Bonilla Aragón,14,MR76,False,Laboral,Jueves,341.674,-7.648.181,65,2371810,"222,0"
2024-03-08,URBANA,027_ZW Parque Alfonso Bonilla Aragón,14,MR76,False,Laboral,Viernes,341.674,-7.648.181,66,2057298,"192,3"
2024-03-09,URBANA,027_ZW Parque Alfonso Bonilla Aragón,14,MR76,False,Fin de Semana,Sábado,341.674,-7.648.181,45,1707132,"172,7"
2024-03-10,URBANA,027_ZW Parque Alfonso Bonilla Aragón,14,MR76,False,Fin de Semana,Domingo,341.674,-7.648.181,64,1242385,"130,2"
2024-03-11,URBANA,027_ZW Parque Alfonso Bonilla Aragón,14,MR76,False,Laboral,Lunes,341.674,-7.648.181,82,3843747,"409,0"
2024-03-12,URBANA,027_ZW Parque Alfonso Bonilla Aragón,14,MR76,False,Laboral,Martes,341.674,-7.648.181,62,1970455,"223,5"
2024-03-13,URBANA,027_ZW Parque Alfonso Bonilla Aragón,14,MR76,False,Laboral,Miércoles,341.674,-7.648.181,72,3971642,"536,5"
2024-03-14,URBANA,027_ZW Parque Alfonso Bonilla Aragón,14,MR76,False,Laboral,Jueves,341.674,-7.648.181,103,6093168,"628,0"
2024-03-15,URBANA,027_ZW Parque Alfonso Bonilla Aragón,14,MR76,False,Laboral,Viernes,341.674,-7.648.181,94,1033946,"79,4"
2024-03-16,URBANA,027_ZW Parque Alfonso Bonilla Aragón,14,MR76,False,Fin de Semana,Sábado,341.674,-7.648.181,54,4521,"0,4"
2024-03-17,URBANA,027_ZW Parque Alfonso Bonilla Aragón,14,MR76,False,Fin de Semana,Domingo,341.674,-7.648.181,55,7132,"0,6000000000000001"
2024-03-18,URBANA,027_ZW Parque Alfonso Bonilla Aragón,14,MR76,False,Laboral,Lunes,341.674,-7.648.181,71,18533,"1,5"
2024-03-19,URBANA,027_ZW Parque Alfonso Bonilla Aragón,14,MR76,False,Laboral,Martes,341.674,-7.648.181,66,20698,"2,8"
2024-03-20,URBANA,027_ZW Parque Alfonso Bonilla Aragón,14,MR76,False,Laboral,Miércoles,341.674,-7.648.181,59,9421,"1,5"
2024-03-21,URBANA,027_ZW Parque Alfonso Bonilla Aragón,14,MR76,False,Laboral,Jueves,341.674,-7.648.181,71,35575,"4,1"
2024-03-22,URBANA,027_ZW Parque Alfonso Bonilla Aragón,14,MR76,False,Laboral,Viernes,341.674,-7.648.181,59,36530,"3,6999999999999997"
2024-03-23,URBANA,027_ZW Parque Alfonso Bonilla Aragón,14,MR76,False,Fin de Semana,Sábado,341.674,-7.648.181,70,19032,"2,5"
2024-03-24,URBANA,027_ZW Parque Alfonso Bonilla Aragón,14,MR76,True,Festivo,Domingo,341.674,-7.648.181,68,17431,"1,9"
2024-03-25,URBANA,027_ZW Parque Alfonso Bonilla Aragón,14,MR76,True,Festivo,Lunes,341.674,-7.648.181,56,6330,"0,9"
2024-03-26,URBANA,027_ZW Parque Alfonso Bonilla Aragón,14,MR76,False,Laboral,Martes,341.674,-7.648.181,56,6310,"0,8"
2024-03-27,URBANA,027_ZW Parque Alfonso Bonilla Aragón,14,MR76,False,Laboral,Miércoles,341.674,-7.648.181,46,8161,"1,0"
2024-03-28,URBANA,027_ZW Parque Alfonso Bonilla Aragón,14,MR76,True,Festivo,Jueves,341.674,-7.648.181,47,18850,"3,0"
2024-03-29,URBANA,027_ZW Parque Alfonso Bonilla Aragón,14,MR76,True,Festivo,Viernes,341.674,-7.648.181,55,5328,"0,6"
2024-03-30,URBANA,027_ZW Parque Alfonso Bonilla Aragón,14,MR76,False,Fin de Semana,Sábado,341.674,-7.648.181,56,6079,"1,0"
2024-03-31,URBANA,027_ZW Parque Alfonso Bonilla Aragón,14,MR76,True,Festivo,Domingo,341.674,-7.648.181,47,8144,"1,1"
2024-04-01,URBANA,027_ZW Parque Alfonso Bonilla Aragón,14,MR76,False,Laboral,Lunes,341.674,-7.648.181,68,9957,"0,8999999999999999"
2024-04-02,URBANA,027_ZW Parque Alfonso Bonilla Aragón,14,MR76,False,Laboral,Martes,341.674,-7.648.181,41,4895,"0,7"
2024-04-03,URBANA,027_ZW Parque Alfonso Bonilla Aragón,14,MR76,False,Laboral,Miércoles,341.674,-7.648.181,44,4583,"0,5"
2024-04-04,URBANA,027_ZW Parque Alfonso Bonilla Aragón,14,MR76,False,Laboral,Jueves,341.674,-7.648.181,66,5772,"0,5"
2024-04-05,URBANA,027_ZW Parque Alfonso Bonilla Aragón,14,MR76,False,Laboral,Viernes,341.674,-7.648.181,61,8280,"0,7"
2024-04-06,URBANA,027_ZW Parque Alfonso Bonilla Aragón,14,MR76,False,Fin de Semana,Sábado,341.674,-7.648.181,71,24003,"2,0"
2024-04-07,URBANA,027_ZW Parque Alfonso Bonilla Aragón,14,MR76,False,Fin de Semana,Domingo,341.674,-7.648.181,56,21335,"1,8"
2024-04-08,URBANA,027_ZW Parque Alfonso Bonilla Aragón,14,MR76,False,Laboral,Lunes,341.674,-7.648.181,60,12468,"1,7000000000000002"
2024-04-09,URBANA,027_ZW Parque Alfonso Bonilla Aragón,14,MR76,False,Laboral,Martes,341.674,-7.648.181,42,8887,"1,2"
2024-04-10,URBANA,027_ZW Parque Alfonso Bonilla Aragón,14,MR76,False,Laboral,Miércoles,341.674,-7.648.181,71,11171,"2,6"
2024-04-11,URBANA,027_ZW Parque Alfonso Bonilla Aragón,14,MR76,False,Laboral,Jueves,341.674,-7.648.181,54,2893,"0,6000000000000001"
2024-04-12,URBANA,027_ZW Parque Alfonso Bonilla Aragón,14,MR76,False,Laboral,Viernes,341.674,-7.648.181,71,6933,"1,0"
2024-04-13,URBANA,027_ZW Parque Alfonso Bonilla Aragón,14,MR76,False,Fin de Semana,Sábado,341.674,-7.648.181,64,9121,"1,1"
2024-04-14,URBANA,027_ZW Parque Alfonso Bonilla Aragón,14,MR76,False,Fin de Semana,Domingo,341.674,-7.648.181,68,7628,"1,1"
2024-04-15,URBANA,027_ZW Parque Alfonso Bonilla Aragón,14,MR76,False,Laboral,Lunes,341.674,-7.648.181,64,305379,"76,3"
2024-04-16,URBANA,027_ZW Parque Alfonso Bonilla Aragón,14,MR76,False,Laboral,Martes,341.674,-7.648.181,65,17514,"4,1"
2024-04-17,URBANA,027_ZW Parque Alfonso Bonilla Aragón,14,MR76,False,Laboral,Miércoles,341.674,-7.648.181,49,4940,"1,3"
2024-04-18,URBANA,027_ZW Parque Alfonso Bonilla Aragón,14,MR76,False,Laboral,Jueves,341.674,-7.648.181,48,5839,"2,0"
2024-04-19,URBANA,027_ZW Parque Alfonso Bonilla Aragón,14,MR76,False,Laboral,Viernes,341.674,-7.648.181,38,3446,"0,8"
2024-04-20,URBANA,027_ZW Parque Alfonso Bonilla Aragón,14,MR76,False,Fin de Semana,Sábado,341.674,-7.648.181,63,4887,"0,6000000000000001"
2024-04-21,URBANA,027_ZW Parque Alfonso Bonilla Aragón,14,MR76,False,Fin de Semana,Domingo,341.674,-7.648.181,54,5802,"0,8999999999999999"
2024-04-22,URBANA,027_ZW Parque Alfonso Bonilla Aragón,14,MR76,False,Laboral,Lunes,341.674,-7.648.181,44,3187,"0,7"
2024-04-23,URBANA,027_ZW Parque Alfonso Bonilla Aragón,14,MR76,False,Laboral,Martes,341.674,-7.648.181,40,863645,"47,1"
2024-04-24,URBANA,027_ZW Parque Alfonso Bonilla Aragón,14,MR76,False,Laboral,Miércoles,341.674,-7.648.181,46,110337,"6,0"
2024-04-25,URBANA,027_ZW Parque Alfonso Bonilla Aragón,14,MR76,False,Laboral,Jueves,341.674,-7.648.181,52,2365902,"199,4"
2024-04-26,URBANA,027_ZW Parque Alfonso Bonilla Aragón,14,MR76,False,Laboral,Viernes,341.674,-7.648.181,48,2804969,"279,9"
2024-04-27,URBANA,027_ZW Parque Alfonso Bonilla Aragón,14,MR76,False,Fin de Semana,Sábado,341.674,-7.648.181,52,2844614,"233,2"
2024-04-28,URBANA,027_ZW Parque Alfonso Bonilla Aragón,14,MR76,False,Fin de Semana,Domingo,341.674,-7.648.181,51,3765735,"509,7"
2024-04-29,URBANA,027_ZW Parque Alfonso Bonilla Aragón,14,MR76,False,Laboral,Lunes,341.674,-7.648.181,65,2594733,"324,1"
2024-04-30,URBANA,027_ZW Parque Alfonso Bonilla Aragón,14,MR76,False,Laboral,Martes,341.674,-7.648.181,77,921213,"146,3"
2024-05-01,URBANA,027_ZW Parque Alfonso Bonilla Aragón,14,MR76,True,Festivo,Miércoles,341.674,-7.648.181,54,7943,"1,5"
2024-05-02,URBANA,027_ZW Parque Alfonso Bonilla Aragón,14,MR76,False,Laboral,Jueves,341.674,-7.648.181,56,3287,"0,6"
2024-05-03,URBANA,027_ZW Parque Alfonso Bonilla Aragón,14,MR76,False,Laboral,Viernes,341.674,-7.648.181,47,13892,"3,0"
2024-05-04,URBANA,027_ZW Parque Alfonso Bonilla Aragón,14,MR76,False,Fin de Semana,Sábado,341.674,-7.648.181,51,9092,"1,2"
2024-05-05,URBANA,027_ZW Parque Alfonso Bonilla Aragón,14,MR76,False,Fin de Semana,Domingo,341.674,-7.648.181,58,12349,"2,0"
2024-05-06,URBANA,027_ZW Parque Alfonso Bonilla Aragón,14,MR76,False,Laboral,Lunes,341.674,-7.648.181,61,21476,"4,5"
2024-05-07,URBANA,027_ZW Parque Alfonso Bonilla Aragón,14,MR76,False,Laboral,Martes,341.674,-7.648.181,53,20948,"3,5"
2024-05-08,URBANA,027_ZW Parque Alfonso Bonilla Aragón,14,MR76,False,Laboral,Miércoles,341.674,-7.648.181,48,15882,"2,0"
2024-05-09,URBANA,027_ZW Parque Alfonso Bonilla Aragón,14,MR76,False,Laboral,Jueves,341.674,-7.648.181,50,11158,"1,3"
2024-05-10,URBANA,027_ZW Parque Alfonso Bonilla Aragón,14,MR76,False,Laboral,Viernes,341.674,-7.648.181,46,8337,"1,1"
2024-05-11,URBANA,027_ZW Parque Alfonso Bonilla Aragón,14,MR76,False,Fin de Semana,Sábado,341.674,-7.648.181,51,8443,"1,1"
2024-05-12,URBANA,027_ZW Parque Alfonso Bonilla Aragón,14,MR76,False,Fin de Semana,Domingo,341.674,-7.648.181,74,8216,"2,0"
2024-05-13,URBANA,027_ZW Parque Alfonso Bonilla Aragón,14,MR76,True,Festivo,Lunes,341.674,-7.648.181,48,12272,"2,2"
2024-05-14,URBANA,027_ZW Parque Alfonso Bonilla Aragón,14,MR76,False,Laboral,Martes,341.674,-7.648.181,55,8046,"3,7"
2024-05-15,URBANA,027_ZW Parque Alfonso Bonilla Aragón,14,MR76,False,Laboral,Miércoles,341.674,-7.648.181,48,5984,"1,0"
2024-05-16,URBANA,027_ZW Parque Alfonso Bonilla Aragón,14,MR76,False,Laboral,Jueves,341.674,-7.648.181,54,24179,"3,0"
2024-05-17,URBANA,027_ZW Parque Alfonso Bonilla Aragón,14,MR76,False,Laboral,Viernes,341.674,-7.648.181,51,12579,"1,2"
2024-05-18,URBANA,027_ZW Parque Alfonso Bonilla Aragón,14,MR76,False,Fin de Semana,Sábado,341.674,-7.648.181,50,6824,"0,6000000000000001"
2024-05-19,URBANA,027_ZW Parque Alfonso Bonilla Aragón,14,MR76,False,Fin de Semana,Domingo,341.674,-7.648.181,49,25023,"2,1"
2024-05-20,URBANA,027_ZW Parque Alfonso Bonilla Aragón,14,MR76,False,Laboral,Lunes,341.674,-7.648.181,62,911482,"129,4"
2024-05-21,URBANA,027_ZW Parque Alfonso Bonilla Aragón,14,MR76,False,Laboral,Martes,341.674,-7.648.181,59,1014302,"130,6"
2024-05-22,URBANA,027_ZW Parque Alfonso Bonilla Aragón,14,MR76,False,Laboral,Miércoles,341.674,-7.648.181,52,274990,"106,7"
2024-05-23,URBANA,027_ZW Parque Alfonso Bonilla Aragón,14,MR76,False,Laboral,Jueves,341.674,-7.648.181,47,973547,"183,29999999999998"
2024-05-24,URBANA,027_ZW Parque Alfonso Bonilla Aragón,14,MR76,False,Laboral,Viernes,341.674,-7.648.181,45,755565,"160,1"
2024-05-25,URBANA,027_ZW Parque Alfonso Bonilla Aragón,14,MR76,False,Fin de Semana,Sábado,341.674,-7.648.181,48,2151644,"302,0"
2024-05-26,URBANA,027_ZW Parque Alfonso Bonilla Aragón,14,MR76,False,Fin de Semana,Domingo,341.674,-7.648.181,50,1401304,"202,8"
2024-05-27,URBANA,027_ZW Parque Alfonso Bonilla Aragón,14,MR76,False,Laboral,Lunes,341.674,-7.648.181,73,1333922,"156,89999999999998"
2024-05-28,URBANA,027_ZW Parque Alfonso Bonilla Aragón,14,MR76,False,Laboral,Martes,341.674,-7.648.181,59,2292452,"307,8"
2024-05-29,URBANA,027_ZW Parque Alfonso Bonilla Aragón,14,MR76,False,Laboral,Miércoles,341.674,-7.648.181,36,479287,"95,8"
2024-05-30,URBANA,027_ZW Parque Alfonso Bonilla Aragón,14,MR76,False,Laboral,Jueves,341.674,-7.648.181,55,1484445,"124,0"
2024-05-31,URBANA,027_ZW Parque Alfonso Bonilla Aragón,14,MR76,False,Laboral,Viernes,341.674,-7.648.181,63,6749,"0,7"
2024-06-01,URBANA,027_ZW Parque Alfonso Bonilla Aragón,14,MR76,False,Fin de Semana,Sábado,341.674,-7.648.181,52,1982,"0,2"
2024-06-02,URBANA,027_ZW Parque Alfonso Bonilla Aragón,14,MR76,False,Fin de Semana,Domingo,341.674,-7.648.181,44,10759,"1,1"
2024-06-03,URBANA,027_ZW Parque Alfonso Bonilla Aragón,14,MR76,True,Festivo,Lunes,341.674,-7.648.181,48,5781,"0,8999999999999999"
2024-06-04,URBANA,027_ZW Parque Alfonso Bonilla Aragón,14,MR76,False,Laboral,Martes,341.674,-7.648.181,40,3250,"0,7"
2024-06-05,URBANA,027_ZW Parque Alfonso Bonilla Aragón,14,MR76,False,Laboral,Miércoles,341.674,-7.648.181,47,7048,"2,5"
2024-06-06,URBANA,027_ZW Parque Alfonso Bonilla Aragón,14,MR76,False,Laboral,Jueves,341.674,-7.648.181,50,3428,"0,5"
2024-06-07,URBANA,027_ZW Parque Alfonso Bonilla Aragón,14,MR76,False,Laboral,Viernes,341.674,-7.648.181,60,3319,"0,7"
2024-06-08,URBANA,027_ZW Parque Alfonso Bonilla Aragón,14,MR76,False,Fin de Semana,Sábado,341.674,-7.648.181,38,22309,"7,1"
2024-06-09,URBANA,027_ZW Parque Alfonso Bonilla Aragón,14,MR76,False,Fin de Semana,Domingo,341.674,-7.648.181,53,2590,"0,8999999999999999"
2024-06-10,URBANA,027_ZW Parque Alfonso Bonilla Aragón,14,MR76,True,Festivo,Lunes,341.674,-7.648.181,45,3452,"0,6"
2024-06-11,URBANA,027_ZW Parque Alfonso Bonilla Aragón,14,MR76,False,Laboral,Martes,341.674,-7.648.181,41,2161,"0,4"
2024-06-12,URBANA,027_ZW Parque Alfonso Bonilla Aragón,14,MR76,False,Laboral,Miércoles,341.674,-7.648.181,37,6995,"1,0"
2024-06-13,URBANA,027_ZW Parque Alfonso Bonilla Aragón,14,MR76,False,Laboral,Jueves,341.674,-7.648.181,32,3178,"61872300,0"
2024-06-14,URBANA,027_ZW Parque Alfonso Bonilla Aragón,14,MR76,False,Laboral,Viernes,341.674,-7.648.181,46,10618,"319134800,0"
2024-06-15,URBANA,027_ZW Parque Alfonso Bonilla Aragón,14,MR76,False,Fin de Semana,Sábado,341.674,-7.648.181,36,1793,"32166800,0"
2024-06-16,URBANA,027_ZW Parque Alfonso Bonilla Aragón,14,MR76,False,Fin de Semana,Domingo,341.674,-7.648.181,45,4157,"74543000,0"
2024-06-17,URBANA,027_ZW Parque Alfonso Bonilla Aragón,14,MR76,False,Laboral,Lunes,341.674,-7.648.181,46,4525,"0,7"
2024-06-18,URBANA,027_ZW Parque Alfonso Bonilla Aragón,14,MR76,False,Laboral,Martes,341.674,-7.648.181,45,7199,"1,1"
2024-06-19,URBANA,027_ZW Parque Alfonso Bonilla Aragón,14,MR76,False,Laboral,Miércoles,341.674,-7.648.181,40,2902,"0,4"
2024-06-20,URBANA,027_ZW Parque Alfonso Bonilla Aragón,14,MR76,False,Laboral,Jueves,341.674,-7.648.181,58,10052,"2,0"
2024-06-21,URBANA,027_ZW Parque Alfonso Bonilla Aragón,14,MR76,False,Laboral,Viernes,341.674,-7.648.181,61,5090,"0,9"
2024-06-22,URBANA,027_ZW Parque Alfonso Bonilla Aragón,14,MR76,False,Fin de Semana,Sábado,341.674,-7.648.181,58,54700,"10,3"
2024-06-23,URBANA,027_ZW Parque Alfonso Bonilla Aragón,14,MR76,False,Fin de Semana,Domingo,341.674,-7.648.181,62,8431,"3,3"
2024-06-24,URBANA,027_ZW Parque Alfonso Bonilla Aragón,14,MR76,False,Laboral,Lunes,341.674,-7.648.181,69,3778,"0,7"
2024-06-25,URBANA,027_ZW Parque Alfonso Bonilla Aragón,14,MR76,False,Laboral,Martes,341.674,-7.648.181,66,7288,"1,8"
2024-06-26,URBANA,027_ZW Parque Alfonso Bonilla Aragón,14,MR76,False,Laboral,Miércoles,341.674,-7.648.181,67,2145,"0,6"
2024-06-27,URBANA,027_ZW Parque Alfonso Bonilla Aragón,14,MR76,False,Laboral,Jueves,341.674,-7.648.181,50,5416,"1,7"
2024-06-28,URBANA,027_ZW Parque Alfonso Bonilla Aragón,14,MR76,False,Laboral,Viernes,341.674,-7.648.181,67,4202,"0,7"
2024-06-29,URBANA,027_ZW Parque Alfonso Bonilla Aragón,14,MR76,False,Fin de Semana,Sábado,341.674,-7.648.181,63,5082,"0,8999999999999999"
2024-06-30,URBANA,027_ZW Parque Alfonso Bonilla Aragón,14,MR76,False,Fin de Semana,Domingo,341.674,-7.648.181,64,6653,"1,4"
2024-07-01,URBANA,027_ZW Parque Alfonso Bonilla Aragón,14,MR76,True,Festivo,Lunes,341.674,-7.648.181,61,4705,"0,65"
2024-07-02,URBANA,027_ZW Parque Alfonso Bonilla Aragón,14,MR76,False,Laboral,Martes,341.674,-7.648.181,59,199937,"21,529999999999998"
2024-07-03,URBANA,027_ZW Parque Alfonso Bonilla Aragón,14,MR76,False,Laboral,Miércoles,341.674,-7.648.181,56,4328,"0,51"
2024-07-04,URBANA,027_ZW Parque Alfonso Bonilla Aragón,14,MR76,False,Laboral,Jueves,341.674,-7.648.181,60,2451,"0,31"
2024-07-05,URBANA,027_ZW Parque Alfonso Bonilla Aragón,14,MR76,False,Laboral,Viernes,341.674,-7.648.181,55,5778,"0,6799999999999999"
2024-07-06,URBANA,027_ZW Parque Alfonso Bonilla Aragón,14,MR76,False,Fin de Semana,Sábado,341.674,-7.648.181,67,3779,"0,45"
2024-07-07,URBANA,027_ZW Parque Alfonso Bonilla Aragón,14,MR76,False,Fin de Semana,Domingo,341.674,-7.648.181,60,5941,"0,67"
2024-07-08,URBANA,027_ZW Parque Alfonso Bonilla Aragón,14,MR76,False,Laboral,Lunes,341.674,-7.648.181,54,2960,"0,53"
2024-07-09,URBANA,027_ZW Parque Alfonso Bonilla Aragón,14,MR76,False,Laboral,Martes,341.674,-7.648.181,57,3887,"0,67"
2024-07-10,URBANA,027_ZW Parque Alfonso Bonilla Aragón,14,MR76,False,Laboral,Miércoles,341.674,-7.648.181,63,2365,"0,35"
2024-07-11,URBANA,027_ZW Parque Alfonso Bonilla Aragón,14,MR76,False,Laboral,Jueves,341.674,-7.648.181,71,3461,"0,47"
2024-07-12,URBANA,027_ZW Parque Alfonso Bonilla Aragón,14,MR76,False,Laboral,Viernes,341.674,-7.648.181,49,4296,"0,68"
2024-07-13,URBANA,027_ZW Parque Alfonso Bonilla Aragón,14,MR76,False,Fin de Semana,Sábado,341.674,-7.648.181,76,13261,"1,88"
2024-07-14,URBANA,027_ZW Parque Alfonso Bonilla Aragón,14,MR76,False,Fin de Semana,Domingo,341.674,-7.648.181,72,14346,"2,2600000000000002"
2024-07-15,URBANA,027_ZW Parque Alfonso Bonilla Aragón,14,MR76,False,Laboral,Lunes,341.674,-7.648.181,69,12329,"2,21"
2024-07-16,URBANA,027_ZW Parque Alfonso Bonilla Aragón,14,MR76,False,Laboral,Martes,341.674,-7.648.181,52,9246,"1,48"
2024-07-17,URBANA,027_ZW Parque Alfonso Bonilla Aragón,14,MR76,False,Laboral,Miércoles,341.674,-7.648.181,60,3287,"0,73"
2024-07-18,URBANA,027_ZW Parque Alfonso Bonilla Aragón,14,MR76,False,Laboral,Jueves,341.674,-7.648.181,67,3372,"0,5700000000000001"
2024-07-19,URBANA,027_ZW Parque Alfonso Bonilla Aragón,14,MR76,False,Laboral,Viernes,341.674,-7.648.181,55,8371,"1,17"
2024-07-20,URBANA,027_ZW Parque Alfonso Bonilla Aragón,14,MR76,True,Festivo,Sábado,341.674,-7.648.181,52,3043,"0,39"
2024-07-21,URBANA,027_ZW Parque Alfonso Bonilla Aragón,14,MR76,False,Fin de Semana,Domingo,341.674,-7.648.181,62,102615,"15,67"
2024-07-22,URBANA,027_ZW Parque Alfonso Bonilla Aragón,14,MR76,False,Laboral,Lunes,341.674,-7.648.181,53,2464032,"354,53999999999996"
2024-07-23,URBANA,027_ZW Parque Alfonso Bonilla Aragón,14,MR76,False,Laboral,Martes,341.674,-7.648.181,70,5233576,"755,54"
2024-07-24,URBANA,027_ZW Parque Alfonso Bonilla Aragón,14,MR76,False,Laboral,Miércoles,341.674,-7.648.181,71,7335391,"1160,5"
2024-07-25,URBANA,027_ZW Parque Alfonso Bonilla Aragón,14,MR76,False,Laboral,Jueves,341.674,-7.648.181,68,2289477,"362,13"
2024-07-26,URBANA,027_ZW Parque Alfonso Bonilla Aragón,14,MR76,False,Laboral,Viernes,341.674,-7.648.181,69,3485483,"459,07"
2024-07-27,URBANA,027_ZW Parque Alfonso Bonilla Aragón,14,MR76,False,Fin de Semana,Sábado,341.674,-7.648.181,66,1818208,"310,96"
2024-07-28,URBANA,027_ZW Parque Alfonso Bonilla Aragón,14,MR76,False,Fin de Semana,Domingo,341.674,-7.648.181,76,9548,"2,02"
2024-07-29,URBANA,027_ZW Parque Alfonso Bonilla Aragón,14,MR76,False,Laboral,Lunes,341.674,-7.648.181,72,7238,"1,16"
2024-07-30,URBANA,027_ZW Parque Alfonso Bonilla Aragón,14,MR76,False,Laboral,Martes,341.674,-7.648.181,72,10410,"1,52"
2024-07-31,URBANA,027_ZW Parque Alfonso Bonilla Aragón,14,MR76,False,Laboral,Miércoles,341.674,-7.648.181,68,3126,"0,52"
2024-08-01,URBANA,027_ZW Parque Alfonso Bonilla Aragón,14,MR76,False,Laboral,Jueves,341.674,-7.648.181,75,11690,"1,7400000000000002"
2024-08-02,URBANA,027_ZW Parque Alfonso Bonilla Aragón,14,MR76,False,Laboral,Viernes,341.674,-7.648.181,64,5306,"0,89"
2024-08-03,URBANA,027_ZW Parque Alfonso Bonilla Aragón,14,MR76,False,Fin de Semana,Sábado,341.674,-7.648.181,69,5950,"1,21"
2024-08-04,URBANA,027_ZW Parque Alfonso Bonilla Aragón,14,MR76,False,Fin de Semana,Domingo,341.674,-7.648.181,55,5303,"0,8400000000000001"
2024-08-05,URBANA,027_ZW Parque Alfonso Bonilla Aragón,14,MR76,False,Laboral,Lunes,341.674,-7.648.181,71,458937,"66,31"
2024-08-06,URBANA,027_ZW Parque Alfonso Bonilla Aragón,14,MR76,False,Laboral,Martes,341.674,-7.648.181,64,1544835,"148,73"
2024-08-07,URBANA,027_ZW Parque Alfonso Bonilla Aragón,14,MR76,True,Festivo,Miércoles,341.674,-7.648.181,74,2166780,"257,74"
2024-08-08,URBANA,027_ZW Parque Alfonso Bonilla Aragón,14,MR76,False,Laboral,Jueves,341.674,-7.648.181,72,1615878,"202,73000000000002"
2024-08-09,URBANA,027_ZW Parque Alfonso Bonilla Aragón,14,MR76,False,Laboral,Viernes,341.674,-7.648.181,62,1136181,"209,68"
2024-08-10,URBANA,027_ZW Parque Alfonso Bonilla Aragón,14,MR76,False,Fin de Semana,Sábado,341.674,-7.648.181,64,1387779,"262,68"
2024-08-11,URBANA,027_ZW Parque Alfonso Bonilla Aragón,14,MR76,False,Fin de Semana,Domingo,341.674,-7.648.181,55,2075192,"360,14"
2024-08-12,URBANA,027_ZW Parque Alfonso Bonilla Aragón,14,MR76,False,Laboral,Lunes,341.674,-7.648.181,50,2309960,"495,15999999999997"
2024-08-13,URBANA,027_ZW Parque Alfonso Bonilla Aragón,14,MR76,False,Laboral,Martes,341.674,-7.648.181,73,6152019,"696,34"
2024-08-14,URBANA,027_ZW Parque Alfonso Bonilla Aragón,14,MR76,False,Laboral,Miércoles,341.674,-7.648.181,62,2000867,"265,56"
2024-08-15,URBANA,027_ZW Parque Alfonso Bonilla Aragón,14,MR76,False,Laboral,Jueves,341.674,-7.648.181,66,3664279,"550,12"
2024-08-16,URBANA,027_ZW Parque Alfonso Bonilla Aragón,14,MR76,False,Laboral,Viernes,341.674,-7.648.181,49,9226,"1,26"
2024-08-17,URBANA,027_ZW Parque Alfonso Bonilla Aragón,14,MR76,False,Fin de Semana,Sábado,341.674,-7.648.181,47,3673,"0,53"
2024-08-18,URBANA,027_ZW Parque Alfonso Bonilla Aragón,14,MR76,False,Fin de Semana,Domingo,341.674,-7.648.181,75,7067,"1,07"
2024-08-19,URBANA,027_ZW Parque Alfonso Bonilla Aragón,14,MR76,True,Festivo,Lunes,341.674,-7.648.181,43,5286,"0,73"
2024-08-20,URBANA,027_ZW Parque Alfonso Bonilla Aragón,14,MR76,False,Laboral,Martes,341.674,-7.648.181,65,4350,"1,08"
2024-08-21,URBANA,027_ZW Parque Alfonso Bonilla Aragón,14,MR76,False,Laboral,Miércoles,341.674,-7.648.181,69,6986,"2,04"
2024-10-24,URBANA,027_ZW Parque Alfonso Bonilla Aragón,14,MR76,False,Laboral,Jueves,341.674,-7.648.181,38,827025,"1784,38"
2024-10-25,URBANA,027_ZW Parque Alfonso Bonilla Aragón,14,MR76,False,Laboral,Viernes,341.674,-7.648.181,55,298734,"66,73"
2024-10-26,URBANA,027_ZW Parque Alfonso Bonilla Aragón,14,MR76,False,Fin de Semana,Sábado,341.674,-7.648.181,45,908898,"117,69999999999999"
2024-10-27,URBANA,027_ZW Parque Alfonso Bonilla Aragón,14,MR76,False,Fin de Semana,Domingo,341.674,-7.648.181,44,1803787,"181,2"
2024-10-28,URBANA,027_ZW Parque Alfonso Bonilla Aragón,14,MR76,False,Laboral,Lunes,341.674,-7.648.181,46,1483125,"246,29"
2024-10-29,URBANA,027_ZW Parque Alfonso Bonilla Aragón,14,MR76,False,Laboral,Martes,341.674,-7.648.181,43,450741,"71,1"
2024-10-30,URBANA,027_ZW Parque Alfonso Bonilla Aragón,14,MR76,False,Laboral,Miércoles,341.674,-7.648.181,33,3402644,"694,54"
2024-10-31,URBANA,027_ZW Parque Alfonso Bonilla Aragón,14,MR76,False,Laboral,Jueves,341.674,-7.648.181,47,1456125,"310,37"
2024-11-01,URBANA,027_ZW Parque Alfonso Bonilla Aragón,14,MR76,False,Laboral,Viernes,341.674,-7.648.181,47,2646857,"478,64"
2024-11-02,URBANA,027_ZW Parque Alfonso Bonilla Aragón,14,MR76,False,Fin de Semana,Sábado,341.674,-7.648.181,48,2432860,"391,53"
2024-11-03,URBANA,027_ZW Parque Alfonso Bonilla Aragón,14,MR76,False,Fin de Semana,Domingo,341.674,-7.648.181,47,2632366,"447,49"
2024-11-04,URBANA,027_ZW Parque Alfonso Bonilla Aragón,14,MR76,True,Festivo,Lunes,341.674,-7.648.181,44,1825366,"275,15999999999997"
2024-11-05,URBANA,027_ZW Parque Alfonso Bonilla Aragón,14,MR76,False,Laboral,Martes,341.674,-7.648.181,63,1861248,"254,89999999999998"
2024-11-06,URBANA,027_ZW Parque Alfonso Bonilla Aragón,14,MR76,False,Laboral,Miércoles,341.674,-7.648.181,32,467890,"74,73"
2024-11-07,URBANA,027_ZW Parque Alfonso Bonilla Aragón,14,MR76,False,Laboral,Jueves,341.674,-7.648.181,66,1211502,"136,22"
2024-11-08,URBANA,027_ZW Parque Alfonso Bonilla Aragón,14,MR76,False,Laboral,Viernes,341.674,-7.648.181,61,467871,"37,84"
2024-11-09,URBANA,027_ZW Parque Alfonso Bonilla Aragón,14,MR76,False,Fin de Semana,Sábado,341.674,-7.648.181,63,1361039,"81,74000000000001"
2024-11-10,URBANA,027_ZW Parque Alfonso Bonilla Aragón,14,MR76,False,Fin de Semana,Domingo,341.674,-7.648.181,87,4643173,"239,69"
2024-11-11,URBANA,027_ZW Parque Alfonso Bonilla Aragón,14,MR76,True,Festivo,Lunes,341.674,-7.648.181,85,5397899,"307,36"
2024-11-12,URBANA,027_ZW Parque Alfonso Bonilla Aragón,14,MR76,False,Laboral,Martes,341.674,-7.648.181,67,9116003,"476,90999999999997"
2024-11-13,URBANA,027_ZW Parque Alfonso Bonilla Aragón,14,MR76,False,Laboral,Miércoles,341.674,-7.648.181,78,2808337,"173,35000000000002"
2024-11-14,URBANA,027_ZW Parque Alfonso Bonilla Aragón,14,MR76,False,Laboral,Jueves,341.674,-7.648.181,74,3307529,"172,3"
2024-11-15,URBANA,027_ZW Parque Alfonso Bonilla Aragón,14,MR76,False,Laboral,Viernes,341.674,-7.648.181,60,8217402,"451,1"
2024-11-16,URBANA,027_ZW Parque Alfonso Bonilla Aragón,14,MR76,False,Fin de Semana,Sábado,341.674,-7.648.181,82,4068908,"220,98000000000002"
2024-11-17,URBANA,027_ZW Parque Alfonso Bonilla Aragón,14,MR76,False,Fin de Semana,Domingo,341.674,-7.648.181,82,4482972,"260,95000000000005"
2024-11-18,URBANA,027_ZW Parque Alfonso Bonilla Aragón,14,MR76,False,Laboral,Lunes,341.674,-7.648.181,65,10100553,"628,37"
2024-11-19,URBANA,027_ZW Parque Alfonso Bonilla Aragón,14,MR76,False,Laboral,Martes,341.674,-7.648.181,75,5508701,"344,81"
2024-11-20,URBANA,027_ZW Parque Alfonso Bonilla Aragón,14,MR76,False,Laboral,Miércoles,341.674,-7.648.181,78,4869025,"255,16"
2024-11-21,URBANA,027_ZW Parque Alfonso Bonilla Aragón,14,MR76,False,Laboral,Jueves,341.674,-7.648.181,72,1040931,"57,65"
2024-11-22,URBANA,027_ZW Parque Alfonso Bonilla Aragón,14,MR76,False,Laboral,Viernes,341.674,-7.648.181,81,4966574,"246,01999999999998"
2024-11-23,URBANA,027_ZW Parque Alfonso Bonilla Aragón,14,MR76,False,Fin de Semana,Sábado,341.674,-7.648.181,72,6518205,"340,12"
2024-11-24,URBANA,027_ZW Parque Alfonso Bonilla Aragón,14,MR76,False,Fin de Semana,Domingo,341.674,-7.648.181,59,941975,"127,23"
2024-11-25,URBANA,027_ZW Parque Alfonso Bonilla Aragón,14,MR76,False,Laboral,Lunes,341.674,-7.648.181,19,477757,"116,17000000000002"
2024-11-26,URBANA,027_ZW Parque Alfonso Bonilla Aragón,14,MR76,False,Laboral,Martes,341.674,-7.648.181,49,1394384,"177,06"
2024-11-27,URBANA,027_ZW Parque Alfonso Bonilla Aragón,14,MR76,False,Laboral,Miércoles,341.674,-7.648.181,66,3739177,"192,54"
2024-11-28,URBANA,027_ZW Parque Alfonso Bonilla Aragón,14,MR76,False,Laboral,Jueves,341.674,-7.648.181,68,4089591,"194,23"
2024-11-29,URBANA,027_ZW Parque Alfonso Bonilla Aragón,14,MR76,False,Laboral,Viernes,341.674,-7.648.181,66,5336929,"240,14"
2024-11-30,URBANA,027_ZW Parque Alfonso Bonilla Aragón,14,MR76,False,Fin de Semana,Sábado,341.674,-7.648.181,67,11632649,"510,35"
2024-12-01,URBANA,027_ZW Parque Alfonso Bonilla Aragón,14,MR76,False,Fin de Semana,Domingo,341.674,-7.648.181,67,6705716,"277,48"
2024-12-02,URBANA,027_ZW Parque Alfonso Bonilla Aragón,14,MR76,False,Laboral,Lunes,341.674,-7.648.181,80,9879232,"473,46000000000004"
2024-12-03,URBANA,027_ZW Parque Alfonso Bonilla Aragón,14,MR76,False,Laboral,Martes,341.674,-7.648.181,64,3494471,"187,17000000000002"
