﻿FECHA.CONEXION,AREA,NOMBRE.ZONA,COMUNA,MODEL,es_festivo,tipo_dia,dia_semana,LATITUD,LONGITUD,NUMERO.CONEXIONES,USAGE.KB,PORCENTAJE.USO
2024-01-01,URBANA,016_ZW Conjunto Habitacional Ramali,6,MR76,True,Festivo,Lunes,348.939,-7.648.417,23,21054,"2,4"
2024-01-02,URBANA,016_ZW Conjunto Habitacional Ramali,6,MR76,False,Laboral,Martes,348.939,-7.648.417,27,6028134,"716,0"
2024-01-03,URBANA,016_ZW Conjunto Habitacional Ramali,6,MR76,False,Laboral,Miércoles,348.939,-7.648.417,31,10735419,"885,9"
2024-01-04,URBANA,016_ZW Conjunto Habitacional Ramali,6,MR76,False,Laboral,Jueves,348.939,-7.648.417,33,8236558,"779,6"
2024-01-05,URBANA,016_ZW Conjunto Habitacional Ramali,6,MR76,False,Laboral,Viernes,348.939,-7.648.417,31,342642,"31,6"
2024-01-06,URBANA,016_ZW Conjunto Habitacional Ramali,6,MR76,False,Fin de Semana,Sábado,348.939,-7.648.417,32,10861,"1,4"
2024-01-07,URBANA,016_ZW Conjunto Habitacional Ramali,6,MR76,False,Fin de Semana,Domingo,348.939,-7.648.417,38,13165,"1,3"
2024-01-08,URBANA,016_ZW Conjunto Habitacional Ramali,6,MR76,True,Festivo,Lunes,348.939,-7.648.417,38,11632,"0,7"
2024-01-09,URBANA,016_ZW Conjunto Habitacional Ramali,6,MR76,False,Laboral,Martes,348.939,-7.648.417,36,24906,"1,9"
2024-01-10,URBANA,016_ZW Conjunto Habitacional Ramali,6,MR76,False,Laboral,Miércoles,348.939,-7.648.417,27,10890,"0,9"
2024-01-11,URBANA,016_ZW Conjunto Habitacional Ramali,6,MR76,False,Laboral,Jueves,348.939,-7.648.417,34,10191,"0,9"
2024-01-12,URBANA,016_ZW Conjunto Habitacional Ramali,6,MR76,False,Laboral,Viernes,348.939,-7.648.417,42,15177,"1,3"
2024-01-13,URBANA,016_ZW Conjunto Habitacional Ramali,6,MR76,False,Fin de Semana,Sábado,348.939,-7.648.417,39,6885,"0,8"
2024-01-14,URBANA,016_ZW Conjunto Habitacional Ramali,6,MR76,False,Fin de Semana,Domingo,348.939,-7.648.417,30,5747,"0,7"
2024-01-15,URBANA,016_ZW Conjunto Habitacional Ramali,6,MR76,False,Laboral,Lunes,348.939,-7.648.417,34,11365,"1,6"
2024-01-16,URBANA,016_ZW Conjunto Habitacional Ramali,6,MR76,False,Laboral,Martes,348.939,-7.648.417,35,7459,"0,9"
2024-01-17,URBANA,016_ZW Conjunto Habitacional Ramali,6,MR76,False,Laboral,Miércoles,348.939,-7.648.417,33,19983,"2,0"
2024-01-18,URBANA,016_ZW Conjunto Habitacional Ramali,6,MR76,False,Laboral,Jueves,348.939,-7.648.417,34,18639,"1,6"
2024-01-19,URBANA,016_ZW Conjunto Habitacional Ramali,6,MR76,False,Laboral,Viernes,348.939,-7.648.417,39,58611,"3,8"
2024-01-20,URBANA,016_ZW Conjunto Habitacional Ramali,6,MR76,False,Fin de Semana,Sábado,348.939,-7.648.417,41,14533,"1,1"
2024-01-21,URBANA,016_ZW Conjunto Habitacional Ramali,6,MR76,False,Fin de Semana,Domingo,348.939,-7.648.417,34,4691,"0,4"
2024-01-22,URBANA,016_ZW Conjunto Habitacional Ramali,6,MR76,False,Laboral,Lunes,348.939,-7.648.417,38,48864,"4,7"
2024-01-23,URBANA,016_ZW Conjunto Habitacional Ramali,6,MR76,False,Laboral,Martes,348.939,-7.648.417,39,1700759,"157,5"
2024-01-24,URBANA,016_ZW Conjunto Habitacional Ramali,6,MR76,False,Laboral,Miércoles,348.939,-7.648.417,33,1627316,"130,1"
2024-01-25,URBANA,016_ZW Conjunto Habitacional Ramali,6,MR76,False,Laboral,Jueves,348.939,-7.648.417,29,8151577,"545,3"
2024-01-26,URBANA,016_ZW Conjunto Habitacional Ramali,6,MR76,False,Laboral,Viernes,348.939,-7.648.417,46,1023821,"74,3"
2024-01-27,URBANA,016_ZW Conjunto Habitacional Ramali,6,MR76,False,Fin de Semana,Sábado,348.939,-7.648.417,37,22038,"1,8"
2024-01-28,URBANA,016_ZW Conjunto Habitacional Ramali,6,MR76,False,Fin de Semana,Domingo,348.939,-7.648.417,36,44281,"4,3"
2024-01-29,URBANA,016_ZW Conjunto Habitacional Ramali,6,MR76,False,Laboral,Lunes,348.939,-7.648.417,37,10705,"0,9"
2024-01-30,URBANA,016_ZW Conjunto Habitacional Ramali,6,MR76,False,Laboral,Martes,348.939,-7.648.417,39,7832,"0,9"
2024-01-31,URBANA,016_ZW Conjunto Habitacional Ramali,6,MR76,False,Laboral,Miércoles,348.939,-7.648.417,27,10956,"1,0"
2024-02-01,URBANA,016_ZW Conjunto Habitacional Ramali,6,MR76,False,Laboral,Jueves,348.939,-7.648.417,36,7069,"0,5"
2024-02-02,URBANA,016_ZW Conjunto Habitacional Ramali,6,MR76,False,Laboral,Viernes,348.939,-7.648.417,24,12059,"1,3"
2024-02-03,URBANA,016_ZW Conjunto Habitacional Ramali,6,MR76,False,Fin de Semana,Sábado,348.939,-7.648.417,30,15468,"0,9"
2024-02-04,URBANA,016_ZW Conjunto Habitacional Ramali,6,MR76,False,Fin de Semana,Domingo,348.939,-7.648.417,32,27382,"1,7"
2024-02-05,URBANA,016_ZW Conjunto Habitacional Ramali,6,MR76,False,Laboral,Lunes,348.939,-7.648.417,31,4912,"0,3"
2024-02-06,URBANA,016_ZW Conjunto Habitacional Ramali,6,MR76,False,Laboral,Martes,348.939,-7.648.417,33,46729,"3,1"
2024-02-07,URBANA,016_ZW Conjunto Habitacional Ramali,6,MR76,False,Laboral,Miércoles,348.939,-7.648.417,31,47137,"2,9"
2024-02-08,URBANA,016_ZW Conjunto Habitacional Ramali,6,MR76,False,Laboral,Jueves,348.939,-7.648.417,30,179281,"13,2"
2024-02-09,URBANA,016_ZW Conjunto Habitacional Ramali,6,MR76,False,Laboral,Viernes,348.939,-7.648.417,49,58781,"4,9"
2024-02-10,URBANA,016_ZW Conjunto Habitacional Ramali,6,MR76,False,Fin de Semana,Sábado,348.939,-7.648.417,38,31735,"2,0"
2024-02-11,URBANA,016_ZW Conjunto Habitacional Ramali,6,MR76,False,Fin de Semana,Domingo,348.939,-7.648.417,33,62351,"4,6"
2024-02-12,URBANA,016_ZW Conjunto Habitacional Ramali,6,MR76,False,Laboral,Lunes,348.939,-7.648.417,26,157158,"15,2"
2024-02-13,URBANA,016_ZW Conjunto Habitacional Ramali,6,MR76,False,Laboral,Martes,348.939,-7.648.417,39,150055,"17,3"
2024-02-14,URBANA,016_ZW Conjunto Habitacional Ramali,6,MR76,False,Laboral,Miércoles,348.939,-7.648.417,42,85359,"11,3"
2024-02-15,URBANA,016_ZW Conjunto Habitacional Ramali,6,MR76,False,Laboral,Jueves,348.939,-7.648.417,36,10675,"0,9"
2024-02-16,URBANA,016_ZW Conjunto Habitacional Ramali,6,MR76,False,Laboral,Viernes,348.939,-7.648.417,42,5231,"0,5"
2024-02-17,URBANA,016_ZW Conjunto Habitacional Ramali,6,MR76,False,Fin de Semana,Sábado,348.939,-7.648.417,38,35282,"3,3"
2024-02-18,URBANA,016_ZW Conjunto Habitacional Ramali,6,MR76,False,Fin de Semana,Domingo,348.939,-7.648.417,38,28750,"2,2"
2024-02-19,URBANA,016_ZW Conjunto Habitacional Ramali,6,MR76,False,Laboral,Lunes,348.939,-7.648.417,30,11040,"0,8"
2024-02-20,URBANA,016_ZW Conjunto Habitacional Ramali,6,MR76,False,Laboral,Martes,348.939,-7.648.417,31,7892,"0,6"
2024-02-21,URBANA,016_ZW Conjunto Habitacional Ramali,6,MR76,False,Laboral,Miércoles,348.939,-7.648.417,31,5797,"0,5"
2024-02-22,URBANA,016_ZW Conjunto Habitacional Ramali,6,MR76,False,Laboral,Jueves,348.939,-7.648.417,27,4957,"0,3"
2024-02-23,URBANA,016_ZW Conjunto Habitacional Ramali,6,MR76,False,Laboral,Viernes,348.939,-7.648.417,35,7506,"0,5"
2024-02-24,URBANA,016_ZW Conjunto Habitacional Ramali,6,MR76,False,Fin de Semana,Sábado,348.939,-7.648.417,39,8839,"0,7"
2024-02-25,URBANA,016_ZW Conjunto Habitacional Ramali,6,MR76,False,Fin de Semana,Domingo,348.939,-7.648.417,41,19507,"1,1"
2024-02-26,URBANA,016_ZW Conjunto Habitacional Ramali,6,MR76,False,Laboral,Lunes,348.939,-7.648.417,31,11912,"1,1"
2024-02-27,URBANA,016_ZW Conjunto Habitacional Ramali,6,MR76,False,Laboral,Martes,348.939,-7.648.417,30,4187887,"360,4"
2024-02-28,URBANA,016_ZW Conjunto Habitacional Ramali,6,MR76,False,Laboral,Miércoles,348.939,-7.648.417,18,2395047,"139,7"
2024-02-29,URBANA,016_ZW Conjunto Habitacional Ramali,6,MR76,False,Laboral,Jueves,348.939,-7.648.417,23,1098232,"138,7"
2024-03-01,URBANA,016_ZW Conjunto Habitacional Ramali,6,MR76,False,Laboral,Viernes,348.939,-7.648.417,27,2819869,"235,0"
2024-03-02,URBANA,016_ZW Conjunto Habitacional Ramali,6,MR76,False,Fin de Semana,Sábado,348.939,-7.648.417,33,1913080,"185,9"
2024-03-03,URBANA,016_ZW Conjunto Habitacional Ramali,6,MR76,False,Fin de Semana,Domingo,348.939,-7.648.417,34,152060,"10,9"
2024-03-04,URBANA,016_ZW Conjunto Habitacional Ramali,6,MR76,False,Laboral,Lunes,348.939,-7.648.417,30,9114,"0,6"
2024-03-05,URBANA,016_ZW Conjunto Habitacional Ramali,6,MR76,False,Laboral,Martes,348.939,-7.648.417,37,18377,"1,3"
2024-03-06,URBANA,016_ZW Conjunto Habitacional Ramali,6,MR76,False,Laboral,Miércoles,348.939,-7.648.417,29,5402,"0,4"
2024-03-07,URBANA,016_ZW Conjunto Habitacional Ramali,6,MR76,False,Laboral,Jueves,348.939,-7.648.417,37,4201,"0,4"
2024-03-08,URBANA,016_ZW Conjunto Habitacional Ramali,6,MR76,False,Laboral,Viernes,348.939,-7.648.417,30,4879,"0,5"
2024-03-09,URBANA,016_ZW Conjunto Habitacional Ramali,6,MR76,False,Fin de Semana,Sábado,348.939,-7.648.417,35,9779,"1,0"
2024-03-10,URBANA,016_ZW Conjunto Habitacional Ramali,6,MR76,False,Fin de Semana,Domingo,348.939,-7.648.417,33,12503,"1,3"
2024-03-11,URBANA,016_ZW Conjunto Habitacional Ramali,6,MR76,False,Laboral,Lunes,348.939,-7.648.417,27,12788,"1,4"
2024-03-12,URBANA,016_ZW Conjunto Habitacional Ramali,6,MR76,False,Laboral,Martes,348.939,-7.648.417,33,16398,"1,9"
2024-03-13,URBANA,016_ZW Conjunto Habitacional Ramali,6,MR76,False,Laboral,Miércoles,348.939,-7.648.417,37,7400,"1,0"
2024-03-14,URBANA,016_ZW Conjunto Habitacional Ramali,6,MR76,False,Laboral,Jueves,348.939,-7.648.417,26,28429,"2,9"
2024-03-15,URBANA,016_ZW Conjunto Habitacional Ramali,6,MR76,False,Laboral,Viernes,348.939,-7.648.417,27,5867,"0,5"
2024-03-16,URBANA,016_ZW Conjunto Habitacional Ramali,6,MR76,False,Fin de Semana,Sábado,348.939,-7.648.417,39,6843,"0,6"
2024-03-17,URBANA,016_ZW Conjunto Habitacional Ramali,6,MR76,False,Fin de Semana,Domingo,348.939,-7.648.417,33,27922,"2,2"
2024-03-18,URBANA,016_ZW Conjunto Habitacional Ramali,6,MR76,False,Laboral,Lunes,348.939,-7.648.417,29,6174,"0,5"
2024-03-19,URBANA,016_ZW Conjunto Habitacional Ramali,6,MR76,False,Laboral,Martes,348.939,-7.648.417,28,12888,"1,7"
2024-03-20,URBANA,016_ZW Conjunto Habitacional Ramali,6,MR76,False,Laboral,Miércoles,348.939,-7.648.417,29,13262,"2,0"
2024-03-21,URBANA,016_ZW Conjunto Habitacional Ramali,6,MR76,False,Laboral,Jueves,348.939,-7.648.417,29,6177,"0,7"
2024-03-22,URBANA,016_ZW Conjunto Habitacional Ramali,6,MR76,False,Laboral,Viernes,348.939,-7.648.417,23,5498,"0,6"
2024-03-23,URBANA,016_ZW Conjunto Habitacional Ramali,6,MR76,False,Fin de Semana,Sábado,348.939,-7.648.417,35,7082,"0,9"
2024-03-24,URBANA,016_ZW Conjunto Habitacional Ramali,6,MR76,True,Festivo,Domingo,348.939,-7.648.417,32,6352,"0,7"
2024-03-25,URBANA,016_ZW Conjunto Habitacional Ramali,6,MR76,True,Festivo,Lunes,348.939,-7.648.417,29,11097,"1,6"
2024-03-26,URBANA,016_ZW Conjunto Habitacional Ramali,6,MR76,False,Laboral,Martes,348.939,-7.648.417,34,5242,"0,7"
2024-03-27,URBANA,016_ZW Conjunto Habitacional Ramali,6,MR76,False,Laboral,Miércoles,348.939,-7.648.417,22,11627,"1,4"
2024-03-28,URBANA,016_ZW Conjunto Habitacional Ramali,6,MR76,True,Festivo,Jueves,348.939,-7.648.417,20,2820,"0,4"
2024-03-29,URBANA,016_ZW Conjunto Habitacional Ramali,6,MR76,True,Festivo,Viernes,348.939,-7.648.417,23,13467,"1,4"
2024-03-30,URBANA,016_ZW Conjunto Habitacional Ramali,6,MR76,False,Fin de Semana,Sábado,348.939,-7.648.417,32,7702,"1,2"
2024-03-31,URBANA,016_ZW Conjunto Habitacional Ramali,6,MR76,True,Festivo,Domingo,348.939,-7.648.417,32,5478,"0,7"
2024-04-01,URBANA,016_ZW Conjunto Habitacional Ramali,6,MR76,False,Laboral,Lunes,348.939,-7.648.417,24,3693,"0,4"
2024-04-02,URBANA,016_ZW Conjunto Habitacional Ramali,6,MR76,False,Laboral,Martes,348.939,-7.648.417,8,5980,"0,8"
2024-04-03,URBANA,016_ZW Conjunto Habitacional Ramali,6,MR76,False,Laboral,Miércoles,348.939,-7.648.417,9,111031,"12,3"
2024-04-04,URBANA,016_ZW Conjunto Habitacional Ramali,6,MR76,False,Laboral,Jueves,348.939,-7.648.417,20,3353826,"291,7"
2024-04-05,URBANA,016_ZW Conjunto Habitacional Ramali,6,MR76,False,Laboral,Viernes,348.939,-7.648.417,23,4874500,"433,8"
2024-04-06,URBANA,016_ZW Conjunto Habitacional Ramali,6,MR76,False,Fin de Semana,Sábado,348.939,-7.648.417,23,2397412,"199,2"
2024-04-07,URBANA,016_ZW Conjunto Habitacional Ramali,6,MR76,False,Fin de Semana,Domingo,348.939,-7.648.417,32,7554909,"631,6"
2024-04-08,URBANA,016_ZW Conjunto Habitacional Ramali,6,MR76,False,Laboral,Lunes,348.939,-7.648.417,32,112298,"15,9"
2024-04-09,URBANA,016_ZW Conjunto Habitacional Ramali,6,MR76,False,Laboral,Martes,348.939,-7.648.417,35,10809,"1,4"
2024-04-10,URBANA,016_ZW Conjunto Habitacional Ramali,6,MR76,False,Laboral,Miércoles,348.939,-7.648.417,21,6984,"1,6"
2024-04-11,URBANA,016_ZW Conjunto Habitacional Ramali,6,MR76,False,Laboral,Jueves,348.939,-7.648.417,27,1189624,"269,3"
2024-04-12,URBANA,016_ZW Conjunto Habitacional Ramali,6,MR76,False,Laboral,Viernes,348.939,-7.648.417,35,26469,"3,9"
2024-04-13,URBANA,016_ZW Conjunto Habitacional Ramali,6,MR76,False,Fin de Semana,Sábado,348.939,-7.648.417,36,12333,"1,4"
2024-04-14,URBANA,016_ZW Conjunto Habitacional Ramali,6,MR76,False,Fin de Semana,Domingo,348.939,-7.648.417,35,8502,"1,2"
2024-04-15,URBANA,016_ZW Conjunto Habitacional Ramali,6,MR76,False,Laboral,Lunes,348.939,-7.648.417,29,2516865,"628,8"
2024-04-16,URBANA,016_ZW Conjunto Habitacional Ramali,6,MR76,False,Laboral,Martes,348.939,-7.648.417,26,2064319,"486,0"
2024-04-17,URBANA,016_ZW Conjunto Habitacional Ramali,6,MR76,False,Laboral,Miércoles,348.939,-7.648.417,26,2400589,"643,6"
2024-04-21,URBANA,016_ZW Conjunto Habitacional Ramali,6,MR76,False,Fin de Semana,Domingo,348.939,-7.648.417,34,863845,"139,6"
2024-04-22,URBANA,016_ZW Conjunto Habitacional Ramali,6,MR76,False,Laboral,Lunes,348.939,-7.648.417,24,1761648,"378,8"
2024-04-23,URBANA,016_ZW Conjunto Habitacional Ramali,6,MR76,False,Laboral,Martes,348.939,-7.648.417,33,2705192,"147,4"
2024-04-24,URBANA,016_ZW Conjunto Habitacional Ramali,6,MR76,False,Laboral,Miércoles,348.939,-7.648.417,34,3248121,"176,8"
2024-04-25,URBANA,016_ZW Conjunto Habitacional Ramali,6,MR76,False,Laboral,Jueves,348.939,-7.648.417,37,647694,"54,6"
2024-04-26,URBANA,016_ZW Conjunto Habitacional Ramali,6,MR76,False,Laboral,Viernes,348.939,-7.648.417,25,12988,"1,3"
2024-04-27,URBANA,016_ZW Conjunto Habitacional Ramali,6,MR76,False,Fin de Semana,Sábado,348.939,-7.648.417,35,15554,"1,3"
2024-04-28,URBANA,016_ZW Conjunto Habitacional Ramali,6,MR76,False,Fin de Semana,Domingo,348.939,-7.648.417,35,13387,"1,8"
2024-04-29,URBANA,016_ZW Conjunto Habitacional Ramali,6,MR76,False,Laboral,Lunes,348.939,-7.648.417,32,21322,"2,7"
2024-04-30,URBANA,016_ZW Conjunto Habitacional Ramali,6,MR76,False,Laboral,Martes,348.939,-7.648.417,31,6750,"1,1"
2024-05-01,URBANA,016_ZW Conjunto Habitacional Ramali,6,MR76,True,Festivo,Miércoles,348.939,-7.648.417,47,8786,"1,7"
2024-05-02,URBANA,016_ZW Conjunto Habitacional Ramali,6,MR76,False,Laboral,Jueves,348.939,-7.648.417,33,14940,"2,9"
2024-05-03,URBANA,016_ZW Conjunto Habitacional Ramali,6,MR76,False,Laboral,Viernes,348.939,-7.648.417,28,13791,"3,0"
2024-05-04,URBANA,016_ZW Conjunto Habitacional Ramali,6,MR76,False,Fin de Semana,Sábado,348.939,-7.648.417,27,10153,"1,4"
2024-05-05,URBANA,016_ZW Conjunto Habitacional Ramali,6,MR76,False,Fin de Semana,Domingo,348.939,-7.648.417,25,423840,"68,8"
2024-05-06,URBANA,016_ZW Conjunto Habitacional Ramali,6,MR76,False,Laboral,Lunes,348.939,-7.648.417,29,552925,"115,7"
2024-05-07,URBANA,016_ZW Conjunto Habitacional Ramali,6,MR76,False,Laboral,Martes,348.939,-7.648.417,28,296481,"48,9"
2024-05-08,URBANA,016_ZW Conjunto Habitacional Ramali,6,MR76,False,Laboral,Miércoles,348.939,-7.648.417,35,5358417,"676,4"
2024-05-09,URBANA,016_ZW Conjunto Habitacional Ramali,6,MR76,False,Laboral,Jueves,348.939,-7.648.417,8,394556,"44,8"
2024-05-10,URBANA,016_ZW Conjunto Habitacional Ramali,6,MR76,False,Laboral,Viernes,348.939,-7.648.417,22,875221,"110,9"
2024-05-11,URBANA,016_ZW Conjunto Habitacional Ramali,6,MR76,False,Fin de Semana,Sábado,348.939,-7.648.417,34,4031043,"541,0"
2024-05-12,URBANA,016_ZW Conjunto Habitacional Ramali,6,MR76,False,Fin de Semana,Domingo,348.939,-7.648.417,43,23591,"5,7"
2024-05-13,URBANA,016_ZW Conjunto Habitacional Ramali,6,MR76,True,Festivo,Lunes,348.939,-7.648.417,29,2579597,"461,0"
2024-05-14,URBANA,016_ZW Conjunto Habitacional Ramali,6,MR76,False,Laboral,Martes,348.939,-7.648.417,28,1264710,"583,3"
2024-05-15,URBANA,016_ZW Conjunto Habitacional Ramali,6,MR76,False,Laboral,Miércoles,348.939,-7.648.417,30,1467510,"237,5"
2024-05-16,URBANA,016_ZW Conjunto Habitacional Ramali,6,MR76,False,Laboral,Jueves,348.939,-7.648.417,33,14246,"1,7"
2024-05-17,URBANA,016_ZW Conjunto Habitacional Ramali,6,MR76,False,Laboral,Viernes,348.939,-7.648.417,29,13003,"1,3"
2024-05-18,URBANA,016_ZW Conjunto Habitacional Ramali,6,MR76,False,Fin de Semana,Sábado,348.939,-7.648.417,36,15674,"1,4"
2024-05-19,URBANA,016_ZW Conjunto Habitacional Ramali,6,MR76,False,Fin de Semana,Domingo,348.939,-7.648.417,31,20850,"1,8"
2024-05-20,URBANA,016_ZW Conjunto Habitacional Ramali,6,MR76,False,Laboral,Lunes,348.939,-7.648.417,37,24600,"3,5"
2024-05-21,URBANA,016_ZW Conjunto Habitacional Ramali,6,MR76,False,Laboral,Martes,348.939,-7.648.417,33,29104,"3,7"
2024-05-22,URBANA,016_ZW Conjunto Habitacional Ramali,6,MR76,False,Laboral,Miércoles,348.939,-7.648.417,33,19859,"7,7"
2024-05-23,URBANA,016_ZW Conjunto Habitacional Ramali,6,MR76,False,Laboral,Jueves,348.939,-7.648.417,35,8571,"1,6"
2024-05-24,URBANA,016_ZW Conjunto Habitacional Ramali,6,MR76,False,Laboral,Viernes,348.939,-7.648.417,38,10244,"2,2"
2024-05-25,URBANA,016_ZW Conjunto Habitacional Ramali,6,MR76,False,Fin de Semana,Sábado,348.939,-7.648.417,38,12044,"1,7"
2024-05-26,URBANA,016_ZW Conjunto Habitacional Ramali,6,MR76,False,Fin de Semana,Domingo,348.939,-7.648.417,32,20024,"2,9"
2024-05-27,URBANA,016_ZW Conjunto Habitacional Ramali,6,MR76,False,Laboral,Lunes,348.939,-7.648.417,31,8918,"1,0"
2024-05-28,URBANA,016_ZW Conjunto Habitacional Ramali,6,MR76,False,Laboral,Martes,348.939,-7.648.417,29,10206,"1,4"
2024-05-29,URBANA,016_ZW Conjunto Habitacional Ramali,6,MR76,False,Laboral,Miércoles,348.939,-7.648.417,27,5133,"1,0"
2024-05-30,URBANA,016_ZW Conjunto Habitacional Ramali,6,MR76,False,Laboral,Jueves,348.939,-7.648.417,27,9836,"0,8"
2024-05-31,URBANA,016_ZW Conjunto Habitacional Ramali,6,MR76,False,Laboral,Viernes,348.939,-7.648.417,27,11946,"1,3"
2024-06-01,URBANA,016_ZW Conjunto Habitacional Ramali,6,MR76,False,Fin de Semana,Sábado,348.939,-7.648.417,35,4487,"0,4"
2024-06-02,URBANA,016_ZW Conjunto Habitacional Ramali,6,MR76,False,Fin de Semana,Domingo,348.939,-7.648.417,42,12848,"1,3"
2024-06-03,URBANA,016_ZW Conjunto Habitacional Ramali,6,MR76,True,Festivo,Lunes,348.939,-7.648.417,27,7516,"1,1"
2024-06-04,URBANA,016_ZW Conjunto Habitacional Ramali,6,MR76,False,Laboral,Martes,348.939,-7.648.417,22,24809,"5,5"
2024-06-05,URBANA,016_ZW Conjunto Habitacional Ramali,6,MR76,False,Laboral,Miércoles,348.939,-7.648.417,23,6426,"2,2"
2024-06-06,URBANA,016_ZW Conjunto Habitacional Ramali,6,MR76,False,Laboral,Jueves,348.939,-7.648.417,31,572823,"93,8"
2024-06-07,URBANA,016_ZW Conjunto Habitacional Ramali,6,MR76,False,Laboral,Viernes,348.939,-7.648.417,20,943087,"196,1"
2024-06-08,URBANA,016_ZW Conjunto Habitacional Ramali,6,MR76,False,Fin de Semana,Sábado,348.939,-7.648.417,30,2777041,"881,4"
2024-06-09,URBANA,016_ZW Conjunto Habitacional Ramali,6,MR76,False,Fin de Semana,Domingo,348.939,-7.648.417,32,16312,"5,6"
2024-06-10,URBANA,016_ZW Conjunto Habitacional Ramali,6,MR76,True,Festivo,Lunes,348.939,-7.648.417,26,3029,"0,6"
2024-06-11,URBANA,016_ZW Conjunto Habitacional Ramali,6,MR76,False,Laboral,Martes,348.939,-7.648.417,29,1921,"0,3"
2024-06-12,URBANA,016_ZW Conjunto Habitacional Ramali,6,MR76,False,Laboral,Miércoles,348.939,-7.648.417,29,50991,"6,9"
2024-06-13,URBANA,016_ZW Conjunto Habitacional Ramali,6,MR76,False,Laboral,Jueves,348.939,-7.648.417,24,4146,"80718200,0"
2024-06-14,URBANA,016_ZW Conjunto Habitacional Ramali,6,MR76,False,Laboral,Viernes,348.939,-7.648.417,28,3092,"92933200,0"
2024-06-15,URBANA,016_ZW Conjunto Habitacional Ramali,6,MR76,False,Fin de Semana,Sábado,348.939,-7.648.417,31,5676,"101828900,0"
2024-06-16,URBANA,016_ZW Conjunto Habitacional Ramali,6,MR76,False,Fin de Semana,Domingo,348.939,-7.648.417,34,4617,"82791600,0"
2024-06-17,URBANA,016_ZW Conjunto Habitacional Ramali,6,MR76,False,Laboral,Lunes,348.939,-7.648.417,24,5708,"0,9"
2024-06-18,URBANA,016_ZW Conjunto Habitacional Ramali,6,MR76,False,Laboral,Martes,348.939,-7.648.417,29,6348,"1,0"
2024-06-19,URBANA,016_ZW Conjunto Habitacional Ramali,6,MR76,False,Laboral,Miércoles,348.939,-7.648.417,26,11297,"1,6"
2024-06-20,URBANA,016_ZW Conjunto Habitacional Ramali,6,MR76,False,Laboral,Jueves,348.939,-7.648.417,32,8981,"1,8"
2024-06-21,URBANA,016_ZW Conjunto Habitacional Ramali,6,MR76,False,Laboral,Viernes,348.939,-7.648.417,34,29521,"5,1"
2024-06-22,URBANA,016_ZW Conjunto Habitacional Ramali,6,MR76,False,Fin de Semana,Sábado,348.939,-7.648.417,47,10632,"2,0"
2024-06-23,URBANA,016_ZW Conjunto Habitacional Ramali,6,MR76,False,Fin de Semana,Domingo,348.939,-7.648.417,34,5750,"2,3"
2024-06-24,URBANA,016_ZW Conjunto Habitacional Ramali,6,MR76,False,Laboral,Lunes,348.939,-7.648.417,32,6445,"1,2"
2024-06-25,URBANA,016_ZW Conjunto Habitacional Ramali,6,MR76,False,Laboral,Martes,348.939,-7.648.417,34,7314,"1,8"
2024-06-26,URBANA,016_ZW Conjunto Habitacional Ramali,6,MR76,False,Laboral,Miércoles,348.939,-7.648.417,30,8266,"2,1"
2024-06-27,URBANA,016_ZW Conjunto Habitacional Ramali,6,MR76,False,Laboral,Jueves,348.939,-7.648.417,28,4456,"1,3"
2024-06-28,URBANA,016_ZW Conjunto Habitacional Ramali,6,MR76,False,Laboral,Viernes,348.939,-7.648.417,30,2592,"0,4"
2024-06-29,URBANA,016_ZW Conjunto Habitacional Ramali,6,MR76,False,Fin de Semana,Sábado,348.939,-7.648.417,44,11716,"2,0"
2024-06-30,URBANA,016_ZW Conjunto Habitacional Ramali,6,MR76,False,Fin de Semana,Domingo,348.939,-7.648.417,35,201353,"43,2"
2024-07-01,URBANA,016_ZW Conjunto Habitacional Ramali,6,MR76,True,Festivo,Lunes,348.939,-7.648.417,29,928028,"128,93"
2024-07-02,URBANA,016_ZW Conjunto Habitacional Ramali,6,MR76,False,Laboral,Martes,348.939,-7.648.417,35,3539119,"381,19"
2024-07-03,URBANA,016_ZW Conjunto Habitacional Ramali,6,MR76,False,Laboral,Miércoles,348.939,-7.648.417,35,1612731,"191,81"
2024-07-04,URBANA,016_ZW Conjunto Habitacional Ramali,6,MR76,False,Laboral,Jueves,348.939,-7.648.417,42,41985,"5,29"
2024-07-05,URBANA,016_ZW Conjunto Habitacional Ramali,6,MR76,False,Laboral,Viernes,348.939,-7.648.417,37,94978,"11,15"
2024-07-06,URBANA,016_ZW Conjunto Habitacional Ramali,6,MR76,False,Fin de Semana,Sábado,348.939,-7.648.417,36,12384,"1,47"
2024-07-07,URBANA,016_ZW Conjunto Habitacional Ramali,6,MR76,False,Fin de Semana,Domingo,348.939,-7.648.417,33,16619,"1,88"
2024-07-08,URBANA,016_ZW Conjunto Habitacional Ramali,6,MR76,False,Laboral,Lunes,348.939,-7.648.417,32,27533,"4,96"
2024-07-09,URBANA,016_ZW Conjunto Habitacional Ramali,6,MR76,False,Laboral,Martes,348.939,-7.648.417,30,15357,"2,64"
2024-07-10,URBANA,016_ZW Conjunto Habitacional Ramali,6,MR76,False,Laboral,Miércoles,348.939,-7.648.417,27,7985,"1,16"
2024-07-11,URBANA,016_ZW Conjunto Habitacional Ramali,6,MR76,False,Laboral,Jueves,348.939,-7.648.417,28,9436,"1,28"
2024-07-12,URBANA,016_ZW Conjunto Habitacional Ramali,6,MR76,False,Laboral,Viernes,348.939,-7.648.417,40,4047,"0,64"
2024-07-13,URBANA,016_ZW Conjunto Habitacional Ramali,6,MR76,False,Fin de Semana,Sábado,348.939,-7.648.417,41,4125625,"585,61"
2024-07-14,URBANA,016_ZW Conjunto Habitacional Ramali,6,MR76,False,Fin de Semana,Domingo,348.939,-7.648.417,36,8373057,"1316,73"
2024-07-15,URBANA,016_ZW Conjunto Habitacional Ramali,6,MR76,False,Laboral,Lunes,348.939,-7.648.417,33,6818647,"1219,83"
2024-07-16,URBANA,016_ZW Conjunto Habitacional Ramali,6,MR76,False,Laboral,Martes,348.939,-7.648.417,34,12307168,"1959,17"
2024-07-17,URBANA,016_ZW Conjunto Habitacional Ramali,6,MR76,False,Laboral,Miércoles,348.939,-7.648.417,33,7550735,"1668,59"
2024-07-18,URBANA,016_ZW Conjunto Habitacional Ramali,6,MR76,False,Laboral,Jueves,348.939,-7.648.417,36,10955588,"1838,67"
2024-07-19,URBANA,016_ZW Conjunto Habitacional Ramali,6,MR76,False,Laboral,Viernes,348.939,-7.648.417,41,6187083,"862,11"
2024-07-20,URBANA,016_ZW Conjunto Habitacional Ramali,6,MR76,True,Festivo,Sábado,348.939,-7.648.417,31,11711,"1,5"
2024-07-21,URBANA,016_ZW Conjunto Habitacional Ramali,6,MR76,False,Fin de Semana,Domingo,348.939,-7.648.417,35,14533,"2,22"
2024-07-22,URBANA,016_ZW Conjunto Habitacional Ramali,6,MR76,False,Laboral,Lunes,348.939,-7.648.417,31,12949,"1,86"
2024-07-23,URBANA,016_ZW Conjunto Habitacional Ramali,6,MR76,False,Laboral,Martes,348.939,-7.648.417,32,6647,"0,96"
2024-07-24,URBANA,016_ZW Conjunto Habitacional Ramali,6,MR76,False,Laboral,Miércoles,348.939,-7.648.417,29,8334,"1,32"
2024-07-25,URBANA,016_ZW Conjunto Habitacional Ramali,6,MR76,False,Laboral,Jueves,348.939,-7.648.417,28,7988,"1,26"
2024-07-26,URBANA,016_ZW Conjunto Habitacional Ramali,6,MR76,False,Laboral,Viernes,348.939,-7.648.417,41,9293,"1,22"
2024-07-27,URBANA,016_ZW Conjunto Habitacional Ramali,6,MR76,False,Fin de Semana,Sábado,348.939,-7.648.417,3,62,"0,01"
2024-07-28,URBANA,016_ZW Conjunto Habitacional Ramali,6,MR76,False,Fin de Semana,Domingo,348.939,-7.648.417,3,12046,"2,55"
2024-08-12,URBANA,016_ZW Conjunto Habitacional Ramali,6,MR76,False,Laboral,Lunes,348.939,-7.648.417,22,5460025,"1170,41"
2024-08-13,URBANA,016_ZW Conjunto Habitacional Ramali,6,MR76,False,Laboral,Martes,348.939,-7.648.417,34,25930745,"2935,07"
2024-08-14,URBANA,016_ZW Conjunto Habitacional Ramali,6,MR76,False,Laboral,Miércoles,348.939,-7.648.417,38,5303902,"703,94"
2024-08-15,URBANA,016_ZW Conjunto Habitacional Ramali,6,MR76,False,Laboral,Jueves,348.939,-7.648.417,33,2956034,"443,79"
2024-08-16,URBANA,016_ZW Conjunto Habitacional Ramali,6,MR76,False,Laboral,Viernes,348.939,-7.648.417,46,13626,"1,86"
2024-08-17,URBANA,016_ZW Conjunto Habitacional Ramali,6,MR76,False,Fin de Semana,Sábado,348.939,-7.648.417,37,1029619,"149,33"
2024-08-18,URBANA,016_ZW Conjunto Habitacional Ramali,6,MR76,False,Fin de Semana,Domingo,348.939,-7.648.417,48,8354012,"1264,15"
2024-08-19,URBANA,016_ZW Conjunto Habitacional Ramali,6,MR76,True,Festivo,Lunes,348.939,-7.648.417,42,12783032,"1754,76"
2024-08-20,URBANA,016_ZW Conjunto Habitacional Ramali,6,MR76,False,Laboral,Martes,348.939,-7.648.417,38,6621009,"1639,28"
2024-10-25,URBANA,016_ZW Conjunto Habitacional Ramali,6,MR76,False,Laboral,Viernes,348.939,-7.648.417,24,19321,"4,32"
2024-10-26,URBANA,016_ZW Conjunto Habitacional Ramali,6,MR76,False,Fin de Semana,Sábado,348.939,-7.648.417,29,413009,"53,48"
2024-10-27,URBANA,016_ZW Conjunto Habitacional Ramali,6,MR76,False,Fin de Semana,Domingo,348.939,-7.648.417,26,195651,"19,65"
2024-10-28,URBANA,016_ZW Conjunto Habitacional Ramali,6,MR76,False,Laboral,Lunes,348.939,-7.648.417,14,250456,"41,59"
2024-10-29,URBANA,016_ZW Conjunto Habitacional Ramali,6,MR76,False,Laboral,Martes,348.939,-7.648.417,21,254481,"40,14"
2024-10-30,URBANA,016_ZW Conjunto Habitacional Ramali,6,MR76,False,Laboral,Miércoles,348.939,-7.648.417,17,1704,"0,35"
2024-10-31,URBANA,016_ZW Conjunto Habitacional Ramali,6,MR76,False,Laboral,Jueves,348.939,-7.648.417,26,727385,"155,04"
2024-11-01,URBANA,016_ZW Conjunto Habitacional Ramali,6,MR76,False,Laboral,Viernes,348.939,-7.648.417,23,4034432,"729,57"
2024-11-02,URBANA,016_ZW Conjunto Habitacional Ramali,6,MR76,False,Fin de Semana,Sábado,348.939,-7.648.417,26,5623203,"904,96"
2024-11-03,URBANA,016_ZW Conjunto Habitacional Ramali,6,MR76,False,Fin de Semana,Domingo,348.939,-7.648.417,28,3200997,"544,15"
2024-11-04,URBANA,016_ZW Conjunto Habitacional Ramali,6,MR76,True,Festivo,Lunes,348.939,-7.648.417,44,12416,"1,87"
2024-11-05,URBANA,016_ZW Conjunto Habitacional Ramali,6,MR76,False,Laboral,Martes,348.939,-7.648.417,42,4379393,"599,74"
2024-11-06,URBANA,016_ZW Conjunto Habitacional Ramali,6,MR76,False,Laboral,Miércoles,348.939,-7.648.417,18,1448168,"231,28"
2024-11-07,URBANA,016_ZW Conjunto Habitacional Ramali,6,MR76,False,Laboral,Jueves,348.939,-7.648.417,23,3735439,"420,02"
2024-11-08,URBANA,016_ZW Conjunto Habitacional Ramali,6,MR76,False,Laboral,Viernes,348.939,-7.648.417,27,4974592,"402,26"
2024-11-09,URBANA,016_ZW Conjunto Habitacional Ramali,6,MR76,False,Fin de Semana,Sábado,348.939,-7.648.417,39,7748048,"465,32"
2024-11-10,URBANA,016_ZW Conjunto Habitacional Ramali,6,MR76,False,Fin de Semana,Domingo,348.939,-7.648.417,43,9493765,"490,08"
2024-11-11,URBANA,016_ZW Conjunto Habitacional Ramali,6,MR76,True,Festivo,Lunes,348.939,-7.648.417,41,5688784,"323,92"
2024-11-12,URBANA,016_ZW Conjunto Habitacional Ramali,6,MR76,False,Laboral,Martes,348.939,-7.648.417,36,3810084,"199,33"
2024-11-13,URBANA,016_ZW Conjunto Habitacional Ramali,6,MR76,False,Laboral,Miércoles,348.939,-7.648.417,31,2685065,"165,73"
2024-11-14,URBANA,016_ZW Conjunto Habitacional Ramali,6,MR76,False,Laboral,Jueves,348.939,-7.648.417,43,4848244,"252,55"
2024-11-15,URBANA,016_ZW Conjunto Habitacional Ramali,6,MR76,False,Laboral,Viernes,348.939,-7.648.417,38,4755197,"261,04"
2024-11-16,URBANA,016_ZW Conjunto Habitacional Ramali,6,MR76,False,Fin de Semana,Sábado,348.939,-7.648.417,47,5518533,"299,71"
2024-11-17,URBANA,016_ZW Conjunto Habitacional Ramali,6,MR76,False,Fin de Semana,Domingo,348.939,-7.648.417,49,10438072,"607,59"
2024-11-18,URBANA,016_ZW Conjunto Habitacional Ramali,6,MR76,False,Laboral,Lunes,348.939,-7.648.417,42,7900673,"491,51"
2024-11-19,URBANA,016_ZW Conjunto Habitacional Ramali,6,MR76,False,Laboral,Martes,348.939,-7.648.417,36,7560029,"473,21"
2024-11-20,URBANA,016_ZW Conjunto Habitacional Ramali,6,MR76,False,Laboral,Miércoles,348.939,-7.648.417,34,5515909,"289,05"
2024-11-21,URBANA,016_ZW Conjunto Habitacional Ramali,6,MR76,False,Laboral,Jueves,348.939,-7.648.417,40,7307015,"404,69"
2024-11-22,URBANA,016_ZW Conjunto Habitacional Ramali,6,MR76,False,Laboral,Viernes,348.939,-7.648.417,42,3527964,"174,76"
2024-11-23,URBANA,016_ZW Conjunto Habitacional Ramali,6,MR76,False,Fin de Semana,Sábado,348.939,-7.648.417,41,8062783,"420,72"
2024-11-24,URBANA,016_ZW Conjunto Habitacional Ramali,6,MR76,False,Fin de Semana,Domingo,348.939,-7.648.417,41,2405370,"324,88"
2024-11-25,URBANA,016_ZW Conjunto Habitacional Ramali,6,MR76,False,Laboral,Lunes,348.939,-7.648.417,48,2174226,"528,66"
2024-11-26,URBANA,016_ZW Conjunto Habitacional Ramali,6,MR76,False,Laboral,Martes,348.939,-7.648.417,40,1141177,"144,91"
2024-11-27,URBANA,016_ZW Conjunto Habitacional Ramali,6,MR76,False,Laboral,Miércoles,348.939,-7.648.417,47,6300874,"324,44"
2024-11-28,URBANA,016_ZW Conjunto Habitacional Ramali,6,MR76,False,Laboral,Jueves,348.939,-7.648.417,44,7508733,"356,62"
2024-11-29,URBANA,016_ZW Conjunto Habitacional Ramali,6,MR76,False,Laboral,Viernes,348.939,-7.648.417,51,5677759,"255,47"
2024-11-30,URBANA,016_ZW Conjunto Habitacional Ramali,6,MR76,False,Fin de Semana,Sábado,348.939,-7.648.417,58,19486149,"854,92"
2024-12-01,URBANA,016_ZW Conjunto Habitacional Ramali,6,MR76,False,Fin de Semana,Domingo,348.939,-7.648.417,55,13624242,"563,77"
2024-12-02,URBANA,016_ZW Conjunto Habitacional Ramali,6,MR76,False,Laboral,Lunes,348.939,-7.648.417,50,13433734,"643,81"
2024-12-03,URBANA,016_ZW Conjunto Habitacional Ramali,6,MR76,False,Laboral,Martes,348.939,-7.648.417,36,5414428,"290,0"
2024-12-04,URBANA,016_ZW Conjunto Habitacional Ramali,6,MR76,False,Laboral,Miércoles,348.939,-7.648.417,48,10062361,"435,67"
2024-12-05,URBANA,016_ZW Conjunto Habitacional Ramali,6,MR76,False,Laboral,Jueves,348.939,-7.648.417,43,12166007,"530,3"
2024-12-06,URBANA,016_ZW Conjunto Habitacional Ramali,6,MR76,False,Laboral,Viernes,348.939,-7.648.417,53,10904897,"485,02"
2024-12-07,URBANA,016_ZW Conjunto Habitacional Ramali,6,MR76,False,Fin de Semana,Sábado,348.939,-7.648.417,50,13421302,"654,21"
2024-12-08,URBANA,016_ZW Conjunto Habitacional Ramali,6,MR76,True,Festivo,Domingo,348.939,-7.648.417,44,13278485,"500,02"
