﻿FECHA.CONEXION,AREA,NOMBRE.ZONA,COMUNA,MODEL,es_festivo,tipo_dia,dia_semana,LATITUD,LONGITUD,NUMERO.CONEXIONES,USAGE.KB,PORCENTAJE.USO
2024-01-01,URBANA,042_ZW Parque Mariano Ramos,16,MR76,True,Festivo,Lunes,34.059.797,-76.517.618,30,3130,"0,4"
2024-01-02,URBANA,042_ZW Parque Mariano Ramos,16,MR76,False,Laboral,Martes,34.059.797,-76.517.618,29,9180,"1,1"
2024-01-03,URBANA,042_ZW Parque Mariano Ramos,16,MR76,False,Laboral,Miércoles,34.059.797,-76.517.618,32,21320,"1,8"
2024-01-04,URBANA,042_ZW Parque Mariano Ramos,16,MR76,False,Laboral,Jueves,34.059.797,-76.517.618,28,9835,"0,9"
2024-01-05,URBANA,042_ZW Parque Mariano Ramos,16,MR76,False,Laboral,Viernes,34.059.797,-76.517.618,38,9669,"0,9"
2024-01-06,URBANA,042_ZW Parque Mariano Ramos,16,MR76,False,Fin de Semana,Sábado,34.059.797,-76.517.618,51,5760,"0,8"
2024-01-07,URBANA,042_ZW Parque Mariano Ramos,16,MR76,False,Fin de Semana,Domingo,34.059.797,-76.517.618,36,5106,"0,5"
2024-01-08,URBANA,042_ZW Parque Mariano Ramos,16,MR76,True,Festivo,Lunes,34.059.797,-76.517.618,42,2568,"0,2"
2024-01-09,URBANA,042_ZW Parque Mariano Ramos,16,MR76,False,Laboral,Martes,34.059.797,-76.517.618,26,4864,"0,4"
2024-01-10,URBANA,042_ZW Parque Mariano Ramos,16,MR76,False,Laboral,Miércoles,34.059.797,-76.517.618,38,4723,"0,4"
2024-01-11,URBANA,042_ZW Parque Mariano Ramos,16,MR76,False,Laboral,Jueves,34.059.797,-76.517.618,36,7860,"0,7"
2024-01-12,URBANA,042_ZW Parque Mariano Ramos,16,MR76,False,Laboral,Viernes,34.059.797,-76.517.618,41,9675,"0,8"
2024-01-13,URBANA,042_ZW Parque Mariano Ramos,16,MR76,False,Fin de Semana,Sábado,34.059.797,-76.517.618,29,4265,"0,5"
2024-01-14,URBANA,042_ZW Parque Mariano Ramos,16,MR76,False,Fin de Semana,Domingo,34.059.797,-76.517.618,28,3194,"0,4"
2024-01-15,URBANA,042_ZW Parque Mariano Ramos,16,MR76,False,Laboral,Lunes,34.059.797,-76.517.618,36,5780,"0,8"
2024-01-16,URBANA,042_ZW Parque Mariano Ramos,16,MR76,False,Laboral,Martes,34.059.797,-76.517.618,36,95413,"11,2"
2024-01-17,URBANA,042_ZW Parque Mariano Ramos,16,MR76,False,Laboral,Miércoles,34.059.797,-76.517.618,52,13067,"1,3"
2024-01-18,URBANA,042_ZW Parque Mariano Ramos,16,MR76,False,Laboral,Jueves,34.059.797,-76.517.618,34,5135,"0,4"
2024-01-19,URBANA,042_ZW Parque Mariano Ramos,16,MR76,False,Laboral,Viernes,34.059.797,-76.517.618,41,13469,"0,9"
2024-01-20,URBANA,042_ZW Parque Mariano Ramos,16,MR76,False,Fin de Semana,Sábado,34.059.797,-76.517.618,26,4507,"0,3"
2024-01-21,URBANA,042_ZW Parque Mariano Ramos,16,MR76,False,Fin de Semana,Domingo,34.059.797,-76.517.618,28,3719,"0,3"
2024-01-22,URBANA,042_ZW Parque Mariano Ramos,16,MR76,False,Laboral,Lunes,34.059.797,-76.517.618,30,8785,"0,8"
2024-01-23,URBANA,042_ZW Parque Mariano Ramos,16,MR76,False,Laboral,Martes,34.059.797,-76.517.618,27,5045,"0,5"
2024-01-24,URBANA,042_ZW Parque Mariano Ramos,16,MR76,False,Laboral,Miércoles,34.059.797,-76.517.618,33,20320,"1,6"
2024-01-25,URBANA,042_ZW Parque Mariano Ramos,16,MR76,False,Laboral,Jueves,34.059.797,-76.517.618,40,28909,"1,9"
2024-01-26,URBANA,042_ZW Parque Mariano Ramos,16,MR76,False,Laboral,Viernes,34.059.797,-76.517.618,50,13185,"1,0"
2024-01-27,URBANA,042_ZW Parque Mariano Ramos,16,MR76,False,Fin de Semana,Sábado,34.059.797,-76.517.618,41,15824,"1,3"
2024-01-28,URBANA,042_ZW Parque Mariano Ramos,16,MR76,False,Fin de Semana,Domingo,34.059.797,-76.517.618,34,10249,"1,0"
2024-01-29,URBANA,042_ZW Parque Mariano Ramos,16,MR76,False,Laboral,Lunes,34.059.797,-76.517.618,61,1381947,"118,7"
2024-01-30,URBANA,042_ZW Parque Mariano Ramos,16,MR76,False,Laboral,Martes,34.059.797,-76.517.618,44,428304,"47,3"
2024-01-31,URBANA,042_ZW Parque Mariano Ramos,16,MR76,False,Laboral,Miércoles,34.059.797,-76.517.618,55,6640,"0,6"
2024-02-01,URBANA,042_ZW Parque Mariano Ramos,16,MR76,False,Laboral,Jueves,34.059.797,-76.517.618,47,14548,"1,0"
2024-02-02,URBANA,042_ZW Parque Mariano Ramos,16,MR76,False,Laboral,Viernes,34.059.797,-76.517.618,43,13371,"1,4"
2024-02-03,URBANA,042_ZW Parque Mariano Ramos,16,MR76,False,Fin de Semana,Sábado,34.059.797,-76.517.618,47,22124,"1,2"
2024-02-04,URBANA,042_ZW Parque Mariano Ramos,16,MR76,False,Fin de Semana,Domingo,34.059.797,-76.517.618,31,6162,"0,4"
2024-02-05,URBANA,042_ZW Parque Mariano Ramos,16,MR76,False,Laboral,Lunes,34.059.797,-76.517.618,43,5929,"0,4"
2024-02-06,URBANA,042_ZW Parque Mariano Ramos,16,MR76,False,Laboral,Martes,34.059.797,-76.517.618,43,13281,"0,9"
2024-02-07,URBANA,042_ZW Parque Mariano Ramos,16,MR76,False,Laboral,Miércoles,34.059.797,-76.517.618,69,175486,"10,6"
2024-02-08,URBANA,042_ZW Parque Mariano Ramos,16,MR76,False,Laboral,Jueves,34.059.797,-76.517.618,43,6652,"0,5"
2024-02-09,URBANA,042_ZW Parque Mariano Ramos,16,MR76,False,Laboral,Viernes,34.059.797,-76.517.618,33,13256,"1,1"
2024-02-10,URBANA,042_ZW Parque Mariano Ramos,16,MR76,False,Fin de Semana,Sábado,34.059.797,-76.517.618,32,111087,"7,0"
2024-02-11,URBANA,042_ZW Parque Mariano Ramos,16,MR76,False,Fin de Semana,Domingo,34.059.797,-76.517.618,31,1409949,"104,9"
2024-02-12,URBANA,042_ZW Parque Mariano Ramos,16,MR76,False,Laboral,Lunes,34.059.797,-76.517.618,37,561336,"54,2"
2024-02-13,URBANA,042_ZW Parque Mariano Ramos,16,MR76,False,Laboral,Martes,34.059.797,-76.517.618,33,752665,"86,9"
2024-02-14,URBANA,042_ZW Parque Mariano Ramos,16,MR76,False,Laboral,Miércoles,34.059.797,-76.517.618,51,3206716,"424,6"
2024-02-15,URBANA,042_ZW Parque Mariano Ramos,16,MR76,False,Laboral,Jueves,34.059.797,-76.517.618,41,933504,"79,9"
2024-02-16,URBANA,042_ZW Parque Mariano Ramos,16,MR76,False,Laboral,Viernes,34.059.797,-76.517.618,46,1557798,"147,7"
2024-02-17,URBANA,042_ZW Parque Mariano Ramos,16,MR76,False,Fin de Semana,Sábado,34.059.797,-76.517.618,41,396746,"37,5"
2024-02-18,URBANA,042_ZW Parque Mariano Ramos,16,MR76,False,Fin de Semana,Domingo,34.059.797,-76.517.618,31,978338,"75,6"
2024-02-19,URBANA,042_ZW Parque Mariano Ramos,16,MR76,False,Laboral,Lunes,34.059.797,-76.517.618,56,4457,"0,3"
2024-02-20,URBANA,042_ZW Parque Mariano Ramos,16,MR76,False,Laboral,Martes,34.059.797,-76.517.618,47,166923,"13,7"
2024-02-21,URBANA,042_ZW Parque Mariano Ramos,16,MR76,False,Laboral,Miércoles,34.059.797,-76.517.618,60,11587,"1,0"
2024-02-22,URBANA,042_ZW Parque Mariano Ramos,16,MR76,False,Laboral,Jueves,34.059.797,-76.517.618,44,3482,"0,2"
2024-02-23,URBANA,042_ZW Parque Mariano Ramos,16,MR76,False,Laboral,Viernes,34.059.797,-76.517.618,57,10488,"0,7"
2024-02-24,URBANA,042_ZW Parque Mariano Ramos,16,MR76,False,Fin de Semana,Sábado,34.059.797,-76.517.618,41,3023,"0,2"
2024-02-25,URBANA,042_ZW Parque Mariano Ramos,16,MR76,False,Fin de Semana,Domingo,34.059.797,-76.517.618,36,2837,"0,2"
2024-02-26,URBANA,042_ZW Parque Mariano Ramos,16,MR76,False,Laboral,Lunes,34.059.797,-76.517.618,48,3544,"0,3"
2024-02-27,URBANA,042_ZW Parque Mariano Ramos,16,MR76,False,Laboral,Martes,34.059.797,-76.517.618,42,5389,"0,5"
2024-02-28,URBANA,042_ZW Parque Mariano Ramos,16,MR76,False,Laboral,Miércoles,34.059.797,-76.517.618,61,11963,"0,7"
2024-02-29,URBANA,042_ZW Parque Mariano Ramos,16,MR76,False,Laboral,Jueves,34.059.797,-76.517.618,49,5577,"0,7"
2024-03-01,URBANA,042_ZW Parque Mariano Ramos,16,MR76,False,Laboral,Viernes,34.059.797,-76.517.618,52,1994865,"166,3"
2024-03-02,URBANA,042_ZW Parque Mariano Ramos,16,MR76,False,Fin de Semana,Sábado,34.059.797,-76.517.618,36,1278092,"124,2"
2024-03-03,URBANA,042_ZW Parque Mariano Ramos,16,MR76,False,Fin de Semana,Domingo,34.059.797,-76.517.618,29,1439770,"103,3"
2024-03-04,URBANA,042_ZW Parque Mariano Ramos,16,MR76,False,Laboral,Lunes,34.059.797,-76.517.618,48,998238,"70,2"
2024-03-05,URBANA,042_ZW Parque Mariano Ramos,16,MR76,False,Laboral,Martes,34.059.797,-76.517.618,49,1036292,"75,2"
2024-03-06,URBANA,042_ZW Parque Mariano Ramos,16,MR76,False,Laboral,Miércoles,34.059.797,-76.517.618,59,168229,"13,9"
2024-03-07,URBANA,042_ZW Parque Mariano Ramos,16,MR76,False,Laboral,Jueves,34.059.797,-76.517.618,69,375983,"35,2"
2024-03-08,URBANA,042_ZW Parque Mariano Ramos,16,MR76,False,Laboral,Viernes,34.059.797,-76.517.618,50,2006321,"187,6"
2024-03-09,URBANA,042_ZW Parque Mariano Ramos,16,MR76,False,Fin de Semana,Sábado,34.059.797,-76.517.618,39,2830968,"286,4"
2024-03-10,URBANA,042_ZW Parque Mariano Ramos,16,MR76,False,Fin de Semana,Domingo,34.059.797,-76.517.618,38,5472225,"573,4"
2024-03-11,URBANA,042_ZW Parque Mariano Ramos,16,MR76,False,Laboral,Lunes,34.059.797,-76.517.618,43,3736855,"397,6"
2024-03-12,URBANA,042_ZW Parque Mariano Ramos,16,MR76,False,Laboral,Martes,34.059.797,-76.517.618,47,7730,"0,9"
2024-03-13,URBANA,042_ZW Parque Mariano Ramos,16,MR76,False,Laboral,Miércoles,34.059.797,-76.517.618,64,15210,"2,1"
2024-03-14,URBANA,042_ZW Parque Mariano Ramos,16,MR76,False,Laboral,Jueves,34.059.797,-76.517.618,39,2916,"0,3"
2024-03-15,URBANA,042_ZW Parque Mariano Ramos,16,MR76,False,Laboral,Viernes,34.059.797,-76.517.618,41,5052,"0,4"
2024-03-16,URBANA,042_ZW Parque Mariano Ramos,16,MR76,False,Fin de Semana,Sábado,34.059.797,-76.517.618,35,5453,"0,5"
2024-03-17,URBANA,042_ZW Parque Mariano Ramos,16,MR76,False,Fin de Semana,Domingo,34.059.797,-76.517.618,42,3810,"0,3"
2024-03-18,URBANA,042_ZW Parque Mariano Ramos,16,MR76,False,Laboral,Lunes,34.059.797,-76.517.618,42,5018,"0,4"
2024-03-19,URBANA,042_ZW Parque Mariano Ramos,16,MR76,False,Laboral,Martes,34.059.797,-76.517.618,59,2927,"0,4"
2024-03-20,URBANA,042_ZW Parque Mariano Ramos,16,MR76,False,Laboral,Miércoles,34.059.797,-76.517.618,64,23121,"3,5"
2024-03-21,URBANA,042_ZW Parque Mariano Ramos,16,MR76,False,Laboral,Jueves,34.059.797,-76.517.618,49,4182,"0,5"
2024-03-22,URBANA,042_ZW Parque Mariano Ramos,16,MR76,False,Laboral,Viernes,34.059.797,-76.517.618,48,3432,"0,4"
2024-03-23,URBANA,042_ZW Parque Mariano Ramos,16,MR76,False,Fin de Semana,Sábado,34.059.797,-76.517.618,47,14250,"1,8"
2024-03-24,URBANA,042_ZW Parque Mariano Ramos,16,MR76,True,Festivo,Domingo,34.059.797,-76.517.618,42,13684,"1,5"
2024-03-25,URBANA,042_ZW Parque Mariano Ramos,16,MR76,True,Festivo,Lunes,34.059.797,-76.517.618,27,1842,"0,3"
2024-03-26,URBANA,042_ZW Parque Mariano Ramos,16,MR76,False,Laboral,Martes,34.059.797,-76.517.618,46,10509,"1,3"
2024-03-27,URBANA,042_ZW Parque Mariano Ramos,16,MR76,False,Laboral,Miércoles,34.059.797,-76.517.618,46,7611,"0,9"
2024-03-28,URBANA,042_ZW Parque Mariano Ramos,16,MR76,True,Festivo,Jueves,34.059.797,-76.517.618,31,10141,"1,6"
2024-03-29,URBANA,042_ZW Parque Mariano Ramos,16,MR76,True,Festivo,Viernes,34.059.797,-76.517.618,38,10627,"1,1"
2024-03-30,URBANA,042_ZW Parque Mariano Ramos,16,MR76,False,Fin de Semana,Sábado,34.059.797,-76.517.618,49,11732,"1,9"
2024-03-31,URBANA,042_ZW Parque Mariano Ramos,16,MR76,True,Festivo,Domingo,34.059.797,-76.517.618,27,6605,"0,9"
2024-04-01,URBANA,042_ZW Parque Mariano Ramos,16,MR76,False,Laboral,Lunes,34.059.797,-76.517.618,42,5637,"0,5"
2024-04-02,URBANA,042_ZW Parque Mariano Ramos,16,MR76,False,Laboral,Martes,34.059.797,-76.517.618,33,5069,"0,7"
2024-04-03,URBANA,042_ZW Parque Mariano Ramos,16,MR76,False,Laboral,Miércoles,34.059.797,-76.517.618,69,13874,"1,5"
2024-04-04,URBANA,042_ZW Parque Mariano Ramos,16,MR76,False,Laboral,Jueves,34.059.797,-76.517.618,51,4001,"0,3"
2024-04-05,URBANA,042_ZW Parque Mariano Ramos,16,MR76,False,Laboral,Viernes,34.059.797,-76.517.618,54,7687,"0,7"
2024-04-06,URBANA,042_ZW Parque Mariano Ramos,16,MR76,False,Fin de Semana,Sábado,34.059.797,-76.517.618,42,2582,"0,2"
2024-04-07,URBANA,042_ZW Parque Mariano Ramos,16,MR76,False,Fin de Semana,Domingo,34.059.797,-76.517.618,44,15676,"1,3"
2024-04-08,URBANA,042_ZW Parque Mariano Ramos,16,MR76,False,Laboral,Lunes,34.059.797,-76.517.618,44,9072,"1,3"
2024-04-09,URBANA,042_ZW Parque Mariano Ramos,16,MR76,False,Laboral,Martes,34.059.797,-76.517.618,53,9814,"1,3"
2024-04-10,URBANA,042_ZW Parque Mariano Ramos,16,MR76,False,Laboral,Miércoles,34.059.797,-76.517.618,51,20670,"4,9"
2024-04-11,URBANA,042_ZW Parque Mariano Ramos,16,MR76,False,Laboral,Jueves,34.059.797,-76.517.618,42,2634,"0,6"
2024-04-12,URBANA,042_ZW Parque Mariano Ramos,16,MR76,False,Laboral,Viernes,34.059.797,-76.517.618,54,8162,"1,2"
2024-04-13,URBANA,042_ZW Parque Mariano Ramos,16,MR76,False,Fin de Semana,Sábado,34.059.797,-76.517.618,47,6260,"0,7"
2024-04-14,URBANA,042_ZW Parque Mariano Ramos,16,MR76,False,Fin de Semana,Domingo,34.059.797,-76.517.618,34,8442,"1,2"
2024-04-15,URBANA,042_ZW Parque Mariano Ramos,16,MR76,False,Laboral,Lunes,34.059.797,-76.517.618,50,15258,"3,8"
2024-04-16,URBANA,042_ZW Parque Mariano Ramos,16,MR76,False,Laboral,Martes,34.059.797,-76.517.618,50,40829,"9,6"
2024-04-17,URBANA,042_ZW Parque Mariano Ramos,16,MR76,False,Laboral,Miércoles,34.059.797,-76.517.618,59,14347,"3,8"
2024-04-18,URBANA,042_ZW Parque Mariano Ramos,16,MR76,False,Laboral,Jueves,34.059.797,-76.517.618,38,15970,"5,5"
2024-04-19,URBANA,042_ZW Parque Mariano Ramos,16,MR76,False,Laboral,Viernes,34.059.797,-76.517.618,47,81004,"20,0"
2024-04-20,URBANA,042_ZW Parque Mariano Ramos,16,MR76,False,Fin de Semana,Sábado,34.059.797,-76.517.618,43,163122,"20,9"
2024-04-21,URBANA,042_ZW Parque Mariano Ramos,16,MR76,False,Fin de Semana,Domingo,34.059.797,-76.517.618,33,9148,"1,5"
2024-04-22,URBANA,042_ZW Parque Mariano Ramos,16,MR76,False,Laboral,Lunes,34.059.797,-76.517.618,40,50091,"10,8"
2024-04-23,URBANA,042_ZW Parque Mariano Ramos,16,MR76,False,Laboral,Martes,34.059.797,-76.517.618,36,787617,"42,9"
2024-04-24,URBANA,042_ZW Parque Mariano Ramos,16,MR76,False,Laboral,Miércoles,34.059.797,-76.517.618,44,800660,"43,6"
2024-04-25,URBANA,042_ZW Parque Mariano Ramos,16,MR76,False,Laboral,Jueves,34.059.797,-76.517.618,41,745072,"62,8"
2024-04-26,URBANA,042_ZW Parque Mariano Ramos,16,MR76,False,Laboral,Viernes,34.059.797,-76.517.618,38,7350,"0,7"
2024-04-27,URBANA,042_ZW Parque Mariano Ramos,16,MR76,False,Fin de Semana,Sábado,34.059.797,-76.517.618,30,16075,"1,3"
2024-04-28,URBANA,042_ZW Parque Mariano Ramos,16,MR76,False,Fin de Semana,Domingo,34.059.797,-76.517.618,34,250562,"33,9"
2024-04-29,URBANA,042_ZW Parque Mariano Ramos,16,MR76,False,Laboral,Lunes,34.059.797,-76.517.618,37,410430,"51,3"
2024-04-30,URBANA,042_ZW Parque Mariano Ramos,16,MR76,False,Laboral,Martes,34.059.797,-76.517.618,47,314945,"50,0"
2024-05-01,URBANA,042_ZW Parque Mariano Ramos,16,MR76,True,Festivo,Miércoles,34.059.797,-76.517.618,39,226490,"43,1"
2024-05-02,URBANA,042_ZW Parque Mariano Ramos,16,MR76,False,Laboral,Jueves,34.059.797,-76.517.618,40,93097,"18,2"
2024-05-03,URBANA,042_ZW Parque Mariano Ramos,16,MR76,False,Laboral,Viernes,34.059.797,-76.517.618,38,8063,"1,8"
2024-05-04,URBANA,042_ZW Parque Mariano Ramos,16,MR76,False,Fin de Semana,Sábado,34.059.797,-76.517.618,39,568928,"78,8"
2024-05-05,URBANA,042_ZW Parque Mariano Ramos,16,MR76,False,Fin de Semana,Domingo,34.059.797,-76.517.618,37,374077,"60,7"
2024-05-06,URBANA,042_ZW Parque Mariano Ramos,16,MR76,False,Laboral,Lunes,34.059.797,-76.517.618,47,443908,"92,9"
2024-05-07,URBANA,042_ZW Parque Mariano Ramos,16,MR76,False,Laboral,Martes,34.059.797,-76.517.618,47,163541,"27,0"
2024-05-08,URBANA,042_ZW Parque Mariano Ramos,16,MR76,False,Laboral,Miércoles,34.059.797,-76.517.618,50,385292,"48,6"
2024-05-09,URBANA,042_ZW Parque Mariano Ramos,16,MR76,False,Laboral,Jueves,34.059.797,-76.517.618,48,165251,"18,8"
2024-05-10,URBANA,042_ZW Parque Mariano Ramos,16,MR76,False,Laboral,Viernes,34.059.797,-76.517.618,43,44618,"5,7"
2024-05-11,URBANA,042_ZW Parque Mariano Ramos,16,MR76,False,Fin de Semana,Sábado,34.059.797,-76.517.618,37,519493,"69,7"
2024-05-12,URBANA,042_ZW Parque Mariano Ramos,16,MR76,False,Fin de Semana,Domingo,34.059.797,-76.517.618,21,363429,"88,1"
2024-05-13,URBANA,042_ZW Parque Mariano Ramos,16,MR76,True,Festivo,Lunes,34.059.797,-76.517.618,23,75426,"13,5"
2024-05-14,URBANA,042_ZW Parque Mariano Ramos,16,MR76,False,Laboral,Martes,34.059.797,-76.517.618,33,4330,"2,0"
2024-05-15,URBANA,042_ZW Parque Mariano Ramos,16,MR76,False,Laboral,Miércoles,34.059.797,-76.517.618,33,4981,"0,8"
2024-05-16,URBANA,042_ZW Parque Mariano Ramos,16,MR76,False,Laboral,Jueves,34.059.797,-76.517.618,43,27344,"3,4"
2024-05-17,URBANA,042_ZW Parque Mariano Ramos,16,MR76,False,Laboral,Viernes,34.059.797,-76.517.618,39,232775,"22,4"
2024-05-18,URBANA,042_ZW Parque Mariano Ramos,16,MR76,False,Fin de Semana,Sábado,34.059.797,-76.517.618,23,10992,"1,0"
2024-05-19,URBANA,042_ZW Parque Mariano Ramos,16,MR76,False,Fin de Semana,Domingo,34.059.797,-76.517.618,33,55478,"4,7"
2024-05-20,URBANA,042_ZW Parque Mariano Ramos,16,MR76,False,Laboral,Lunes,34.059.797,-76.517.618,39,355556,"50,5"
2024-05-21,URBANA,042_ZW Parque Mariano Ramos,16,MR76,False,Laboral,Martes,34.059.797,-76.517.618,50,3214487,"413,9"
2024-05-22,URBANA,042_ZW Parque Mariano Ramos,16,MR76,False,Laboral,Miércoles,34.059.797,-76.517.618,44,53386,"20,7"
2024-05-23,URBANA,042_ZW Parque Mariano Ramos,16,MR76,False,Laboral,Jueves,34.059.797,-76.517.618,39,11134,"2,1"
2024-05-24,URBANA,042_ZW Parque Mariano Ramos,16,MR76,False,Laboral,Viernes,34.059.797,-76.517.618,43,3851,"0,8"
2024-05-25,URBANA,042_ZW Parque Mariano Ramos,16,MR76,False,Fin de Semana,Sábado,34.059.797,-76.517.618,35,2725,"0,4"
2024-05-26,URBANA,042_ZW Parque Mariano Ramos,16,MR76,False,Fin de Semana,Domingo,34.059.797,-76.517.618,34,120888,"17,5"
2024-05-27,URBANA,042_ZW Parque Mariano Ramos,16,MR76,False,Laboral,Lunes,34.059.797,-76.517.618,41,577668,"67,9"
2024-05-28,URBANA,042_ZW Parque Mariano Ramos,16,MR76,False,Laboral,Martes,34.059.797,-76.517.618,58,297438,"39,9"
2024-05-29,URBANA,042_ZW Parque Mariano Ramos,16,MR76,False,Laboral,Miércoles,34.059.797,-76.517.618,52,840531,"168,0"
2024-05-30,URBANA,042_ZW Parque Mariano Ramos,16,MR76,False,Laboral,Jueves,34.059.797,-76.517.618,38,60335,"5,0"
2024-05-31,URBANA,042_ZW Parque Mariano Ramos,16,MR76,False,Laboral,Viernes,34.059.797,-76.517.618,26,348614,"37,5"
2024-06-01,URBANA,042_ZW Parque Mariano Ramos,16,MR76,False,Fin de Semana,Sábado,34.059.797,-76.517.618,29,675003,"67,4"
2024-06-02,URBANA,042_ZW Parque Mariano Ramos,16,MR76,False,Fin de Semana,Domingo,34.059.797,-76.517.618,27,411118,"41,9"
2024-06-03,URBANA,042_ZW Parque Mariano Ramos,16,MR76,True,Festivo,Lunes,34.059.797,-76.517.618,27,698406,"100,8"
2024-06-04,URBANA,042_ZW Parque Mariano Ramos,16,MR76,False,Laboral,Martes,34.059.797,-76.517.618,52,238565,"52,5"
2024-06-05,URBANA,042_ZW Parque Mariano Ramos,16,MR76,False,Laboral,Miércoles,34.059.797,-76.517.618,57,820487,"287,3"
2024-06-06,URBANA,042_ZW Parque Mariano Ramos,16,MR76,False,Laboral,Jueves,34.059.797,-76.517.618,48,313047,"51,3"
2024-06-07,URBANA,042_ZW Parque Mariano Ramos,16,MR76,False,Laboral,Viernes,34.059.797,-76.517.618,42,129071,"26,8"
2024-06-08,URBANA,042_ZW Parque Mariano Ramos,16,MR76,False,Fin de Semana,Sábado,34.059.797,-76.517.618,37,534496,"169,6"
2024-06-09,URBANA,042_ZW Parque Mariano Ramos,16,MR76,False,Fin de Semana,Domingo,34.059.797,-76.517.618,31,1324775,"454,5"
2024-06-10,URBANA,042_ZW Parque Mariano Ramos,16,MR76,True,Festivo,Lunes,34.059.797,-76.517.618,25,131342,"24,1"
2024-06-11,URBANA,042_ZW Parque Mariano Ramos,16,MR76,False,Laboral,Martes,34.059.797,-76.517.618,43,522324,"83,4"
2024-06-12,URBANA,042_ZW Parque Mariano Ramos,16,MR76,False,Laboral,Miércoles,34.059.797,-76.517.618,50,359370,"48,5"
2024-06-13,URBANA,042_ZW Parque Mariano Ramos,16,MR76,False,Laboral,Jueves,34.059.797,-76.517.618,23,412864,"8038023500,0"
2024-06-14,URBANA,042_ZW Parque Mariano Ramos,16,MR76,False,Laboral,Viernes,34.059.797,-76.517.618,37,57254,"1720827500,0"
2024-06-15,URBANA,042_ZW Parque Mariano Ramos,16,MR76,False,Fin de Semana,Sábado,34.059.797,-76.517.618,30,86835,"1557842300,0"
2024-06-16,URBANA,042_ZW Parque Mariano Ramos,16,MR76,False,Fin de Semana,Domingo,34.059.797,-76.517.618,22,36690,"657921500,0"
2024-06-17,URBANA,042_ZW Parque Mariano Ramos,16,MR76,False,Laboral,Lunes,34.059.797,-76.517.618,34,5356,"0,9"
2024-06-18,URBANA,042_ZW Parque Mariano Ramos,16,MR76,False,Laboral,Martes,34.059.797,-76.517.618,33,9546,"1,5"
2024-06-19,URBANA,042_ZW Parque Mariano Ramos,16,MR76,False,Laboral,Miércoles,34.059.797,-76.517.618,39,435929,"61,8"
2024-06-20,URBANA,042_ZW Parque Mariano Ramos,16,MR76,False,Laboral,Jueves,34.059.797,-76.517.618,44,3585590,"717,8"
2024-06-21,URBANA,042_ZW Parque Mariano Ramos,16,MR76,False,Laboral,Viernes,34.059.797,-76.517.618,36,1747,"0,3"
2024-06-22,URBANA,042_ZW Parque Mariano Ramos,16,MR76,False,Fin de Semana,Sábado,34.059.797,-76.517.618,41,2525,"0,5"
2024-06-23,URBANA,042_ZW Parque Mariano Ramos,16,MR76,False,Fin de Semana,Domingo,34.059.797,-76.517.618,32,4266,"1,7"
2024-06-24,URBANA,042_ZW Parque Mariano Ramos,16,MR76,False,Laboral,Lunes,34.059.797,-76.517.618,59,186726,"35,8"
2024-06-25,URBANA,042_ZW Parque Mariano Ramos,16,MR76,False,Laboral,Martes,34.059.797,-76.517.618,57,41889,"10,4"
2024-06-26,URBANA,042_ZW Parque Mariano Ramos,16,MR76,False,Laboral,Miércoles,34.059.797,-76.517.618,64,23857,"6,2"
2024-06-27,URBANA,042_ZW Parque Mariano Ramos,16,MR76,False,Laboral,Jueves,34.059.797,-76.517.618,53,10454,"3,1"
2024-06-28,URBANA,042_ZW Parque Mariano Ramos,16,MR76,False,Laboral,Viernes,34.059.797,-76.517.618,55,221708,"38,1"
2024-06-29,URBANA,042_ZW Parque Mariano Ramos,16,MR76,False,Fin de Semana,Sábado,34.059.797,-76.517.618,47,4212,"0,7"
2024-06-30,URBANA,042_ZW Parque Mariano Ramos,16,MR76,False,Fin de Semana,Domingo,34.059.797,-76.517.618,46,135291,"29,1"
2024-07-01,URBANA,042_ZW Parque Mariano Ramos,16,MR76,True,Festivo,Lunes,34.059.797,-76.517.618,36,4199,"0,58"
2024-07-02,URBANA,042_ZW Parque Mariano Ramos,16,MR76,False,Laboral,Martes,34.059.797,-76.517.618,51,78028,"8,4"
2024-07-03,URBANA,042_ZW Parque Mariano Ramos,16,MR76,False,Laboral,Miércoles,34.059.797,-76.517.618,47,127629,"15,18"
2024-07-04,URBANA,042_ZW Parque Mariano Ramos,16,MR76,False,Laboral,Jueves,34.059.797,-76.517.618,42,237635,"29,95"
2024-07-05,URBANA,042_ZW Parque Mariano Ramos,16,MR76,False,Laboral,Viernes,34.059.797,-76.517.618,34,226690,"26,61"
2024-07-06,URBANA,042_ZW Parque Mariano Ramos,16,MR76,False,Fin de Semana,Sábado,34.059.797,-76.517.618,38,2892,"0,34"
2024-07-07,URBANA,042_ZW Parque Mariano Ramos,16,MR76,False,Fin de Semana,Domingo,34.059.797,-76.517.618,36,506644,"57,43"
2024-07-08,URBANA,042_ZW Parque Mariano Ramos,16,MR76,False,Laboral,Lunes,34.059.797,-76.517.618,42,10508,"1,89"
2024-07-09,URBANA,042_ZW Parque Mariano Ramos,16,MR76,False,Laboral,Martes,34.059.797,-76.517.618,47,11229,"1,93"
2024-07-10,URBANA,042_ZW Parque Mariano Ramos,16,MR76,False,Laboral,Miércoles,34.059.797,-76.517.618,48,14397,"2,08"
2024-07-11,URBANA,042_ZW Parque Mariano Ramos,16,MR76,False,Laboral,Jueves,34.059.797,-76.517.618,41,283964,"38,48"
2024-07-12,URBANA,042_ZW Parque Mariano Ramos,16,MR76,False,Laboral,Viernes,34.059.797,-76.517.618,50,480595,"75,78"
2024-07-13,URBANA,042_ZW Parque Mariano Ramos,16,MR76,False,Fin de Semana,Sábado,34.059.797,-76.517.618,48,356020,"50,54"
2024-07-14,URBANA,042_ZW Parque Mariano Ramos,16,MR76,False,Fin de Semana,Domingo,34.059.797,-76.517.618,35,363245,"57,12"
2024-07-15,URBANA,042_ZW Parque Mariano Ramos,16,MR76,False,Laboral,Lunes,34.059.797,-76.517.618,33,7218,"1,29"
2024-07-16,URBANA,042_ZW Parque Mariano Ramos,16,MR76,False,Laboral,Martes,34.059.797,-76.517.618,20,2173,"0,35"
2024-07-21,URBANA,042_ZW Parque Mariano Ramos,16,MR76,False,Fin de Semana,Domingo,34.059.797,-76.517.618,30,959028,"146,5"
2024-07-22,URBANA,042_ZW Parque Mariano Ramos,16,MR76,False,Laboral,Lunes,34.059.797,-76.517.618,51,1031005,"148,34"
2024-07-23,URBANA,042_ZW Parque Mariano Ramos,16,MR76,False,Laboral,Martes,34.059.797,-76.517.618,57,440505,"63,59"
2024-07-24,URBANA,042_ZW Parque Mariano Ramos,16,MR76,False,Laboral,Miércoles,34.059.797,-76.517.618,62,302989,"47,93"
2024-07-25,URBANA,042_ZW Parque Mariano Ramos,16,MR76,False,Laboral,Jueves,34.059.797,-76.517.618,59,397905,"62,94"
2024-07-26,URBANA,042_ZW Parque Mariano Ramos,16,MR76,False,Laboral,Viernes,34.059.797,-76.517.618,53,1351675,"178,03"
2024-07-27,URBANA,042_ZW Parque Mariano Ramos,16,MR76,False,Fin de Semana,Sábado,34.059.797,-76.517.618,46,656758,"112,32"
2024-07-28,URBANA,042_ZW Parque Mariano Ramos,16,MR76,False,Fin de Semana,Domingo,34.059.797,-76.517.618,46,116490,"24,65"
2024-07-29,URBANA,042_ZW Parque Mariano Ramos,16,MR76,False,Laboral,Lunes,34.059.797,-76.517.618,49,523167,"83,89"
2024-07-30,URBANA,042_ZW Parque Mariano Ramos,16,MR76,False,Laboral,Martes,34.059.797,-76.517.618,64,184203,"26,92"
2024-07-31,URBANA,042_ZW Parque Mariano Ramos,16,MR76,False,Laboral,Miércoles,34.059.797,-76.517.618,58,166389,"27,64"
2024-08-01,URBANA,042_ZW Parque Mariano Ramos,16,MR76,False,Laboral,Jueves,34.059.797,-76.517.618,63,2533,"0,38"
2024-08-02,URBANA,042_ZW Parque Mariano Ramos,16,MR76,False,Laboral,Viernes,34.059.797,-76.517.618,58,791594,"131,69"
2024-08-03,URBANA,042_ZW Parque Mariano Ramos,16,MR76,False,Fin de Semana,Sábado,34.059.797,-76.517.618,44,116992,"23,84"
2024-08-04,URBANA,042_ZW Parque Mariano Ramos,16,MR76,False,Fin de Semana,Domingo,34.059.797,-76.517.618,49,123707,"19,72"
2024-08-05,URBANA,042_ZW Parque Mariano Ramos,16,MR76,False,Laboral,Lunes,34.059.797,-76.517.618,56,2061333,"297,85"
2024-08-06,URBANA,042_ZW Parque Mariano Ramos,16,MR76,False,Laboral,Martes,34.059.797,-76.517.618,57,2904763,"279,66"
2024-08-07,URBANA,042_ZW Parque Mariano Ramos,16,MR76,True,Festivo,Miércoles,34.059.797,-76.517.618,50,1057176,"125,75"
2024-08-08,URBANA,042_ZW Parque Mariano Ramos,16,MR76,False,Laboral,Jueves,34.059.797,-76.517.618,70,2037257,"255,6"
2024-08-09,URBANA,042_ZW Parque Mariano Ramos,16,MR76,False,Laboral,Viernes,34.059.797,-76.517.618,74,965958,"178,27"
2024-08-10,URBANA,042_ZW Parque Mariano Ramos,16,MR76,False,Fin de Semana,Sábado,34.059.797,-76.517.618,48,1961915,"371,35"
2024-08-11,URBANA,042_ZW Parque Mariano Ramos,16,MR76,False,Fin de Semana,Domingo,34.059.797,-76.517.618,41,1096082,"190,22"
2024-08-12,URBANA,042_ZW Parque Mariano Ramos,16,MR76,False,Laboral,Lunes,34.059.797,-76.517.618,51,1308408,"280,47"
2024-08-13,URBANA,042_ZW Parque Mariano Ramos,16,MR76,False,Laboral,Martes,34.059.797,-76.517.618,67,1500278,"169,81"
2024-08-14,URBANA,042_ZW Parque Mariano Ramos,16,MR76,False,Laboral,Miércoles,34.059.797,-76.517.618,82,1067820,"141,72"
2024-08-15,URBANA,042_ZW Parque Mariano Ramos,16,MR76,False,Laboral,Jueves,34.059.797,-76.517.618,83,1503239,"225,68"
2024-08-16,URBANA,042_ZW Parque Mariano Ramos,16,MR76,False,Laboral,Viernes,34.059.797,-76.517.618,61,2010540,"273,94"
2024-08-17,URBANA,042_ZW Parque Mariano Ramos,16,MR76,False,Fin de Semana,Sábado,34.059.797,-76.517.618,50,1415566,"205,31"
2024-08-18,URBANA,042_ZW Parque Mariano Ramos,16,MR76,False,Fin de Semana,Domingo,34.059.797,-76.517.618,46,1878405,"284,25"
2024-08-19,URBANA,042_ZW Parque Mariano Ramos,16,MR76,True,Festivo,Lunes,34.059.797,-76.517.618,37,1830218,"251,24"
2024-08-20,URBANA,042_ZW Parque Mariano Ramos,16,MR76,False,Laboral,Martes,34.059.797,-76.517.618,60,3517305,"870,84"
2024-08-21,URBANA,042_ZW Parque Mariano Ramos,16,MR76,False,Laboral,Miércoles,34.059.797,-76.517.618,71,4363,"1,27"
2024-08-22,URBANA,042_ZW Parque Mariano Ramos,16,MR76,False,Laboral,Jueves,34.059.797,-76.517.618,57,315840,"84,04"
2024-08-23,URBANA,042_ZW Parque Mariano Ramos,16,MR76,False,Laboral,Viernes,34.059.797,-76.517.618,68,598117,"243,7"
2024-08-24,URBANA,042_ZW Parque Mariano Ramos,16,MR76,False,Fin de Semana,Sábado,34.059.797,-76.517.618,54,785102,"532,09"
2024-08-25,URBANA,042_ZW Parque Mariano Ramos,16,MR76,False,Fin de Semana,Domingo,34.059.797,-76.517.618,54,268065,"256,48"
2024-08-26,URBANA,042_ZW Parque Mariano Ramos,16,MR76,False,Laboral,Lunes,34.059.797,-76.517.618,63,994988,"1329,53"
2024-08-27,URBANA,042_ZW Parque Mariano Ramos,16,MR76,False,Laboral,Martes,34.059.797,-76.517.618,68,363473,"390,13"
2024-08-28,URBANA,042_ZW Parque Mariano Ramos,16,MR76,False,Laboral,Miércoles,34.059.797,-76.517.618,77,1252704,"2222,57"
2024-08-29,URBANA,042_ZW Parque Mariano Ramos,16,MR76,False,Laboral,Jueves,34.059.797,-76.517.618,73,663361,"1895,01"
2024-08-30,URBANA,042_ZW Parque Mariano Ramos,16,MR76,False,Laboral,Viernes,34.059.797,-76.517.618,81,1001237,"2411,67"
2024-08-31,URBANA,042_ZW Parque Mariano Ramos,16,MR76,False,Fin de Semana,Sábado,34.059.797,-76.517.618,51,3113077,"4444,29"
2024-09-01,URBANA,042_ZW Parque Mariano Ramos,16,MR76,False,Fin de Semana,Domingo,34.059.797,-76.517.618,46,262297,"607,05"
2024-09-02,URBANA,042_ZW Parque Mariano Ramos,16,MR76,False,Laboral,Lunes,34.059.797,-76.517.618,58,271614,"535,46"
2024-09-03,URBANA,042_ZW Parque Mariano Ramos,16,MR76,False,Laboral,Martes,34.059.797,-76.517.618,63,1198591,"6567,51"
2024-09-04,URBANA,042_ZW Parque Mariano Ramos,16,MR76,False,Laboral,Miércoles,34.059.797,-76.517.618,19,672,"92,16"
2024-10-25,URBANA,042_ZW Parque Mariano Ramos,16,MR76,False,Laboral,Viernes,34.059.797,-76.517.618,26,60250,"13,46"
2024-10-26,URBANA,042_ZW Parque Mariano Ramos,16,MR76,False,Fin de Semana,Sábado,34.059.797,-76.517.618,26,220567,"28,56"
2024-10-27,URBANA,042_ZW Parque Mariano Ramos,16,MR76,False,Fin de Semana,Domingo,34.059.797,-76.517.618,31,4098790,"411,74"
2024-10-28,URBANA,042_ZW Parque Mariano Ramos,16,MR76,False,Laboral,Lunes,34.059.797,-76.517.618,42,266950,"44,33"
2024-10-29,URBANA,042_ZW Parque Mariano Ramos,16,MR76,False,Laboral,Martes,34.059.797,-76.517.618,44,14365,"2,27"
2024-10-30,URBANA,042_ZW Parque Mariano Ramos,16,MR76,False,Laboral,Miércoles,34.059.797,-76.517.618,54,1007232,"205,59"
2024-10-31,URBANA,042_ZW Parque Mariano Ramos,16,MR76,False,Laboral,Jueves,34.059.797,-76.517.618,39,960113,"204,65"
2024-11-01,URBANA,042_ZW Parque Mariano Ramos,16,MR76,False,Laboral,Viernes,34.059.797,-76.517.618,31,1479961,"267,63"
2024-11-02,URBANA,042_ZW Parque Mariano Ramos,16,MR76,False,Fin de Semana,Sábado,34.059.797,-76.517.618,33,857949,"138,07"
2024-11-03,URBANA,042_ZW Parque Mariano Ramos,16,MR76,False,Fin de Semana,Domingo,34.059.797,-76.517.618,28,932947,"158,6"
2024-11-04,URBANA,042_ZW Parque Mariano Ramos,16,MR76,True,Festivo,Lunes,34.059.797,-76.517.618,25,1003791,"151,31"
2024-11-05,URBANA,042_ZW Parque Mariano Ramos,16,MR76,False,Laboral,Martes,34.059.797,-76.517.618,46,223254,"30,57"
2024-11-06,URBANA,042_ZW Parque Mariano Ramos,16,MR76,False,Laboral,Miércoles,34.059.797,-76.517.618,50,575484,"91,91"
2024-11-07,URBANA,042_ZW Parque Mariano Ramos,16,MR76,False,Laboral,Jueves,34.059.797,-76.517.618,44,494007,"55,55"
2024-11-08,URBANA,042_ZW Parque Mariano Ramos,16,MR76,False,Laboral,Viernes,34.059.797,-76.517.618,55,1385472,"112,03"
2024-11-09,URBANA,042_ZW Parque Mariano Ramos,16,MR76,False,Fin de Semana,Sábado,34.059.797,-76.517.618,57,1179038,"70,81"
2024-11-10,URBANA,042_ZW Parque Mariano Ramos,16,MR76,False,Fin de Semana,Domingo,34.059.797,-76.517.618,44,3201280,"165,25"
2024-11-11,URBANA,042_ZW Parque Mariano Ramos,16,MR76,True,Festivo,Lunes,34.059.797,-76.517.618,35,1353103,"77,05"
2024-11-12,URBANA,042_ZW Parque Mariano Ramos,16,MR76,False,Laboral,Martes,34.059.797,-76.517.618,63,3440864,"180,01"
2024-11-13,URBANA,042_ZW Parque Mariano Ramos,16,MR76,False,Laboral,Miércoles,34.059.797,-76.517.618,65,3404153,"210,12"
2024-11-14,URBANA,042_ZW Parque Mariano Ramos,16,MR76,False,Laboral,Jueves,34.059.797,-76.517.618,58,11345906,"591,02"
2024-11-15,URBANA,042_ZW Parque Mariano Ramos,16,MR76,False,Laboral,Viernes,34.059.797,-76.517.618,62,15006446,"823,79"
2024-11-16,URBANA,042_ZW Parque Mariano Ramos,16,MR76,False,Fin de Semana,Sábado,34.059.797,-76.517.618,54,5287796,"287,18"
2024-11-17,URBANA,042_ZW Parque Mariano Ramos,16,MR76,False,Fin de Semana,Domingo,34.059.797,-76.517.618,50,4146895,"241,39"
2024-11-18,URBANA,042_ZW Parque Mariano Ramos,16,MR76,False,Laboral,Lunes,34.059.797,-76.517.618,49,2455962,"152,79"
2024-11-19,URBANA,042_ZW Parque Mariano Ramos,16,MR76,False,Laboral,Martes,34.059.797,-76.517.618,83,2954363,"184,92"
2024-11-20,URBANA,042_ZW Parque Mariano Ramos,16,MR76,False,Laboral,Miércoles,34.059.797,-76.517.618,88,3088470,"161,85"
2024-11-21,URBANA,042_ZW Parque Mariano Ramos,16,MR76,False,Laboral,Jueves,34.059.797,-76.517.618,53,5340825,"295,79"
2024-11-22,URBANA,042_ZW Parque Mariano Ramos,16,MR76,False,Laboral,Viernes,34.059.797,-76.517.618,69,4452440,"220,55"
2024-11-23,URBANA,042_ZW Parque Mariano Ramos,16,MR76,False,Fin de Semana,Sábado,34.059.797,-76.517.618,52,5432987,"283,5"
2024-11-24,URBANA,042_ZW Parque Mariano Ramos,16,MR76,False,Fin de Semana,Domingo,34.059.797,-76.517.618,60,2727217,"368,35"
2024-11-25,URBANA,042_ZW Parque Mariano Ramos,16,MR76,False,Laboral,Lunes,34.059.797,-76.517.618,36,400835,"97,46"
2024-11-26,URBANA,042_ZW Parque Mariano Ramos,16,MR76,False,Laboral,Martes,34.059.797,-76.517.618,32,6305066,"800,62"
2024-11-27,URBANA,042_ZW Parque Mariano Ramos,16,MR76,False,Laboral,Miércoles,34.059.797,-76.517.618,75,3900381,"200,84"
2024-11-28,URBANA,042_ZW Parque Mariano Ramos,16,MR76,False,Laboral,Jueves,34.059.797,-76.517.618,76,3579351,"170,0"
2024-11-29,URBANA,042_ZW Parque Mariano Ramos,16,MR76,False,Laboral,Viernes,34.059.797,-76.517.618,72,1021430,"45,96"
2024-11-30,URBANA,042_ZW Parque Mariano Ramos,16,MR76,False,Fin de Semana,Sábado,34.059.797,-76.517.618,67,2025655,"88,87"
