﻿FECHA.CONEXION,AREA,NOMBRE.ZONA,COMUNA,MODEL,es_festivo,tipo_dia,dia_semana,LATITUD,LONGITUD,NUMERO.CONEXIONES,USAGE.KB,PORCENTAJE.USO
2024-01-01,URBANA,051_ZW Parque La Mecerd,2,MR76,True,Festivo,Lunes,3.480.722,-76.513.002,8,221715,"25,4"
2024-01-02,URBANA,051_ZW Parque La Mecerd,2,MR76,False,Laboral,Martes,3.480.722,-76.513.002,4,251,"0,0"
2024-01-03,URBANA,051_ZW Parque La Mecerd,2,MR76,False,Laboral,Miércoles,3.480.722,-76.513.002,6,30573,"2,5"
2024-01-04,URBANA,051_ZW Parque La Mecerd,2,MR76,False,Laboral,Jueves,3.480.722,-76.513.002,6,77857,"7,4"
2024-01-05,URBANA,051_ZW Parque La Mecerd,2,MR76,False,Laboral,Viernes,3.480.722,-76.513.002,11,195451,"18,0"
2024-01-06,URBANA,051_ZW Parque La Mecerd,2,MR76,False,Fin de Semana,Sábado,3.480.722,-76.513.002,8,588478,"76,7"
2024-01-07,URBANA,051_ZW Parque La Mecerd,2,MR76,False,Fin de Semana,Domingo,3.480.722,-76.513.002,10,450078,"44,8"
2024-01-08,URBANA,051_ZW Parque La Mecerd,2,MR76,True,Festivo,Lunes,3.480.722,-76.513.002,9,4651372,"295,0"
2024-01-09,URBANA,051_ZW Parque La Mecerd,2,MR76,False,Laboral,Martes,3.480.722,-76.513.002,11,808211,"62,4"
2024-01-10,URBANA,051_ZW Parque La Mecerd,2,MR76,False,Laboral,Miércoles,3.480.722,-76.513.002,8,79843,"6,6"
2024-01-11,URBANA,051_ZW Parque La Mecerd,2,MR76,False,Laboral,Jueves,3.480.722,-76.513.002,8,333000,"30,9"
2024-01-12,URBANA,051_ZW Parque La Mecerd,2,MR76,False,Laboral,Viernes,3.480.722,-76.513.002,8,30293,"2,6"
2024-01-13,URBANA,051_ZW Parque La Mecerd,2,MR76,False,Fin de Semana,Sábado,3.480.722,-76.513.002,5,766129,"85,1"
2024-01-14,URBANA,051_ZW Parque La Mecerd,2,MR76,False,Fin de Semana,Domingo,3.480.722,-76.513.002,5,9918,"1,3"
2024-01-15,URBANA,051_ZW Parque La Mecerd,2,MR76,False,Laboral,Lunes,3.480.722,-76.513.002,10,448022,"64,8"
2024-01-16,URBANA,051_ZW Parque La Mecerd,2,MR76,False,Laboral,Martes,3.480.722,-76.513.002,12,379849,"44,4"
2024-01-17,URBANA,051_ZW Parque La Mecerd,2,MR76,False,Laboral,Miércoles,3.480.722,-76.513.002,9,7816,"0,8"
2024-01-18,URBANA,051_ZW Parque La Mecerd,2,MR76,False,Laboral,Jueves,3.480.722,-76.513.002,7,606954,"50,6"
2024-01-19,URBANA,051_ZW Parque La Mecerd,2,MR76,False,Laboral,Viernes,3.480.722,-76.513.002,12,33485,"2,2"
2024-01-20,URBANA,051_ZW Parque La Mecerd,2,MR76,False,Fin de Semana,Sábado,3.480.722,-76.513.002,7,1086,"0,1"
2024-01-21,URBANA,051_ZW Parque La Mecerd,2,MR76,False,Fin de Semana,Domingo,3.480.722,-76.513.002,5,31923,"2,5"
2024-01-22,URBANA,051_ZW Parque La Mecerd,2,MR76,False,Laboral,Lunes,3.480.722,-76.513.002,12,523670,"49,9"
2024-01-23,URBANA,051_ZW Parque La Mecerd,2,MR76,False,Laboral,Martes,3.480.722,-76.513.002,19,1008875,"93,4"
2024-01-24,URBANA,051_ZW Parque La Mecerd,2,MR76,False,Laboral,Miércoles,3.480.722,-76.513.002,18,5377734,"430,0"
2024-01-25,URBANA,051_ZW Parque La Mecerd,2,MR76,False,Laboral,Jueves,3.480.722,-76.513.002,18,1133025,"75,8"
2024-01-26,URBANA,051_ZW Parque La Mecerd,2,MR76,False,Laboral,Viernes,3.480.722,-76.513.002,10,1770577,"128,5"
2024-01-27,URBANA,051_ZW Parque La Mecerd,2,MR76,False,Fin de Semana,Sábado,3.480.722,-76.513.002,6,3528580,"284,3"
2024-01-28,URBANA,051_ZW Parque La Mecerd,2,MR76,False,Fin de Semana,Domingo,3.480.722,-76.513.002,12,1141350,"111,0"
2024-01-29,URBANA,051_ZW Parque La Mecerd,2,MR76,False,Laboral,Lunes,3.480.722,-76.513.002,17,1433334,"123,1"
2024-01-30,URBANA,051_ZW Parque La Mecerd,2,MR76,False,Laboral,Martes,3.480.722,-76.513.002,15,1368031,"151,1"
2024-01-31,URBANA,051_ZW Parque La Mecerd,2,MR76,False,Laboral,Miércoles,3.480.722,-76.513.002,14,569673,"54,5"
2024-02-01,URBANA,051_ZW Parque La Mecerd,2,MR76,False,Laboral,Jueves,3.480.722,-76.513.002,19,1198320,"86,1"
2024-02-02,URBANA,051_ZW Parque La Mecerd,2,MR76,False,Laboral,Viernes,3.480.722,-76.513.002,9,127718,"13,4"
2024-02-03,URBANA,051_ZW Parque La Mecerd,2,MR76,False,Fin de Semana,Sábado,3.480.722,-76.513.002,11,263099,"14,8"
2024-02-04,URBANA,051_ZW Parque La Mecerd,2,MR76,False,Fin de Semana,Domingo,3.480.722,-76.513.002,5,42,"0,0"
2024-02-05,URBANA,051_ZW Parque La Mecerd,2,MR76,False,Laboral,Lunes,3.480.722,-76.513.002,10,4830533,"320,9"
2024-02-06,URBANA,051_ZW Parque La Mecerd,2,MR76,False,Laboral,Martes,3.480.722,-76.513.002,11,585418,"39,2"
2024-02-07,URBANA,051_ZW Parque La Mecerd,2,MR76,False,Laboral,Miércoles,3.480.722,-76.513.002,14,353938,"21,4"
2024-02-08,URBANA,051_ZW Parque La Mecerd,2,MR76,False,Laboral,Jueves,3.480.722,-76.513.002,15,524819,"38,6"
2024-02-09,URBANA,051_ZW Parque La Mecerd,2,MR76,False,Laboral,Viernes,3.480.722,-76.513.002,16,667515,"55,5"
2024-02-10,URBANA,051_ZW Parque La Mecerd,2,MR76,False,Fin de Semana,Sábado,3.480.722,-76.513.002,6,64877,"4,1"
2024-02-11,URBANA,051_ZW Parque La Mecerd,2,MR76,False,Fin de Semana,Domingo,3.480.722,-76.513.002,11,6711127,"499,4"
2024-02-12,URBANA,051_ZW Parque La Mecerd,2,MR76,False,Laboral,Lunes,3.480.722,-76.513.002,10,606401,"58,6"
2024-02-13,URBANA,051_ZW Parque La Mecerd,2,MR76,False,Laboral,Martes,3.480.722,-76.513.002,14,757945,"87,5"
2024-02-14,URBANA,051_ZW Parque La Mecerd,2,MR76,False,Laboral,Miércoles,3.480.722,-76.513.002,10,927390,"122,8"
2024-02-15,URBANA,051_ZW Parque La Mecerd,2,MR76,False,Laboral,Jueves,3.480.722,-76.513.002,14,1752924,"150,1"
2024-02-16,URBANA,051_ZW Parque La Mecerd,2,MR76,False,Laboral,Viernes,3.480.722,-76.513.002,15,861955,"81,7"
2024-02-17,URBANA,051_ZW Parque La Mecerd,2,MR76,False,Fin de Semana,Sábado,3.480.722,-76.513.002,10,446291,"42,2"
2024-02-18,URBANA,051_ZW Parque La Mecerd,2,MR76,False,Fin de Semana,Domingo,3.480.722,-76.513.002,12,1187901,"91,8"
2024-02-19,URBANA,051_ZW Parque La Mecerd,2,MR76,False,Laboral,Lunes,3.480.722,-76.513.002,14,875632,"59,7"
2024-02-20,URBANA,051_ZW Parque La Mecerd,2,MR76,False,Laboral,Martes,3.480.722,-76.513.002,13,785124,"64,3"
2024-02-21,URBANA,051_ZW Parque La Mecerd,2,MR76,False,Laboral,Miércoles,3.480.722,-76.513.002,15,11016,"1,0"
2024-02-22,URBANA,051_ZW Parque La Mecerd,2,MR76,False,Laboral,Jueves,3.480.722,-76.513.002,13,1510,"0,1"
2024-02-23,URBANA,051_ZW Parque La Mecerd,2,MR76,False,Laboral,Viernes,3.480.722,-76.513.002,18,79916,"5,6"
2024-02-24,URBANA,051_ZW Parque La Mecerd,2,MR76,False,Fin de Semana,Sábado,3.480.722,-76.513.002,15,670,"0,1"
2024-02-25,URBANA,051_ZW Parque La Mecerd,2,MR76,False,Fin de Semana,Domingo,3.480.722,-76.513.002,18,3621,"0,2"
2024-02-26,URBANA,051_ZW Parque La Mecerd,2,MR76,False,Laboral,Lunes,3.480.722,-76.513.002,14,8561,"0,8"
2024-02-27,URBANA,051_ZW Parque La Mecerd,2,MR76,False,Laboral,Martes,3.480.722,-76.513.002,16,2834,"0,2"
2024-02-28,URBANA,051_ZW Parque La Mecerd,2,MR76,False,Laboral,Miércoles,3.480.722,-76.513.002,13,4155,"0,2"
2024-02-29,URBANA,051_ZW Parque La Mecerd,2,MR76,False,Laboral,Jueves,3.480.722,-76.513.002,18,2990,"0,4"
2024-03-01,URBANA,051_ZW Parque La Mecerd,2,MR76,False,Laboral,Viernes,3.480.722,-76.513.002,11,275214,"22,9"
2024-03-02,URBANA,051_ZW Parque La Mecerd,2,MR76,False,Fin de Semana,Sábado,3.480.722,-76.513.002,9,220578,"21,4"
2024-03-03,URBANA,051_ZW Parque La Mecerd,2,MR76,False,Fin de Semana,Domingo,3.480.722,-76.513.002,7,37733,"2,7"
2024-03-04,URBANA,051_ZW Parque La Mecerd,2,MR76,False,Laboral,Lunes,3.480.722,-76.513.002,21,1292441,"90,9"
2024-03-05,URBANA,051_ZW Parque La Mecerd,2,MR76,False,Laboral,Martes,3.480.722,-76.513.002,16,3461450,"251,1"
2024-03-06,URBANA,051_ZW Parque La Mecerd,2,MR76,False,Laboral,Miércoles,3.480.722,-76.513.002,9,349311,"28,9"
2024-03-07,URBANA,051_ZW Parque La Mecerd,2,MR76,False,Laboral,Jueves,3.480.722,-76.513.002,16,234714,"22,0"
2024-03-08,URBANA,051_ZW Parque La Mecerd,2,MR76,False,Laboral,Viernes,3.480.722,-76.513.002,15,1554731,"145,3"
2024-03-09,URBANA,051_ZW Parque La Mecerd,2,MR76,False,Fin de Semana,Sábado,3.480.722,-76.513.002,12,265262,"26,8"
2024-03-10,URBANA,051_ZW Parque La Mecerd,2,MR76,False,Fin de Semana,Domingo,3.480.722,-76.513.002,14,533600,"55,9"
2024-03-11,URBANA,051_ZW Parque La Mecerd,2,MR76,False,Laboral,Lunes,3.480.722,-76.513.002,16,5763744,"613,2"
2024-03-12,URBANA,051_ZW Parque La Mecerd,2,MR76,False,Laboral,Martes,3.480.722,-76.513.002,24,2468065,"279,9"
2024-03-13,URBANA,051_ZW Parque La Mecerd,2,MR76,False,Laboral,Miércoles,3.480.722,-76.513.002,20,461824,"62,4"
2024-03-14,URBANA,051_ZW Parque La Mecerd,2,MR76,False,Laboral,Jueves,3.480.722,-76.513.002,10,699469,"72,1"
2024-03-15,URBANA,051_ZW Parque La Mecerd,2,MR76,False,Laboral,Viernes,3.480.722,-76.513.002,13,850095,"65,2"
2024-03-16,URBANA,051_ZW Parque La Mecerd,2,MR76,False,Fin de Semana,Sábado,3.480.722,-76.513.002,7,5416712,"479,0"
2024-03-17,URBANA,051_ZW Parque La Mecerd,2,MR76,False,Fin de Semana,Domingo,3.480.722,-76.513.002,13,2978497,"230,0"
2024-03-18,URBANA,051_ZW Parque La Mecerd,2,MR76,False,Laboral,Lunes,3.480.722,-76.513.002,18,1433812,"119,4"
2024-03-19,URBANA,051_ZW Parque La Mecerd,2,MR76,False,Laboral,Martes,3.480.722,-76.513.002,17,1029781,"136,6"
2024-03-20,URBANA,051_ZW Parque La Mecerd,2,MR76,False,Laboral,Miércoles,3.480.722,-76.513.002,18,2016037,"307,6"
2024-03-21,URBANA,051_ZW Parque La Mecerd,2,MR76,False,Laboral,Jueves,3.480.722,-76.513.002,16,1044251,"119,6"
2024-03-22,URBANA,051_ZW Parque La Mecerd,2,MR76,False,Laboral,Viernes,3.480.722,-76.513.002,17,592985,"60,8"
2024-03-23,URBANA,051_ZW Parque La Mecerd,2,MR76,False,Fin de Semana,Sábado,3.480.722,-76.513.002,13,416915,"53,4"
2024-03-24,URBANA,051_ZW Parque La Mecerd,2,MR76,True,Festivo,Domingo,3.480.722,-76.513.002,11,394366,"43,4"
2024-03-25,URBANA,051_ZW Parque La Mecerd,2,MR76,True,Festivo,Lunes,3.480.722,-76.513.002,11,854413,"121,8"
2024-03-26,URBANA,051_ZW Parque La Mecerd,2,MR76,False,Laboral,Martes,3.480.722,-76.513.002,17,552230,"70,9"
2024-03-27,URBANA,051_ZW Parque La Mecerd,2,MR76,False,Laboral,Miércoles,3.480.722,-76.513.002,20,2230783,"276,2"
2024-03-28,URBANA,051_ZW Parque La Mecerd,2,MR76,True,Festivo,Jueves,3.480.722,-76.513.002,21,747110,"117,1"
2024-03-29,URBANA,051_ZW Parque La Mecerd,2,MR76,True,Festivo,Viernes,3.480.722,-76.513.002,16,1133448,"114,3"
2024-03-30,URBANA,051_ZW Parque La Mecerd,2,MR76,False,Fin de Semana,Sábado,3.480.722,-76.513.002,11,514381,"82,5"
2024-03-31,URBANA,051_ZW Parque La Mecerd,2,MR76,True,Festivo,Domingo,3.480.722,-76.513.002,13,355487,"46,7"
2024-04-01,URBANA,051_ZW Parque La Mecerd,2,MR76,False,Laboral,Lunes,3.480.722,-76.513.002,15,545482,"52,0"
2024-04-02,URBANA,051_ZW Parque La Mecerd,2,MR76,False,Laboral,Martes,3.480.722,-76.513.002,12,1170,"0,2"
2024-04-03,URBANA,051_ZW Parque La Mecerd,2,MR76,False,Laboral,Miércoles,3.480.722,-76.513.002,21,4772,"0,5"
2024-04-04,URBANA,051_ZW Parque La Mecerd,2,MR76,False,Laboral,Jueves,3.480.722,-76.513.002,13,3331,"0,3"
2024-04-05,URBANA,051_ZW Parque La Mecerd,2,MR76,False,Laboral,Viernes,3.480.722,-76.513.002,28,8019,"0,7"
2024-04-06,URBANA,051_ZW Parque La Mecerd,2,MR76,False,Fin de Semana,Sábado,3.480.722,-76.513.002,17,2032,"0,2"
2024-04-07,URBANA,051_ZW Parque La Mecerd,2,MR76,False,Fin de Semana,Domingo,3.480.722,-76.513.002,19,12329,"1,0"
2024-04-08,URBANA,051_ZW Parque La Mecerd,2,MR76,False,Laboral,Lunes,3.480.722,-76.513.002,21,19959,"2,8"
2024-04-09,URBANA,051_ZW Parque La Mecerd,2,MR76,False,Laboral,Martes,3.480.722,-76.513.002,16,3099,"0,4"
2024-04-10,URBANA,051_ZW Parque La Mecerd,2,MR76,False,Laboral,Miércoles,3.480.722,-76.513.002,15,797929,"187,7"
2024-04-11,URBANA,051_ZW Parque La Mecerd,2,MR76,False,Laboral,Jueves,3.480.722,-76.513.002,21,1583339,"358,5"
2024-04-12,URBANA,051_ZW Parque La Mecerd,2,MR76,False,Laboral,Viernes,3.480.722,-76.513.002,10,443844,"65,4"
2024-04-13,URBANA,051_ZW Parque La Mecerd,2,MR76,False,Fin de Semana,Sábado,3.480.722,-76.513.002,9,161851,"19,0"
2024-04-14,URBANA,051_ZW Parque La Mecerd,2,MR76,False,Fin de Semana,Domingo,3.480.722,-76.513.002,9,708253,"102,7"
2024-04-15,URBANA,051_ZW Parque La Mecerd,2,MR76,False,Laboral,Lunes,3.480.722,-76.513.002,13,318769,"79,6"
2024-04-16,URBANA,051_ZW Parque La Mecerd,2,MR76,False,Laboral,Martes,3.480.722,-76.513.002,19,533770,"125,7"
2024-04-17,URBANA,051_ZW Parque La Mecerd,2,MR76,False,Laboral,Miércoles,3.480.722,-76.513.002,14,634906,"170,2"
2024-04-18,URBANA,051_ZW Parque La Mecerd,2,MR76,False,Laboral,Jueves,3.480.722,-76.513.002,13,28168,"9,7"
2024-04-19,URBANA,051_ZW Parque La Mecerd,2,MR76,False,Laboral,Viernes,3.480.722,-76.513.002,14,5245,"1,3"
2024-04-20,URBANA,051_ZW Parque La Mecerd,2,MR76,False,Fin de Semana,Sábado,3.480.722,-76.513.002,23,1677,"0,2"
2024-04-21,URBANA,051_ZW Parque La Mecerd,2,MR76,False,Fin de Semana,Domingo,3.480.722,-76.513.002,18,2744,"0,4"
2024-04-22,URBANA,051_ZW Parque La Mecerd,2,MR76,False,Laboral,Lunes,3.480.722,-76.513.002,14,4224,"0,9"
2024-04-23,URBANA,051_ZW Parque La Mecerd,2,MR76,False,Laboral,Martes,3.480.722,-76.513.002,17,424785,"23,1"
2024-04-24,URBANA,051_ZW Parque La Mecerd,2,MR76,False,Laboral,Miércoles,3.480.722,-76.513.002,12,564429,"30,7"
2024-04-25,URBANA,051_ZW Parque La Mecerd,2,MR76,False,Laboral,Jueves,3.480.722,-76.513.002,16,722307,"60,9"
2024-04-26,URBANA,051_ZW Parque La Mecerd,2,MR76,False,Laboral,Viernes,3.480.722,-76.513.002,14,479864,"47,9"
2024-04-27,URBANA,051_ZW Parque La Mecerd,2,MR76,False,Fin de Semana,Sábado,3.480.722,-76.513.002,14,211357,"17,3"
2024-04-28,URBANA,051_ZW Parque La Mecerd,2,MR76,False,Fin de Semana,Domingo,3.480.722,-76.513.002,8,1541079,"208,6"
2024-04-29,URBANA,051_ZW Parque La Mecerd,2,MR76,False,Laboral,Lunes,3.480.722,-76.513.002,17,389300,"48,6"
2024-04-30,URBANA,051_ZW Parque La Mecerd,2,MR76,False,Laboral,Martes,3.480.722,-76.513.002,14,189637,"30,1"
2024-05-01,URBANA,051_ZW Parque La Mecerd,2,MR76,True,Festivo,Miércoles,3.480.722,-76.513.002,21,585175,"111,3"
2024-05-02,URBANA,051_ZW Parque La Mecerd,2,MR76,False,Laboral,Jueves,3.480.722,-76.513.002,17,2260,"0,4"
2024-05-03,URBANA,051_ZW Parque La Mecerd,2,MR76,False,Laboral,Viernes,3.480.722,-76.513.002,9,528,"0,1"
2024-05-04,URBANA,051_ZW Parque La Mecerd,2,MR76,False,Fin de Semana,Sábado,3.480.722,-76.513.002,20,4147,"0,6"
2024-05-05,URBANA,051_ZW Parque La Mecerd,2,MR76,False,Fin de Semana,Domingo,3.480.722,-76.513.002,10,341202,"55,3"
2024-05-06,URBANA,051_ZW Parque La Mecerd,2,MR76,False,Laboral,Lunes,3.480.722,-76.513.002,16,1187091,"248,4"
2024-05-07,URBANA,051_ZW Parque La Mecerd,2,MR76,False,Laboral,Martes,3.480.722,-76.513.002,18,1473791,"243,1"
2024-05-08,URBANA,051_ZW Parque La Mecerd,2,MR76,False,Laboral,Miércoles,3.480.722,-76.513.002,10,238835,"30,1"
2024-05-09,URBANA,051_ZW Parque La Mecerd,2,MR76,False,Laboral,Jueves,3.480.722,-76.513.002,10,277477,"31,5"
2024-05-10,URBANA,051_ZW Parque La Mecerd,2,MR76,False,Laboral,Viernes,3.480.722,-76.513.002,11,622402,"78,9"
2024-05-11,URBANA,051_ZW Parque La Mecerd,2,MR76,False,Fin de Semana,Sábado,3.480.722,-76.513.002,19,4649774,"624,0"
2024-05-12,URBANA,051_ZW Parque La Mecerd,2,MR76,False,Fin de Semana,Domingo,3.480.722,-76.513.002,21,1498979,"363,4"
2024-05-13,URBANA,051_ZW Parque La Mecerd,2,MR76,True,Festivo,Lunes,3.480.722,-76.513.002,20,455723,"81,4"
2024-05-14,URBANA,051_ZW Parque La Mecerd,2,MR76,False,Laboral,Martes,3.480.722,-76.513.002,19,10849,"5,0"
2024-05-15,URBANA,051_ZW Parque La Mecerd,2,MR76,False,Laboral,Miércoles,3.480.722,-76.513.002,13,153867,"24,9"
2024-05-16,URBANA,051_ZW Parque La Mecerd,2,MR76,False,Laboral,Jueves,3.480.722,-76.513.002,21,1746805,"214,0"
2024-05-17,URBANA,051_ZW Parque La Mecerd,2,MR76,False,Laboral,Viernes,3.480.722,-76.513.002,23,1887688,"181,6"
2024-05-18,URBANA,051_ZW Parque La Mecerd,2,MR76,False,Fin de Semana,Sábado,3.480.722,-76.513.002,20,816559,"74,4"
2024-05-19,URBANA,051_ZW Parque La Mecerd,2,MR76,False,Fin de Semana,Domingo,3.480.722,-76.513.002,15,5153101,"440,7"
2024-05-20,URBANA,051_ZW Parque La Mecerd,2,MR76,False,Laboral,Lunes,3.480.722,-76.513.002,17,1216489,"172,8"
2024-05-21,URBANA,051_ZW Parque La Mecerd,2,MR76,False,Laboral,Martes,3.480.722,-76.513.002,23,1729468,"222,7"
2024-05-22,URBANA,051_ZW Parque La Mecerd,2,MR76,False,Laboral,Miércoles,3.480.722,-76.513.002,17,1420878,"551,6"
2024-05-23,URBANA,051_ZW Parque La Mecerd,2,MR76,False,Laboral,Jueves,3.480.722,-76.513.002,32,2823475,"531,7"
2024-05-24,URBANA,051_ZW Parque La Mecerd,2,MR76,False,Laboral,Viernes,3.480.722,-76.513.002,12,511673,"108,4"
2024-05-25,URBANA,051_ZW Parque La Mecerd,2,MR76,False,Fin de Semana,Sábado,3.480.722,-76.513.002,18,332772,"46,7"
2024-05-26,URBANA,051_ZW Parque La Mecerd,2,MR76,False,Fin de Semana,Domingo,3.480.722,-76.513.002,9,1143390,"165,5"
2024-05-27,URBANA,051_ZW Parque La Mecerd,2,MR76,False,Laboral,Lunes,3.480.722,-76.513.002,17,2791842,"328,4"
2024-05-28,URBANA,051_ZW Parque La Mecerd,2,MR76,False,Laboral,Martes,3.480.722,-76.513.002,25,2299504,"308,8"
2024-05-29,URBANA,051_ZW Parque La Mecerd,2,MR76,False,Laboral,Miércoles,3.480.722,-76.513.002,14,219471,"43,9"
2024-05-30,URBANA,051_ZW Parque La Mecerd,2,MR76,False,Laboral,Jueves,3.480.722,-76.513.002,22,1386041,"115,8"
2024-05-31,URBANA,051_ZW Parque La Mecerd,2,MR76,False,Laboral,Viernes,3.480.722,-76.513.002,18,1467233,"157,8"
2024-06-01,URBANA,051_ZW Parque La Mecerd,2,MR76,False,Fin de Semana,Sábado,3.480.722,-76.513.002,19,2466826,"246,4"
2024-06-02,URBANA,051_ZW Parque La Mecerd,2,MR76,False,Fin de Semana,Domingo,3.480.722,-76.513.002,22,2450801,"250,0"
2024-06-03,URBANA,051_ZW Parque La Mecerd,2,MR76,True,Festivo,Lunes,3.480.722,-76.513.002,15,663034,"95,7"
2024-06-04,URBANA,051_ZW Parque La Mecerd,2,MR76,False,Laboral,Martes,3.480.722,-76.513.002,22,1353098,"297,6"
2024-06-05,URBANA,051_ZW Parque La Mecerd,2,MR76,False,Laboral,Miércoles,3.480.722,-76.513.002,9,105349,"36,9"
2024-06-06,URBANA,051_ZW Parque La Mecerd,2,MR76,False,Laboral,Jueves,3.480.722,-76.513.002,17,922284,"151,1"
2024-06-07,URBANA,051_ZW Parque La Mecerd,2,MR76,False,Laboral,Viernes,3.480.722,-76.513.002,19,2357,"0,5"
2024-06-08,URBANA,051_ZW Parque La Mecerd,2,MR76,False,Fin de Semana,Sábado,3.480.722,-76.513.002,15,1864,"0,6"
2024-06-09,URBANA,051_ZW Parque La Mecerd,2,MR76,False,Fin de Semana,Domingo,3.480.722,-76.513.002,8,79409,"27,2"
2024-06-10,URBANA,051_ZW Parque La Mecerd,2,MR76,True,Festivo,Lunes,3.480.722,-76.513.002,11,243710,"44,7"
2024-06-11,URBANA,051_ZW Parque La Mecerd,2,MR76,False,Laboral,Martes,3.480.722,-76.513.002,20,1562214,"249,5"
2024-06-12,URBANA,051_ZW Parque La Mecerd,2,MR76,False,Laboral,Miércoles,3.480.722,-76.513.002,18,364437,"49,1"
2024-06-13,URBANA,051_ZW Parque La Mecerd,2,MR76,False,Laboral,Jueves,3.480.722,-76.513.002,22,1543032,"30041193700,0"
2024-06-14,URBANA,051_ZW Parque La Mecerd,2,MR76,False,Laboral,Viernes,3.480.722,-76.513.002,5,506353,"15218957200,0"
2024-06-15,URBANA,051_ZW Parque La Mecerd,2,MR76,False,Fin de Semana,Sábado,3.480.722,-76.513.002,11,1119682,"20087384500,0"
2024-06-16,URBANA,051_ZW Parque La Mecerd,2,MR76,False,Fin de Semana,Domingo,3.480.722,-76.513.002,15,1033915,"18540063400,0"
2024-06-17,URBANA,051_ZW Parque La Mecerd,2,MR76,False,Laboral,Lunes,3.480.722,-76.513.002,17,1073135,"171,7"
2024-06-18,URBANA,051_ZW Parque La Mecerd,2,MR76,False,Laboral,Martes,3.480.722,-76.513.002,25,1364937,"215,6"
2024-06-19,URBANA,051_ZW Parque La Mecerd,2,MR76,False,Laboral,Miércoles,3.480.722,-76.513.002,23,2860775,"405,8"
2024-06-20,URBANA,051_ZW Parque La Mecerd,2,MR76,False,Laboral,Jueves,3.480.722,-76.513.002,30,2032996,"407,0"
2024-06-21,URBANA,051_ZW Parque La Mecerd,2,MR76,False,Laboral,Viernes,3.480.722,-76.513.002,33,3930526,"675,3"
2024-06-22,URBANA,051_ZW Parque La Mecerd,2,MR76,False,Fin de Semana,Sábado,3.480.722,-76.513.002,24,4121109,"779,7"
2024-06-23,URBANA,051_ZW Parque La Mecerd,2,MR76,False,Fin de Semana,Domingo,3.480.722,-76.513.002,25,1359238,"533,5"
2024-06-24,URBANA,051_ZW Parque La Mecerd,2,MR76,False,Laboral,Lunes,3.480.722,-76.513.002,27,1684689,"322,6"
2024-06-25,URBANA,051_ZW Parque La Mecerd,2,MR76,False,Laboral,Martes,3.480.722,-76.513.002,40,2150789,"532,9"
2024-06-26,URBANA,051_ZW Parque La Mecerd,2,MR76,False,Laboral,Miércoles,3.480.722,-76.513.002,27,3885,"1,0"
2024-06-27,URBANA,051_ZW Parque La Mecerd,2,MR76,False,Laboral,Jueves,3.480.722,-76.513.002,36,14098,"4,2"
2024-06-28,URBANA,051_ZW Parque La Mecerd,2,MR76,False,Laboral,Viernes,3.480.722,-76.513.002,21,2701962,"464,8"
2024-06-29,URBANA,051_ZW Parque La Mecerd,2,MR76,False,Fin de Semana,Sábado,3.480.722,-76.513.002,23,880566,"149,3"
2024-06-30,URBANA,051_ZW Parque La Mecerd,2,MR76,False,Fin de Semana,Domingo,3.480.722,-76.513.002,17,1982901,"425,9"
2024-07-01,URBANA,051_ZW Parque La Mecerd,2,MR76,True,Festivo,Lunes,3.480.722,-76.513.002,24,549281,"76,31"
2024-07-02,URBANA,051_ZW Parque La Mecerd,2,MR76,False,Laboral,Martes,3.480.722,-76.513.002,16,834846,"89,92"
2024-07-03,URBANA,051_ZW Parque La Mecerd,2,MR76,False,Laboral,Miércoles,3.480.722,-76.513.002,18,59823,"7,12"
2024-07-04,URBANA,051_ZW Parque La Mecerd,2,MR76,False,Laboral,Jueves,3.480.722,-76.513.002,21,884736,"111,49"
2024-07-05,URBANA,051_ZW Parque La Mecerd,2,MR76,False,Laboral,Viernes,3.480.722,-76.513.002,16,1525079,"179,0"
2024-07-06,URBANA,051_ZW Parque La Mecerd,2,MR76,False,Fin de Semana,Sábado,3.480.722,-76.513.002,24,1041280,"123,7"
2024-07-07,URBANA,051_ZW Parque La Mecerd,2,MR76,False,Fin de Semana,Domingo,3.480.722,-76.513.002,19,2070969,"234,74"
2024-07-08,URBANA,051_ZW Parque La Mecerd,2,MR76,False,Laboral,Lunes,3.480.722,-76.513.002,32,1746748,"314,39"
2024-07-09,URBANA,051_ZW Parque La Mecerd,2,MR76,False,Laboral,Martes,3.480.722,-76.513.002,31,2111387,"363,59"
2024-07-10,URBANA,051_ZW Parque La Mecerd,2,MR76,False,Laboral,Miércoles,3.480.722,-76.513.002,32,1134366,"164,27"
2024-07-11,URBANA,051_ZW Parque La Mecerd,2,MR76,False,Laboral,Jueves,3.480.722,-76.513.002,24,636417,"86,25"
2024-07-12,URBANA,051_ZW Parque La Mecerd,2,MR76,False,Laboral,Viernes,3.480.722,-76.513.002,24,3689,"0,58"
2024-07-13,URBANA,051_ZW Parque La Mecerd,2,MR76,False,Fin de Semana,Sábado,3.480.722,-76.513.002,17,795,"0,11"
2024-07-14,URBANA,051_ZW Parque La Mecerd,2,MR76,False,Fin de Semana,Domingo,3.480.722,-76.513.002,25,3763,"0,59"
2024-07-15,URBANA,051_ZW Parque La Mecerd,2,MR76,False,Laboral,Lunes,3.480.722,-76.513.002,28,6965,"1,25"
2024-07-16,URBANA,051_ZW Parque La Mecerd,2,MR76,False,Laboral,Martes,3.480.722,-76.513.002,30,4758,"0,76"
2024-07-17,URBANA,051_ZW Parque La Mecerd,2,MR76,False,Laboral,Miércoles,3.480.722,-76.513.002,27,4339,"0,96"
2024-07-18,URBANA,051_ZW Parque La Mecerd,2,MR76,False,Laboral,Jueves,3.480.722,-76.513.002,25,4298,"0,72"
2024-07-19,URBANA,051_ZW Parque La Mecerd,2,MR76,False,Laboral,Viernes,3.480.722,-76.513.002,20,1814,"0,25"
2024-07-20,URBANA,051_ZW Parque La Mecerd,2,MR76,True,Festivo,Sábado,3.480.722,-76.513.002,15,2896,"0,37"
2024-07-21,URBANA,051_ZW Parque La Mecerd,2,MR76,False,Fin de Semana,Domingo,3.480.722,-76.513.002,23,5137,"0,78"
2024-07-22,URBANA,051_ZW Parque La Mecerd,2,MR76,False,Laboral,Lunes,3.480.722,-76.513.002,27,5175,"0,74"
2024-07-23,URBANA,051_ZW Parque La Mecerd,2,MR76,False,Laboral,Martes,3.480.722,-76.513.002,23,1503,"0,22"
2024-07-24,URBANA,051_ZW Parque La Mecerd,2,MR76,False,Laboral,Miércoles,3.480.722,-76.513.002,29,32586,"5,16"
2024-07-25,URBANA,051_ZW Parque La Mecerd,2,MR76,False,Laboral,Jueves,3.480.722,-76.513.002,19,5754,"0,91"
2024-07-26,URBANA,051_ZW Parque La Mecerd,2,MR76,False,Laboral,Viernes,3.480.722,-76.513.002,26,8893,"1,17"
2024-07-27,URBANA,051_ZW Parque La Mecerd,2,MR76,False,Fin de Semana,Sábado,3.480.722,-76.513.002,25,4804,"0,82"
2024-07-28,URBANA,051_ZW Parque La Mecerd,2,MR76,False,Fin de Semana,Domingo,3.480.722,-76.513.002,15,204801,"43,34"
2024-07-29,URBANA,051_ZW Parque La Mecerd,2,MR76,False,Laboral,Lunes,3.480.722,-76.513.002,27,918042,"147,21"
2024-07-30,URBANA,051_ZW Parque La Mecerd,2,MR76,False,Laboral,Martes,3.480.722,-76.513.002,26,866919,"126,69"
2024-07-31,URBANA,051_ZW Parque La Mecerd,2,MR76,False,Laboral,Miércoles,3.480.722,-76.513.002,17,327909,"54,47"
2024-08-01,URBANA,051_ZW Parque La Mecerd,2,MR76,False,Laboral,Jueves,3.480.722,-76.513.002,19,136134,"20,31"
2024-08-02,URBANA,051_ZW Parque La Mecerd,2,MR76,False,Laboral,Viernes,3.480.722,-76.513.002,31,2482681,"413,02"
2024-08-03,URBANA,051_ZW Parque La Mecerd,2,MR76,False,Fin de Semana,Sábado,3.480.722,-76.513.002,16,178079,"36,28"
2024-08-04,URBANA,051_ZW Parque La Mecerd,2,MR76,False,Fin de Semana,Domingo,3.480.722,-76.513.002,13,445321,"71,0"
2024-08-05,URBANA,051_ZW Parque La Mecerd,2,MR76,False,Laboral,Lunes,3.480.722,-76.513.002,20,514858,"74,39"
2024-08-06,URBANA,051_ZW Parque La Mecerd,2,MR76,False,Laboral,Martes,3.480.722,-76.513.002,19,506745,"48,79"
2024-08-07,URBANA,051_ZW Parque La Mecerd,2,MR76,True,Festivo,Miércoles,3.480.722,-76.513.002,28,1077834,"128,21"
2024-08-08,URBANA,051_ZW Parque La Mecerd,2,MR76,False,Laboral,Jueves,3.480.722,-76.513.002,25,755887,"94,83"
2024-08-09,URBANA,051_ZW Parque La Mecerd,2,MR76,False,Laboral,Viernes,3.480.722,-76.513.002,16,613890,"113,29"
2024-08-10,URBANA,051_ZW Parque La Mecerd,2,MR76,False,Fin de Semana,Sábado,3.480.722,-76.513.002,29,1252113,"237,0"
2024-08-11,URBANA,051_ZW Parque La Mecerd,2,MR76,False,Fin de Semana,Domingo,3.480.722,-76.513.002,20,801952,"139,18"
2024-08-12,URBANA,051_ZW Parque La Mecerd,2,MR76,False,Laboral,Lunes,3.480.722,-76.513.002,19,736,"0,16"
2024-08-13,URBANA,051_ZW Parque La Mecerd,2,MR76,False,Laboral,Martes,3.480.722,-76.513.002,26,1213,"0,14"
2024-08-14,URBANA,051_ZW Parque La Mecerd,2,MR76,False,Laboral,Miércoles,3.480.722,-76.513.002,24,1686,"0,22"
2024-08-15,URBANA,051_ZW Parque La Mecerd,2,MR76,False,Laboral,Jueves,3.480.722,-76.513.002,21,1606,"0,24"
2024-08-16,URBANA,051_ZW Parque La Mecerd,2,MR76,False,Laboral,Viernes,3.480.722,-76.513.002,16,2177,"0,3"
2024-08-17,URBANA,051_ZW Parque La Mecerd,2,MR76,False,Fin de Semana,Sábado,3.480.722,-76.513.002,17,4695,"0,68"
2024-08-18,URBANA,051_ZW Parque La Mecerd,2,MR76,False,Fin de Semana,Domingo,3.480.722,-76.513.002,18,1122,"0,17"
2024-08-19,URBANA,051_ZW Parque La Mecerd,2,MR76,True,Festivo,Lunes,3.480.722,-76.513.002,14,1554,"0,21"
2024-08-20,URBANA,051_ZW Parque La Mecerd,2,MR76,False,Laboral,Martes,3.480.722,-76.513.002,2,513,"0,13"
2024-10-25,URBANA,051_ZW Parque La Mecerd,2,MR76,False,Laboral,Viernes,3.480.722,-76.513.002,6,6454,"1,44"
2024-10-26,URBANA,051_ZW Parque La Mecerd,2,MR76,False,Fin de Semana,Sábado,3.480.722,-76.513.002,16,157722,"20,42"
2024-10-27,URBANA,051_ZW Parque La Mecerd,2,MR76,False,Fin de Semana,Domingo,3.480.722,-76.513.002,9,2708944,"272,13"
2024-10-28,URBANA,051_ZW Parque La Mecerd,2,MR76,False,Laboral,Lunes,3.480.722,-76.513.002,10,176051,"29,24"
2024-10-29,URBANA,051_ZW Parque La Mecerd,2,MR76,False,Laboral,Martes,3.480.722,-76.513.002,11,180882,"28,53"
2024-10-30,URBANA,051_ZW Parque La Mecerd,2,MR76,False,Laboral,Miércoles,3.480.722,-76.513.002,5,3386,"0,69"
2024-10-31,URBANA,051_ZW Parque La Mecerd,2,MR76,False,Laboral,Jueves,3.480.722,-76.513.002,12,77908,"16,61"
2024-11-01,URBANA,051_ZW Parque La Mecerd,2,MR76,False,Laboral,Viernes,3.480.722,-76.513.002,10,57735,"10,44"
2024-11-02,URBANA,051_ZW Parque La Mecerd,2,MR76,False,Fin de Semana,Sábado,3.480.722,-76.513.002,12,164928,"26,54"
2024-11-03,URBANA,051_ZW Parque La Mecerd,2,MR76,False,Fin de Semana,Domingo,3.480.722,-76.513.002,4,32259,"5,48"
2024-11-04,URBANA,051_ZW Parque La Mecerd,2,MR76,True,Festivo,Lunes,3.480.722,-76.513.002,13,710245,"107,06"
2024-11-05,URBANA,051_ZW Parque La Mecerd,2,MR76,False,Laboral,Martes,3.480.722,-76.513.002,21,2208146,"302,4"
2024-11-06,URBANA,051_ZW Parque La Mecerd,2,MR76,False,Laboral,Miércoles,3.480.722,-76.513.002,2,912,"0,15"
2024-11-07,URBANA,051_ZW Parque La Mecerd,2,MR76,False,Laboral,Jueves,3.480.722,-76.513.002,21,960900,"108,04"
2024-11-08,URBANA,051_ZW Parque La Mecerd,2,MR76,False,Laboral,Viernes,3.480.722,-76.513.002,14,360082,"29,12"
2024-11-09,URBANA,051_ZW Parque La Mecerd,2,MR76,False,Fin de Semana,Sábado,3.480.722,-76.513.002,18,1894878,"113,8"
2024-11-10,URBANA,051_ZW Parque La Mecerd,2,MR76,False,Fin de Semana,Domingo,3.480.722,-76.513.002,24,1069652,"55,22"
2024-11-11,URBANA,051_ZW Parque La Mecerd,2,MR76,True,Festivo,Lunes,3.480.722,-76.513.002,13,332497,"18,93"
2024-11-12,URBANA,051_ZW Parque La Mecerd,2,MR76,False,Laboral,Martes,3.480.722,-76.513.002,17,370858,"19,4"
2024-11-13,URBANA,051_ZW Parque La Mecerd,2,MR76,False,Laboral,Miércoles,3.480.722,-76.513.002,19,533962,"32,96"
2024-11-14,URBANA,051_ZW Parque La Mecerd,2,MR76,False,Laboral,Jueves,3.480.722,-76.513.002,23,565171,"29,44"
2024-11-15,URBANA,051_ZW Parque La Mecerd,2,MR76,False,Laboral,Viernes,3.480.722,-76.513.002,26,2700663,"148,25"
2024-11-16,URBANA,051_ZW Parque La Mecerd,2,MR76,False,Fin de Semana,Sábado,3.480.722,-76.513.002,16,638316,"34,67"
2024-11-17,URBANA,051_ZW Parque La Mecerd,2,MR76,False,Fin de Semana,Domingo,3.480.722,-76.513.002,18,458229,"26,67"
2024-11-18,URBANA,051_ZW Parque La Mecerd,2,MR76,False,Laboral,Lunes,3.480.722,-76.513.002,26,1062694,"66,11"
2024-11-19,URBANA,051_ZW Parque La Mecerd,2,MR76,False,Laboral,Martes,3.480.722,-76.513.002,14,325772,"20,39"
2024-11-20,URBANA,051_ZW Parque La Mecerd,2,MR76,False,Laboral,Miércoles,3.480.722,-76.513.002,19,308700,"16,18"
2024-11-21,URBANA,051_ZW Parque La Mecerd,2,MR76,False,Laboral,Jueves,3.480.722,-76.513.002,14,537481,"29,77"
2024-11-22,URBANA,051_ZW Parque La Mecerd,2,MR76,False,Laboral,Viernes,3.480.722,-76.513.002,19,438275,"21,71"
2024-11-23,URBANA,051_ZW Parque La Mecerd,2,MR76,False,Fin de Semana,Sábado,3.480.722,-76.513.002,12,659541,"34,42"
2024-11-24,URBANA,051_ZW Parque La Mecerd,2,MR76,False,Fin de Semana,Domingo,3.480.722,-76.513.002,14,398,"0,05"
2024-11-25,URBANA,051_ZW Parque La Mecerd,2,MR76,False,Laboral,Lunes,3.480.722,-76.513.002,15,259166,"63,02"
2024-11-26,URBANA,051_ZW Parque La Mecerd,2,MR76,False,Laboral,Martes,3.480.722,-76.513.002,18,458868,"58,27"
2024-11-27,URBANA,051_ZW Parque La Mecerd,2,MR76,False,Laboral,Miércoles,3.480.722,-76.513.002,26,351515,"18,1"
2024-11-28,URBANA,051_ZW Parque La Mecerd,2,MR76,False,Laboral,Jueves,3.480.722,-76.513.002,17,1228456,"58,34"
2024-11-29,URBANA,051_ZW Parque La Mecerd,2,MR76,False,Laboral,Viernes,3.480.722,-76.513.002,17,362790,"16,32"
2024-11-30,URBANA,051_ZW Parque La Mecerd,2,MR76,False,Fin de Semana,Sábado,3.480.722,-76.513.002,12,246598,"10,82"
2024-12-01,URBANA,051_ZW Parque La Mecerd,2,MR76,False,Fin de Semana,Domingo,3.480.722,-76.513.002,10,771,"0,03"
2024-12-02,URBANA,051_ZW Parque La Mecerd,2,MR76,False,Laboral,Lunes,3.480.722,-76.513.002,25,271416,"13,01"
2024-12-03,URBANA,051_ZW Parque La Mecerd,2,MR76,False,Laboral,Martes,3.480.722,-76.513.002,16,38997,"2,09"
