﻿FECHA.CONEXION,AREA,NOMBRE.ZONA,COMUNA,MODEL,es_festivo,tipo_dia,dia_semana,LATITUD,LONGITUD,NUMERO.CONEXIONES,USAGE.KB,PORCENTAJE.USO
2024-01-01,URBANA,003_ZW Parque del Perro,19,MR76,True,Festivo,Lunes,343.592,-7.654.555,57,837464,"95,8"
2024-01-02,URBANA,003_ZW Parque del Perro,19,MR76,False,Laboral,Martes,343.592,-7.654.555,92,5291186,"628,5"
2024-01-03,URBANA,003_ZW Parque del Perro,19,MR76,False,Laboral,Miércoles,343.592,-7.654.555,109,6662678,"549,8"
2024-01-04,URBANA,003_ZW Parque del Perro,19,MR76,False,Laboral,Jueves,343.592,-7.654.555,115,4248120,"402,1"
2024-01-05,URBANA,003_ZW Parque del Perro,19,MR76,False,Laboral,Viernes,343.592,-7.654.555,143,13028334,"1201,8"
2024-01-06,URBANA,003_ZW Parque del Perro,19,MR76,False,Fin de Semana,Sábado,343.592,-7.654.555,164,1343918,"175,2"
2024-01-07,URBANA,003_ZW Parque del Perro,19,MR76,False,Fin de Semana,Domingo,343.592,-7.654.555,143,45153,"4,5"
2024-01-08,URBANA,003_ZW Parque del Perro,19,MR76,True,Festivo,Lunes,343.592,-7.654.555,132,5845350,"370,8"
2024-01-09,URBANA,003_ZW Parque del Perro,19,MR76,False,Laboral,Martes,343.592,-7.654.555,98,3432754,"264,9"
2024-01-10,URBANA,003_ZW Parque del Perro,19,MR76,False,Laboral,Miércoles,343.592,-7.654.555,106,4032934,"334,3"
2024-01-11,URBANA,003_ZW Parque del Perro,19,MR76,False,Laboral,Jueves,343.592,-7.654.555,113,7424943,"690,0999999999999"
2024-01-12,URBANA,003_ZW Parque del Perro,19,MR76,False,Laboral,Viernes,343.592,-7.654.555,142,8450399,"727,5"
2024-01-13,URBANA,003_ZW Parque del Perro,19,MR76,False,Fin de Semana,Sábado,343.592,-7.654.555,185,6501201,"722,1"
2024-01-14,URBANA,003_ZW Parque del Perro,19,MR76,False,Fin de Semana,Domingo,343.592,-7.654.555,172,6429893,"812,5"
2024-01-15,URBANA,003_ZW Parque del Perro,19,MR76,False,Laboral,Lunes,343.592,-7.654.555,131,487975,"70,5"
2024-01-16,URBANA,003_ZW Parque del Perro,19,MR76,False,Laboral,Martes,343.592,-7.654.555,130,60031,"7,0"
2024-01-17,URBANA,003_ZW Parque del Perro,19,MR76,False,Laboral,Miércoles,343.592,-7.654.555,104,14045,"1,4"
2024-01-18,URBANA,003_ZW Parque del Perro,19,MR76,False,Laboral,Jueves,343.592,-7.654.555,115,26745,"2,2"
2024-01-19,URBANA,003_ZW Parque del Perro,19,MR76,False,Laboral,Viernes,343.592,-7.654.555,151,16649,"1,0"
2024-01-20,URBANA,003_ZW Parque del Perro,19,MR76,False,Fin de Semana,Sábado,343.592,-7.654.555,159,29356,"2,3"
2024-01-21,URBANA,003_ZW Parque del Perro,19,MR76,False,Fin de Semana,Domingo,343.592,-7.654.555,154,20637,"1,6"
2024-01-22,URBANA,003_ZW Parque del Perro,19,MR76,False,Laboral,Lunes,343.592,-7.654.555,118,16538,"1,6"
2024-01-23,URBANA,003_ZW Parque del Perro,19,MR76,False,Laboral,Martes,343.592,-7.654.555,89,12891,"1,2"
2024-01-24,URBANA,003_ZW Parque del Perro,19,MR76,False,Laboral,Miércoles,343.592,-7.654.555,106,407039,"32,6"
2024-01-25,URBANA,003_ZW Parque del Perro,19,MR76,False,Laboral,Jueves,343.592,-7.654.555,118,10557,"0,7"
2024-01-26,URBANA,003_ZW Parque del Perro,19,MR76,False,Laboral,Viernes,343.592,-7.654.555,129,10014,"0,7"
2024-01-27,URBANA,003_ZW Parque del Perro,19,MR76,False,Fin de Semana,Sábado,343.592,-7.654.555,195,138306,"11,2"
2024-01-28,URBANA,003_ZW Parque del Perro,19,MR76,False,Fin de Semana,Domingo,343.592,-7.654.555,185,58015,"5,6"
2024-01-29,URBANA,003_ZW Parque del Perro,19,MR76,False,Laboral,Lunes,343.592,-7.654.555,109,6899514,"592,8"
2024-01-30,URBANA,003_ZW Parque del Perro,19,MR76,False,Laboral,Martes,343.592,-7.654.555,108,5143314,"568,2"
2024-01-31,URBANA,003_ZW Parque del Perro,19,MR76,False,Laboral,Miércoles,343.592,-7.654.555,94,6044982,"578,8"
2024-02-01,URBANA,003_ZW Parque del Perro,19,MR76,False,Laboral,Jueves,343.592,-7.654.555,115,4095346,"294,5"
2024-02-02,URBANA,003_ZW Parque del Perro,19,MR76,False,Laboral,Viernes,343.592,-7.654.555,116,7209729,"754,7"
2024-02-03,URBANA,003_ZW Parque del Perro,19,MR76,False,Fin de Semana,Sábado,343.592,-7.654.555,121,3489534,"196,60000000000002"
2024-02-04,URBANA,003_ZW Parque del Perro,19,MR76,False,Fin de Semana,Domingo,343.592,-7.654.555,140,3007424,"188,0"
2024-02-05,URBANA,003_ZW Parque del Perro,19,MR76,False,Laboral,Lunes,343.592,-7.654.555,77,2573248,"170,89999999999998"
2024-02-06,URBANA,003_ZW Parque del Perro,19,MR76,False,Laboral,Martes,343.592,-7.654.555,70,1076077,"72,1"
2024-02-07,URBANA,003_ZW Parque del Perro,19,MR76,False,Laboral,Miércoles,343.592,-7.654.555,104,18976845,"1149,5"
2024-02-08,URBANA,003_ZW Parque del Perro,19,MR76,False,Laboral,Jueves,343.592,-7.654.555,96,946626,"69,6"
2024-02-09,URBANA,003_ZW Parque del Perro,19,MR76,False,Laboral,Viernes,343.592,-7.654.555,122,1737020,"144,3"
2024-02-10,URBANA,003_ZW Parque del Perro,19,MR76,False,Fin de Semana,Sábado,343.592,-7.654.555,146,2239276,"140,20000000000002"
2024-02-11,URBANA,003_ZW Parque del Perro,19,MR76,False,Fin de Semana,Domingo,343.592,-7.654.555,177,406028,"30,200000000000003"
2024-02-12,URBANA,003_ZW Parque del Perro,19,MR76,False,Laboral,Lunes,343.592,-7.654.555,108,15213,"1,5"
2024-02-13,URBANA,003_ZW Parque del Perro,19,MR76,False,Laboral,Martes,343.592,-7.654.555,106,16376,"1,9"
2024-02-14,URBANA,003_ZW Parque del Perro,19,MR76,False,Laboral,Miércoles,343.592,-7.654.555,101,1409371,"186,60000000000002"
2024-02-15,URBANA,003_ZW Parque del Perro,19,MR76,False,Laboral,Jueves,343.592,-7.654.555,103,6825082,"584,4"
2024-02-16,URBANA,003_ZW Parque del Perro,19,MR76,False,Laboral,Viernes,343.592,-7.654.555,113,3818456,"362,20000000000005"
2024-02-17,URBANA,003_ZW Parque del Perro,19,MR76,False,Fin de Semana,Sábado,343.592,-7.654.555,153,2453127,"232,0"
2024-02-18,URBANA,003_ZW Parque del Perro,19,MR76,False,Fin de Semana,Domingo,343.592,-7.654.555,147,5543730,"428,29999999999995"
2024-02-19,URBANA,003_ZW Parque del Perro,19,MR76,False,Laboral,Lunes,343.592,-7.654.555,95,1112653,"75,9"
2024-02-20,URBANA,003_ZW Parque del Perro,19,MR76,False,Laboral,Martes,343.592,-7.654.555,91,583078,"47,8"
2024-02-21,URBANA,003_ZW Parque del Perro,19,MR76,False,Laboral,Miércoles,343.592,-7.654.555,95,623638,"54,099999999999994"
2024-02-22,URBANA,003_ZW Parque del Perro,19,MR76,False,Laboral,Jueves,343.592,-7.654.555,93,1035032,"67,6"
2024-02-23,URBANA,003_ZW Parque del Perro,19,MR76,False,Laboral,Viernes,343.592,-7.654.555,139,828276,"58,2"
2024-02-24,URBANA,003_ZW Parque del Perro,19,MR76,False,Fin de Semana,Sábado,343.592,-7.654.555,182,763160,"60,8"
2024-02-25,URBANA,003_ZW Parque del Perro,19,MR76,False,Fin de Semana,Domingo,343.592,-7.654.555,172,17610,"1,0"
2024-02-26,URBANA,003_ZW Parque del Perro,19,MR76,False,Laboral,Lunes,343.592,-7.654.555,119,86225,"7,8"
2024-02-27,URBANA,003_ZW Parque del Perro,19,MR76,False,Laboral,Martes,343.592,-7.654.555,74,9991,"0,8"
2024-02-28,URBANA,003_ZW Parque del Perro,19,MR76,False,Laboral,Miércoles,343.592,-7.654.555,109,11987,"0,7"
2024-02-29,URBANA,003_ZW Parque del Perro,19,MR76,False,Laboral,Jueves,343.592,-7.654.555,82,27501,"3,5"
2024-03-01,URBANA,003_ZW Parque del Perro,19,MR76,False,Laboral,Viernes,343.592,-7.654.555,104,16085,"1,3"
2024-03-02,URBANA,003_ZW Parque del Perro,19,MR76,False,Fin de Semana,Sábado,343.592,-7.654.555,149,13120,"1,2999999999999998"
2024-03-03,URBANA,003_ZW Parque del Perro,19,MR76,False,Fin de Semana,Domingo,343.592,-7.654.555,139,82952,"5,9"
2024-03-04,URBANA,003_ZW Parque del Perro,19,MR76,False,Laboral,Lunes,343.592,-7.654.555,85,5965,"0,5"
2024-03-05,URBANA,003_ZW Parque del Perro,19,MR76,False,Laboral,Martes,343.592,-7.654.555,97,10356,"0,8"
2024-03-06,URBANA,003_ZW Parque del Perro,19,MR76,False,Laboral,Miércoles,343.592,-7.654.555,80,447841,"37,0"
2024-03-07,URBANA,003_ZW Parque del Perro,19,MR76,False,Laboral,Jueves,343.592,-7.654.555,87,8925,"0,9"
2024-03-08,URBANA,003_ZW Parque del Perro,19,MR76,False,Laboral,Viernes,343.592,-7.654.555,122,25048,"2,4"
2024-03-09,URBANA,003_ZW Parque del Perro,19,MR76,False,Fin de Semana,Sábado,343.592,-7.654.555,162,10012,"1,0"
2024-03-10,URBANA,003_ZW Parque del Perro,19,MR76,False,Fin de Semana,Domingo,343.592,-7.654.555,108,8757,"0,9"
2024-03-11,URBANA,003_ZW Parque del Perro,19,MR76,False,Laboral,Lunes,343.592,-7.654.555,78,165960,"17,7"
2024-03-12,URBANA,003_ZW Parque del Perro,19,MR76,False,Laboral,Martes,343.592,-7.654.555,80,12085,"1,4"
2024-03-13,URBANA,003_ZW Parque del Perro,19,MR76,False,Laboral,Miércoles,343.592,-7.654.555,91,147934,"20,0"
2024-03-14,URBANA,003_ZW Parque del Perro,19,MR76,False,Laboral,Jueves,343.592,-7.654.555,99,10076,"1,0"
2024-03-15,URBANA,003_ZW Parque del Perro,19,MR76,False,Laboral,Viernes,343.592,-7.654.555,118,520712,"40,0"
2024-03-16,URBANA,003_ZW Parque del Perro,19,MR76,False,Fin de Semana,Sábado,343.592,-7.654.555,152,224241,"19,8"
2024-03-17,URBANA,003_ZW Parque del Perro,19,MR76,False,Fin de Semana,Domingo,343.592,-7.654.555,117,2511279,"193,89999999999998"
2024-03-18,URBANA,003_ZW Parque del Perro,19,MR76,False,Laboral,Lunes,343.592,-7.654.555,85,1126444,"93,9"
2024-03-19,URBANA,003_ZW Parque del Perro,19,MR76,False,Laboral,Martes,343.592,-7.654.555,75,1524750,"202,3"
2024-03-20,URBANA,003_ZW Parque del Perro,19,MR76,False,Laboral,Miércoles,343.592,-7.654.555,81,1712043,"261,1"
2024-03-21,URBANA,003_ZW Parque del Perro,19,MR76,False,Laboral,Jueves,343.592,-7.654.555,86,4273262,"489,4"
2024-03-22,URBANA,003_ZW Parque del Perro,19,MR76,False,Laboral,Viernes,343.592,-7.654.555,121,2184826,"224,0"
2024-03-23,URBANA,003_ZW Parque del Perro,19,MR76,False,Fin de Semana,Sábado,343.592,-7.654.555,119,1070156,"137,2"
2024-03-24,URBANA,003_ZW Parque del Perro,19,MR76,True,Festivo,Domingo,343.592,-7.654.555,130,3215081,"353,5"
2024-03-25,URBANA,003_ZW Parque del Perro,19,MR76,True,Festivo,Lunes,343.592,-7.654.555,104,14996,"2,2"
2024-03-26,URBANA,003_ZW Parque del Perro,19,MR76,False,Laboral,Martes,343.592,-7.654.555,109,18580,"2,4000000000000004"
2024-03-27,URBANA,003_ZW Parque del Perro,19,MR76,False,Laboral,Miércoles,343.592,-7.654.555,108,12616,"1,6"
2024-03-28,URBANA,003_ZW Parque del Perro,19,MR76,True,Festivo,Jueves,343.592,-7.654.555,105,11568,"1,8"
2024-03-29,URBANA,003_ZW Parque del Perro,19,MR76,True,Festivo,Viernes,343.592,-7.654.555,107,15944,"1,6"
2024-03-30,URBANA,003_ZW Parque del Perro,19,MR76,False,Fin de Semana,Sábado,343.592,-7.654.555,113,17004,"2,8"
2024-03-31,URBANA,003_ZW Parque del Perro,19,MR76,True,Festivo,Domingo,343.592,-7.654.555,136,18277,"2,4"
2024-04-01,URBANA,003_ZW Parque del Perro,19,MR76,False,Laboral,Lunes,343.592,-7.654.555,99,10718,"1,1"
2024-04-02,URBANA,003_ZW Parque del Perro,19,MR76,False,Laboral,Martes,343.592,-7.654.555,69,6005,"0,8"
2024-04-03,URBANA,003_ZW Parque del Perro,19,MR76,False,Laboral,Miércoles,343.592,-7.654.555,82,5001,"0,6000000000000001"
2024-04-04,URBANA,003_ZW Parque del Perro,19,MR76,False,Laboral,Jueves,343.592,-7.654.555,118,14975,"1,3"
2024-04-05,URBANA,003_ZW Parque del Perro,19,MR76,False,Laboral,Viernes,343.592,-7.654.555,108,16114,"1,5"
2024-04-06,URBANA,003_ZW Parque del Perro,19,MR76,False,Fin de Semana,Sábado,343.592,-7.654.555,159,13211,"1,1"
2024-04-07,URBANA,003_ZW Parque del Perro,19,MR76,False,Fin de Semana,Domingo,343.592,-7.654.555,158,15257,"1,3"
2024-04-08,URBANA,003_ZW Parque del Perro,19,MR76,False,Laboral,Lunes,343.592,-7.654.555,92,12183,"1,7"
2024-04-09,URBANA,003_ZW Parque del Perro,19,MR76,False,Laboral,Martes,343.592,-7.654.555,85,9187,"1,2"
2024-04-10,URBANA,003_ZW Parque del Perro,19,MR76,False,Laboral,Miércoles,343.592,-7.654.555,81,5821,"1,4"
2024-04-11,URBANA,003_ZW Parque del Perro,19,MR76,False,Laboral,Jueves,343.592,-7.654.555,93,9058,"2,0"
2024-04-12,URBANA,003_ZW Parque del Perro,19,MR76,False,Laboral,Viernes,343.592,-7.654.555,143,14217,"2,1"
2024-04-13,URBANA,003_ZW Parque del Perro,19,MR76,False,Fin de Semana,Sábado,343.592,-7.654.555,143,11792,"1,4"
2024-04-14,URBANA,003_ZW Parque del Perro,19,MR76,False,Fin de Semana,Domingo,343.592,-7.654.555,140,26803,"3,9"
2024-04-15,URBANA,003_ZW Parque del Perro,19,MR76,False,Laboral,Lunes,343.592,-7.654.555,99,68464,"17,099999999999998"
2024-04-16,URBANA,003_ZW Parque del Perro,19,MR76,False,Laboral,Martes,343.592,-7.654.555,66,6421,"1,6"
2024-04-17,URBANA,003_ZW Parque del Perro,19,MR76,False,Laboral,Miércoles,343.592,-7.654.555,79,9917,"2,7"
2024-04-18,URBANA,003_ZW Parque del Perro,19,MR76,False,Laboral,Jueves,343.592,-7.654.555,95,8092,"2,8"
2024-04-19,URBANA,003_ZW Parque del Perro,19,MR76,False,Laboral,Viernes,343.592,-7.654.555,77,7622,"1,8"
2024-04-20,URBANA,003_ZW Parque del Perro,19,MR76,False,Fin de Semana,Sábado,343.592,-7.654.555,147,22308,"2,9000000000000004"
2024-04-21,URBANA,003_ZW Parque del Perro,19,MR76,False,Fin de Semana,Domingo,343.592,-7.654.555,156,16267,"2,5999999999999996"
2024-04-22,URBANA,003_ZW Parque del Perro,19,MR76,False,Laboral,Lunes,343.592,-7.654.555,73,10177,"2,2"
2024-04-23,URBANA,003_ZW Parque del Perro,19,MR76,False,Laboral,Martes,343.592,-7.654.555,84,1929403,"105,1"
2024-04-24,URBANA,003_ZW Parque del Perro,19,MR76,False,Laboral,Miércoles,343.592,-7.654.555,64,925720,"50,4"
2024-04-25,URBANA,003_ZW Parque del Perro,19,MR76,False,Laboral,Jueves,343.592,-7.654.555,85,3205828,"270,2"
2024-04-26,URBANA,003_ZW Parque del Perro,19,MR76,False,Laboral,Viernes,343.592,-7.654.555,92,2762015,"275,6"
2024-04-27,URBANA,003_ZW Parque del Perro,19,MR76,False,Fin de Semana,Sábado,343.592,-7.654.555,114,1737424,"142,4"
2024-04-28,URBANA,003_ZW Parque del Perro,19,MR76,False,Fin de Semana,Domingo,343.592,-7.654.555,90,2365468,"320,20000000000005"
2024-04-29,URBANA,003_ZW Parque del Perro,19,MR76,False,Laboral,Lunes,343.592,-7.654.555,76,880348,"110,0"
2024-04-30,URBANA,003_ZW Parque del Perro,19,MR76,False,Laboral,Martes,343.592,-7.654.555,140,2870658,"455,70000000000005"
2024-05-01,URBANA,003_ZW Parque del Perro,19,MR76,True,Festivo,Miércoles,343.592,-7.654.555,187,462130,"87,9"
2024-05-02,URBANA,003_ZW Parque del Perro,19,MR76,False,Laboral,Jueves,343.592,-7.654.555,114,11177,"2,2"
2024-05-03,URBANA,003_ZW Parque del Perro,19,MR76,False,Laboral,Viernes,343.592,-7.654.555,110,9240,"2,0"
2024-05-04,URBANA,003_ZW Parque del Perro,19,MR76,False,Fin de Semana,Sábado,343.592,-7.654.555,192,16501,"2,2"
2024-05-05,URBANA,003_ZW Parque del Perro,19,MR76,False,Fin de Semana,Domingo,343.592,-7.654.555,172,21983,"3,5999999999999996"
2024-05-06,URBANA,003_ZW Parque del Perro,19,MR76,False,Laboral,Lunes,343.592,-7.654.555,107,28120,"5,9"
2024-05-07,URBANA,003_ZW Parque del Perro,19,MR76,False,Laboral,Martes,343.592,-7.654.555,92,5299,"0,8999999999999999"
2024-05-08,URBANA,003_ZW Parque del Perro,19,MR76,False,Laboral,Miércoles,343.592,-7.654.555,88,2283331,"288,2"
2024-05-09,URBANA,003_ZW Parque del Perro,19,MR76,False,Laboral,Jueves,343.592,-7.654.555,77,1680098,"190,7"
2024-05-10,URBANA,003_ZW Parque del Perro,19,MR76,False,Laboral,Viernes,343.592,-7.654.555,86,1726131,"218,8"
2024-05-11,URBANA,003_ZW Parque del Perro,19,MR76,False,Fin de Semana,Sábado,343.592,-7.654.555,158,2472065,"331,70000000000005"
2024-05-12,URBANA,003_ZW Parque del Perro,19,MR76,False,Fin de Semana,Domingo,343.592,-7.654.555,164,3160395,"766,2"
2024-05-13,URBANA,003_ZW Parque del Perro,19,MR76,True,Festivo,Lunes,343.592,-7.654.555,136,7211803,"1288,8"
2024-05-14,URBANA,003_ZW Parque del Perro,19,MR76,False,Laboral,Martes,343.592,-7.654.555,62,1030949,"475,5"
2024-05-15,URBANA,003_ZW Parque del Perro,19,MR76,False,Laboral,Miércoles,343.592,-7.654.555,84,5210630,"843,2"
2024-05-16,URBANA,003_ZW Parque del Perro,19,MR76,False,Laboral,Jueves,343.592,-7.654.555,99,3661858,"448,7"
2024-05-17,URBANA,003_ZW Parque del Perro,19,MR76,False,Laboral,Viernes,343.592,-7.654.555,107,6191775,"595,6"
2024-05-18,URBANA,003_ZW Parque del Perro,19,MR76,False,Fin de Semana,Sábado,343.592,-7.654.555,118,1766051,"160,89999999999998"
2024-05-19,URBANA,003_ZW Parque del Perro,19,MR76,False,Fin de Semana,Domingo,343.592,-7.654.555,145,4488938,"383,9"
2024-05-20,URBANA,003_ZW Parque del Perro,19,MR76,False,Laboral,Lunes,343.592,-7.654.555,64,464210,"66,0"
2024-05-21,URBANA,003_ZW Parque del Perro,19,MR76,False,Laboral,Martes,343.592,-7.654.555,80,1526509,"196,5"
2024-05-22,URBANA,003_ZW Parque del Perro,19,MR76,False,Laboral,Miércoles,343.592,-7.654.555,76,1537634,"596,8"
2024-05-23,URBANA,003_ZW Parque del Perro,19,MR76,False,Laboral,Jueves,343.592,-7.654.555,82,779324,"146,8"
2024-05-24,URBANA,003_ZW Parque del Perro,19,MR76,False,Laboral,Viernes,343.592,-7.654.555,120,3161953,"669,9"
2024-05-25,URBANA,003_ZW Parque del Perro,19,MR76,False,Fin de Semana,Sábado,343.592,-7.654.555,144,2590811,"363,7"
2024-05-26,URBANA,003_ZW Parque del Perro,19,MR76,False,Fin de Semana,Domingo,343.592,-7.654.555,123,1329523,"192,39999999999998"
2024-05-27,URBANA,003_ZW Parque del Perro,19,MR76,False,Laboral,Lunes,343.592,-7.654.555,114,4621121,"543,5"
2024-05-28,URBANA,003_ZW Parque del Perro,19,MR76,False,Laboral,Martes,343.592,-7.654.555,113,3517359,"472,3"
2024-05-29,URBANA,003_ZW Parque del Perro,19,MR76,False,Laboral,Miércoles,343.592,-7.654.555,54,2749715,"549,7"
2024-05-30,URBANA,003_ZW Parque del Perro,19,MR76,False,Laboral,Jueves,343.592,-7.654.555,127,4376496,"365,7"
2024-05-31,URBANA,003_ZW Parque del Perro,19,MR76,False,Laboral,Viernes,343.592,-7.654.555,110,2614032,"281,2"
2024-06-01,URBANA,003_ZW Parque del Perro,19,MR76,False,Fin de Semana,Sábado,343.592,-7.654.555,199,24600,"2,5"
2024-06-02,URBANA,003_ZW Parque del Perro,19,MR76,False,Fin de Semana,Domingo,343.592,-7.654.555,171,18692,"1,9"
2024-06-03,URBANA,003_ZW Parque del Perro,19,MR76,True,Festivo,Lunes,343.592,-7.654.555,125,12556,"1,8"
2024-06-04,URBANA,003_ZW Parque del Perro,19,MR76,False,Laboral,Martes,343.592,-7.654.555,101,29070,"6,4"
2024-06-05,URBANA,003_ZW Parque del Perro,19,MR76,False,Laboral,Miércoles,343.592,-7.654.555,83,10066,"3,5"
2024-06-06,URBANA,003_ZW Parque del Perro,19,MR76,False,Laboral,Jueves,343.592,-7.654.555,113,13098,"2,1"
2024-06-07,URBANA,003_ZW Parque del Perro,19,MR76,False,Laboral,Viernes,343.592,-7.654.555,132,12243,"2,5999999999999996"
2024-06-08,URBANA,003_ZW Parque del Perro,19,MR76,False,Fin de Semana,Sábado,343.592,-7.654.555,157,28039,"8,9"
2024-06-09,URBANA,003_ZW Parque del Perro,19,MR76,False,Fin de Semana,Domingo,343.592,-7.654.555,169,20513,"7,1"
2024-06-10,URBANA,003_ZW Parque del Perro,19,MR76,True,Festivo,Lunes,343.592,-7.654.555,141,34984,"6,4"
2024-06-11,URBANA,003_ZW Parque del Perro,19,MR76,False,Laboral,Martes,343.592,-7.654.555,140,14017,"2,2"
2024-06-12,URBANA,003_ZW Parque del Perro,19,MR76,False,Laboral,Miércoles,343.592,-7.654.555,116,17663,"2,4"
2024-06-13,URBANA,003_ZW Parque del Perro,19,MR76,False,Laboral,Jueves,343.592,-7.654.555,142,21629,"283440500,0"
2024-06-14,URBANA,003_ZW Parque del Perro,19,MR76,False,Laboral,Viernes,343.592,-7.654.555,128,17519,"526551500,0"
2024-06-15,URBANA,003_ZW Parque del Perro,19,MR76,False,Fin de Semana,Sábado,343.592,-7.654.555,116,21233,"124654100,0"
2024-06-16,URBANA,003_ZW Parque del Perro,19,MR76,False,Fin de Semana,Domingo,343.592,-7.654.555,167,49106,"880564000,0"
2024-06-17,URBANA,003_ZW Parque del Perro,19,MR76,False,Laboral,Lunes,343.592,-7.654.555,102,96323,"15,4"
2024-06-18,URBANA,003_ZW Parque del Perro,19,MR76,False,Laboral,Martes,343.592,-7.654.555,109,79901,"12,7"
2024-06-19,URBANA,003_ZW Parque del Perro,19,MR76,False,Laboral,Miércoles,343.592,-7.654.555,84,149532,"21,200000000000003"
2024-06-20,URBANA,003_ZW Parque del Perro,19,MR76,False,Laboral,Jueves,343.592,-7.654.555,135,2057757,"411,90000000000003"
2024-06-21,URBANA,003_ZW Parque del Perro,19,MR76,False,Laboral,Viernes,343.592,-7.654.555,139,980781,"168,5"
2024-06-22,URBANA,003_ZW Parque del Perro,19,MR76,False,Fin de Semana,Sábado,343.592,-7.654.555,204,1978706,"374,4"
2024-06-23,URBANA,003_ZW Parque del Perro,19,MR76,False,Fin de Semana,Domingo,343.592,-7.654.555,160,2042771,"801,8"
2024-06-24,URBANA,003_ZW Parque del Perro,19,MR76,False,Laboral,Lunes,343.592,-7.654.555,115,4713049,"902,6"
2024-06-25,URBANA,003_ZW Parque del Perro,19,MR76,False,Laboral,Martes,343.592,-7.654.555,137,1782006,"441,5"
2024-06-26,URBANA,003_ZW Parque del Perro,19,MR76,False,Laboral,Miércoles,343.592,-7.654.555,101,749602,"193,60000000000002"
2024-06-27,URBANA,003_ZW Parque del Perro,19,MR76,False,Laboral,Jueves,343.592,-7.654.555,82,218450,"65,1"
2024-06-28,URBANA,003_ZW Parque del Perro,19,MR76,False,Laboral,Viernes,343.592,-7.654.555,160,391233,"67,3"
2024-06-29,URBANA,003_ZW Parque del Perro,19,MR76,False,Fin de Semana,Sábado,343.592,-7.654.555,186,1131406,"191,8"
2024-06-30,URBANA,003_ZW Parque del Perro,19,MR76,False,Fin de Semana,Domingo,343.592,-7.654.555,170,15708,"3,4"
2024-07-01,URBANA,003_ZW Parque del Perro,19,MR76,True,Festivo,Lunes,343.592,-7.654.555,186,40312,"5,6"
2024-07-02,URBANA,003_ZW Parque del Perro,19,MR76,False,Laboral,Martes,343.592,-7.654.555,145,248233,"26,74"
2024-07-03,URBANA,003_ZW Parque del Perro,19,MR76,False,Laboral,Miércoles,343.592,-7.654.555,112,8400,"1,0"
2024-07-04,URBANA,003_ZW Parque del Perro,19,MR76,False,Laboral,Jueves,343.592,-7.654.555,147,12987,"1,63"
2024-07-05,URBANA,003_ZW Parque del Perro,19,MR76,False,Laboral,Viernes,343.592,-7.654.555,125,1433977,"168,31"
2024-07-06,URBANA,003_ZW Parque del Perro,19,MR76,False,Fin de Semana,Sábado,343.592,-7.654.555,190,1477138,"175,48000000000002"
2024-07-07,URBANA,003_ZW Parque del Perro,19,MR76,False,Fin de Semana,Domingo,343.592,-7.654.555,215,2465935,"279,51"
2024-07-08,URBANA,003_ZW Parque del Perro,19,MR76,False,Laboral,Lunes,343.592,-7.654.555,157,4418925,"795,35"
2024-07-09,URBANA,003_ZW Parque del Perro,19,MR76,False,Laboral,Martes,343.592,-7.654.555,122,1049374,"180,71"
2024-07-10,URBANA,003_ZW Parque del Perro,19,MR76,False,Laboral,Miércoles,343.592,-7.654.555,152,759801,"110,03"
2024-07-11,URBANA,003_ZW Parque del Perro,19,MR76,False,Laboral,Jueves,343.592,-7.654.555,154,115293,"15,63"
2024-07-12,URBANA,003_ZW Parque del Perro,19,MR76,False,Laboral,Viernes,343.592,-7.654.555,155,13937,"2,19"
2024-07-13,URBANA,003_ZW Parque del Perro,19,MR76,False,Fin de Semana,Sábado,343.592,-7.654.555,192,670727,"95,21000000000001"
2024-07-14,URBANA,003_ZW Parque del Perro,19,MR76,False,Fin de Semana,Domingo,343.592,-7.654.555,150,1575579,"247,76999999999998"
2024-07-15,URBANA,003_ZW Parque del Perro,19,MR76,False,Laboral,Lunes,343.592,-7.654.555,154,988669,"176,87"
2024-07-16,URBANA,003_ZW Parque del Perro,19,MR76,False,Laboral,Martes,343.592,-7.654.555,124,1523673,"242,55"
2024-07-17,URBANA,003_ZW Parque del Perro,19,MR76,False,Laboral,Miércoles,343.592,-7.654.555,117,830041,"183,42000000000002"
2024-07-18,URBANA,003_ZW Parque del Perro,19,MR76,False,Laboral,Jueves,343.592,-7.654.555,121,1144996,"192,17000000000002"
2024-07-19,URBANA,003_ZW Parque del Perro,19,MR76,False,Laboral,Viernes,343.592,-7.654.555,179,4209901,"586,61"
2024-07-20,URBANA,003_ZW Parque del Perro,19,MR76,True,Festivo,Sábado,343.592,-7.654.555,251,3648717,"468,48"
2024-07-21,URBANA,003_ZW Parque del Perro,19,MR76,False,Fin de Semana,Domingo,343.592,-7.654.555,215,6459571,"986,79"
2024-07-22,URBANA,003_ZW Parque del Perro,19,MR76,False,Laboral,Lunes,343.592,-7.654.555,121,2162447,"311,14"
2024-07-23,URBANA,003_ZW Parque del Perro,19,MR76,False,Laboral,Martes,343.592,-7.654.555,124,306343,"44,22"
2024-07-24,URBANA,003_ZW Parque del Perro,19,MR76,False,Laboral,Miércoles,343.592,-7.654.555,170,1953334,"309,03000000000003"
2024-07-25,URBANA,003_ZW Parque del Perro,19,MR76,False,Laboral,Jueves,343.592,-7.654.555,177,18973,"3,0"
2024-07-26,URBANA,003_ZW Parque del Perro,19,MR76,False,Laboral,Viernes,343.592,-7.654.555,171,18374,"2,42"
2024-07-27,URBANA,003_ZW Parque del Perro,19,MR76,False,Fin de Semana,Sábado,343.592,-7.654.555,201,21709,"3,71"
2024-07-28,URBANA,003_ZW Parque del Perro,19,MR76,False,Fin de Semana,Domingo,343.592,-7.654.555,206,35074,"7,42"
2024-07-29,URBANA,003_ZW Parque del Perro,19,MR76,False,Laboral,Lunes,343.592,-7.654.555,141,21482,"3,4400000000000004"
2024-07-30,URBANA,003_ZW Parque del Perro,19,MR76,False,Laboral,Martes,343.592,-7.654.555,129,12785,"1,87"
2024-07-31,URBANA,003_ZW Parque del Perro,19,MR76,False,Laboral,Miércoles,343.592,-7.654.555,128,13883,"2,3"
2024-08-01,URBANA,003_ZW Parque del Perro,19,MR76,False,Laboral,Jueves,343.592,-7.654.555,137,506259,"75,55"
2024-08-02,URBANA,003_ZW Parque del Perro,19,MR76,False,Laboral,Viernes,343.592,-7.654.555,150,706986,"117,61"
2024-08-03,URBANA,003_ZW Parque del Perro,19,MR76,False,Fin de Semana,Sábado,343.592,-7.654.555,235,2460528,"501,33"
2024-08-04,URBANA,003_ZW Parque del Perro,19,MR76,False,Fin de Semana,Domingo,343.592,-7.654.555,219,3373555,"537,87"
2024-08-05,URBANA,003_ZW Parque del Perro,19,MR76,False,Laboral,Lunes,343.592,-7.654.555,105,7114,"1,03"
2024-08-06,URBANA,003_ZW Parque del Perro,19,MR76,False,Laboral,Martes,343.592,-7.654.555,117,10240,"0,99"
2024-08-07,URBANA,003_ZW Parque del Perro,19,MR76,True,Festivo,Miércoles,343.592,-7.654.555,164,25633,"3,05"
2024-08-08,URBANA,003_ZW Parque del Perro,19,MR76,False,Laboral,Jueves,343.592,-7.654.555,126,9475,"1,19"
2024-08-09,URBANA,003_ZW Parque del Perro,19,MR76,False,Laboral,Viernes,343.592,-7.654.555,148,2605114,"480,78"
2024-08-10,URBANA,003_ZW Parque del Perro,19,MR76,False,Fin de Semana,Sábado,343.592,-7.654.555,192,3748813,"709,5799999999999"
2024-08-11,URBANA,003_ZW Parque del Perro,19,MR76,False,Fin de Semana,Domingo,343.592,-7.654.555,183,3615513,"627,46"
2024-08-12,URBANA,003_ZW Parque del Perro,19,MR76,False,Laboral,Lunes,343.592,-7.654.555,124,4497818,"964,15"
2024-08-13,URBANA,003_ZW Parque del Perro,19,MR76,False,Laboral,Martes,343.592,-7.654.555,127,5511826,"623,87"
2024-08-14,URBANA,003_ZW Parque del Perro,19,MR76,False,Laboral,Miércoles,343.592,-7.654.555,164,4518579,"599,71"
2024-08-15,URBANA,003_ZW Parque del Perro,19,MR76,False,Laboral,Jueves,343.592,-7.654.555,142,3245148,"487,2"
2024-08-16,URBANA,003_ZW Parque del Perro,19,MR76,False,Laboral,Viernes,343.592,-7.654.555,178,888986,"121,12"
2024-08-17,URBANA,003_ZW Parque del Perro,19,MR76,False,Fin de Semana,Sábado,343.592,-7.654.555,244,19700,"2,8600000000000003"
2024-08-18,URBANA,003_ZW Parque del Perro,19,MR76,False,Fin de Semana,Domingo,343.592,-7.654.555,193,1652089,"250,0"
2024-08-19,URBANA,003_ZW Parque del Perro,19,MR76,True,Festivo,Lunes,343.592,-7.654.555,147,1798609,"246,9"
2024-08-20,URBANA,003_ZW Parque del Perro,19,MR76,False,Laboral,Martes,343.592,-7.654.555,136,2474642,"612,69"
2024-08-21,URBANA,003_ZW Parque del Perro,19,MR76,False,Laboral,Miércoles,343.592,-7.654.555,125,1624932,"473,25"
2024-08-22,URBANA,003_ZW Parque del Perro,19,MR76,False,Laboral,Jueves,343.592,-7.654.555,139,5434623,"1446,15"
2024-08-23,URBANA,003_ZW Parque del Perro,19,MR76,False,Laboral,Viernes,343.592,-7.654.555,146,2310032,"941,2"
2024-08-24,URBANA,003_ZW Parque del Perro,19,MR76,False,Fin de Semana,Sábado,343.592,-7.654.555,194,3353711,"2272,91"
2024-08-25,URBANA,003_ZW Parque del Perro,19,MR76,False,Fin de Semana,Domingo,343.592,-7.654.555,187,25747,"24,64"
2024-08-26,URBANA,003_ZW Parque del Perro,19,MR76,False,Laboral,Lunes,343.592,-7.654.555,151,18092,"24,18"
2024-08-27,URBANA,003_ZW Parque del Perro,19,MR76,False,Laboral,Martes,343.592,-7.654.555,82,7909,"8,49"
2024-10-25,URBANA,003_ZW Parque del Perro,19,MR76,False,Laboral,Viernes,343.592,-7.654.555,72,973419,"217,45"
2024-10-26,URBANA,003_ZW Parque del Perro,19,MR76,False,Fin de Semana,Sábado,343.592,-7.654.555,161,8786333,"1137,81"
2024-10-27,URBANA,003_ZW Parque del Perro,19,MR76,False,Fin de Semana,Domingo,343.592,-7.654.555,131,2727269,"273,97"
2024-10-28,URBANA,003_ZW Parque del Perro,19,MR76,False,Laboral,Lunes,343.592,-7.654.555,77,2546179,"422,83000000000004"
2024-10-29,URBANA,003_ZW Parque del Perro,19,MR76,False,Laboral,Martes,343.592,-7.654.555,116,8397320,"1324,57"
2024-10-30,URBANA,003_ZW Parque del Perro,19,MR76,False,Laboral,Miércoles,343.592,-7.654.555,80,2124858,"433,72"
2024-10-31,URBANA,003_ZW Parque del Perro,19,MR76,False,Laboral,Jueves,343.592,-7.654.555,114,2324510,"495,48"
2024-11-01,URBANA,003_ZW Parque del Perro,19,MR76,False,Laboral,Viernes,343.592,-7.654.555,104,2316476,"418,9"
2024-11-02,URBANA,003_ZW Parque del Perro,19,MR76,False,Fin de Semana,Sábado,343.592,-7.654.555,125,1919275,"308,87"
2024-11-03,URBANA,003_ZW Parque del Perro,19,MR76,False,Fin de Semana,Domingo,343.592,-7.654.555,142,4400447,"748,05"
2024-11-04,URBANA,003_ZW Parque del Perro,19,MR76,True,Festivo,Lunes,343.592,-7.654.555,102,901363,"135,87"
2024-11-05,URBANA,003_ZW Parque del Perro,19,MR76,False,Laboral,Martes,343.592,-7.654.555,99,1994104,"273,08000000000004"
2024-11-06,URBANA,003_ZW Parque del Perro,19,MR76,False,Laboral,Miércoles,343.592,-7.654.555,46,212034,"33,86"
2024-11-07,URBANA,003_ZW Parque del Perro,19,MR76,False,Laboral,Jueves,343.592,-7.654.555,111,866288,"97,4"
2024-11-08,URBANA,003_ZW Parque del Perro,19,MR76,False,Laboral,Viernes,343.592,-7.654.555,107,1016763,"82,22"
2024-11-09,URBANA,003_ZW Parque del Perro,19,MR76,False,Fin de Semana,Sábado,343.592,-7.654.555,196,4241813,"254,75"
2024-11-10,URBANA,003_ZW Parque del Perro,19,MR76,False,Fin de Semana,Domingo,343.592,-7.654.555,129,2632513,"135,9"
2024-11-11,URBANA,003_ZW Parque del Perro,19,MR76,True,Festivo,Lunes,343.592,-7.654.555,162,4563938,"259,87"
2024-11-12,URBANA,003_ZW Parque del Perro,19,MR76,False,Laboral,Martes,343.592,-7.654.555,116,2846238,"148,9"
2024-11-13,URBANA,003_ZW Parque del Perro,19,MR76,False,Laboral,Miércoles,343.592,-7.654.555,117,901022,"55,61"
2024-11-14,URBANA,003_ZW Parque del Perro,19,MR76,False,Laboral,Jueves,343.592,-7.654.555,138,2135181,"111,22"
2024-11-15,URBANA,003_ZW Parque del Perro,19,MR76,False,Laboral,Viernes,343.592,-7.654.555,159,4250529,"233,33"
2024-11-16,URBANA,003_ZW Parque del Perro,19,MR76,False,Fin de Semana,Sábado,343.592,-7.654.555,190,1503352,"81,65"
2024-11-17,URBANA,003_ZW Parque del Perro,19,MR76,False,Fin de Semana,Domingo,343.592,-7.654.555,151,3737092,"217,53"
