﻿FECHA.CONEXION,AREA,NOMBRE.ZONA,COMUNA,MODEL,es_festivo,tipo_dia,dia_semana,LATITUD,LONGITUD,NUMERO.CONEXIONES,USAGE.KB,PORCENTAJE.USO
2024-01-01,URBANA,056_ZW Comuna 16,16,MR76,True,Festivo,Lunes,3.413.281,-76.512.614,50,603773,"69,1"
2024-01-02,URBANA,056_ZW Comuna 16,16,MR76,False,Laboral,Martes,3.413.281,-76.512.614,29,4996,"0,6"
2024-01-03,URBANA,056_ZW Comuna 16,16,MR76,False,Laboral,Miércoles,3.413.281,-76.512.614,38,2869,"0,30000000000000004"
2024-01-04,URBANA,056_ZW Comuna 16,16,MR76,False,Laboral,Jueves,3.413.281,-76.512.614,17,1559,"0,1"
2024-01-05,URBANA,056_ZW Comuna 16,16,MR76,False,Laboral,Viernes,3.413.281,-76.512.614,32,10895,"1,0"
2024-01-06,URBANA,056_ZW Comuna 16,16,MR76,False,Fin de Semana,Sábado,3.413.281,-76.512.614,28,935,"0,2"
2024-01-07,URBANA,056_ZW Comuna 16,16,MR76,False,Fin de Semana,Domingo,3.413.281,-76.512.614,34,4584,"0,5"
2024-01-08,URBANA,056_ZW Comuna 16,16,MR76,True,Festivo,Lunes,3.413.281,-76.512.614,49,8706,"0,5"
2024-01-09,URBANA,056_ZW Comuna 16,16,MR76,False,Laboral,Martes,3.413.281,-76.512.614,23,1578,"0,1"
2024-01-10,URBANA,056_ZW Comuna 16,16,MR76,False,Laboral,Miércoles,3.413.281,-76.512.614,25,1413,"0,1"
2024-01-11,URBANA,056_ZW Comuna 16,16,MR76,False,Laboral,Jueves,3.413.281,-76.512.614,19,5064,"0,5"
2024-01-12,URBANA,056_ZW Comuna 16,16,MR76,False,Laboral,Viernes,3.413.281,-76.512.614,38,11886,"1,0"
2024-01-13,URBANA,056_ZW Comuna 16,16,MR76,False,Fin de Semana,Sábado,3.413.281,-76.512.614,21,6143,"0,7"
2024-01-14,URBANA,056_ZW Comuna 16,16,MR76,False,Fin de Semana,Domingo,3.413.281,-76.512.614,34,2698,"0,30000000000000004"
2024-01-15,URBANA,056_ZW Comuna 16,16,MR76,False,Laboral,Lunes,3.413.281,-76.512.614,27,2035,"0,30000000000000004"
2024-02-29,URBANA,056_ZW Comuna 16,16,MR76,False,Laboral,Jueves,3.413.281,-76.512.614,14,645,"0,0"
2024-03-01,URBANA,056_ZW Comuna 16,16,MR76,False,Laboral,Viernes,3.413.281,-76.512.614,48,335606,"28,0"
2024-03-02,URBANA,056_ZW Comuna 16,16,MR76,False,Fin de Semana,Sábado,3.413.281,-76.512.614,25,11691,"1,1"
2024-03-03,URBANA,056_ZW Comuna 16,16,MR76,False,Fin de Semana,Domingo,3.413.281,-76.512.614,33,496773,"35,6"
2024-03-04,URBANA,056_ZW Comuna 16,16,MR76,False,Laboral,Lunes,3.413.281,-76.512.614,26,210887,"14,8"
2024-03-05,URBANA,056_ZW Comuna 16,16,MR76,False,Laboral,Martes,3.413.281,-76.512.614,28,1614,"0,1"
2024-03-06,URBANA,056_ZW Comuna 16,16,MR76,False,Laboral,Miércoles,3.413.281,-76.512.614,36,2198,"0,2"
2024-03-07,URBANA,056_ZW Comuna 16,16,MR76,False,Laboral,Jueves,3.413.281,-76.512.614,38,8560,"0,8"
2024-03-08,URBANA,056_ZW Comuna 16,16,MR76,False,Laboral,Viernes,3.413.281,-76.512.614,60,261207,"24,4"
2024-03-09,URBANA,056_ZW Comuna 16,16,MR76,False,Fin de Semana,Sábado,3.413.281,-76.512.614,43,222895,"22,6"
2024-03-10,URBANA,056_ZW Comuna 16,16,MR76,False,Fin de Semana,Domingo,3.413.281,-76.512.614,47,578998,"60,7"
2024-03-11,URBANA,056_ZW Comuna 16,16,MR76,False,Laboral,Lunes,3.413.281,-76.512.614,28,3435,"0,30000000000000004"
2024-03-12,URBANA,056_ZW Comuna 16,16,MR76,False,Laboral,Martes,3.413.281,-76.512.614,42,100268,"11,3"
2024-03-13,URBANA,056_ZW Comuna 16,16,MR76,False,Laboral,Miércoles,3.413.281,-76.512.614,56,191669,"25,9"
2024-03-14,URBANA,056_ZW Comuna 16,16,MR76,False,Laboral,Jueves,3.413.281,-76.512.614,54,32489,"3,4"
2024-03-15,URBANA,056_ZW Comuna 16,16,MR76,False,Laboral,Viernes,3.413.281,-76.512.614,46,810329,"62,1"
2024-03-16,URBANA,056_ZW Comuna 16,16,MR76,False,Fin de Semana,Sábado,3.413.281,-76.512.614,43,8070,"0,7"
2024-03-17,URBANA,056_ZW Comuna 16,16,MR76,False,Fin de Semana,Domingo,3.413.281,-76.512.614,36,32472,"2,5"
2024-03-18,URBANA,056_ZW Comuna 16,16,MR76,False,Laboral,Lunes,3.413.281,-76.512.614,25,457508,"38,099999999999994"
2024-03-19,URBANA,056_ZW Comuna 16,16,MR76,False,Laboral,Martes,3.413.281,-76.512.614,42,978918,"129,89999999999998"
2024-03-20,URBANA,056_ZW Comuna 16,16,MR76,False,Laboral,Miércoles,3.413.281,-76.512.614,56,76427,"11,7"
2024-03-21,URBANA,056_ZW Comuna 16,16,MR76,False,Laboral,Jueves,3.413.281,-76.512.614,40,155641,"17,9"
2024-03-22,URBANA,056_ZW Comuna 16,16,MR76,False,Laboral,Viernes,3.413.281,-76.512.614,48,221008,"22,7"
2024-03-23,URBANA,056_ZW Comuna 16,16,MR76,False,Fin de Semana,Sábado,3.413.281,-76.512.614,26,112940,"14,399999999999999"
2024-03-24,URBANA,056_ZW Comuna 16,16,MR76,True,Festivo,Domingo,3.413.281,-76.512.614,51,2077821,"228,39999999999998"
2024-03-25,URBANA,056_ZW Comuna 16,16,MR76,True,Festivo,Lunes,3.413.281,-76.512.614,31,4746,"0,7"
2024-03-26,URBANA,056_ZW Comuna 16,16,MR76,False,Laboral,Martes,3.413.281,-76.512.614,39,7400,"0,9"
2024-03-27,URBANA,056_ZW Comuna 16,16,MR76,False,Laboral,Miércoles,3.413.281,-76.512.614,24,12178,"1,5"
2024-03-28,URBANA,056_ZW Comuna 16,16,MR76,True,Festivo,Jueves,3.413.281,-76.512.614,13,1544,"0,2"
2024-03-29,URBANA,056_ZW Comuna 16,16,MR76,True,Festivo,Viernes,3.413.281,-76.512.614,12,552,"0,0"
2024-03-30,URBANA,056_ZW Comuna 16,16,MR76,False,Fin de Semana,Sábado,3.413.281,-76.512.614,16,1784,"0,30000000000000004"
2024-03-31,URBANA,056_ZW Comuna 16,16,MR76,True,Festivo,Domingo,3.413.281,-76.512.614,9,336,"0,0"
2024-04-01,URBANA,056_ZW Comuna 16,16,MR76,False,Laboral,Lunes,3.413.281,-76.512.614,20,5586,"0,5"
2024-04-02,URBANA,056_ZW Comuna 16,16,MR76,False,Laboral,Martes,3.413.281,-76.512.614,43,1808,"0,2"
2024-04-03,URBANA,056_ZW Comuna 16,16,MR76,False,Laboral,Miércoles,3.413.281,-76.512.614,32,3135,"0,30000000000000004"
2024-04-04,URBANA,056_ZW Comuna 16,16,MR76,False,Laboral,Jueves,3.413.281,-76.512.614,47,1581,"0,2"
2024-04-05,URBANA,056_ZW Comuna 16,16,MR76,False,Laboral,Viernes,3.413.281,-76.512.614,52,14038,"1,2"
2024-04-06,URBANA,056_ZW Comuna 16,16,MR76,False,Fin de Semana,Sábado,3.413.281,-76.512.614,47,5259,"0,5"
2024-04-07,URBANA,056_ZW Comuna 16,16,MR76,False,Fin de Semana,Domingo,3.413.281,-76.512.614,39,11536,"0,9"
2024-04-08,URBANA,056_ZW Comuna 16,16,MR76,False,Laboral,Lunes,3.413.281,-76.512.614,16,1059,"0,2"
2024-04-09,URBANA,056_ZW Comuna 16,16,MR76,False,Laboral,Martes,3.413.281,-76.512.614,41,9230,"1,2"
2024-04-10,URBANA,056_ZW Comuna 16,16,MR76,False,Laboral,Miércoles,3.413.281,-76.512.614,24,1396,"0,4"
2024-04-11,URBANA,056_ZW Comuna 16,16,MR76,False,Laboral,Jueves,3.413.281,-76.512.614,63,5205,"1,2"
2024-04-12,URBANA,056_ZW Comuna 16,16,MR76,False,Laboral,Viernes,3.413.281,-76.512.614,79,11303,"1,7000000000000002"
2024-04-13,URBANA,056_ZW Comuna 16,16,MR76,False,Fin de Semana,Sábado,3.413.281,-76.512.614,39,4990,"0,6"
2024-04-14,URBANA,056_ZW Comuna 16,16,MR76,False,Fin de Semana,Domingo,3.413.281,-76.512.614,75,13572,"2,0"
2024-04-15,URBANA,056_ZW Comuna 16,16,MR76,False,Laboral,Lunes,3.413.281,-76.512.614,45,2990,"0,8"
2024-04-16,URBANA,056_ZW Comuna 16,16,MR76,False,Laboral,Martes,3.413.281,-76.512.614,55,5305,"1,2"
2024-04-17,URBANA,056_ZW Comuna 16,16,MR76,False,Laboral,Miércoles,3.413.281,-76.512.614,49,2879,"0,7"
2024-04-18,URBANA,056_ZW Comuna 16,16,MR76,False,Laboral,Jueves,3.413.281,-76.512.614,26,29693,"10,2"
2024-04-19,URBANA,056_ZW Comuna 16,16,MR76,False,Laboral,Viernes,3.413.281,-76.512.614,21,201447,"49,7"
2024-04-20,URBANA,056_ZW Comuna 16,16,MR76,False,Fin de Semana,Sábado,3.413.281,-76.512.614,48,1233483,"157,8"
2024-04-21,URBANA,056_ZW Comuna 16,16,MR76,False,Fin de Semana,Domingo,3.413.281,-76.512.614,38,625924,"101,1"
2024-04-22,URBANA,056_ZW Comuna 16,16,MR76,False,Laboral,Lunes,3.413.281,-76.512.614,37,59094,"12,8"
2024-04-23,URBANA,056_ZW Comuna 16,16,MR76,False,Laboral,Martes,3.413.281,-76.512.614,49,1132401,"61,6"
2024-04-24,URBANA,056_ZW Comuna 16,16,MR76,False,Laboral,Miércoles,3.413.281,-76.512.614,43,1498580,"81,6"
2024-04-25,URBANA,056_ZW Comuna 16,16,MR76,False,Laboral,Jueves,3.413.281,-76.512.614,38,15952,"1,4"
2024-04-26,URBANA,056_ZW Comuna 16,16,MR76,False,Laboral,Viernes,3.413.281,-76.512.614,48,166189,"16,6"
2024-04-27,URBANA,056_ZW Comuna 16,16,MR76,False,Fin de Semana,Sábado,3.413.281,-76.512.614,22,22231,"1,8"
2024-04-28,URBANA,056_ZW Comuna 16,16,MR76,False,Fin de Semana,Domingo,3.413.281,-76.512.614,20,64470,"8,7"
2024-04-29,URBANA,056_ZW Comuna 16,16,MR76,False,Laboral,Lunes,3.413.281,-76.512.614,35,607615,"75,9"
2024-04-30,URBANA,056_ZW Comuna 16,16,MR76,False,Laboral,Martes,3.413.281,-76.512.614,61,865834,"137,39999999999998"
2024-05-01,URBANA,056_ZW Comuna 16,16,MR76,True,Festivo,Miércoles,3.413.281,-76.512.614,45,2757962,"524,5"
2024-05-02,URBANA,056_ZW Comuna 16,16,MR76,False,Laboral,Jueves,3.413.281,-76.512.614,48,958741,"187,3"
2024-05-03,URBANA,056_ZW Comuna 16,16,MR76,False,Laboral,Viernes,3.413.281,-76.512.614,34,1021893,"223,0"
2024-05-04,URBANA,056_ZW Comuna 16,16,MR76,False,Fin de Semana,Sábado,3.413.281,-76.512.614,31,576117,"79,8"
2024-05-05,URBANA,056_ZW Comuna 16,16,MR76,False,Fin de Semana,Domingo,3.413.281,-76.512.614,43,1136944,"184,4"
2024-05-06,URBANA,056_ZW Comuna 16,16,MR76,False,Laboral,Lunes,3.413.281,-76.512.614,45,324418,"67,9"
2024-05-07,URBANA,056_ZW Comuna 16,16,MR76,False,Laboral,Martes,3.413.281,-76.512.614,40,216305,"35,7"
2024-05-08,URBANA,056_ZW Comuna 16,16,MR76,False,Laboral,Miércoles,3.413.281,-76.512.614,38,982803,"124,0"
2024-05-09,URBANA,056_ZW Comuna 16,16,MR76,False,Laboral,Jueves,3.413.281,-76.512.614,33,411675,"46,7"
2024-05-10,URBANA,056_ZW Comuna 16,16,MR76,False,Laboral,Viernes,3.413.281,-76.512.614,37,202323,"25,6"
2024-05-11,URBANA,056_ZW Comuna 16,16,MR76,False,Fin de Semana,Sábado,3.413.281,-76.512.614,34,229574,"30,8"
2024-05-12,URBANA,056_ZW Comuna 16,16,MR76,False,Fin de Semana,Domingo,3.413.281,-76.512.614,26,546808,"132,6"
2024-05-13,URBANA,056_ZW Comuna 16,16,MR76,True,Festivo,Lunes,3.413.281,-76.512.614,56,260538,"46,6"
2024-05-14,URBANA,056_ZW Comuna 16,16,MR76,False,Laboral,Martes,3.413.281,-76.512.614,40,1788,"0,8"
2024-05-15,URBANA,056_ZW Comuna 16,16,MR76,False,Laboral,Miércoles,3.413.281,-76.512.614,42,7591,"1,2"
2024-05-16,URBANA,056_ZW Comuna 16,16,MR76,False,Laboral,Jueves,3.413.281,-76.512.614,41,2504,"0,30000000000000004"
2024-05-17,URBANA,056_ZW Comuna 16,16,MR76,False,Laboral,Viernes,3.413.281,-76.512.614,51,5699,"0,6000000000000001"
2024-05-18,URBANA,056_ZW Comuna 16,16,MR76,False,Fin de Semana,Sábado,3.413.281,-76.512.614,40,5716,"0,5"
2024-05-19,URBANA,056_ZW Comuna 16,16,MR76,False,Fin de Semana,Domingo,3.413.281,-76.512.614,49,13364,"1,1"
2024-05-20,URBANA,056_ZW Comuna 16,16,MR76,False,Laboral,Lunes,3.413.281,-76.512.614,40,6055,"0,8999999999999999"
2024-05-21,URBANA,056_ZW Comuna 16,16,MR76,False,Laboral,Martes,3.413.281,-76.512.614,75,6307,"0,8"
2024-05-22,URBANA,056_ZW Comuna 16,16,MR76,False,Laboral,Miércoles,3.413.281,-76.512.614,30,130923,"50,8"
2024-05-23,URBANA,056_ZW Comuna 16,16,MR76,False,Laboral,Jueves,3.413.281,-76.512.614,39,324106,"61,0"
2024-05-24,URBANA,056_ZW Comuna 16,16,MR76,False,Laboral,Viernes,3.413.281,-76.512.614,64,1150223,"243,7"
2024-05-25,URBANA,056_ZW Comuna 16,16,MR76,False,Fin de Semana,Sábado,3.413.281,-76.512.614,44,997264,"140,0"
2024-05-26,URBANA,056_ZW Comuna 16,16,MR76,False,Fin de Semana,Domingo,3.413.281,-76.512.614,63,9376331,"1356,8999999999999"
2024-05-27,URBANA,056_ZW Comuna 16,16,MR76,False,Laboral,Lunes,3.413.281,-76.512.614,44,335863,"39,5"
2024-05-28,URBANA,056_ZW Comuna 16,16,MR76,False,Laboral,Martes,3.413.281,-76.512.614,51,592057,"79,5"
2024-05-29,URBANA,056_ZW Comuna 16,16,MR76,False,Laboral,Miércoles,3.413.281,-76.512.614,36,4631,"0,9"
2024-05-30,URBANA,056_ZW Comuna 16,16,MR76,False,Laboral,Jueves,3.413.281,-76.512.614,53,189133,"15,8"
2024-05-31,URBANA,056_ZW Comuna 16,16,MR76,False,Laboral,Viernes,3.413.281,-76.512.614,63,190135,"20,5"
2024-06-01,URBANA,056_ZW Comuna 16,16,MR76,False,Fin de Semana,Sábado,3.413.281,-76.512.614,45,10370,"1,1"
2024-06-02,URBANA,056_ZW Comuna 16,16,MR76,False,Fin de Semana,Domingo,3.413.281,-76.512.614,74,11921,"1,3"
2024-06-03,URBANA,056_ZW Comuna 16,16,MR76,True,Festivo,Lunes,3.413.281,-76.512.614,60,9700,"1,4"
2024-06-04,URBANA,056_ZW Comuna 16,16,MR76,False,Laboral,Martes,3.413.281,-76.512.614,39,4415,"1,0"
2024-06-05,URBANA,056_ZW Comuna 16,16,MR76,False,Laboral,Miércoles,3.413.281,-76.512.614,36,27743,"9,7"
2024-06-06,URBANA,056_ZW Comuna 16,16,MR76,False,Laboral,Jueves,3.413.281,-76.512.614,54,9627,"1,6"
2024-06-07,URBANA,056_ZW Comuna 16,16,MR76,False,Laboral,Viernes,3.413.281,-76.512.614,107,18875,"4,0"
2024-06-08,URBANA,056_ZW Comuna 16,16,MR76,False,Fin de Semana,Sábado,3.413.281,-76.512.614,48,3765,"1,2"
2024-06-09,URBANA,056_ZW Comuna 16,16,MR76,False,Fin de Semana,Domingo,3.413.281,-76.512.614,43,34769,"11,9"
2024-06-10,URBANA,056_ZW Comuna 16,16,MR76,True,Festivo,Lunes,3.413.281,-76.512.614,37,600598,"110,19999999999999"
2024-06-11,URBANA,056_ZW Comuna 16,16,MR76,False,Laboral,Martes,3.413.281,-76.512.614,52,282229,"45,0"
2024-06-12,URBANA,056_ZW Comuna 16,16,MR76,False,Laboral,Miércoles,3.413.281,-76.512.614,33,134095,"18,1"
2024-06-13,URBANA,056_ZW Comuna 16,16,MR76,False,Laboral,Jueves,3.413.281,-76.512.614,43,299466,"5830284900,0"
2024-06-14,URBANA,056_ZW Comuna 16,16,MR76,False,Laboral,Viernes,3.413.281,-76.512.614,61,1164597,"35003153800,0"
2024-06-15,URBANA,056_ZW Comuna 16,16,MR76,False,Fin de Semana,Sábado,3.413.281,-76.512.614,32,985480,"17679765900,0"
2024-06-16,URBANA,056_ZW Comuna 16,16,MR76,False,Fin de Semana,Domingo,3.413.281,-76.512.614,34,328770,"5895471700,0"
2024-06-17,URBANA,056_ZW Comuna 16,16,MR76,False,Laboral,Lunes,3.413.281,-76.512.614,31,3529,"0,5"
2024-06-18,URBANA,056_ZW Comuna 16,16,MR76,False,Laboral,Martes,3.413.281,-76.512.614,46,5077,"0,8"
2024-06-19,URBANA,056_ZW Comuna 16,16,MR76,False,Laboral,Miércoles,3.413.281,-76.512.614,29,1354,"0,2"
2024-06-20,URBANA,056_ZW Comuna 16,16,MR76,False,Laboral,Jueves,3.413.281,-76.512.614,14,578,"0,1"
2024-06-21,URBANA,056_ZW Comuna 16,16,MR76,False,Laboral,Viernes,3.413.281,-76.512.614,4,28,"0,0"
2024-06-22,URBANA,056_ZW Comuna 16,16,MR76,False,Fin de Semana,Sábado,3.413.281,-76.512.614,2,4,"0,0"
2024-06-23,URBANA,056_ZW Comuna 16,16,MR76,False,Fin de Semana,Domingo,3.413.281,-76.512.614,4,689,"0,2"
2024-06-24,URBANA,056_ZW Comuna 16,16,MR76,False,Laboral,Lunes,3.413.281,-76.512.614,4,119,"0,0"
2024-06-25,URBANA,056_ZW Comuna 16,16,MR76,False,Laboral,Martes,3.413.281,-76.512.614,2,168,"0,0"
2024-06-26,URBANA,056_ZW Comuna 16,16,MR76,False,Laboral,Miércoles,3.413.281,-76.512.614,7,29,"0,0"
2024-06-27,URBANA,056_ZW Comuna 16,16,MR76,False,Laboral,Jueves,3.413.281,-76.512.614,5,47,"0,0"
2024-06-28,URBANA,056_ZW Comuna 16,16,MR76,False,Laboral,Viernes,3.413.281,-76.512.614,14,24,"0,0"
2024-06-29,URBANA,056_ZW Comuna 16,16,MR76,False,Fin de Semana,Sábado,3.413.281,-76.512.614,9,12037,"2,1"
2024-06-30,URBANA,056_ZW Comuna 16,16,MR76,False,Fin de Semana,Domingo,3.413.281,-76.512.614,6,266033,"57,2"
2024-07-01,URBANA,056_ZW Comuna 16,16,MR76,True,Festivo,Lunes,3.413.281,-76.512.614,5,77,"0,01"
2024-07-02,URBANA,056_ZW Comuna 16,16,MR76,False,Laboral,Martes,3.413.281,-76.512.614,3,5,"0,0"
2024-07-03,URBANA,056_ZW Comuna 16,16,MR76,False,Laboral,Miércoles,3.413.281,-76.512.614,2,4,"0,0"
2024-07-04,URBANA,056_ZW Comuna 16,16,MR76,False,Laboral,Jueves,3.413.281,-76.512.614,5,137,"0,02"
2024-07-05,URBANA,056_ZW Comuna 16,16,MR76,False,Laboral,Viernes,3.413.281,-76.512.614,4,20,"0,0"
2024-07-06,URBANA,056_ZW Comuna 16,16,MR76,False,Fin de Semana,Sábado,3.413.281,-76.512.614,5,64,"0,0"
2024-07-07,URBANA,056_ZW Comuna 16,16,MR76,False,Fin de Semana,Domingo,3.413.281,-76.512.614,3,6,"0,0"
2024-07-08,URBANA,056_ZW Comuna 16,16,MR76,False,Laboral,Lunes,3.413.281,-76.512.614,5,71,"0,01"
2024-07-09,URBANA,056_ZW Comuna 16,16,MR76,False,Laboral,Martes,3.413.281,-76.512.614,5,77,"0,01"
2024-07-10,URBANA,056_ZW Comuna 16,16,MR76,False,Laboral,Miércoles,3.413.281,-76.512.614,1,11,"0,0"
2024-07-11,URBANA,056_ZW Comuna 16,16,MR76,False,Laboral,Jueves,3.413.281,-76.512.614,5,211,"0,02"
2024-07-12,URBANA,056_ZW Comuna 16,16,MR76,False,Laboral,Viernes,3.413.281,-76.512.614,3,84409,"13,31"
2024-07-13,URBANA,056_ZW Comuna 16,16,MR76,False,Fin de Semana,Sábado,3.413.281,-76.512.614,7,308562,"43,8"
2024-07-14,URBANA,056_ZW Comuna 16,16,MR76,False,Fin de Semana,Domingo,3.413.281,-76.512.614,3,17,"0,0"
2024-07-15,URBANA,056_ZW Comuna 16,16,MR76,False,Laboral,Lunes,3.413.281,-76.512.614,6,19,"0,0"
2024-07-16,URBANA,056_ZW Comuna 16,16,MR76,False,Laboral,Martes,3.413.281,-76.512.614,6,13,"0,0"
2024-07-17,URBANA,056_ZW Comuna 16,16,MR76,False,Laboral,Miércoles,3.413.281,-76.512.614,5,41,"0,0"
2024-07-18,URBANA,056_ZW Comuna 16,16,MR76,False,Laboral,Jueves,3.413.281,-76.512.614,6,129475,"21,73"
2024-07-19,URBANA,056_ZW Comuna 16,16,MR76,False,Laboral,Viernes,3.413.281,-76.512.614,3,5,"0,0"
2024-07-20,URBANA,056_ZW Comuna 16,16,MR76,True,Festivo,Sábado,3.413.281,-76.512.614,3,21,"0,0"
2024-07-21,URBANA,056_ZW Comuna 16,16,MR76,False,Fin de Semana,Domingo,3.413.281,-76.512.614,3,70,"0,01"
2024-07-22,URBANA,056_ZW Comuna 16,16,MR76,False,Laboral,Lunes,3.413.281,-76.512.614,8,204,"0,03"
2024-07-23,URBANA,056_ZW Comuna 16,16,MR76,False,Laboral,Martes,3.413.281,-76.512.614,3,398,"0,05"
2024-07-24,URBANA,056_ZW Comuna 16,16,MR76,False,Laboral,Miércoles,3.413.281,-76.512.614,6,529659,"83,78999999999999"
2024-07-25,URBANA,056_ZW Comuna 16,16,MR76,False,Laboral,Jueves,3.413.281,-76.512.614,8,61,"0,01"
2024-07-26,URBANA,056_ZW Comuna 16,16,MR76,False,Laboral,Viernes,3.413.281,-76.512.614,10,13848,"1,82"
2024-07-27,URBANA,056_ZW Comuna 16,16,MR76,False,Fin de Semana,Sábado,3.413.281,-76.512.614,4,5,"0,0"
2024-07-28,URBANA,056_ZW Comuna 16,16,MR76,False,Fin de Semana,Domingo,3.413.281,-76.512.614,6,11,"0,0"
2024-07-29,URBANA,056_ZW Comuna 16,16,MR76,False,Laboral,Lunes,3.413.281,-76.512.614,7,48,"0,01"
2024-07-30,URBANA,056_ZW Comuna 16,16,MR76,False,Laboral,Martes,3.413.281,-76.512.614,6,54,"0,01"
2024-07-31,URBANA,056_ZW Comuna 16,16,MR76,False,Laboral,Miércoles,3.413.281,-76.512.614,8,34,"0,0"
2024-08-01,URBANA,056_ZW Comuna 16,16,MR76,False,Laboral,Jueves,3.413.281,-76.512.614,8,33,"0,0"
2024-08-02,URBANA,056_ZW Comuna 16,16,MR76,False,Laboral,Viernes,3.413.281,-76.512.614,11,177,"0,03"
2024-08-03,URBANA,056_ZW Comuna 16,16,MR76,False,Fin de Semana,Sábado,3.413.281,-76.512.614,5,25,"0,0"
2024-08-04,URBANA,056_ZW Comuna 16,16,MR76,False,Fin de Semana,Domingo,3.413.281,-76.512.614,8,48,"0,01"
2024-08-05,URBANA,056_ZW Comuna 16,16,MR76,False,Laboral,Lunes,3.413.281,-76.512.614,5,21,"0,0"
2024-08-06,URBANA,056_ZW Comuna 16,16,MR76,False,Laboral,Martes,3.413.281,-76.512.614,6,59,"0,0"
2024-08-07,URBANA,056_ZW Comuna 16,16,MR76,True,Festivo,Miércoles,3.413.281,-76.512.614,4,13,"0,0"
2024-08-08,URBANA,056_ZW Comuna 16,16,MR76,False,Laboral,Jueves,3.413.281,-76.512.614,5,21,"0,0"
2024-08-09,URBANA,056_ZW Comuna 16,16,MR76,False,Laboral,Viernes,3.413.281,-76.512.614,7,17,"0,0"
2024-08-10,URBANA,056_ZW Comuna 16,16,MR76,False,Fin de Semana,Sábado,3.413.281,-76.512.614,5,64,"0,01"
2024-08-11,URBANA,056_ZW Comuna 16,16,MR76,False,Fin de Semana,Domingo,3.413.281,-76.512.614,5,604,"0,11"
2024-08-12,URBANA,056_ZW Comuna 16,16,MR76,False,Laboral,Lunes,3.413.281,-76.512.614,6,86,"0,02"
2024-08-13,URBANA,056_ZW Comuna 16,16,MR76,False,Laboral,Martes,3.413.281,-76.512.614,8,570,"0,060000000000000005"
2024-08-14,URBANA,056_ZW Comuna 16,16,MR76,False,Laboral,Miércoles,3.413.281,-76.512.614,7,10,"0,0"
2024-08-15,URBANA,056_ZW Comuna 16,16,MR76,False,Laboral,Jueves,3.413.281,-76.512.614,6,9,"0,0"
2024-08-16,URBANA,056_ZW Comuna 16,16,MR76,False,Laboral,Viernes,3.413.281,-76.512.614,1,1,"0,0"
2024-08-17,URBANA,056_ZW Comuna 16,16,MR76,False,Fin de Semana,Sábado,3.413.281,-76.512.614,7,12,"0,0"
2024-08-18,URBANA,056_ZW Comuna 16,16,MR76,False,Fin de Semana,Domingo,3.413.281,-76.512.614,5,27,"0,0"
2024-08-19,URBANA,056_ZW Comuna 16,16,MR76,True,Festivo,Lunes,3.413.281,-76.512.614,3,50,"0,01"
2024-08-20,URBANA,056_ZW Comuna 16,16,MR76,False,Laboral,Martes,3.413.281,-76.512.614,7,151,"0,04"
2024-08-21,URBANA,056_ZW Comuna 16,16,MR76,False,Laboral,Miércoles,3.413.281,-76.512.614,11,48,"0,01"
2024-08-22,URBANA,056_ZW Comuna 16,16,MR76,False,Laboral,Jueves,3.413.281,-76.512.614,13,254,"0,07"
2024-08-23,URBANA,056_ZW Comuna 16,16,MR76,False,Laboral,Viernes,3.413.281,-76.512.614,10,187,"0,08"
2024-08-24,URBANA,056_ZW Comuna 16,16,MR76,False,Fin de Semana,Sábado,3.413.281,-76.512.614,5,8,"0,0"
2024-08-25,URBANA,056_ZW Comuna 16,16,MR76,False,Fin de Semana,Domingo,3.413.281,-76.512.614,3,333,"0,32"
2024-08-26,URBANA,056_ZW Comuna 16,16,MR76,False,Laboral,Lunes,3.413.281,-76.512.614,6,46,"0,060000000000000005"
2024-08-27,URBANA,056_ZW Comuna 16,16,MR76,False,Laboral,Martes,3.413.281,-76.512.614,7,2940,"3,1599999999999997"
2024-08-28,URBANA,056_ZW Comuna 16,16,MR76,False,Laboral,Miércoles,3.413.281,-76.512.614,4,63,"0,11000000000000001"
2024-08-29,URBANA,056_ZW Comuna 16,16,MR76,False,Laboral,Jueves,3.413.281,-76.512.614,8,29,"0,08"
2024-12-10,URBANA,056_ZW Comuna 16,16,MR76,False,Laboral,Martes,3.413.281,-76.512.614,4,22537,"0,74"
2024-12-11,URBANA,056_ZW Comuna 16,16,MR76,False,Laboral,Miércoles,3.413.281,-76.512.614,2,22,"0,0"
2024-12-12,URBANA,056_ZW Comuna 16,16,MR76,False,Laboral,Jueves,3.413.281,-76.512.614,2,2,"0,0"
2024-12-13,RURAL,056_ZW Comuna 16,16,MR76,False,Laboral,Viernes,3.413.281,-76.512.614,1,1,"0,0"
2024-12-13,URBANA,056_ZW Comuna 16,16,MR76,False,Laboral,Viernes,3.413.281,-76.512.614,1,4,"0,0"
2024-12-14,URBANA,056_ZW Comuna 16,16,MR76,False,Fin de Semana,Sábado,3.413.281,-76.512.614,4,25,"0,0"
2024-12-15,URBANA,056_ZW Comuna 16,16,MR76,False,Fin de Semana,Domingo,3.413.281,-76.512.614,4,14,"0,0"
2024-12-16,URBANA,056_ZW Comuna 16,16,MR76,False,Laboral,Lunes,3.413.281,-76.512.614,4,152,"0,0"
2024-12-17,URBANA,056_ZW Comuna 16,16,MR76,False,Laboral,Martes,3.413.281,-76.512.614,2,9,"0,0"
2024-12-18,URBANA,056_ZW Comuna 16,16,MR76,False,Laboral,Miércoles,3.413.281,-76.512.614,2,16,"0,0"
2024-12-19,URBANA,056_ZW Comuna 16,16,MR76,False,Laboral,Jueves,3.413.281,-76.512.614,4,557203,"19,55"
2024-12-20,URBANA,056_ZW Comuna 16,16,MR76,False,Laboral,Viernes,3.413.281,-76.512.614,3,8,"0,0"
2024-12-21,URBANA,056_ZW Comuna 16,16,MR76,False,Fin de Semana,Sábado,3.413.281,-76.512.614,2,5,"0,0"
2024-12-22,URBANA,056_ZW Comuna 16,16,MR76,False,Fin de Semana,Domingo,3.413.281,-76.512.614,2,4,"0,0"
2024-12-23,URBANA,056_ZW Comuna 16,16,MR76,False,Laboral,Lunes,3.413.281,-76.512.614,23,20637,"0,8300000000000001"
2024-12-24,URBANA,056_ZW Comuna 16,16,MR76,False,Laboral,Martes,3.413.281,-76.512.614,36,265030,"11,09"
2024-12-25,URBANA,056_ZW Comuna 16,16,MR76,True,Festivo,Miércoles,3.413.281,-76.512.614,47,441643,"15,61"
2024-12-26,URBANA,056_ZW Comuna 16,16,MR76,False,Laboral,Jueves,3.413.281,-76.512.614,17,890377,"32,5"
2024-12-27,URBANA,056_ZW Comuna 16,16,MR76,False,Laboral,Viernes,3.413.281,-76.512.614,21,281988,"8,649999999999999"
