﻿FECHA.CONEXION,AREA,NOMBRE.ZONA,COMUNA,MODEL,es_festivo,tipo_dia,dia_semana,LATITUD,LONGITUD,NUMERO.CONEXIONES,USAGE.KB,PORCENTAJE.USO
2024-01-01,URBANA,054_ZW El Diamante,13,MR76,True,Festivo,Lunes,342.038,-765.023,20,4292594,"491,1"
2024-01-02,URBANA,054_ZW El Diamante,13,MR76,False,Laboral,Martes,342.038,-765.023,8,821654,"97,6"
2024-01-03,URBANA,054_ZW El Diamante,13,MR76,False,Laboral,Miércoles,342.038,-765.023,12,1478505,"122,0"
2024-01-04,URBANA,054_ZW El Diamante,13,MR76,False,Laboral,Jueves,342.038,-765.023,14,1599,"0,2"
2024-01-05,URBANA,054_ZW El Diamante,13,MR76,False,Laboral,Viernes,342.038,-765.023,20,771,"0,1"
2024-01-06,URBANA,054_ZW El Diamante,13,MR76,False,Fin de Semana,Sábado,342.038,-765.023,20,4259,"0,6"
2024-01-07,URBANA,054_ZW El Diamante,13,MR76,False,Fin de Semana,Domingo,342.038,-765.023,24,3608,"0,4"
2024-01-08,URBANA,054_ZW El Diamante,13,MR76,True,Festivo,Lunes,342.038,-765.023,28,1741538,"110,5"
2024-01-09,URBANA,054_ZW El Diamante,13,MR76,False,Laboral,Martes,342.038,-765.023,5,191,"0,0"
2024-01-10,URBANA,054_ZW El Diamante,13,MR76,False,Laboral,Miércoles,342.038,-765.023,12,481360,"39,9"
2024-01-11,URBANA,054_ZW El Diamante,13,MR76,False,Laboral,Jueves,342.038,-765.023,15,1438512,"133,7"
2024-01-12,URBANA,054_ZW El Diamante,13,MR76,False,Laboral,Viernes,342.038,-765.023,11,601895,"51,8"
2024-01-13,URBANA,054_ZW El Diamante,13,MR76,False,Fin de Semana,Sábado,342.038,-765.023,7,24148,"2,7"
2024-01-14,URBANA,054_ZW El Diamante,13,MR76,False,Fin de Semana,Domingo,342.038,-765.023,27,12325,"1,6"
2024-01-15,URBANA,054_ZW El Diamante,13,MR76,False,Laboral,Lunes,342.038,-765.023,10,868,"0,1"
2024-01-16,URBANA,054_ZW El Diamante,13,MR76,False,Laboral,Martes,342.038,-765.023,33,15986,"1,9"
2024-01-17,URBANA,054_ZW El Diamante,13,MR76,False,Laboral,Miércoles,342.038,-765.023,28,6198,"0,6"
2024-01-18,URBANA,054_ZW El Diamante,13,MR76,False,Laboral,Jueves,342.038,-765.023,22,93548,"7,8"
2024-01-19,URBANA,054_ZW El Diamante,13,MR76,False,Laboral,Viernes,342.038,-765.023,25,18819,"1,2"
2024-01-20,URBANA,054_ZW El Diamante,13,MR76,False,Fin de Semana,Sábado,342.038,-765.023,18,10222,"0,8"
2024-01-21,URBANA,054_ZW El Diamante,13,MR76,False,Fin de Semana,Domingo,342.038,-765.023,23,5758,"0,4"
2024-01-22,URBANA,054_ZW El Diamante,13,MR76,False,Laboral,Lunes,342.038,-765.023,11,561,"0,1"
2024-01-23,URBANA,054_ZW El Diamante,13,MR76,False,Laboral,Martes,342.038,-765.023,27,16229,"1,5"
2024-01-24,URBANA,054_ZW El Diamante,13,MR76,False,Laboral,Miércoles,342.038,-765.023,24,7483,"0,6"
2024-01-25,URBANA,054_ZW El Diamante,13,MR76,False,Laboral,Jueves,342.038,-765.023,26,28134,"1,9"
2024-01-26,URBANA,054_ZW El Diamante,13,MR76,False,Laboral,Viernes,342.038,-765.023,19,985100,"71,5"
2024-01-27,URBANA,054_ZW El Diamante,13,MR76,False,Fin de Semana,Sábado,342.038,-765.023,10,92446,"7,4"
2024-01-28,URBANA,054_ZW El Diamante,13,MR76,False,Fin de Semana,Domingo,342.038,-765.023,22,528861,"51,5"
2024-01-29,URBANA,054_ZW El Diamante,13,MR76,False,Laboral,Lunes,342.038,-765.023,5,146553,"12,6"
2024-01-30,URBANA,054_ZW El Diamante,13,MR76,False,Laboral,Martes,342.038,-765.023,26,1228866,"135,8"
2024-01-31,URBANA,054_ZW El Diamante,13,MR76,False,Laboral,Miércoles,342.038,-765.023,24,1076010,"103,0"
2024-02-01,URBANA,054_ZW El Diamante,13,MR76,False,Laboral,Jueves,342.038,-765.023,19,1354643,"97,4"
2024-02-02,URBANA,054_ZW El Diamante,13,MR76,False,Laboral,Viernes,342.038,-765.023,20,3151353,"329,9"
2024-02-03,URBANA,054_ZW El Diamante,13,MR76,False,Fin de Semana,Sábado,342.038,-765.023,26,1929596,"108,8"
2024-02-04,URBANA,054_ZW El Diamante,13,MR76,False,Fin de Semana,Domingo,342.038,-765.023,7,4369,"0,30000000000000004"
2024-02-05,URBANA,054_ZW El Diamante,13,MR76,False,Laboral,Lunes,342.038,-765.023,9,18334,"1,2"
2024-02-06,URBANA,054_ZW El Diamante,13,MR76,False,Laboral,Martes,342.038,-765.023,34,2780959,"186,10000000000002"
2024-02-07,URBANA,054_ZW El Diamante,13,MR76,False,Laboral,Miércoles,342.038,-765.023,29,1877250,"113,7"
2024-02-08,URBANA,054_ZW El Diamante,13,MR76,False,Laboral,Jueves,342.038,-765.023,24,186225,"13,7"
2024-02-09,URBANA,054_ZW El Diamante,13,MR76,False,Laboral,Viernes,342.038,-765.023,41,867070,"72,1"
2024-02-10,URBANA,054_ZW El Diamante,13,MR76,False,Fin de Semana,Sábado,342.038,-765.023,24,240601,"15,1"
2024-02-11,URBANA,054_ZW El Diamante,13,MR76,False,Fin de Semana,Domingo,342.038,-765.023,62,3419324,"254,5"
2024-02-12,URBANA,054_ZW El Diamante,13,MR76,False,Laboral,Lunes,342.038,-765.023,15,11333,"1,1"
2024-02-13,URBANA,054_ZW El Diamante,13,MR76,False,Laboral,Martes,342.038,-765.023,45,384114,"44,300000000000004"
2024-02-14,URBANA,054_ZW El Diamante,13,MR76,False,Laboral,Miércoles,342.038,-765.023,49,278418,"36,8"
2024-02-15,URBANA,054_ZW El Diamante,13,MR76,False,Laboral,Jueves,342.038,-765.023,34,2400,"0,2"
2024-02-16,URBANA,054_ZW El Diamante,13,MR76,False,Laboral,Viernes,342.038,-765.023,57,14950,"1,5"
2024-02-17,URBANA,054_ZW El Diamante,13,MR76,False,Fin de Semana,Sábado,342.038,-765.023,26,898076,"84,9"
2024-02-18,URBANA,054_ZW El Diamante,13,MR76,False,Fin de Semana,Domingo,342.038,-765.023,49,263338,"20,4"
2024-02-19,URBANA,054_ZW El Diamante,13,MR76,False,Laboral,Lunes,342.038,-765.023,13,182,"0,0"
2024-02-20,URBANA,054_ZW El Diamante,13,MR76,False,Laboral,Martes,342.038,-765.023,29,417108,"34,1"
2024-02-21,URBANA,054_ZW El Diamante,13,MR76,False,Laboral,Miércoles,342.038,-765.023,47,361916,"31,4"
2024-02-22,URBANA,054_ZW El Diamante,13,MR76,False,Laboral,Jueves,342.038,-765.023,31,433724,"28,3"
2024-02-23,URBANA,054_ZW El Diamante,13,MR76,False,Laboral,Viernes,342.038,-765.023,47,1290992,"90,8"
2024-02-24,URBANA,054_ZW El Diamante,13,MR76,False,Fin de Semana,Sábado,342.038,-765.023,38,1301349,"103,6"
2024-02-25,URBANA,054_ZW El Diamante,13,MR76,False,Fin de Semana,Domingo,342.038,-765.023,40,1608463,"91,5"
2024-02-26,URBANA,054_ZW El Diamante,13,MR76,False,Laboral,Lunes,342.038,-765.023,17,783,"0,1"
2024-02-27,URBANA,054_ZW El Diamante,13,MR76,False,Laboral,Martes,342.038,-765.023,54,3697217,"318,2"
2024-02-28,URBANA,054_ZW El Diamante,13,MR76,False,Laboral,Miércoles,342.038,-765.023,50,2091932,"122,0"
2024-02-29,URBANA,054_ZW El Diamante,13,MR76,False,Laboral,Jueves,342.038,-765.023,46,9191,"1,1"
2024-03-01,URBANA,054_ZW El Diamante,13,MR76,False,Laboral,Viernes,342.038,-765.023,38,728721,"60,8"
2024-03-02,URBANA,054_ZW El Diamante,13,MR76,False,Fin de Semana,Sábado,342.038,-765.023,42,2293588,"222,9"
2024-03-03,URBANA,054_ZW El Diamante,13,MR76,False,Fin de Semana,Domingo,342.038,-765.023,26,1633474,"117,1"
2024-03-04,URBANA,054_ZW El Diamante,13,MR76,False,Laboral,Lunes,342.038,-765.023,13,364784,"25,6"
2024-03-05,URBANA,054_ZW El Diamante,13,MR76,False,Laboral,Martes,342.038,-765.023,74,3876161,"281,2"
2024-03-06,URBANA,054_ZW El Diamante,13,MR76,False,Laboral,Miércoles,342.038,-765.023,51,1643714,"135,8"
2024-03-07,URBANA,054_ZW El Diamante,13,MR76,False,Laboral,Jueves,342.038,-765.023,42,161304,"15,1"
2024-03-08,URBANA,054_ZW El Diamante,13,MR76,False,Laboral,Viernes,342.038,-765.023,43,301545,"28,2"
2024-03-09,URBANA,054_ZW El Diamante,13,MR76,False,Fin de Semana,Sábado,342.038,-765.023,48,358051,"36,2"
2024-03-10,URBANA,054_ZW El Diamante,13,MR76,False,Fin de Semana,Domingo,342.038,-765.023,54,7578,"0,8"
2024-03-11,URBANA,054_ZW El Diamante,13,MR76,False,Laboral,Lunes,342.038,-765.023,19,1775,"0,2"
2024-03-12,URBANA,054_ZW El Diamante,13,MR76,False,Laboral,Martes,342.038,-765.023,61,24151,"2,8"
2024-03-13,URBANA,054_ZW El Diamante,13,MR76,False,Laboral,Miércoles,342.038,-765.023,64,105059,"14,2"
2024-03-14,URBANA,054_ZW El Diamante,13,MR76,False,Laboral,Jueves,342.038,-765.023,51,12087,"1,2"
2024-03-15,URBANA,054_ZW El Diamante,13,MR76,False,Laboral,Viernes,342.038,-765.023,55,17482,"1,4"
2024-03-16,URBANA,054_ZW El Diamante,13,MR76,False,Fin de Semana,Sábado,342.038,-765.023,62,86513,"7,6"
2024-03-17,URBANA,054_ZW El Diamante,13,MR76,False,Fin de Semana,Domingo,342.038,-765.023,55,13013,"1,0"
2024-03-18,URBANA,054_ZW El Diamante,13,MR76,False,Laboral,Lunes,342.038,-765.023,16,848,"0,1"
2024-03-19,URBANA,054_ZW El Diamante,13,MR76,False,Laboral,Martes,342.038,-765.023,65,26935,"3,5"
2024-03-20,URBANA,054_ZW El Diamante,13,MR76,False,Laboral,Miércoles,342.038,-765.023,48,10666,"1,6"
2024-03-21,URBANA,054_ZW El Diamante,13,MR76,False,Laboral,Jueves,342.038,-765.023,41,5906,"0,7"
2024-03-22,URBANA,054_ZW El Diamante,13,MR76,False,Laboral,Viernes,342.038,-765.023,53,47847,"4,8999999999999995"
2024-03-23,URBANA,054_ZW El Diamante,13,MR76,False,Fin de Semana,Sábado,342.038,-765.023,25,4216,"0,6"
2024-03-24,URBANA,054_ZW El Diamante,13,MR76,True,Festivo,Domingo,342.038,-765.023,50,10146,"1,2"
2024-03-25,URBANA,054_ZW El Diamante,13,MR76,True,Festivo,Lunes,342.038,-765.023,24,15900,"2,2"
2024-03-26,URBANA,054_ZW El Diamante,13,MR76,False,Laboral,Martes,342.038,-765.023,15,664585,"85,30000000000001"
2024-03-27,URBANA,054_ZW El Diamante,13,MR76,False,Laboral,Miércoles,342.038,-765.023,26,497832,"61,7"
2024-03-28,URBANA,054_ZW El Diamante,13,MR76,True,Festivo,Jueves,342.038,-765.023,21,1648945,"258,40000000000003"
2024-03-29,URBANA,054_ZW El Diamante,13,MR76,True,Festivo,Viernes,342.038,-765.023,49,2855867,"288,09999999999997"
2024-03-30,URBANA,054_ZW El Diamante,13,MR76,False,Fin de Semana,Sábado,342.038,-765.023,35,401887,"64,5"
2024-03-31,URBANA,054_ZW El Diamante,13,MR76,True,Festivo,Domingo,342.038,-765.023,23,115530,"15,1"
2024-04-01,URBANA,054_ZW El Diamante,13,MR76,False,Laboral,Lunes,342.038,-765.023,10,421,"0,0"
2024-04-02,URBANA,054_ZW El Diamante,13,MR76,False,Laboral,Martes,342.038,-765.023,44,3337465,"474,3"
2024-04-03,URBANA,054_ZW El Diamante,13,MR76,False,Laboral,Miércoles,342.038,-765.023,52,4788326,"531,5"
2024-04-04,URBANA,054_ZW El Diamante,13,MR76,False,Laboral,Jueves,342.038,-765.023,29,488324,"42,5"
2024-04-05,URBANA,054_ZW El Diamante,13,MR76,False,Laboral,Viernes,342.038,-765.023,36,1293198,"115,1"
2024-04-06,URBANA,054_ZW El Diamante,13,MR76,False,Fin de Semana,Sábado,342.038,-765.023,52,1153320,"95,9"
2024-04-07,URBANA,054_ZW El Diamante,13,MR76,False,Fin de Semana,Domingo,342.038,-765.023,59,4328719,"361,9"
2024-04-08,URBANA,054_ZW El Diamante,13,MR76,False,Laboral,Lunes,342.038,-765.023,12,3523,"0,5"
2024-04-09,URBANA,054_ZW El Diamante,13,MR76,False,Laboral,Martes,342.038,-765.023,57,1636679,"213,9"
2024-04-10,URBANA,054_ZW El Diamante,13,MR76,False,Laboral,Miércoles,342.038,-765.023,51,497064,"116,9"
2024-04-11,URBANA,054_ZW El Diamante,13,MR76,False,Laboral,Jueves,342.038,-765.023,39,8426,"1,9"
2024-04-12,URBANA,054_ZW El Diamante,13,MR76,False,Laboral,Viernes,342.038,-765.023,65,24821,"3,7"
2024-04-13,URBANA,054_ZW El Diamante,13,MR76,False,Fin de Semana,Sábado,342.038,-765.023,38,3302,"0,4"
2024-04-14,URBANA,054_ZW El Diamante,13,MR76,False,Fin de Semana,Domingo,342.038,-765.023,55,11579,"1,7"
2024-04-15,URBANA,054_ZW El Diamante,13,MR76,False,Laboral,Lunes,342.038,-765.023,15,7456,"1,8"
2024-04-16,URBANA,054_ZW El Diamante,13,MR76,False,Laboral,Martes,342.038,-765.023,46,637488,"150,1"
2024-04-17,URBANA,054_ZW El Diamante,13,MR76,False,Laboral,Miércoles,342.038,-765.023,53,1273581,"341,5"
2024-04-18,URBANA,054_ZW El Diamante,13,MR76,False,Laboral,Jueves,342.038,-765.023,56,1312908,"450,7"
2024-04-19,URBANA,054_ZW El Diamante,13,MR76,False,Laboral,Viernes,342.038,-765.023,34,529335,"130,5"
2024-04-20,URBANA,054_ZW El Diamante,13,MR76,False,Fin de Semana,Sábado,342.038,-765.023,30,14951,"2,0"
2024-04-21,URBANA,054_ZW El Diamante,13,MR76,False,Fin de Semana,Domingo,342.038,-765.023,14,3124,"0,5"
2024-04-22,URBANA,054_ZW El Diamante,13,MR76,False,Laboral,Lunes,342.038,-765.023,15,427,"0,1"
2024-04-23,URBANA,054_ZW El Diamante,13,MR76,False,Laboral,Martes,342.038,-765.023,57,2235824,"121,8"
2024-04-24,URBANA,054_ZW El Diamante,13,MR76,False,Laboral,Miércoles,342.038,-765.023,47,1424873,"77,60000000000001"
2024-04-25,URBANA,054_ZW El Diamante,13,MR76,False,Laboral,Jueves,342.038,-765.023,38,1121617,"94,5"
2024-04-26,URBANA,054_ZW El Diamante,13,MR76,False,Laboral,Viernes,342.038,-765.023,51,447206,"44,7"
2024-04-27,URBANA,054_ZW El Diamante,13,MR76,False,Fin de Semana,Sábado,342.038,-765.023,13,1727,"0,2"
2024-04-28,URBANA,054_ZW El Diamante,13,MR76,False,Fin de Semana,Domingo,342.038,-765.023,19,2409,"0,30000000000000004"
2024-04-29,URBANA,054_ZW El Diamante,13,MR76,False,Laboral,Lunes,342.038,-765.023,15,137,"0,0"
2024-04-30,URBANA,054_ZW El Diamante,13,MR76,False,Laboral,Martes,342.038,-765.023,87,16889,"2,7"
2024-05-01,URBANA,054_ZW El Diamante,13,MR76,True,Festivo,Miércoles,342.038,-765.023,31,7805,"1,5"
2024-05-02,URBANA,054_ZW El Diamante,13,MR76,False,Laboral,Jueves,342.038,-765.023,44,19637,"3,8"
2024-05-03,URBANA,054_ZW El Diamante,13,MR76,False,Laboral,Viernes,342.038,-765.023,43,6103,"1,4"
2024-05-04,URBANA,054_ZW El Diamante,13,MR76,False,Fin de Semana,Sábado,342.038,-765.023,30,3634,"0,5"
2024-05-05,URBANA,054_ZW El Diamante,13,MR76,False,Fin de Semana,Domingo,342.038,-765.023,28,10780,"1,7000000000000002"
2024-05-06,URBANA,054_ZW El Diamante,13,MR76,False,Laboral,Lunes,342.038,-765.023,19,2012,"0,4"
2024-05-07,URBANA,054_ZW El Diamante,13,MR76,False,Laboral,Martes,342.038,-765.023,67,19937,"3,3"
2024-05-08,URBANA,054_ZW El Diamante,13,MR76,False,Laboral,Miércoles,342.038,-765.023,50,16498,"2,1"
2024-05-09,URBANA,054_ZW El Diamante,13,MR76,False,Laboral,Jueves,342.038,-765.023,31,5886,"0,6"
2024-05-10,URBANA,054_ZW El Diamante,13,MR76,False,Laboral,Viernes,342.038,-765.023,63,28855,"3,6"
2024-05-11,URBANA,054_ZW El Diamante,13,MR76,False,Fin de Semana,Sábado,342.038,-765.023,45,7236,"1,0"
2024-05-12,URBANA,054_ZW El Diamante,13,MR76,False,Fin de Semana,Domingo,342.038,-765.023,22,1374,"0,4"
2024-05-13,URBANA,054_ZW El Diamante,13,MR76,True,Festivo,Lunes,342.038,-765.023,45,56913,"10,200000000000001"
2024-05-14,URBANA,054_ZW El Diamante,13,MR76,False,Laboral,Martes,342.038,-765.023,24,3402,"1,5"
2024-05-15,URBANA,054_ZW El Diamante,13,MR76,False,Laboral,Miércoles,342.038,-765.023,43,7467,"1,3"
2024-05-16,URBANA,054_ZW El Diamante,13,MR76,False,Laboral,Jueves,342.038,-765.023,81,28544,"3,5"
2024-05-17,URBANA,054_ZW El Diamante,13,MR76,False,Laboral,Viernes,342.038,-765.023,48,6614,"0,7"
2024-05-18,URBANA,054_ZW El Diamante,13,MR76,False,Fin de Semana,Sábado,342.038,-765.023,42,5645,"0,6"
2024-05-19,URBANA,054_ZW El Diamante,13,MR76,False,Fin de Semana,Domingo,342.038,-765.023,45,8212,"0,7"
2024-05-20,URBANA,054_ZW El Diamante,13,MR76,False,Laboral,Lunes,342.038,-765.023,17,1348,"0,2"
2024-05-21,URBANA,054_ZW El Diamante,13,MR76,False,Laboral,Martes,342.038,-765.023,65,21810,"2,8"
2024-05-22,URBANA,054_ZW El Diamante,13,MR76,False,Laboral,Miércoles,342.038,-765.023,62,10527,"4,0"
2024-05-23,URBANA,054_ZW El Diamante,13,MR76,False,Laboral,Jueves,342.038,-765.023,55,11200,"2,1"
2024-05-24,URBANA,054_ZW El Diamante,13,MR76,False,Laboral,Viernes,342.038,-765.023,57,5869,"1,2"
2024-05-25,URBANA,054_ZW El Diamante,13,MR76,False,Fin de Semana,Sábado,342.038,-765.023,48,11621,"1,7000000000000002"
2024-05-26,URBANA,054_ZW El Diamante,13,MR76,False,Fin de Semana,Domingo,342.038,-765.023,36,6962,"1,0"
2024-05-27,URBANA,054_ZW El Diamante,13,MR76,False,Laboral,Lunes,342.038,-765.023,29,3572,"0,4"
2024-05-28,URBANA,054_ZW El Diamante,13,MR76,False,Laboral,Martes,342.038,-765.023,62,2102485,"282,3"
2024-05-29,URBANA,054_ZW El Diamante,13,MR76,False,Laboral,Miércoles,342.038,-765.023,32,3348160,"669,4000000000001"
2024-05-30,URBANA,054_ZW El Diamante,13,MR76,False,Laboral,Jueves,342.038,-765.023,44,1086438,"90,8"
2024-05-31,URBANA,054_ZW El Diamante,13,MR76,False,Laboral,Viernes,342.038,-765.023,60,2233429,"240,2"
2024-06-01,URBANA,054_ZW El Diamante,13,MR76,False,Fin de Semana,Sábado,342.038,-765.023,45,1489649,"148,8"
2024-06-02,URBANA,054_ZW El Diamante,13,MR76,False,Fin de Semana,Domingo,342.038,-765.023,63,4289229,"437,6"
2024-06-03,URBANA,054_ZW El Diamante,13,MR76,True,Festivo,Lunes,342.038,-765.023,46,115169,"16,599999999999998"
2024-06-04,URBANA,054_ZW El Diamante,13,MR76,False,Laboral,Martes,342.038,-765.023,30,9034,"2,0"
2024-06-05,URBANA,054_ZW El Diamante,13,MR76,False,Laboral,Miércoles,342.038,-765.023,61,11308,"4,0"
2024-06-06,URBANA,054_ZW El Diamante,13,MR76,False,Laboral,Jueves,342.038,-765.023,48,16314,"2,7"
2024-06-07,URBANA,054_ZW El Diamante,13,MR76,False,Laboral,Viernes,342.038,-765.023,54,14223,"3,0"
2024-06-08,URBANA,054_ZW El Diamante,13,MR76,False,Fin de Semana,Sábado,342.038,-765.023,36,3318,"1,1"
2024-06-09,URBANA,054_ZW El Diamante,13,MR76,False,Fin de Semana,Domingo,342.038,-765.023,58,8790,"3,0"
2024-06-10,URBANA,054_ZW El Diamante,13,MR76,True,Festivo,Lunes,342.038,-765.023,52,32081,"5,9"
2024-06-11,URBANA,054_ZW El Diamante,13,MR76,False,Laboral,Martes,342.038,-765.023,30,82268,"13,2"
2024-06-12,URBANA,054_ZW El Diamante,13,MR76,False,Laboral,Miércoles,342.038,-765.023,58,1757582,"237,0"
2024-06-13,URBANA,054_ZW El Diamante,13,MR76,False,Laboral,Jueves,342.038,-765.023,57,1946464,"37895586200,0"
2024-06-14,URBANA,054_ZW El Diamante,13,MR76,False,Laboral,Viernes,342.038,-765.023,42,1247047,"37481272800,0"
2024-06-15,URBANA,054_ZW El Diamante,13,MR76,False,Fin de Semana,Sábado,342.038,-765.023,34,165402,"2967354700,0"
2024-06-16,URBANA,054_ZW El Diamante,13,MR76,False,Fin de Semana,Domingo,342.038,-765.023,18,333782,"5985346400,0"
2024-06-17,URBANA,054_ZW El Diamante,13,MR76,False,Laboral,Lunes,342.038,-765.023,16,550,"0,1"
2024-06-18,URBANA,054_ZW El Diamante,13,MR76,False,Laboral,Martes,342.038,-765.023,77,196960,"31,1"
2024-06-19,URBANA,054_ZW El Diamante,13,MR76,False,Laboral,Miércoles,342.038,-765.023,54,145732,"20,7"
2024-06-20,URBANA,054_ZW El Diamante,13,MR76,False,Laboral,Jueves,342.038,-765.023,51,1031878,"206,5"
2024-06-21,URBANA,054_ZW El Diamante,13,MR76,False,Laboral,Viernes,342.038,-765.023,83,2009494,"345,2"
2024-06-22,URBANA,054_ZW El Diamante,13,MR76,False,Fin de Semana,Sábado,342.038,-765.023,63,730583,"138,2"
2024-06-23,URBANA,054_ZW El Diamante,13,MR76,False,Fin de Semana,Domingo,342.038,-765.023,47,1818713,"713,8"
2024-06-24,URBANA,054_ZW El Diamante,13,MR76,False,Laboral,Lunes,342.038,-765.023,25,19310,"3,7"
2024-06-25,URBANA,054_ZW El Diamante,13,MR76,False,Laboral,Martes,342.038,-765.023,85,2682337,"664,5"
2024-06-26,URBANA,054_ZW El Diamante,13,MR76,False,Laboral,Miércoles,342.038,-765.023,49,915018,"236,3"
2024-06-27,URBANA,054_ZW El Diamante,13,MR76,False,Laboral,Jueves,342.038,-765.023,54,2663844,"792,6999999999999"
2024-06-28,URBANA,054_ZW El Diamante,13,MR76,False,Laboral,Viernes,342.038,-765.023,73,288922,"49,7"
2024-06-29,URBANA,054_ZW El Diamante,13,MR76,False,Fin de Semana,Sábado,342.038,-765.023,55,17876,"3,1"
2024-06-30,URBANA,054_ZW El Diamante,13,MR76,False,Fin de Semana,Domingo,342.038,-765.023,48,1922767,"412,90000000000003"
2024-07-01,URBANA,054_ZW El Diamante,13,MR76,True,Festivo,Lunes,342.038,-765.023,33,638071,"88,64999999999999"
2024-07-02,URBANA,054_ZW El Diamante,13,MR76,False,Laboral,Martes,342.038,-765.023,49,1565411,"168,61"
2024-07-03,URBANA,054_ZW El Diamante,13,MR76,False,Laboral,Miércoles,342.038,-765.023,71,1036642,"123,30000000000001"
2024-07-04,URBANA,054_ZW El Diamante,13,MR76,False,Laboral,Jueves,342.038,-765.023,61,1687262,"212,62"
2024-07-05,URBANA,054_ZW El Diamante,13,MR76,False,Laboral,Viernes,342.038,-765.023,52,429426,"50,4"
2024-07-06,URBANA,054_ZW El Diamante,13,MR76,False,Fin de Semana,Sábado,342.038,-765.023,24,352869,"41,919999999999995"
2024-07-07,URBANA,054_ZW El Diamante,13,MR76,False,Fin de Semana,Domingo,342.038,-765.023,50,502565,"56,96000000000001"
2024-07-08,URBANA,054_ZW El Diamante,13,MR76,False,Laboral,Lunes,342.038,-765.023,22,638,"0,11"
2024-07-09,URBANA,054_ZW El Diamante,13,MR76,False,Laboral,Martes,342.038,-765.023,32,854488,"147,15"
2024-07-10,URBANA,054_ZW El Diamante,13,MR76,False,Laboral,Miércoles,342.038,-765.023,106,4680835,"677,83"
2024-07-11,URBANA,054_ZW El Diamante,13,MR76,False,Laboral,Jueves,342.038,-765.023,76,1232623,"167,05"
2024-07-12,URBANA,054_ZW El Diamante,13,MR76,False,Laboral,Viernes,342.038,-765.023,89,3545400,"559,0699999999999"
2024-07-13,URBANA,054_ZW El Diamante,13,MR76,False,Fin de Semana,Sábado,342.038,-765.023,47,557071,"79,08"
2024-07-14,URBANA,054_ZW El Diamante,13,MR76,False,Fin de Semana,Domingo,342.038,-765.023,70,3468509,"545,45"
2024-07-15,URBANA,054_ZW El Diamante,13,MR76,False,Laboral,Lunes,342.038,-765.023,22,243335,"43,529999999999994"
2024-07-16,URBANA,054_ZW El Diamante,13,MR76,False,Laboral,Martes,342.038,-765.023,121,3884270,"618,3299999999999"
2024-07-17,URBANA,054_ZW El Diamante,13,MR76,False,Laboral,Miércoles,342.038,-765.023,126,31623,"6,98"
2024-07-18,URBANA,054_ZW El Diamante,13,MR76,False,Laboral,Jueves,342.038,-765.023,78,30120,"5,06"
2024-07-19,URBANA,054_ZW El Diamante,13,MR76,False,Laboral,Viernes,342.038,-765.023,93,22143,"3,08"
2024-07-20,URBANA,054_ZW El Diamante,13,MR76,True,Festivo,Sábado,342.038,-765.023,64,11645,"1,5"
2024-07-21,URBANA,054_ZW El Diamante,13,MR76,False,Fin de Semana,Domingo,342.038,-765.023,57,16628,"2,54"
2024-07-22,URBANA,054_ZW El Diamante,13,MR76,False,Laboral,Lunes,342.038,-765.023,26,1277,"0,18000000000000002"
2024-07-23,URBANA,054_ZW El Diamante,13,MR76,False,Laboral,Martes,342.038,-765.023,139,45861,"6,62"
2024-07-24,URBANA,054_ZW El Diamante,13,MR76,False,Laboral,Miércoles,342.038,-765.023,104,7555,"1,19"
2024-07-25,URBANA,054_ZW El Diamante,13,MR76,False,Laboral,Jueves,342.038,-765.023,53,5523,"0,87"
2024-07-26,URBANA,054_ZW El Diamante,13,MR76,False,Laboral,Viernes,342.038,-765.023,66,439598,"57,900000000000006"
2024-07-27,URBANA,054_ZW El Diamante,13,MR76,False,Fin de Semana,Sábado,342.038,-765.023,70,1434840,"245,4"
2024-07-28,URBANA,054_ZW El Diamante,13,MR76,False,Fin de Semana,Domingo,342.038,-765.023,90,3390713,"717,51"
2024-07-29,URBANA,054_ZW El Diamante,13,MR76,False,Laboral,Lunes,342.038,-765.023,29,257823,"41,34"
2024-07-30,URBANA,054_ZW El Diamante,13,MR76,False,Laboral,Martes,342.038,-765.023,124,2933599,"428,71000000000004"
2024-07-31,URBANA,054_ZW El Diamante,13,MR76,False,Laboral,Miércoles,342.038,-765.023,115,1006282,"167,14"
2024-08-01,URBANA,054_ZW El Diamante,13,MR76,False,Laboral,Jueves,342.038,-765.023,133,3424932,"511,09000000000003"
2024-08-02,URBANA,054_ZW El Diamante,13,MR76,False,Laboral,Viernes,342.038,-765.023,115,3580491,"595,64"
2024-08-03,URBANA,054_ZW El Diamante,13,MR76,False,Fin de Semana,Sábado,342.038,-765.023,90,538043,"109,62"
2024-08-04,URBANA,054_ZW El Diamante,13,MR76,False,Fin de Semana,Domingo,342.038,-765.023,93,4313069,"687,67"
2024-08-05,URBANA,054_ZW El Diamante,13,MR76,False,Laboral,Lunes,342.038,-765.023,41,15118,"2,19"
2024-08-06,URBANA,054_ZW El Diamante,13,MR76,False,Laboral,Martes,342.038,-765.023,101,725343,"69,84"
2024-08-07,URBANA,054_ZW El Diamante,13,MR76,True,Festivo,Miércoles,342.038,-765.023,55,8528,"1,02"
2024-08-08,URBANA,054_ZW El Diamante,13,MR76,False,Laboral,Jueves,342.038,-765.023,105,24455,"3,07"
2024-08-09,URBANA,054_ZW El Diamante,13,MR76,False,Laboral,Viernes,342.038,-765.023,101,1604308,"296,08"
2024-08-10,URBANA,054_ZW El Diamante,13,MR76,False,Fin de Semana,Sábado,342.038,-765.023,73,693231,"131,22"
2024-08-11,URBANA,054_ZW El Diamante,13,MR76,False,Fin de Semana,Domingo,342.038,-765.023,75,3244631,"563,09"
2024-08-12,URBANA,054_ZW El Diamante,13,MR76,False,Laboral,Lunes,342.038,-765.023,32,30091,"6,45"
2024-08-13,URBANA,054_ZW El Diamante,13,MR76,False,Laboral,Martes,342.038,-765.023,124,4707822,"532,88"
2024-08-14,URBANA,054_ZW El Diamante,13,MR76,False,Laboral,Miércoles,342.038,-765.023,128,5349724,"710,02"
2024-08-15,URBANA,054_ZW El Diamante,13,MR76,False,Laboral,Jueves,342.038,-765.023,112,3561216,"534,65"
2024-08-16,URBANA,054_ZW El Diamante,13,MR76,False,Laboral,Viernes,342.038,-765.023,110,3545843,"483,12"
2024-08-17,URBANA,054_ZW El Diamante,13,MR76,False,Fin de Semana,Sábado,342.038,-765.023,74,1566594,"227,22"
2024-08-18,URBANA,054_ZW El Diamante,13,MR76,False,Fin de Semana,Domingo,342.038,-765.023,92,3080419,"466,14"
2024-08-19,URBANA,054_ZW El Diamante,13,MR76,True,Festivo,Lunes,342.038,-765.023,91,3664142,"502,99"
2024-08-20,URBANA,054_ZW El Diamante,13,MR76,False,Laboral,Martes,342.038,-765.023,72,13015,"3,2199999999999998"
2024-08-21,URBANA,054_ZW El Diamante,13,MR76,False,Laboral,Miércoles,342.038,-765.023,102,23420,"6,82"
2024-08-22,URBANA,054_ZW El Diamante,13,MR76,False,Laboral,Jueves,342.038,-765.023,111,26603,"7,08"
2024-08-23,URBANA,054_ZW El Diamante,13,MR76,False,Laboral,Viernes,342.038,-765.023,125,24696,"10,059999999999999"
2024-08-24,URBANA,054_ZW El Diamante,13,MR76,False,Fin de Semana,Sábado,342.038,-765.023,64,6038,"4,09"
2024-08-25,URBANA,054_ZW El Diamante,13,MR76,False,Fin de Semana,Domingo,342.038,-765.023,71,13909,"13,309999999999999"
2024-08-26,URBANA,054_ZW El Diamante,13,MR76,False,Laboral,Lunes,342.038,-765.023,13,705,"0,94"
2024-11-15,URBANA,054_ZW El Diamante,13,MR76,False,Laboral,Viernes,342.038,-765.023,30,252562,"13,86"
2024-11-17,URBANA,054_ZW El Diamante,13,MR76,False,Fin de Semana,Domingo,342.038,-765.023,41,259473,"15,1"
2024-11-19,URBANA,054_ZW El Diamante,13,MR76,False,Laboral,Martes,342.038,-765.023,66,641441,"40,15"
2024-11-20,URBANA,054_ZW El Diamante,13,MR76,False,Laboral,Miércoles,342.038,-765.023,84,624863,"32,75"
2024-11-21,URBANA,054_ZW El Diamante,13,MR76,False,Laboral,Jueves,342.038,-765.023,80,855524,"47,39"
2024-11-22,URBANA,054_ZW El Diamante,13,MR76,False,Laboral,Viernes,342.038,-765.023,90,1070503,"53,03"
2024-11-23,URBANA,054_ZW El Diamante,13,MR76,False,Fin de Semana,Sábado,342.038,-765.023,94,2474100,"129,1"
2024-11-24,URBANA,054_ZW El Diamante,13,MR76,False,Fin de Semana,Domingo,342.038,-765.023,77,418628,"56,540000000000006"
2024-11-25,URBANA,054_ZW El Diamante,13,MR76,False,Laboral,Lunes,342.038,-765.023,29,104588,"25,43"
2024-11-26,URBANA,054_ZW El Diamante,13,MR76,False,Laboral,Martes,342.038,-765.023,48,827899,"105,13"
2024-11-27,URBANA,054_ZW El Diamante,13,MR76,False,Laboral,Miércoles,342.038,-765.023,91,2642266,"136,06"
2024-11-28,URBANA,054_ZW El Diamante,13,MR76,False,Laboral,Jueves,342.038,-765.023,105,2332550,"110,78"
2024-11-29,URBANA,054_ZW El Diamante,13,MR76,False,Laboral,Viernes,342.038,-765.023,76,874107,"39,33"
2024-11-30,URBANA,054_ZW El Diamante,13,MR76,False,Fin de Semana,Sábado,342.038,-765.023,91,1418903,"62,25"
2024-12-01,URBANA,054_ZW El Diamante,13,MR76,False,Fin de Semana,Domingo,342.038,-765.023,119,4493238,"185,93"
2024-12-02,URBANA,054_ZW El Diamante,13,MR76,False,Laboral,Lunes,342.038,-765.023,43,61450,"2,94"
2024-12-03,URBANA,054_ZW El Diamante,13,MR76,False,Laboral,Martes,342.038,-765.023,90,2304516,"123,43"
2024-12-04,URBANA,054_ZW El Diamante,13,MR76,False,Laboral,Miércoles,342.038,-765.023,84,1880408,"81,41"
2024-12-05,URBANA,054_ZW El Diamante,13,MR76,False,Laboral,Jueves,342.038,-765.023,89,3006036,"131,02"
