﻿FECHA.CONEXION,AREA,NOMBRE.ZONA,COMUNA,MODEL,es_festivo,tipo_dia,dia_semana,LATITUD,LONGITUD,NUMERO.CONEXIONES,USAGE.KB,PORCENTAJE.USO
2024-01-01,URBANA,028_ZW Parque Yo Amo a Siloe,20,MR76,True,Festivo,Lunes,3.4205,-7.655.686,33,15974078,"1827,4"
2024-01-02,URBANA,028_ZW Parque Yo Amo a Siloe,20,MR76,False,Laboral,Martes,3.4205,-7.655.686,16,11392766,"1353,3"
2024-01-03,URBANA,028_ZW Parque Yo Amo a Siloe,20,MR76,False,Laboral,Miércoles,3.4205,-7.655.686,21,14482236,"1195,1"
2024-01-04,URBANA,028_ZW Parque Yo Amo a Siloe,20,MR76,False,Laboral,Jueves,3.4205,-7.655.686,24,8545332,"808,9"
2024-01-05,URBANA,028_ZW Parque Yo Amo a Siloe,20,MR76,False,Laboral,Viernes,3.4205,-7.655.686,22,2555777,"235,7"
2024-01-06,URBANA,028_ZW Parque Yo Amo a Siloe,20,MR76,False,Fin de Semana,Sábado,3.4205,-7.655.686,23,4708,"0,6"
2024-01-07,URBANA,028_ZW Parque Yo Amo a Siloe,20,MR76,False,Fin de Semana,Domingo,3.4205,-7.655.686,17,7143,"0,7"
2024-01-08,URBANA,028_ZW Parque Yo Amo a Siloe,20,MR76,True,Festivo,Lunes,3.4205,-7.655.686,16,23977,"1,5"
2024-01-09,URBANA,028_ZW Parque Yo Amo a Siloe,20,MR76,False,Laboral,Martes,3.4205,-7.655.686,21,8895042,"686,4"
2024-01-10,URBANA,028_ZW Parque Yo Amo a Siloe,20,MR76,False,Laboral,Miércoles,3.4205,-7.655.686,23,12184683,"1010,0"
2024-01-11,URBANA,028_ZW Parque Yo Amo a Siloe,20,MR76,False,Laboral,Jueves,3.4205,-7.655.686,13,3482636,"323,7"
2024-01-12,URBANA,028_ZW Parque Yo Amo a Siloe,20,MR76,False,Laboral,Viernes,3.4205,-7.655.686,24,11081,"1,0"
2024-01-13,URBANA,028_ZW Parque Yo Amo a Siloe,20,MR76,False,Fin de Semana,Sábado,3.4205,-7.655.686,20,2223,"0,2"
2024-01-14,URBANA,028_ZW Parque Yo Amo a Siloe,20,MR76,False,Fin de Semana,Domingo,3.4205,-7.655.686,10,1255,"0,2"
2024-01-15,URBANA,028_ZW Parque Yo Amo a Siloe,20,MR76,False,Laboral,Lunes,3.4205,-7.655.686,15,822,"0,1"
2024-01-16,URBANA,028_ZW Parque Yo Amo a Siloe,20,MR76,False,Laboral,Martes,3.4205,-7.655.686,14,12062,"1,4"
2024-01-17,URBANA,028_ZW Parque Yo Amo a Siloe,20,MR76,False,Laboral,Miércoles,3.4205,-7.655.686,15,2915,"0,3"
2024-01-18,URBANA,028_ZW Parque Yo Amo a Siloe,20,MR76,False,Laboral,Jueves,3.4205,-7.655.686,24,781951,"65,2"
2024-01-19,URBANA,028_ZW Parque Yo Amo a Siloe,20,MR76,False,Laboral,Viernes,3.4205,-7.655.686,20,23395107,"1524,1"
2024-01-20,URBANA,028_ZW Parque Yo Amo a Siloe,20,MR76,False,Fin de Semana,Sábado,3.4205,-7.655.686,27,14367615,"1109,5"
2024-01-21,URBANA,028_ZW Parque Yo Amo a Siloe,20,MR76,False,Fin de Semana,Domingo,3.4205,-7.655.686,12,9138892,"705,8"
2024-01-22,URBANA,028_ZW Parque Yo Amo a Siloe,20,MR76,False,Laboral,Lunes,3.4205,-7.655.686,15,8091703,"771,7"
2024-01-23,URBANA,028_ZW Parque Yo Amo a Siloe,20,MR76,False,Laboral,Martes,3.4205,-7.655.686,19,7831058,"725,1"
2024-01-24,URBANA,028_ZW Parque Yo Amo a Siloe,20,MR76,False,Laboral,Miércoles,3.4205,-7.655.686,16,7859913,"628,4"
2024-01-25,URBANA,028_ZW Parque Yo Amo a Siloe,20,MR76,False,Laboral,Jueves,3.4205,-7.655.686,23,10167389,"680,2"
2024-01-26,URBANA,028_ZW Parque Yo Amo a Siloe,20,MR76,False,Laboral,Viernes,3.4205,-7.655.686,15,10070075,"731,0"
2024-01-27,URBANA,028_ZW Parque Yo Amo a Siloe,20,MR76,False,Fin de Semana,Sábado,3.4205,-7.655.686,26,13527355,"1089,8"
2024-01-28,URBANA,028_ZW Parque Yo Amo a Siloe,20,MR76,False,Fin de Semana,Domingo,3.4205,-7.655.686,18,10390811,"1010,9"
2024-01-29,URBANA,028_ZW Parque Yo Amo a Siloe,20,MR76,False,Laboral,Lunes,3.4205,-7.655.686,17,2739278,"235,3"
2024-01-30,URBANA,028_ZW Parque Yo Amo a Siloe,20,MR76,False,Laboral,Martes,3.4205,-7.655.686,15,5651228,"624,3"
2024-01-31,URBANA,028_ZW Parque Yo Amo a Siloe,20,MR76,False,Laboral,Miércoles,3.4205,-7.655.686,15,4983980,"477,2"
2024-02-01,URBANA,028_ZW Parque Yo Amo a Siloe,20,MR76,False,Laboral,Jueves,3.4205,-7.655.686,20,6207757,"446,3"
2024-02-02,URBANA,028_ZW Parque Yo Amo a Siloe,20,MR76,False,Laboral,Viernes,3.4205,-7.655.686,14,11062718,"1158,0"
2024-02-03,URBANA,028_ZW Parque Yo Amo a Siloe,20,MR76,False,Fin de Semana,Sábado,3.4205,-7.655.686,25,12198402,"687,5"
2024-02-04,URBANA,028_ZW Parque Yo Amo a Siloe,20,MR76,False,Fin de Semana,Domingo,3.4205,-7.655.686,22,13912096,"869,9"
2024-02-05,URBANA,028_ZW Parque Yo Amo a Siloe,20,MR76,False,Laboral,Lunes,3.4205,-7.655.686,19,11186604,"743,1"
2024-02-06,URBANA,028_ZW Parque Yo Amo a Siloe,20,MR76,False,Laboral,Martes,3.4205,-7.655.686,21,7569336,"506,5"
2024-02-07,URBANA,028_ZW Parque Yo Amo a Siloe,20,MR76,False,Laboral,Miércoles,3.4205,-7.655.686,18,12087396,"732,2"
2024-02-08,URBANA,028_ZW Parque Yo Amo a Siloe,20,MR76,False,Laboral,Jueves,3.4205,-7.655.686,34,12201540,"898,0"
2024-02-09,URBANA,028_ZW Parque Yo Amo a Siloe,20,MR76,False,Laboral,Viernes,3.4205,-7.655.686,39,18199147,"1512,4"
2024-02-10,URBANA,028_ZW Parque Yo Amo a Siloe,20,MR76,False,Fin de Semana,Sábado,3.4205,-7.655.686,49,11156713,"698,5"
2024-02-11,URBANA,028_ZW Parque Yo Amo a Siloe,20,MR76,False,Fin de Semana,Domingo,3.4205,-7.655.686,34,16026308,"1192,6"
2024-02-12,URBANA,028_ZW Parque Yo Amo a Siloe,20,MR76,False,Laboral,Lunes,3.4205,-7.655.686,40,16955582,"1637,6"
2024-02-13,URBANA,028_ZW Parque Yo Amo a Siloe,20,MR76,False,Laboral,Martes,3.4205,-7.655.686,28,7798143,"900,2"
2024-02-14,URBANA,028_ZW Parque Yo Amo a Siloe,20,MR76,False,Laboral,Miércoles,3.4205,-7.655.686,33,7569559,"1002,2"
2024-02-15,URBANA,028_ZW Parque Yo Amo a Siloe,20,MR76,False,Laboral,Jueves,3.4205,-7.655.686,29,15891920,"1360,9"
2024-02-16,URBANA,028_ZW Parque Yo Amo a Siloe,20,MR76,False,Laboral,Viernes,3.4205,-7.655.686,33,18662496,"1770,0"
2024-02-17,URBANA,028_ZW Parque Yo Amo a Siloe,20,MR76,False,Fin de Semana,Sábado,3.4205,-7.655.686,36,21380710,"2022,0"
2024-02-18,URBANA,028_ZW Parque Yo Amo a Siloe,20,MR76,False,Fin de Semana,Domingo,3.4205,-7.655.686,29,16254126,"1255,8"
2024-02-19,URBANA,028_ZW Parque Yo Amo a Siloe,20,MR76,False,Laboral,Lunes,3.4205,-7.655.686,38,21117510,"1441,0"
2024-02-20,URBANA,028_ZW Parque Yo Amo a Siloe,20,MR76,False,Laboral,Martes,3.4205,-7.655.686,28,6222397,"509,6"
2024-02-21,URBANA,028_ZW Parque Yo Amo a Siloe,20,MR76,False,Laboral,Miércoles,3.4205,-7.655.686,27,78299,"6,8"
2024-02-22,URBANA,028_ZW Parque Yo Amo a Siloe,20,MR76,False,Laboral,Jueves,3.4205,-7.655.686,36,17563,"1,1"
2024-02-23,URBANA,028_ZW Parque Yo Amo a Siloe,20,MR76,False,Laboral,Viernes,3.4205,-7.655.686,28,43473,"3,1"
2024-02-24,URBANA,028_ZW Parque Yo Amo a Siloe,20,MR76,False,Fin de Semana,Sábado,3.4205,-7.655.686,25,57889,"4,6"
2024-02-25,URBANA,028_ZW Parque Yo Amo a Siloe,20,MR76,False,Fin de Semana,Domingo,3.4205,-7.655.686,36,7339,"0,4"
2024-02-26,URBANA,028_ZW Parque Yo Amo a Siloe,20,MR76,False,Laboral,Lunes,3.4205,-7.655.686,25,12778,"1,1"
2024-02-27,URBANA,028_ZW Parque Yo Amo a Siloe,20,MR76,False,Laboral,Martes,3.4205,-7.655.686,22,40195,"3,5"
2024-02-28,URBANA,028_ZW Parque Yo Amo a Siloe,20,MR76,False,Laboral,Miércoles,3.4205,-7.655.686,25,20487,"1,2"
2024-02-29,URBANA,028_ZW Parque Yo Amo a Siloe,20,MR76,False,Laboral,Jueves,3.4205,-7.655.686,23,46326,"5,9"
2024-03-01,URBANA,028_ZW Parque Yo Amo a Siloe,20,MR76,False,Laboral,Viernes,3.4205,-7.655.686,25,6140732,"511,8"
2024-03-02,URBANA,028_ZW Parque Yo Amo a Siloe,20,MR76,False,Fin de Semana,Sábado,3.4205,-7.655.686,28,24270016,"2358,4"
2024-03-03,URBANA,028_ZW Parque Yo Amo a Siloe,20,MR76,False,Fin de Semana,Domingo,3.4205,-7.655.686,28,20754859,"1489,0"
2024-03-04,URBANA,028_ZW Parque Yo Amo a Siloe,20,MR76,False,Laboral,Lunes,3.4205,-7.655.686,24,11534215,"811,2"
2024-03-05,URBANA,028_ZW Parque Yo Amo a Siloe,20,MR76,False,Laboral,Martes,3.4205,-7.655.686,32,13821045,"1002,8"
2024-03-06,URBANA,028_ZW Parque Yo Amo a Siloe,20,MR76,False,Laboral,Miércoles,3.4205,-7.655.686,29,18057923,"1492,1"
2024-03-07,URBANA,028_ZW Parque Yo Amo a Siloe,20,MR76,False,Laboral,Jueves,3.4205,-7.655.686,34,3422670,"320,4"
2024-03-08,URBANA,028_ZW Parque Yo Amo a Siloe,20,MR76,False,Laboral,Viernes,3.4205,-7.655.686,30,62169,"5,8"
2024-03-09,URBANA,028_ZW Parque Yo Amo a Siloe,20,MR76,False,Fin de Semana,Sábado,3.4205,-7.655.686,48,466963,"47,2"
2024-03-10,URBANA,028_ZW Parque Yo Amo a Siloe,20,MR76,False,Fin de Semana,Domingo,3.4205,-7.655.686,30,8631,"0,9"
2024-03-11,URBANA,028_ZW Parque Yo Amo a Siloe,20,MR76,False,Laboral,Lunes,3.4205,-7.655.686,21,24204,"2,6"
2024-03-12,URBANA,028_ZW Parque Yo Amo a Siloe,20,MR76,False,Laboral,Martes,3.4205,-7.655.686,27,51892,"5,9"
2024-03-13,URBANA,028_ZW Parque Yo Amo a Siloe,20,MR76,False,Laboral,Miércoles,3.4205,-7.655.686,27,8183773,"1105,5"
2024-03-14,URBANA,028_ZW Parque Yo Amo a Siloe,20,MR76,False,Laboral,Jueves,3.4205,-7.655.686,31,23025357,"2373,2"
2024-03-15,URBANA,028_ZW Parque Yo Amo a Siloe,20,MR76,False,Laboral,Viernes,3.4205,-7.655.686,26,18585046,"1426,5"
2024-03-16,URBANA,028_ZW Parque Yo Amo a Siloe,20,MR76,False,Fin de Semana,Sábado,3.4205,-7.655.686,30,11941621,"1055,9"
2024-03-17,URBANA,028_ZW Parque Yo Amo a Siloe,20,MR76,False,Fin de Semana,Domingo,3.4205,-7.655.686,23,15369903,"1186,9"
2024-03-18,URBANA,028_ZW Parque Yo Amo a Siloe,20,MR76,False,Laboral,Lunes,3.4205,-7.655.686,23,13969145,"1163,5"
2024-03-19,URBANA,028_ZW Parque Yo Amo a Siloe,20,MR76,False,Laboral,Martes,3.4205,-7.655.686,21,4524729,"600,3"
2024-03-20,URBANA,028_ZW Parque Yo Amo a Siloe,20,MR76,False,Laboral,Miércoles,3.4205,-7.655.686,18,9740601,"1486,0"
2024-03-21,URBANA,028_ZW Parque Yo Amo a Siloe,20,MR76,False,Laboral,Jueves,3.4205,-7.655.686,26,1082678,"124,0"
2024-03-22,URBANA,028_ZW Parque Yo Amo a Siloe,20,MR76,False,Laboral,Viernes,3.4205,-7.655.686,20,254446,"26,1"
2024-03-23,URBANA,028_ZW Parque Yo Amo a Siloe,20,MR76,False,Fin de Semana,Sábado,3.4205,-7.655.686,31,17992,"2,3"
2024-03-24,URBANA,028_ZW Parque Yo Amo a Siloe,20,MR76,True,Festivo,Domingo,3.4205,-7.655.686,23,17368,"1,9"
2024-03-25,URBANA,028_ZW Parque Yo Amo a Siloe,20,MR76,True,Festivo,Lunes,3.4205,-7.655.686,17,16406,"2,3"
2024-03-26,URBANA,028_ZW Parque Yo Amo a Siloe,20,MR76,False,Laboral,Martes,3.4205,-7.655.686,20,6284717,"807,1"
2024-03-27,URBANA,028_ZW Parque Yo Amo a Siloe,20,MR76,False,Laboral,Miércoles,3.4205,-7.655.686,21,7636635,"945,4"
2024-03-28,URBANA,028_ZW Parque Yo Amo a Siloe,20,MR76,True,Festivo,Jueves,3.4205,-7.655.686,14,1235394,"193,6"
2024-03-29,URBANA,028_ZW Parque Yo Amo a Siloe,20,MR76,True,Festivo,Viernes,3.4205,-7.655.686,20,3011,"0,3"
2024-03-30,URBANA,028_ZW Parque Yo Amo a Siloe,20,MR76,False,Fin de Semana,Sábado,3.4205,-7.655.686,19,10398,"1,7"
2024-03-31,URBANA,028_ZW Parque Yo Amo a Siloe,20,MR76,True,Festivo,Domingo,3.4205,-7.655.686,15,5935,"0,8"
2024-04-01,URBANA,028_ZW Parque Yo Amo a Siloe,20,MR76,False,Laboral,Lunes,3.4205,-7.655.686,22,5432972,"517,9"
2024-04-02,URBANA,028_ZW Parque Yo Amo a Siloe,20,MR76,False,Laboral,Martes,3.4205,-7.655.686,22,7627537,"1084,1"
2024-04-03,URBANA,028_ZW Parque Yo Amo a Siloe,20,MR76,False,Laboral,Miércoles,3.4205,-7.655.686,20,7937721,"881,0"
2024-04-04,URBANA,028_ZW Parque Yo Amo a Siloe,20,MR76,False,Laboral,Jueves,3.4205,-7.655.686,29,35549,"3,1"
2024-04-05,URBANA,028_ZW Parque Yo Amo a Siloe,20,MR76,False,Laboral,Viernes,3.4205,-7.655.686,30,19254,"1,7"
2024-04-06,URBANA,028_ZW Parque Yo Amo a Siloe,20,MR76,False,Fin de Semana,Sábado,3.4205,-7.655.686,25,31777,"2,6"
2024-04-07,URBANA,028_ZW Parque Yo Amo a Siloe,20,MR76,False,Fin de Semana,Domingo,3.4205,-7.655.686,15,6309,"0,5"
2024-04-08,URBANA,028_ZW Parque Yo Amo a Siloe,20,MR76,False,Laboral,Lunes,3.4205,-7.655.686,17,5895,"0,8"
2024-04-09,URBANA,028_ZW Parque Yo Amo a Siloe,20,MR76,False,Laboral,Martes,3.4205,-7.655.686,26,6661,"0,9"
2024-04-10,URBANA,028_ZW Parque Yo Amo a Siloe,20,MR76,False,Laboral,Miércoles,3.4205,-7.655.686,23,20993,"4,9"
2024-04-11,URBANA,028_ZW Parque Yo Amo a Siloe,20,MR76,False,Laboral,Jueves,3.4205,-7.655.686,19,7646,"1,7"
2024-04-12,URBANA,028_ZW Parque Yo Amo a Siloe,20,MR76,False,Laboral,Viernes,3.4205,-7.655.686,18,6775,"1,0"
2024-04-13,URBANA,028_ZW Parque Yo Amo a Siloe,20,MR76,False,Fin de Semana,Sábado,3.4205,-7.655.686,39,14405286,"1693,1"
2024-04-14,URBANA,028_ZW Parque Yo Amo a Siloe,20,MR76,False,Fin de Semana,Domingo,3.4205,-7.655.686,19,6450992,"935,3"
2024-04-15,URBANA,028_ZW Parque Yo Amo a Siloe,20,MR76,False,Laboral,Lunes,3.4205,-7.655.686,18,4593134,"1147,5"
2024-04-16,URBANA,028_ZW Parque Yo Amo a Siloe,20,MR76,False,Laboral,Martes,3.4205,-7.655.686,23,8869,"2,1"
2024-04-17,URBANA,028_ZW Parque Yo Amo a Siloe,20,MR76,False,Laboral,Miércoles,3.4205,-7.655.686,21,3985,"1,1"
2024-04-18,URBANA,028_ZW Parque Yo Amo a Siloe,20,MR76,False,Laboral,Jueves,3.4205,-7.655.686,19,4264,"1,5"
2024-04-19,URBANA,028_ZW Parque Yo Amo a Siloe,20,MR76,False,Laboral,Viernes,3.4205,-7.655.686,14,3520,"0,9"
2024-04-20,URBANA,028_ZW Parque Yo Amo a Siloe,20,MR76,False,Fin de Semana,Sábado,3.4205,-7.655.686,23,6540,"0,8"
2024-04-21,URBANA,028_ZW Parque Yo Amo a Siloe,20,MR76,False,Fin de Semana,Domingo,3.4205,-7.655.686,14,513737,"83,0"
2024-04-22,URBANA,028_ZW Parque Yo Amo a Siloe,20,MR76,False,Laboral,Lunes,3.4205,-7.655.686,10,3409386,"733,0"
2024-04-23,URBANA,028_ZW Parque Yo Amo a Siloe,20,MR76,False,Laboral,Martes,3.4205,-7.655.686,19,9542810,"519,8"
2024-04-24,URBANA,028_ZW Parque Yo Amo a Siloe,20,MR76,False,Laboral,Miércoles,3.4205,-7.655.686,27,12422898,"676,4"
2024-04-25,URBANA,028_ZW Parque Yo Amo a Siloe,20,MR76,False,Laboral,Jueves,3.4205,-7.655.686,24,10229210,"862,0"
2024-04-26,URBANA,028_ZW Parque Yo Amo a Siloe,20,MR76,False,Laboral,Viernes,3.4205,-7.655.686,15,4865240,"485,5"
2024-04-27,URBANA,028_ZW Parque Yo Amo a Siloe,20,MR76,False,Fin de Semana,Sábado,3.4205,-7.655.686,23,3869604,"317,2"
2024-04-28,URBANA,028_ZW Parque Yo Amo a Siloe,20,MR76,False,Fin de Semana,Domingo,3.4205,-7.655.686,20,12853,"1,7"
2024-04-29,URBANA,028_ZW Parque Yo Amo a Siloe,20,MR76,False,Laboral,Lunes,3.4205,-7.655.686,20,5011,"0,6"
2024-04-30,URBANA,028_ZW Parque Yo Amo a Siloe,20,MR76,False,Laboral,Martes,3.4205,-7.655.686,23,1533906,"243,5"
2024-05-01,URBANA,028_ZW Parque Yo Amo a Siloe,20,MR76,True,Festivo,Miércoles,3.4205,-7.655.686,23,7291,"1,4"
2024-05-02,URBANA,028_ZW Parque Yo Amo a Siloe,20,MR76,False,Laboral,Jueves,3.4205,-7.655.686,21,6278,"1,2"
2024-05-03,URBANA,028_ZW Parque Yo Amo a Siloe,20,MR76,False,Laboral,Viernes,3.4205,-7.655.686,14,2365,"0,5"
2024-05-04,URBANA,028_ZW Parque Yo Amo a Siloe,20,MR76,False,Fin de Semana,Sábado,3.4205,-7.655.686,26,928774,"128,6"
2024-05-05,URBANA,028_ZW Parque Yo Amo a Siloe,20,MR76,False,Fin de Semana,Domingo,3.4205,-7.655.686,18,13346,"2,2"
2024-05-06,URBANA,028_ZW Parque Yo Amo a Siloe,20,MR76,False,Laboral,Lunes,3.4205,-7.655.686,18,5321742,"1113,7"
2024-05-07,URBANA,028_ZW Parque Yo Amo a Siloe,20,MR76,False,Laboral,Martes,3.4205,-7.655.686,19,8951710,"1476,4"
2024-05-08,URBANA,028_ZW Parque Yo Amo a Siloe,20,MR76,False,Laboral,Miércoles,3.4205,-7.655.686,24,10710347,"1352,0"
2024-05-09,URBANA,028_ZW Parque Yo Amo a Siloe,20,MR76,False,Laboral,Jueves,3.4205,-7.655.686,20,10869694,"1233,6"
2024-05-10,URBANA,028_ZW Parque Yo Amo a Siloe,20,MR76,False,Laboral,Viernes,3.4205,-7.655.686,21,8841948,"1120,7"
2024-05-11,URBANA,028_ZW Parque Yo Amo a Siloe,20,MR76,False,Fin de Semana,Sábado,3.4205,-7.655.686,27,8453751,"1134,5"
2024-05-12,URBANA,028_ZW Parque Yo Amo a Siloe,20,MR76,False,Fin de Semana,Domingo,3.4205,-7.655.686,26,30268,"7,3"
2024-05-13,URBANA,028_ZW Parque Yo Amo a Siloe,20,MR76,True,Festivo,Lunes,3.4205,-7.655.686,14,24169,"4,3"
2024-05-14,URBANA,028_ZW Parque Yo Amo a Siloe,20,MR76,False,Laboral,Martes,3.4205,-7.655.686,13,970347,"447,6"
2024-05-15,URBANA,028_ZW Parque Yo Amo a Siloe,20,MR76,False,Laboral,Miércoles,3.4205,-7.655.686,22,15575887,"2520,6"
2024-05-16,URBANA,028_ZW Parque Yo Amo a Siloe,20,MR76,False,Laboral,Jueves,3.4205,-7.655.686,23,2325590,"285,0"
2024-05-17,URBANA,028_ZW Parque Yo Amo a Siloe,20,MR76,False,Laboral,Viernes,3.4205,-7.655.686,19,9468818,"910,8"
2024-05-18,URBANA,028_ZW Parque Yo Amo a Siloe,20,MR76,False,Fin de Semana,Sábado,3.4205,-7.655.686,21,14346823,"1306,9"
2024-05-19,URBANA,028_ZW Parque Yo Amo a Siloe,20,MR76,False,Fin de Semana,Domingo,3.4205,-7.655.686,29,17953347,"1535,3"
2024-05-20,URBANA,028_ZW Parque Yo Amo a Siloe,20,MR76,False,Laboral,Lunes,3.4205,-7.655.686,26,11638624,"1653,1"
2024-05-21,URBANA,028_ZW Parque Yo Amo a Siloe,20,MR76,False,Laboral,Martes,3.4205,-7.655.686,24,16466935,"2120,1"
2024-05-22,URBANA,028_ZW Parque Yo Amo a Siloe,20,MR76,False,Laboral,Miércoles,3.4205,-7.655.686,28,107925,"41,9"
2024-05-23,URBANA,028_ZW Parque Yo Amo a Siloe,20,MR76,False,Laboral,Jueves,3.4205,-7.655.686,17,7553,"1,4"
2024-05-24,URBANA,028_ZW Parque Yo Amo a Siloe,20,MR76,False,Laboral,Viernes,3.4205,-7.655.686,20,30353,"6,4"
2024-05-25,URBANA,028_ZW Parque Yo Amo a Siloe,20,MR76,False,Fin de Semana,Sábado,3.4205,-7.655.686,18,4898687,"687,7"
2024-05-26,URBANA,028_ZW Parque Yo Amo a Siloe,20,MR76,False,Fin de Semana,Domingo,3.4205,-7.655.686,20,4662008,"674,7"
2024-05-27,URBANA,028_ZW Parque Yo Amo a Siloe,20,MR76,False,Laboral,Lunes,3.4205,-7.655.686,16,1968512,"231,5"
2024-05-28,URBANA,028_ZW Parque Yo Amo a Siloe,20,MR76,False,Laboral,Martes,3.4205,-7.655.686,19,11235085,"1508,6"
2024-05-29,URBANA,028_ZW Parque Yo Amo a Siloe,20,MR76,False,Laboral,Miércoles,3.4205,-7.655.686,22,11282190,"2255,5"
2024-05-30,URBANA,028_ZW Parque Yo Amo a Siloe,20,MR76,False,Laboral,Jueves,3.4205,-7.655.686,21,11555942,"965,7"
2024-05-31,URBANA,028_ZW Parque Yo Amo a Siloe,20,MR76,False,Laboral,Viernes,3.4205,-7.655.686,18,11286983,"1214,0"
2024-06-01,URBANA,028_ZW Parque Yo Amo a Siloe,20,MR76,False,Fin de Semana,Sábado,3.4205,-7.655.686,20,10443959,"1043,2"
2024-06-02,URBANA,028_ZW Parque Yo Amo a Siloe,20,MR76,False,Fin de Semana,Domingo,3.4205,-7.655.686,25,18532992,"1890,8"
2024-06-03,URBANA,028_ZW Parque Yo Amo a Siloe,20,MR76,True,Festivo,Lunes,3.4205,-7.655.686,20,18000485,"2598,3"
2024-06-04,URBANA,028_ZW Parque Yo Amo a Siloe,20,MR76,False,Laboral,Martes,3.4205,-7.655.686,26,12666476,"2786,1"
2024-06-05,URBANA,028_ZW Parque Yo Amo a Siloe,20,MR76,False,Laboral,Miércoles,3.4205,-7.655.686,23,9381076,"3284,3"
2024-06-06,URBANA,028_ZW Parque Yo Amo a Siloe,20,MR76,False,Laboral,Jueves,3.4205,-7.655.686,23,8540263,"1399,2"
2024-06-07,URBANA,028_ZW Parque Yo Amo a Siloe,20,MR76,False,Laboral,Viernes,3.4205,-7.655.686,24,2016620,"419,3"
2024-06-08,URBANA,028_ZW Parque Yo Amo a Siloe,20,MR76,False,Fin de Semana,Sábado,3.4205,-7.655.686,32,20160,"6,4"
2024-06-09,URBANA,028_ZW Parque Yo Amo a Siloe,20,MR76,False,Fin de Semana,Domingo,3.4205,-7.655.686,23,13265,"4,6"
2024-06-10,URBANA,028_ZW Parque Yo Amo a Siloe,20,MR76,True,Festivo,Lunes,3.4205,-7.655.686,17,6434183,"1180,5"
2024-06-11,URBANA,028_ZW Parque Yo Amo a Siloe,20,MR76,False,Laboral,Martes,3.4205,-7.655.686,20,11246944,"1796,3"
2024-06-12,URBANA,028_ZW Parque Yo Amo a Siloe,20,MR76,False,Laboral,Miércoles,3.4205,-7.655.686,20,12433510,"1676,5"
2024-06-13,URBANA,028_ZW Parque Yo Amo a Siloe,20,MR76,False,Laboral,Jueves,3.4205,-7.655.686,23,4721033,"91913496900,0"
2024-06-14,URBANA,028_ZW Parque Yo Amo a Siloe,20,MR76,False,Laboral,Viernes,3.4205,-7.655.686,18,115581,"3473905200,0"
2024-06-15,URBANA,028_ZW Parque Yo Amo a Siloe,20,MR76,False,Fin de Semana,Sábado,3.4205,-7.655.686,17,11550805,"20722442700,0"
2024-06-16,URBANA,028_ZW Parque Yo Amo a Siloe,20,MR76,False,Fin de Semana,Domingo,3.4205,-7.655.686,18,8279786,"14847231800,0"
2024-06-17,URBANA,028_ZW Parque Yo Amo a Siloe,20,MR76,False,Laboral,Lunes,3.4205,-7.655.686,27,17241943,"2759,2"
2024-06-18,URBANA,028_ZW Parque Yo Amo a Siloe,20,MR76,False,Laboral,Martes,3.4205,-7.655.686,30,9715755,"1534,7"
2024-06-19,URBANA,028_ZW Parque Yo Amo a Siloe,20,MR76,False,Laboral,Miércoles,3.4205,-7.655.686,22,3968983,"563,0"
2024-06-20,URBANA,028_ZW Parque Yo Amo a Siloe,20,MR76,False,Laboral,Jueves,3.4205,-7.655.686,29,18977,"3,8"
2024-06-21,URBANA,028_ZW Parque Yo Amo a Siloe,20,MR76,False,Laboral,Viernes,3.4205,-7.655.686,23,2580640,"443,4"
2024-06-22,URBANA,028_ZW Parque Yo Amo a Siloe,20,MR76,False,Fin de Semana,Sábado,3.4205,-7.655.686,32,12316846,"2330,4"
2024-06-23,URBANA,028_ZW Parque Yo Amo a Siloe,20,MR76,False,Fin de Semana,Domingo,3.4205,-7.655.686,18,3765002,"1477,8"
2024-06-24,URBANA,028_ZW Parque Yo Amo a Siloe,20,MR76,False,Laboral,Lunes,3.4205,-7.655.686,20,4688970,"898,0"
2024-06-25,URBANA,028_ZW Parque Yo Amo a Siloe,20,MR76,False,Laboral,Martes,3.4205,-7.655.686,21,3120468,"773,1"
2024-06-26,URBANA,028_ZW Parque Yo Amo a Siloe,20,MR76,False,Laboral,Miércoles,3.4205,-7.655.686,31,4485364,"1158,3"
2024-06-27,URBANA,028_ZW Parque Yo Amo a Siloe,20,MR76,False,Laboral,Jueves,3.4205,-7.655.686,22,2970281,"883,9"
2024-06-28,URBANA,028_ZW Parque Yo Amo a Siloe,20,MR76,False,Laboral,Viernes,3.4205,-7.655.686,22,9415912,"1619,7"
2024-06-29,URBANA,028_ZW Parque Yo Amo a Siloe,20,MR76,False,Fin de Semana,Sábado,3.4205,-7.655.686,29,13587199,"2303,9"
2024-06-30,URBANA,028_ZW Parque Yo Amo a Siloe,20,MR76,False,Fin de Semana,Domingo,3.4205,-7.655.686,67,389013,"83,6"
2024-07-01,URBANA,028_ZW Parque Yo Amo a Siloe,20,MR76,True,Festivo,Lunes,3.4205,-7.655.686,27,34344,"4,77"
2024-07-02,URBANA,028_ZW Parque Yo Amo a Siloe,20,MR76,False,Laboral,Martes,3.4205,-7.655.686,24,1817174,"195,73"
2024-07-03,URBANA,028_ZW Parque Yo Amo a Siloe,20,MR76,False,Laboral,Miércoles,3.4205,-7.655.686,16,3392229,"403,46"
2024-07-04,URBANA,028_ZW Parque Yo Amo a Siloe,20,MR76,False,Laboral,Jueves,3.4205,-7.655.686,20,2687622,"338,69"
2024-07-05,URBANA,028_ZW Parque Yo Amo a Siloe,20,MR76,False,Laboral,Viernes,3.4205,-7.655.686,21,7680486,"901,47"
2024-07-06,URBANA,028_ZW Parque Yo Amo a Siloe,20,MR76,False,Fin de Semana,Sábado,3.4205,-7.655.686,30,10535648,"1251,58"
2024-07-07,URBANA,028_ZW Parque Yo Amo a Siloe,20,MR76,False,Fin de Semana,Domingo,3.4205,-7.655.686,23,14309476,"1621,94"
2024-07-08,URBANA,028_ZW Parque Yo Amo a Siloe,20,MR76,False,Laboral,Lunes,3.4205,-7.655.686,28,257957,"46,43"
2024-07-09,URBANA,028_ZW Parque Yo Amo a Siloe,20,MR76,False,Laboral,Martes,3.4205,-7.655.686,24,27210,"4,69"
2024-07-10,URBANA,028_ZW Parque Yo Amo a Siloe,20,MR76,False,Laboral,Miércoles,3.4205,-7.655.686,25,9829,"1,42"
2024-07-11,URBANA,028_ZW Parque Yo Amo a Siloe,20,MR76,False,Laboral,Jueves,3.4205,-7.655.686,31,293046,"39,71"
2024-07-12,URBANA,028_ZW Parque Yo Amo a Siloe,20,MR76,False,Laboral,Viernes,3.4205,-7.655.686,22,13101,"2,07"
2024-07-13,URBANA,028_ZW Parque Yo Amo a Siloe,20,MR76,False,Fin de Semana,Sábado,3.4205,-7.655.686,40,314225,"44,6"
2024-07-14,URBANA,028_ZW Parque Yo Amo a Siloe,20,MR76,False,Fin de Semana,Domingo,3.4205,-7.655.686,21,3763,"0,59"
2024-07-15,URBANA,028_ZW Parque Yo Amo a Siloe,20,MR76,False,Laboral,Lunes,3.4205,-7.655.686,22,6725,"1,2"
2024-07-16,URBANA,028_ZW Parque Yo Amo a Siloe,20,MR76,False,Laboral,Martes,3.4205,-7.655.686,22,9983,"1,59"
2024-07-17,URBANA,028_ZW Parque Yo Amo a Siloe,20,MR76,False,Laboral,Miércoles,3.4205,-7.655.686,21,15677,"3,46"
2024-07-18,URBANA,028_ZW Parque Yo Amo a Siloe,20,MR76,False,Laboral,Jueves,3.4205,-7.655.686,20,2525510,"423,86"
2024-07-19,URBANA,028_ZW Parque Yo Amo a Siloe,20,MR76,False,Laboral,Viernes,3.4205,-7.655.686,22,9713525,"1353,48"
2024-07-20,URBANA,028_ZW Parque Yo Amo a Siloe,20,MR76,True,Festivo,Sábado,3.4205,-7.655.686,29,9313722,"1195,86"
2024-07-21,URBANA,028_ZW Parque Yo Amo a Siloe,20,MR76,False,Fin de Semana,Domingo,3.4205,-7.655.686,26,13816,"2,11"
2024-07-22,URBANA,028_ZW Parque Yo Amo a Siloe,20,MR76,False,Laboral,Lunes,3.4205,-7.655.686,24,4649412,"668,97"
2024-07-23,URBANA,028_ZW Parque Yo Amo a Siloe,20,MR76,False,Laboral,Martes,3.4205,-7.655.686,27,4370812,"630,98"
2024-07-24,URBANA,028_ZW Parque Yo Amo a Siloe,20,MR76,False,Laboral,Miércoles,3.4205,-7.655.686,27,1018401,"161,12"
2024-07-25,URBANA,028_ZW Parque Yo Amo a Siloe,20,MR76,False,Laboral,Jueves,3.4205,-7.655.686,36,173320,"27,41"
2024-07-26,URBANA,028_ZW Parque Yo Amo a Siloe,20,MR76,False,Laboral,Viernes,3.4205,-7.655.686,22,1029602,"135,61"
2024-07-27,URBANA,028_ZW Parque Yo Amo a Siloe,20,MR76,False,Fin de Semana,Sábado,3.4205,-7.655.686,24,15162898,"2593,27"
2024-07-28,URBANA,028_ZW Parque Yo Amo a Siloe,20,MR76,False,Fin de Semana,Domingo,3.4205,-7.655.686,33,5588875,"1182,67"
2024-07-29,URBANA,028_ZW Parque Yo Amo a Siloe,20,MR76,False,Laboral,Lunes,3.4205,-7.655.686,21,268355,"43,03"
2024-07-30,URBANA,028_ZW Parque Yo Amo a Siloe,20,MR76,False,Laboral,Martes,3.4205,-7.655.686,23,100647,"14,71"
2024-07-31,URBANA,028_ZW Parque Yo Amo a Siloe,20,MR76,False,Laboral,Miércoles,3.4205,-7.655.686,26,842411,"139,93"
2024-08-01,URBANA,028_ZW Parque Yo Amo a Siloe,20,MR76,False,Laboral,Jueves,3.4205,-7.655.686,25,483128,"72,1"
2024-08-02,URBANA,028_ZW Parque Yo Amo a Siloe,20,MR76,False,Laboral,Viernes,3.4205,-7.655.686,23,7374,"1,23"
2024-08-03,URBANA,028_ZW Parque Yo Amo a Siloe,20,MR76,False,Fin de Semana,Sábado,3.4205,-7.655.686,23,4206407,"857,04"
2024-08-04,URBANA,028_ZW Parque Yo Amo a Siloe,20,MR76,False,Fin de Semana,Domingo,3.4205,-7.655.686,30,10158222,"1619,6"
2024-08-05,URBANA,028_ZW Parque Yo Amo a Siloe,20,MR76,False,Laboral,Lunes,3.4205,-7.655.686,19,17779850,"2569,12"
2024-08-06,URBANA,028_ZW Parque Yo Amo a Siloe,20,MR76,False,Laboral,Martes,3.4205,-7.655.686,25,7744955,"745,65"
2024-08-07,URBANA,028_ZW Parque Yo Amo a Siloe,20,MR76,True,Festivo,Miércoles,3.4205,-7.655.686,54,5671464,"674,63"
2024-08-08,URBANA,028_ZW Parque Yo Amo a Siloe,20,MR76,False,Laboral,Jueves,3.4205,-7.655.686,27,14115,"1,77"
2024-08-09,URBANA,028_ZW Parque Yo Amo a Siloe,20,MR76,False,Laboral,Viernes,3.4205,-7.655.686,23,5901,"1,09"
2024-08-10,URBANA,028_ZW Parque Yo Amo a Siloe,20,MR76,False,Fin de Semana,Sábado,3.4205,-7.655.686,34,12721,"2,41"
2024-08-11,URBANA,028_ZW Parque Yo Amo a Siloe,20,MR76,False,Fin de Semana,Domingo,3.4205,-7.655.686,29,698029,"121,14"
2024-08-12,URBANA,028_ZW Parque Yo Amo a Siloe,20,MR76,False,Laboral,Lunes,3.4205,-7.655.686,20,201855,"43,27"
2024-08-13,URBANA,028_ZW Parque Yo Amo a Siloe,20,MR76,False,Laboral,Martes,3.4205,-7.655.686,24,84852,"9,6"
2024-08-14,URBANA,028_ZW Parque Yo Amo a Siloe,20,MR76,False,Laboral,Miércoles,3.4205,-7.655.686,18,8383049,"1112,61"
2024-08-15,URBANA,028_ZW Parque Yo Amo a Siloe,20,MR76,False,Laboral,Jueves,3.4205,-7.655.686,20,8979586,"1348,12"
2024-08-16,URBANA,028_ZW Parque Yo Amo a Siloe,20,MR76,False,Laboral,Viernes,3.4205,-7.655.686,21,14065605,"1916,44"
2024-08-17,URBANA,028_ZW Parque Yo Amo a Siloe,20,MR76,False,Fin de Semana,Sábado,3.4205,-7.655.686,26,15981410,"2317,92"
2024-08-18,URBANA,028_ZW Parque Yo Amo a Siloe,20,MR76,False,Fin de Semana,Domingo,3.4205,-7.655.686,31,806201,"122,0"
2024-08-19,URBANA,028_ZW Parque Yo Amo a Siloe,20,MR76,True,Festivo,Lunes,3.4205,-7.655.686,20,13402,"1,84"
2024-08-20,URBANA,028_ZW Parque Yo Amo a Siloe,20,MR76,False,Laboral,Martes,3.4205,-7.655.686,29,625855,"154,95"
2024-08-21,URBANA,028_ZW Parque Yo Amo a Siloe,20,MR76,False,Laboral,Miércoles,3.4205,-7.655.686,27,8261,"2,41"
2024-10-25,URBANA,028_ZW Parque Yo Amo a Siloe,20,MR76,False,Laboral,Viernes,3.4205,-7.655.686,35,4036330,"901,65"
2024-10-26,URBANA,028_ZW Parque Yo Amo a Siloe,20,MR76,False,Fin de Semana,Sábado,3.4205,-7.655.686,20,2709515,"350,87"
2024-10-27,URBANA,028_ZW Parque Yo Amo a Siloe,20,MR76,False,Fin de Semana,Domingo,3.4205,-7.655.686,37,11489032,"1154,12"
2024-10-28,URBANA,028_ZW Parque Yo Amo a Siloe,20,MR76,False,Laboral,Lunes,3.4205,-7.655.686,19,9211547,"1529,69"
2024-10-29,URBANA,028_ZW Parque Yo Amo a Siloe,20,MR76,False,Laboral,Martes,3.4205,-7.655.686,20,508535,"80,21"
2024-10-30,URBANA,028_ZW Parque Yo Amo a Siloe,20,MR76,False,Laboral,Miércoles,3.4205,-7.655.686,25,37227,"7,6"
2024-10-31,URBANA,028_ZW Parque Yo Amo a Siloe,20,MR76,False,Laboral,Jueves,3.4205,-7.655.686,19,11743,"2,5"
2024-11-01,URBANA,028_ZW Parque Yo Amo a Siloe,20,MR76,False,Laboral,Viernes,3.4205,-7.655.686,28,8897935,"1609,06"
2024-11-02,URBANA,028_ZW Parque Yo Amo a Siloe,20,MR76,False,Fin de Semana,Sábado,3.4205,-7.655.686,19,9537063,"1534,84"
2024-11-03,URBANA,028_ZW Parque Yo Amo a Siloe,20,MR76,False,Fin de Semana,Domingo,3.4205,-7.655.686,22,11135195,"1892,91"
2024-11-04,URBANA,028_ZW Parque Yo Amo a Siloe,20,MR76,True,Festivo,Lunes,3.4205,-7.655.686,23,22127252,"3335,49"
2024-11-05,URBANA,028_ZW Parque Yo Amo a Siloe,20,MR76,False,Laboral,Martes,3.4205,-7.655.686,29,6978017,"955,62"
2024-11-06,URBANA,028_ZW Parque Yo Amo a Siloe,20,MR76,False,Laboral,Miércoles,3.4205,-7.655.686,14,4070825,"650,12"
2024-11-07,URBANA,028_ZW Parque Yo Amo a Siloe,20,MR76,False,Laboral,Jueves,3.4205,-7.655.686,24,10224251,"1149,63"
2024-11-08,URBANA,028_ZW Parque Yo Amo a Siloe,20,MR76,False,Laboral,Viernes,3.4205,-7.655.686,22,9964637,"805,78"
2024-11-09,URBANA,028_ZW Parque Yo Amo a Siloe,20,MR76,False,Fin de Semana,Sábado,3.4205,-7.655.686,40,30172885,"1812,06"
2024-11-10,URBANA,028_ZW Parque Yo Amo a Siloe,20,MR76,False,Fin de Semana,Domingo,3.4205,-7.655.686,35,27040573,"1395,87"
2024-11-11,URBANA,028_ZW Parque Yo Amo a Siloe,20,MR76,True,Festivo,Lunes,3.4205,-7.655.686,26,27824803,"1584,35"
2024-11-12,URBANA,028_ZW Parque Yo Amo a Siloe,20,MR76,False,Laboral,Martes,3.4205,-7.655.686,29,19475527,"1018,88"
2024-11-13,URBANA,028_ZW Parque Yo Amo a Siloe,20,MR76,False,Laboral,Miércoles,3.4205,-7.655.686,32,13104215,"808,85"
2024-11-14,URBANA,028_ZW Parque Yo Amo a Siloe,20,MR76,False,Laboral,Jueves,3.4205,-7.655.686,25,10837355,"564,53"
2024-11-15,URBANA,028_ZW Parque Yo Amo a Siloe,20,MR76,False,Laboral,Viernes,3.4205,-7.655.686,30,6929868,"380,42"
2024-11-16,URBANA,028_ZW Parque Yo Amo a Siloe,20,MR76,False,Fin de Semana,Sábado,3.4205,-7.655.686,26,7193234,"390,66"
2024-11-17,URBANA,028_ZW Parque Yo Amo a Siloe,20,MR76,False,Fin de Semana,Domingo,3.4205,-7.655.686,27,7308330,"425,41"
2024-11-18,URBANA,028_ZW Parque Yo Amo a Siloe,20,MR76,False,Laboral,Lunes,3.4205,-7.655.686,19,11717683,"728,97"
2024-11-19,URBANA,028_ZW Parque Yo Amo a Siloe,20,MR76,False,Laboral,Martes,3.4205,-7.655.686,22,10448156,"653,98"
2024-11-20,URBANA,028_ZW Parque Yo Amo a Siloe,20,MR76,False,Laboral,Miércoles,3.4205,-7.655.686,23,5808044,"304,36"
2024-11-21,URBANA,028_ZW Parque Yo Amo a Siloe,20,MR76,False,Laboral,Jueves,3.4205,-7.655.686,19,6017583,"333,27"
2024-11-22,URBANA,028_ZW Parque Yo Amo a Siloe,20,MR76,False,Laboral,Viernes,3.4205,-7.655.686,34,8700970,"431,01"
2024-11-23,URBANA,028_ZW Parque Yo Amo a Siloe,20,MR76,False,Fin de Semana,Sábado,3.4205,-7.655.686,22,8000869,"417,49"
2024-11-24,URBANA,028_ZW Parque Yo Amo a Siloe,20,MR76,False,Fin de Semana,Domingo,3.4205,-7.655.686,14,2544072,"343,62"
2024-11-25,URBANA,028_ZW Parque Yo Amo a Siloe,20,MR76,False,Laboral,Lunes,3.4205,-7.655.686,2,1055758,"256,71"
2024-11-26,URBANA,028_ZW Parque Yo Amo a Siloe,20,MR76,False,Laboral,Martes,3.4205,-7.655.686,14,3732689,"473,98"
2024-11-27,URBANA,028_ZW Parque Yo Amo a Siloe,20,MR76,False,Laboral,Miércoles,3.4205,-7.655.686,21,10009346,"515,39"
2024-11-28,URBANA,028_ZW Parque Yo Amo a Siloe,20,MR76,False,Laboral,Jueves,3.4205,-7.655.686,20,3443866,"163,56"
2024-11-29,URBANA,028_ZW Parque Yo Amo a Siloe,20,MR76,False,Laboral,Viernes,3.4205,-7.655.686,26,1818485,"81,82"
2024-11-30,URBANA,028_ZW Parque Yo Amo a Siloe,20,MR76,False,Fin de Semana,Sábado,3.4205,-7.655.686,23,2296389,"100,75"
2024-12-01,URBANA,028_ZW Parque Yo Amo a Siloe,20,MR76,False,Fin de Semana,Domingo,3.4205,-7.655.686,22,5459736,"225,92"
2024-12-02,URBANA,028_ZW Parque Yo Amo a Siloe,20,MR76,False,Laboral,Lunes,3.4205,-7.655.686,18,4007098,"192,04"
2024-12-03,URBANA,028_ZW Parque Yo Amo a Siloe,20,MR76,False,Laboral,Martes,3.4205,-7.655.686,25,4215790,"225,8"
