﻿FECHA.CONEXION,AREA,NOMBRE.ZONA,COMUNA,MODEL,es_festivo,tipo_dia,dia_semana,LATITUD,LONGITUD,NUMERO.CONEXIONES,USAGE.KB,PORCENTAJE.USO
2024-01-01,URBANA,048_ZW Parque Cien Palos,9,MR76,True,Festivo,Lunes,34.382.524,-765.232.808,43,1432484,"163,9"
2024-01-02,URBANA,048_ZW Parque Cien Palos,9,MR76,False,Laboral,Martes,34.382.524,-765.232.808,35,2909161,"345,6"
2024-01-03,URBANA,048_ZW Parque Cien Palos,9,MR76,False,Laboral,Miércoles,34.382.524,-765.232.808,28,899372,"74,2"
2024-01-04,URBANA,048_ZW Parque Cien Palos,9,MR76,False,Laboral,Jueves,34.382.524,-765.232.808,23,1751096,"165,7"
2024-01-05,URBANA,048_ZW Parque Cien Palos,9,MR76,False,Laboral,Viernes,34.382.524,-765.232.808,31,3001482,"276,9"
2024-01-06,URBANA,048_ZW Parque Cien Palos,9,MR76,False,Fin de Semana,Sábado,34.382.524,-765.232.808,36,3302730,"430,6"
2024-01-07,URBANA,048_ZW Parque Cien Palos,9,MR76,False,Fin de Semana,Domingo,34.382.524,-765.232.808,38,5701345,"568,0"
2024-01-08,URBANA,048_ZW Parque Cien Palos,9,MR76,True,Festivo,Lunes,34.382.524,-765.232.808,37,4879058,"309,5"
2024-01-09,URBANA,048_ZW Parque Cien Palos,9,MR76,False,Laboral,Martes,34.382.524,-765.232.808,49,2081403,"160,6"
2024-01-10,URBANA,048_ZW Parque Cien Palos,9,MR76,False,Laboral,Miércoles,34.382.524,-765.232.808,44,14895,"1,2"
2024-01-11,URBANA,048_ZW Parque Cien Palos,9,MR76,False,Laboral,Jueves,34.382.524,-765.232.808,51,45479,"4,2"
2024-01-12,URBANA,048_ZW Parque Cien Palos,9,MR76,False,Laboral,Viernes,34.382.524,-765.232.808,51,19116,"1,6"
2024-01-13,URBANA,048_ZW Parque Cien Palos,9,MR76,False,Fin de Semana,Sábado,34.382.524,-765.232.808,70,112893,"12,5"
2024-01-14,URBANA,048_ZW Parque Cien Palos,9,MR76,False,Fin de Semana,Domingo,34.382.524,-765.232.808,51,13986,"1,8"
2024-01-15,URBANA,048_ZW Parque Cien Palos,9,MR76,False,Laboral,Lunes,34.382.524,-765.232.808,42,108387,"15,7"
2024-01-16,URBANA,048_ZW Parque Cien Palos,9,MR76,False,Laboral,Martes,34.382.524,-765.232.808,47,8616,"1,0"
2024-01-17,URBANA,048_ZW Parque Cien Palos,9,MR76,False,Laboral,Miércoles,34.382.524,-765.232.808,32,10700,"1,1"
2024-01-18,URBANA,048_ZW Parque Cien Palos,9,MR76,False,Laboral,Jueves,34.382.524,-765.232.808,33,430704,"35,9"
2024-01-19,URBANA,048_ZW Parque Cien Palos,9,MR76,False,Laboral,Viernes,34.382.524,-765.232.808,31,7264,"0,5"
2024-01-20,URBANA,048_ZW Parque Cien Palos,9,MR76,False,Fin de Semana,Sábado,34.382.524,-765.232.808,55,94681,"7,3"
2024-01-21,URBANA,048_ZW Parque Cien Palos,9,MR76,False,Fin de Semana,Domingo,34.382.524,-765.232.808,54,13301,"1,0"
2024-01-22,URBANA,048_ZW Parque Cien Palos,9,MR76,False,Laboral,Lunes,34.382.524,-765.232.808,39,8908,"0,8"
2024-01-23,URBANA,048_ZW Parque Cien Palos,9,MR76,False,Laboral,Martes,34.382.524,-765.232.808,37,3388,"0,3"
2024-01-24,URBANA,048_ZW Parque Cien Palos,9,MR76,False,Laboral,Miércoles,34.382.524,-765.232.808,39,1738660,"139,0"
2024-01-25,URBANA,048_ZW Parque Cien Palos,9,MR76,False,Laboral,Jueves,34.382.524,-765.232.808,42,7823622,"523,4"
2024-01-26,URBANA,048_ZW Parque Cien Palos,9,MR76,False,Laboral,Viernes,34.382.524,-765.232.808,38,2020219,"146,6"
2024-01-27,URBANA,048_ZW Parque Cien Palos,9,MR76,False,Fin de Semana,Sábado,34.382.524,-765.232.808,42,7841789,"631,8"
2024-01-28,URBANA,048_ZW Parque Cien Palos,9,MR76,False,Fin de Semana,Domingo,34.382.524,-765.232.808,36,5037872,"490,1"
2024-01-29,URBANA,048_ZW Parque Cien Palos,9,MR76,False,Laboral,Lunes,34.382.524,-765.232.808,46,2160535,"185,6"
2024-01-30,URBANA,048_ZW Parque Cien Palos,9,MR76,False,Laboral,Martes,34.382.524,-765.232.808,37,540958,"59,8"
2024-01-31,URBANA,048_ZW Parque Cien Palos,9,MR76,False,Laboral,Miércoles,34.382.524,-765.232.808,49,2239775,"214,4"
2024-02-01,URBANA,048_ZW Parque Cien Palos,9,MR76,False,Laboral,Jueves,34.382.524,-765.232.808,41,4505552,"323,9"
2024-02-02,URBANA,048_ZW Parque Cien Palos,9,MR76,False,Laboral,Viernes,34.382.524,-765.232.808,30,1750398,"183,2"
2024-02-03,URBANA,048_ZW Parque Cien Palos,9,MR76,False,Fin de Semana,Sábado,34.382.524,-765.232.808,54,4640665,"261,5"
2024-02-04,URBANA,048_ZW Parque Cien Palos,9,MR76,False,Fin de Semana,Domingo,34.382.524,-765.232.808,33,791690,"49,5"
2024-02-05,URBANA,048_ZW Parque Cien Palos,9,MR76,False,Laboral,Lunes,34.382.524,-765.232.808,31,6632,"0,4"
2024-02-06,URBANA,048_ZW Parque Cien Palos,9,MR76,False,Laboral,Martes,34.382.524,-765.232.808,43,1854328,"124,1"
2024-02-07,URBANA,048_ZW Parque Cien Palos,9,MR76,False,Laboral,Miércoles,34.382.524,-765.232.808,54,1728634,"104,7"
2024-02-08,URBANA,048_ZW Parque Cien Palos,9,MR76,False,Laboral,Jueves,34.382.524,-765.232.808,41,325564,"24,0"
2024-02-09,URBANA,048_ZW Parque Cien Palos,9,MR76,False,Laboral,Viernes,34.382.524,-765.232.808,38,8627,"0,7"
2024-02-10,URBANA,048_ZW Parque Cien Palos,9,MR76,False,Fin de Semana,Sábado,34.382.524,-765.232.808,49,25196,"1,6"
2024-02-11,URBANA,048_ZW Parque Cien Palos,9,MR76,False,Fin de Semana,Domingo,34.382.524,-765.232.808,41,15036,"1,1"
2024-02-12,URBANA,048_ZW Parque Cien Palos,9,MR76,False,Laboral,Lunes,34.382.524,-765.232.808,40,188548,"18,2"
2024-02-13,URBANA,048_ZW Parque Cien Palos,9,MR76,False,Laboral,Martes,34.382.524,-765.232.808,36,6218,"0,7"
2024-02-14,URBANA,048_ZW Parque Cien Palos,9,MR76,False,Laboral,Miércoles,34.382.524,-765.232.808,58,9701,"1,3"
2024-02-15,URBANA,048_ZW Parque Cien Palos,9,MR76,False,Laboral,Jueves,34.382.524,-765.232.808,47,10738,"0,9"
2024-02-16,URBANA,048_ZW Parque Cien Palos,9,MR76,False,Laboral,Viernes,34.382.524,-765.232.808,50,5409,"0,5"
2024-02-18,URBANA,048_ZW Parque Cien Palos,9,MR76,False,Fin de Semana,Domingo,34.382.524,-765.232.808,28,1619318,"125,1"
2024-02-19,URBANA,048_ZW Parque Cien Palos,9,MR76,False,Laboral,Lunes,34.382.524,-765.232.808,33,1597954,"109,0"
2024-02-20,URBANA,048_ZW Parque Cien Palos,9,MR76,False,Laboral,Martes,34.382.524,-765.232.808,42,1321065,"108,2"
2024-02-21,URBANA,048_ZW Parque Cien Palos,9,MR76,False,Laboral,Miércoles,34.382.524,-765.232.808,36,1654100,"143,4"
2024-02-22,URBANA,048_ZW Parque Cien Palos,9,MR76,False,Laboral,Jueves,34.382.524,-765.232.808,50,2446659,"159,8"
2024-02-23,URBANA,048_ZW Parque Cien Palos,9,MR76,False,Laboral,Viernes,34.382.524,-765.232.808,44,3230783,"227,1"
2024-02-24,URBANA,048_ZW Parque Cien Palos,9,MR76,False,Fin de Semana,Sábado,34.382.524,-765.232.808,47,236216,"18,8"
2024-02-25,URBANA,048_ZW Parque Cien Palos,9,MR76,False,Fin de Semana,Domingo,34.382.524,-765.232.808,40,7298,"0,4"
2024-02-26,URBANA,048_ZW Parque Cien Palos,9,MR76,False,Laboral,Lunes,34.382.524,-765.232.808,53,8169,"0,7"
2024-02-27,URBANA,048_ZW Parque Cien Palos,9,MR76,False,Laboral,Martes,34.382.524,-765.232.808,43,2292552,"197,3"
2024-02-28,URBANA,048_ZW Parque Cien Palos,9,MR76,False,Laboral,Miércoles,34.382.524,-765.232.808,36,9342,"0,5"
2024-02-29,URBANA,048_ZW Parque Cien Palos,9,MR76,False,Laboral,Jueves,34.382.524,-765.232.808,50,19159,"2,4"
2024-03-01,URBANA,048_ZW Parque Cien Palos,9,MR76,False,Laboral,Viernes,34.382.524,-765.232.808,42,196348,"16,4"
2024-03-02,URBANA,048_ZW Parque Cien Palos,9,MR76,False,Fin de Semana,Sábado,34.382.524,-765.232.808,38,213673,"20,8"
2024-03-03,URBANA,048_ZW Parque Cien Palos,9,MR76,False,Fin de Semana,Domingo,34.382.524,-765.232.808,56,8991,"0,6"
2024-03-04,URBANA,048_ZW Parque Cien Palos,9,MR76,False,Laboral,Lunes,34.382.524,-765.232.808,51,588416,"41,4"
2024-03-05,URBANA,048_ZW Parque Cien Palos,9,MR76,False,Laboral,Martes,34.382.524,-765.232.808,57,8179,"0,6"
2024-03-06,URBANA,048_ZW Parque Cien Palos,9,MR76,False,Laboral,Miércoles,34.382.524,-765.232.808,48,26845,"2,2"
2024-03-07,URBANA,048_ZW Parque Cien Palos,9,MR76,False,Laboral,Jueves,34.382.524,-765.232.808,68,8024,"0,8"
2024-03-08,URBANA,048_ZW Parque Cien Palos,9,MR76,False,Laboral,Viernes,34.382.524,-765.232.808,60,9935,"0,9"
2024-03-09,URBANA,048_ZW Parque Cien Palos,9,MR76,False,Fin de Semana,Sábado,34.382.524,-765.232.808,61,27679,"2,8"
2024-03-10,URBANA,048_ZW Parque Cien Palos,9,MR76,False,Fin de Semana,Domingo,34.382.524,-765.232.808,55,2387594,"250,2"
2024-03-11,URBANA,048_ZW Parque Cien Palos,9,MR76,False,Laboral,Lunes,34.382.524,-765.232.808,42,1658578,"176,5"
2024-03-12,URBANA,048_ZW Parque Cien Palos,9,MR76,False,Laboral,Martes,34.382.524,-765.232.808,54,905490,"102,7"
2024-03-13,URBANA,048_ZW Parque Cien Palos,9,MR76,False,Laboral,Miércoles,34.382.524,-765.232.808,57,26411,"3,6"
2024-03-14,URBANA,048_ZW Parque Cien Palos,9,MR76,False,Laboral,Jueves,34.382.524,-765.232.808,39,4472,"0,5"
2024-03-15,URBANA,048_ZW Parque Cien Palos,9,MR76,False,Laboral,Viernes,34.382.524,-765.232.808,72,15730,"1,2"
2024-03-16,URBANA,048_ZW Parque Cien Palos,9,MR76,False,Fin de Semana,Sábado,34.382.524,-765.232.808,72,14131,"1,2"
2024-03-17,URBANA,048_ZW Parque Cien Palos,9,MR76,False,Fin de Semana,Domingo,34.382.524,-765.232.808,51,8961,"0,7"
2024-03-18,URBANA,048_ZW Parque Cien Palos,9,MR76,False,Laboral,Lunes,34.382.524,-765.232.808,61,8987,"0,7"
2024-03-19,URBANA,048_ZW Parque Cien Palos,9,MR76,False,Laboral,Martes,34.382.524,-765.232.808,52,7843,"1,0"
2024-03-20,URBANA,048_ZW Parque Cien Palos,9,MR76,False,Laboral,Miércoles,34.382.524,-765.232.808,44,3277,"0,5"
2024-03-21,URBANA,048_ZW Parque Cien Palos,9,MR76,False,Laboral,Jueves,34.382.524,-765.232.808,67,10437,"1,2"
2024-03-22,URBANA,048_ZW Parque Cien Palos,9,MR76,False,Laboral,Viernes,34.382.524,-765.232.808,73,18874,"1,9"
2024-03-23,URBANA,048_ZW Parque Cien Palos,9,MR76,False,Fin de Semana,Sábado,34.382.524,-765.232.808,62,12960,"1,7"
2024-03-24,URBANA,048_ZW Parque Cien Palos,9,MR76,True,Festivo,Domingo,34.382.524,-765.232.808,64,11791,"1,3"
2024-03-25,URBANA,048_ZW Parque Cien Palos,9,MR76,True,Festivo,Lunes,34.382.524,-765.232.808,40,7779,"1,1"
2024-03-26,URBANA,048_ZW Parque Cien Palos,9,MR76,False,Laboral,Martes,34.382.524,-765.232.808,47,10894,"1,4"
2024-03-27,URBANA,048_ZW Parque Cien Palos,9,MR76,False,Laboral,Miércoles,34.382.524,-765.232.808,51,7483,"0,9"
2024-03-28,URBANA,048_ZW Parque Cien Palos,9,MR76,True,Festivo,Jueves,34.382.524,-765.232.808,47,35083,"5,5"
2024-03-29,URBANA,048_ZW Parque Cien Palos,9,MR76,True,Festivo,Viernes,34.382.524,-765.232.808,34,6445,"0,7"
2024-03-30,URBANA,048_ZW Parque Cien Palos,9,MR76,False,Fin de Semana,Sábado,34.382.524,-765.232.808,44,18133,"2,9"
2024-03-31,URBANA,048_ZW Parque Cien Palos,9,MR76,True,Festivo,Domingo,34.382.524,-765.232.808,27,4997,"0,7"
2024-04-01,URBANA,048_ZW Parque Cien Palos,9,MR76,False,Laboral,Lunes,34.382.524,-765.232.808,44,13546,"1,3"
2024-04-02,URBANA,048_ZW Parque Cien Palos,9,MR76,False,Laboral,Martes,34.382.524,-765.232.808,42,5266,"0,7"
2024-04-03,URBANA,048_ZW Parque Cien Palos,9,MR76,False,Laboral,Miércoles,34.382.524,-765.232.808,46,284810,"31,6"
2024-04-04,URBANA,048_ZW Parque Cien Palos,9,MR76,False,Laboral,Jueves,34.382.524,-765.232.808,49,3108579,"270,4"
2024-04-05,URBANA,048_ZW Parque Cien Palos,9,MR76,False,Laboral,Viernes,34.382.524,-765.232.808,46,1521318,"135,4"
2024-04-06,URBANA,048_ZW Parque Cien Palos,9,MR76,False,Fin de Semana,Sábado,34.382.524,-765.232.808,66,3966899,"329,6"
2024-04-07,URBANA,048_ZW Parque Cien Palos,9,MR76,False,Fin de Semana,Domingo,34.382.524,-765.232.808,57,24979,"2,1"
2024-04-08,URBANA,048_ZW Parque Cien Palos,9,MR76,False,Laboral,Lunes,34.382.524,-765.232.808,48,6227,"0,9"
2024-04-09,URBANA,048_ZW Parque Cien Palos,9,MR76,False,Laboral,Martes,34.382.524,-765.232.808,53,21345,"2,8"
2024-04-10,URBANA,048_ZW Parque Cien Palos,9,MR76,False,Laboral,Miércoles,34.382.524,-765.232.808,51,7315,"1,7"
2024-04-11,URBANA,048_ZW Parque Cien Palos,9,MR76,False,Laboral,Jueves,34.382.524,-765.232.808,44,421239,"95,4"
2024-04-12,URBANA,048_ZW Parque Cien Palos,9,MR76,False,Laboral,Viernes,34.382.524,-765.232.808,62,3499547,"515,4"
2024-04-13,URBANA,048_ZW Parque Cien Palos,9,MR76,False,Fin de Semana,Sábado,34.382.524,-765.232.808,53,3353440,"394,1"
2024-04-14,URBANA,048_ZW Parque Cien Palos,9,MR76,False,Fin de Semana,Domingo,34.382.524,-765.232.808,32,1315344,"190,7"
2024-04-15,URBANA,048_ZW Parque Cien Palos,9,MR76,False,Laboral,Lunes,34.382.524,-765.232.808,43,2141159,"534,9"
2024-04-16,URBANA,048_ZW Parque Cien Palos,9,MR76,False,Laboral,Martes,34.382.524,-765.232.808,52,14045,"3,3"
2024-04-17,URBANA,048_ZW Parque Cien Palos,9,MR76,False,Laboral,Miércoles,34.382.524,-765.232.808,39,6680,"1,8"
2024-04-18,URBANA,048_ZW Parque Cien Palos,9,MR76,False,Laboral,Jueves,34.382.524,-765.232.808,43,8159,"2,8"
2024-04-19,URBANA,048_ZW Parque Cien Palos,9,MR76,False,Laboral,Viernes,34.382.524,-765.232.808,28,5061,"1,2"
2024-04-20,URBANA,048_ZW Parque Cien Palos,9,MR76,False,Fin de Semana,Sábado,34.382.524,-765.232.808,47,18306,"2,3"
2024-04-21,URBANA,048_ZW Parque Cien Palos,9,MR76,False,Fin de Semana,Domingo,34.382.524,-765.232.808,53,39121,"6,3"
2024-04-22,URBANA,048_ZW Parque Cien Palos,9,MR76,False,Laboral,Lunes,34.382.524,-765.232.808,38,17664,"3,8"
2024-04-23,URBANA,048_ZW Parque Cien Palos,9,MR76,False,Laboral,Martes,34.382.524,-765.232.808,48,4139368,"225,5"
2024-04-24,URBANA,048_ZW Parque Cien Palos,9,MR76,False,Laboral,Miércoles,34.382.524,-765.232.808,40,1378432,"75,0"
2024-04-25,URBANA,048_ZW Parque Cien Palos,9,MR76,False,Laboral,Jueves,34.382.524,-765.232.808,34,392357,"33,1"
2024-04-26,URBANA,048_ZW Parque Cien Palos,9,MR76,False,Laboral,Viernes,34.382.524,-765.232.808,26,900258,"89,8"
2024-04-27,URBANA,048_ZW Parque Cien Palos,9,MR76,False,Fin de Semana,Sábado,34.382.524,-765.232.808,50,1572199,"128,9"
2024-04-28,URBANA,048_ZW Parque Cien Palos,9,MR76,False,Fin de Semana,Domingo,34.382.524,-765.232.808,27,2528862,"342,3"
2024-04-29,URBANA,048_ZW Parque Cien Palos,9,MR76,False,Laboral,Lunes,34.382.524,-765.232.808,33,569945,"71,2"
2024-04-30,URBANA,048_ZW Parque Cien Palos,9,MR76,False,Laboral,Martes,34.382.524,-765.232.808,13,7091,"1,1"
2024-05-01,URBANA,048_ZW Parque Cien Palos,9,MR76,True,Festivo,Miércoles,34.382.524,-765.232.808,47,2934369,"558,0"
2024-05-02,URBANA,048_ZW Parque Cien Palos,9,MR76,False,Laboral,Jueves,34.382.524,-765.232.808,36,20452,"4,0"
2024-05-03,URBANA,048_ZW Parque Cien Palos,9,MR76,False,Laboral,Viernes,34.382.524,-765.232.808,32,3591,"0,8"
2024-05-04,URBANA,048_ZW Parque Cien Palos,9,MR76,False,Fin de Semana,Sábado,34.382.524,-765.232.808,57,15421,"2,1"
2024-05-05,URBANA,048_ZW Parque Cien Palos,9,MR76,False,Fin de Semana,Domingo,34.382.524,-765.232.808,52,14116,"2,3"
2024-05-06,URBANA,048_ZW Parque Cien Palos,9,MR76,False,Laboral,Lunes,34.382.524,-765.232.808,56,8673,"1,8"
2024-05-07,URBANA,048_ZW Parque Cien Palos,9,MR76,False,Laboral,Martes,34.382.524,-765.232.808,59,21732,"3,6"
2024-05-08,URBANA,048_ZW Parque Cien Palos,9,MR76,False,Laboral,Miércoles,34.382.524,-765.232.808,25,5981,"0,8"
2024-05-09,URBANA,048_ZW Parque Cien Palos,9,MR76,False,Laboral,Jueves,34.382.524,-765.232.808,37,16290,"1,8"
2024-05-10,URBANA,048_ZW Parque Cien Palos,9,MR76,False,Laboral,Viernes,34.382.524,-765.232.808,42,6290,"0,8"
2024-05-11,URBANA,048_ZW Parque Cien Palos,9,MR76,False,Fin de Semana,Sábado,34.382.524,-765.232.808,41,6370,"0,9"
2024-05-12,URBANA,048_ZW Parque Cien Palos,9,MR76,False,Fin de Semana,Domingo,34.382.524,-765.232.808,40,23177,"5,6"
2024-05-13,URBANA,048_ZW Parque Cien Palos,9,MR76,True,Festivo,Lunes,34.382.524,-765.232.808,48,41716,"7,5"
2024-05-14,URBANA,048_ZW Parque Cien Palos,9,MR76,False,Laboral,Martes,34.382.524,-765.232.808,43,7572,"3,5"
2024-05-15,URBANA,048_ZW Parque Cien Palos,9,MR76,False,Laboral,Miércoles,34.382.524,-765.232.808,30,5766,"0,9"
2024-05-16,URBANA,048_ZW Parque Cien Palos,9,MR76,False,Laboral,Jueves,34.382.524,-765.232.808,46,10654,"1,3"
2024-05-17,URBANA,048_ZW Parque Cien Palos,9,MR76,False,Laboral,Viernes,34.382.524,-765.232.808,46,25195,"2,4"
2024-05-18,URBANA,048_ZW Parque Cien Palos,9,MR76,False,Fin de Semana,Sábado,34.382.524,-765.232.808,44,12722,"1,2"
2024-05-19,URBANA,048_ZW Parque Cien Palos,9,MR76,False,Fin de Semana,Domingo,34.382.524,-765.232.808,49,11103,"0,9"
2024-05-20,URBANA,048_ZW Parque Cien Palos,9,MR76,False,Laboral,Lunes,34.382.524,-765.232.808,36,8758,"1,2"
2024-05-21,URBANA,048_ZW Parque Cien Palos,9,MR76,False,Laboral,Martes,34.382.524,-765.232.808,50,26199,"3,4"
2024-05-22,URBANA,048_ZW Parque Cien Palos,9,MR76,False,Laboral,Miércoles,34.382.524,-765.232.808,39,5478,"2,1"
2024-05-23,URBANA,048_ZW Parque Cien Palos,9,MR76,False,Laboral,Jueves,34.382.524,-765.232.808,57,14654,"2,8"
2024-05-24,URBANA,048_ZW Parque Cien Palos,9,MR76,False,Laboral,Viernes,34.382.524,-765.232.808,36,10617,"2,2"
2024-05-25,URBANA,048_ZW Parque Cien Palos,9,MR76,False,Fin de Semana,Sábado,34.382.524,-765.232.808,38,6412,"0,9"
2024-05-26,URBANA,048_ZW Parque Cien Palos,9,MR76,False,Fin de Semana,Domingo,34.382.524,-765.232.808,35,19286,"2,8"
2024-05-27,URBANA,048_ZW Parque Cien Palos,9,MR76,False,Laboral,Lunes,34.382.524,-765.232.808,33,13792,"1,6"
2024-05-28,URBANA,048_ZW Parque Cien Palos,9,MR76,False,Laboral,Martes,34.382.524,-765.232.808,40,9931,"1,3"
2024-05-29,URBANA,048_ZW Parque Cien Palos,9,MR76,False,Laboral,Miércoles,34.382.524,-765.232.808,30,1447,"0,3"
2024-05-30,URBANA,048_ZW Parque Cien Palos,9,MR76,False,Laboral,Jueves,34.382.524,-765.232.808,52,12792,"1,1"
2024-05-31,URBANA,048_ZW Parque Cien Palos,9,MR76,False,Laboral,Viernes,34.382.524,-765.232.808,50,1396553,"150,2"
2024-06-01,URBANA,048_ZW Parque Cien Palos,9,MR76,False,Fin de Semana,Sábado,34.382.524,-765.232.808,60,987626,"98,7"
2024-06-02,URBANA,048_ZW Parque Cien Palos,9,MR76,False,Fin de Semana,Domingo,34.382.524,-765.232.808,35,471733,"48,1"
2024-06-03,URBANA,048_ZW Parque Cien Palos,9,MR76,True,Festivo,Lunes,34.382.524,-765.232.808,46,14642,"2,1"
2024-06-04,URBANA,048_ZW Parque Cien Palos,9,MR76,False,Laboral,Martes,34.382.524,-765.232.808,50,12829,"2,8"
2024-06-05,URBANA,048_ZW Parque Cien Palos,9,MR76,False,Laboral,Miércoles,34.382.524,-765.232.808,51,9448,"3,3"
2024-06-06,URBANA,048_ZW Parque Cien Palos,9,MR76,False,Laboral,Jueves,34.382.524,-765.232.808,43,6556,"1,1"
2024-06-07,URBANA,048_ZW Parque Cien Palos,9,MR76,False,Laboral,Viernes,34.382.524,-765.232.808,46,5859,"1,2"
2024-06-08,URBANA,048_ZW Parque Cien Palos,9,MR76,False,Fin de Semana,Sábado,34.382.524,-765.232.808,39,6594,"2,1"
2024-06-09,URBANA,048_ZW Parque Cien Palos,9,MR76,False,Fin de Semana,Domingo,34.382.524,-765.232.808,50,6365,"2,2"
2024-06-10,URBANA,048_ZW Parque Cien Palos,9,MR76,True,Festivo,Lunes,34.382.524,-765.232.808,36,853475,"156,6"
2024-06-11,URBANA,048_ZW Parque Cien Palos,9,MR76,False,Laboral,Martes,34.382.524,-765.232.808,49,868350,"138,7"
2024-06-12,URBANA,048_ZW Parque Cien Palos,9,MR76,False,Laboral,Miércoles,34.382.524,-765.232.808,33,1660729,"223,9"
2024-06-13,URBANA,048_ZW Parque Cien Palos,9,MR76,False,Laboral,Jueves,34.382.524,-765.232.808,51,29051,"565592100,0"
2024-06-14,URBANA,048_ZW Parque Cien Palos,9,MR76,False,Laboral,Viernes,34.382.524,-765.232.808,50,499365,"15008925700,0"
2024-06-15,URBANA,048_ZW Parque Cien Palos,9,MR76,False,Fin de Semana,Sábado,34.382.524,-765.232.808,38,1712586,"30724235500,0"
2024-06-16,URBANA,048_ZW Parque Cien Palos,9,MR76,False,Fin de Semana,Domingo,34.382.524,-765.232.808,35,717528,"12866642400,0"
2024-06-17,URBANA,048_ZW Parque Cien Palos,9,MR76,False,Laboral,Lunes,34.382.524,-765.232.808,38,15790,"2,5"
2024-06-18,URBANA,048_ZW Parque Cien Palos,9,MR76,False,Laboral,Martes,34.382.524,-765.232.808,33,3726,"0,6"
2024-06-19,URBANA,048_ZW Parque Cien Palos,9,MR76,False,Laboral,Miércoles,34.382.524,-765.232.808,38,74297,"10,5"
2024-06-20,URBANA,048_ZW Parque Cien Palos,9,MR76,False,Laboral,Jueves,34.382.524,-765.232.808,49,1436224,"287,5"
2024-06-21,URBANA,048_ZW Parque Cien Palos,9,MR76,False,Laboral,Viernes,34.382.524,-765.232.808,56,1197489,"205,7"
2024-06-22,URBANA,048_ZW Parque Cien Palos,9,MR76,False,Fin de Semana,Sábado,34.382.524,-765.232.808,76,821277,"155,4"
2024-06-23,URBANA,048_ZW Parque Cien Palos,9,MR76,False,Fin de Semana,Domingo,34.382.524,-765.232.808,52,18296,"7,2"
2024-06-24,URBANA,048_ZW Parque Cien Palos,9,MR76,False,Laboral,Lunes,34.382.524,-765.232.808,58,8528,"1,6"
2024-06-25,URBANA,048_ZW Parque Cien Palos,9,MR76,False,Laboral,Martes,34.382.524,-765.232.808,57,10700,"2,7"
2024-06-26,URBANA,048_ZW Parque Cien Palos,9,MR76,False,Laboral,Miércoles,34.382.524,-765.232.808,48,10824,"2,8"
2024-06-27,URBANA,048_ZW Parque Cien Palos,9,MR76,False,Laboral,Jueves,34.382.524,-765.232.808,54,8306,"2,5"
2024-06-28,URBANA,048_ZW Parque Cien Palos,9,MR76,False,Laboral,Viernes,34.382.524,-765.232.808,75,26664,"4,6"
2024-06-29,URBANA,048_ZW Parque Cien Palos,9,MR76,False,Fin de Semana,Sábado,34.382.524,-765.232.808,57,7937,"1,3"
2024-06-30,URBANA,048_ZW Parque Cien Palos,9,MR76,False,Fin de Semana,Domingo,34.382.524,-765.232.808,44,1602044,"344,1"
2024-07-01,URBANA,048_ZW Parque Cien Palos,9,MR76,True,Festivo,Lunes,34.382.524,-765.232.808,54,1509792,"209,75"
2024-07-02,URBANA,048_ZW Parque Cien Palos,9,MR76,False,Laboral,Martes,34.382.524,-765.232.808,57,3753390,"404,27"
2024-07-03,URBANA,048_ZW Parque Cien Palos,9,MR76,False,Laboral,Miércoles,34.382.524,-765.232.808,66,10029359,"1192,85"
2024-07-04,URBANA,048_ZW Parque Cien Palos,9,MR76,False,Laboral,Jueves,34.382.524,-765.232.808,49,4724106,"595,33"
2024-07-05,URBANA,048_ZW Parque Cien Palos,9,MR76,False,Laboral,Viernes,34.382.524,-765.232.808,50,871891,"102,34"
2024-07-06,URBANA,048_ZW Parque Cien Palos,9,MR76,False,Fin de Semana,Sábado,34.382.524,-765.232.808,60,16441,"1,95"
2024-07-07,URBANA,048_ZW Parque Cien Palos,9,MR76,False,Fin de Semana,Domingo,34.382.524,-765.232.808,60,11872,"1,35"
2024-07-08,URBANA,048_ZW Parque Cien Palos,9,MR76,False,Laboral,Lunes,34.382.524,-765.232.808,10,281,"0,05"
2024-07-10,URBANA,048_ZW Parque Cien Palos,9,MR76,False,Laboral,Miércoles,34.382.524,-765.232.808,60,1914001,"277,16"
2024-07-11,URBANA,048_ZW Parque Cien Palos,9,MR76,False,Laboral,Jueves,34.382.524,-765.232.808,78,3541175,"479,91"
2024-07-12,URBANA,048_ZW Parque Cien Palos,9,MR76,False,Laboral,Viernes,34.382.524,-765.232.808,54,565991,"89,25"
2024-07-13,URBANA,048_ZW Parque Cien Palos,9,MR76,False,Fin de Semana,Sábado,34.382.524,-765.232.808,74,27726,"3,94"
2024-07-14,URBANA,048_ZW Parque Cien Palos,9,MR76,False,Fin de Semana,Domingo,34.382.524,-765.232.808,51,18476,"2,91"
2024-07-15,URBANA,048_ZW Parque Cien Palos,9,MR76,False,Laboral,Lunes,34.382.524,-765.232.808,58,5703,"1,02"
2024-07-16,URBANA,048_ZW Parque Cien Palos,9,MR76,False,Laboral,Martes,34.382.524,-765.232.808,65,88178,"14,04"
2024-07-17,URBANA,048_ZW Parque Cien Palos,9,MR76,False,Laboral,Miércoles,34.382.524,-765.232.808,59,4917,"1,09"
2024-07-18,URBANA,048_ZW Parque Cien Palos,9,MR76,False,Laboral,Jueves,34.382.524,-765.232.808,69,12680,"2,13"
2024-07-19,URBANA,048_ZW Parque Cien Palos,9,MR76,False,Laboral,Viernes,34.382.524,-765.232.808,60,11132,"1,55"
2024-07-20,URBANA,048_ZW Parque Cien Palos,9,MR76,True,Festivo,Sábado,34.382.524,-765.232.808,63,16164,"2,08"
2024-07-21,URBANA,048_ZW Parque Cien Palos,9,MR76,False,Fin de Semana,Domingo,34.382.524,-765.232.808,49,17677,"2,7"
2024-07-22,URBANA,048_ZW Parque Cien Palos,9,MR76,False,Laboral,Lunes,34.382.524,-765.232.808,55,11789,"1,7"
2024-07-23,URBANA,048_ZW Parque Cien Palos,9,MR76,False,Laboral,Martes,34.382.524,-765.232.808,63,8855,"1,28"
2024-07-24,URBANA,048_ZW Parque Cien Palos,9,MR76,False,Laboral,Miércoles,34.382.524,-765.232.808,69,8586,"1,36"
2024-07-25,URBANA,048_ZW Parque Cien Palos,9,MR76,False,Laboral,Jueves,34.382.524,-765.232.808,86,29338,"4,64"
2024-07-26,URBANA,048_ZW Parque Cien Palos,9,MR76,False,Laboral,Viernes,34.382.524,-765.232.808,81,7895,"1,04"
2024-07-27,URBANA,048_ZW Parque Cien Palos,9,MR76,False,Fin de Semana,Sábado,34.382.524,-765.232.808,71,12410,"2,12"
2024-07-28,URBANA,048_ZW Parque Cien Palos,9,MR76,False,Fin de Semana,Domingo,34.382.524,-765.232.808,71,9978,"2,11"
2024-07-29,URBANA,048_ZW Parque Cien Palos,9,MR76,False,Laboral,Lunes,34.382.524,-765.232.808,62,7681,"1,23"
2024-07-30,URBANA,048_ZW Parque Cien Palos,9,MR76,False,Laboral,Martes,34.382.524,-765.232.808,62,14492,"2,12"
2024-07-31,URBANA,048_ZW Parque Cien Palos,9,MR76,False,Laboral,Miércoles,34.382.524,-765.232.808,75,15505,"2,58"
