DIA_SEMANA_t-7,LABORAL_t-7,FIN_DE_SEMANA_t-7,FESTIVO_t-7,PORCENTAJE.USO_t-7,NUMERO.CONEXIONES_t-7,USAGE.KB_t-7,DIA_SEMANA_t-6,LABORAL_t-6,FIN_DE_SEMANA_t-6,FESTIVO_t-6,PORCENTAJE.USO_t-6,NUMERO.CONEXIONES_t-6,USAGE.KB_t-6,DIA_SEMANA_t-5,LABORAL_t-5,FIN_DE_SEMANA_t-5,FESTIVO_t-5,PORCENTAJE.USO_t-5,NUMERO.CONEXIONES_t-5,USAGE.KB_t-5,DIA_SEMANA_t-4,LABORAL_t-4,FIN_DE_SEMANA_t-4,FESTIVO_t-4,PORCENTAJE.USO_t-4,NUMERO.CONEXIONES_t-4,USAGE.KB_t-4,DIA_SEMANA_t-3,LABORAL_t-3,FIN_DE_SEMANA_t-3,FESTIVO_t-3,PORCENTAJE.USO_t-3,NUMERO.CONEXIONES_t-3,USAGE.KB_t-3,DIA_SEMANA_t-2,LABORAL_t-2,FIN_DE_SEMANA_t-2,FESTIVO_t-2,PORCENTAJE.USO_t-2,NUMERO.CONEXIONES_t-2,USAGE.KB_t-2,DIA_SEMANA_t-1,LABORAL_t-1,FIN_DE_SEMANA_t-1,FESTIVO_t-1,PORCENTAJE.USO_t-1,NUMERO.CONEXIONES_t-1,USAGE.KB_t-1,DIA_SEMANA_t0,LABORAL_t0,FIN_DE_SEMANA_t0,FESTIVO_t0,PORCENTAJE.USO_t0,NUMERO.CONEXIONES_t0,target
0,0,0,1,"0114,222,6",-0.6950354609929078,-0.2814845667297345,1,1,0,0,"2,8123,4216",-0.8085106382978723,-0.0631240021904726,2,1,0,0,"85,12,5",-0.6099290780141844,-0.292751882618484,3,1,0,0,"0825,3",-0.8368794326241135,-0.2726621196009631,4,1,0,0,"0271,5106,1",-0.1560283687943262,0.0355370859181006,5,0,1,0,"0,612,568,5",-0.6099290780141844,-0.2221253668896737,6,0,1,0,"32,8166,5110,8",0.6382978723404256,0.4055116752769238,0,0,0,1,"0606,6310,4",0.4113475177304964,0.7075685754104963
1,1,0,0,"2,8123,4216",-0.8085106382978723,-0.0631240021904726,2,1,0,0,"85,12,5",-0.6099290780141844,-0.292751882618484,3,1,0,0,"0825,3",-0.8368794326241135,-0.2726621196009631,4,1,0,0,"0271,5106,1",-0.1560283687943262,0.0355370859181006,5,0,1,0,"0,612,568,5",-0.6099290780141844,-0.2221253668896737,6,0,1,0,"32,8166,5110,8",0.6382978723404256,0.4055116752769238,0,0,0,1,"0606,6310,4",0.4113475177304964,0.7075685754104963,1,1,0,0,"0,3193,155,4",-0.5531914893617021,-0.2239020835566784
2,1,0,0,"85,12,5",-0.6099290780141844,-0.292751882618484,3,1,0,0,"0825,3",-0.8368794326241135,-0.2726621196009631,4,1,0,0,"0271,5106,1",-0.1560283687943262,0.0355370859181006,5,0,1,0,"0,612,568,5",-0.6099290780141844,-0.2221253668896737,6,0,1,0,"32,8166,5110,8",0.6382978723404256,0.4055116752769238,0,0,0,1,"0606,6310,4",0.4113475177304964,0.7075685754104963,1,1,0,0,"0,3193,155,4",-0.5531914893617021,-0.2239020835566784,2,1,0,0,"28,5302667,5",-0.5815602836879432,0.6771198472464078
3,1,0,0,"0825,3",-0.8368794326241135,-0.2726621196009631,4,1,0,0,"0271,5106,1",-0.1560283687943262,0.0355370859181006,5,0,1,0,"0,612,568,5",-0.6099290780141844,-0.2221253668896737,6,0,1,0,"32,8166,5110,8",0.6382978723404256,0.4055116752769238,0,0,0,1,"0606,6310,4",0.4113475177304964,0.7075685754104963,1,1,0,0,"0,3193,155,4",-0.5531914893617021,-0.2239020835566784,2,1,0,0,"28,5302667,5",-0.5815602836879432,0.6771198472464078,3,1,0,0,"69202,2393,4",-0.2695035460992908,0.3021758404779634
4,1,0,0,"0271,5106,1",-0.1560283687943262,0.0355370859181006,5,0,1,0,"0,612,568,5",-0.6099290780141844,-0.2221253668896737,6,0,1,0,"32,8166,5110,8",0.6382978723404256,0.4055116752769238,0,0,0,1,"0606,6310,4",0.4113475177304964,0.7075685754104963,1,1,0,0,"0,3193,155,4",-0.5531914893617021,-0.2239020835566784,2,1,0,0,"28,5302667,5",-0.5815602836879432,0.6771198472464078,3,1,0,0,"69202,2393,4",-0.2695035460992908,0.3021758404779634,4,1,0,0,"178,612,3736,9",-0.723404255319149,0.1799492076921516
5,0,1,0,"0,612,568,5",-0.6099290780141844,-0.2221253668896737,6,0,1,0,"32,8166,5110,8",0.6382978723404256,0.4055116752769238,0,0,0,1,"0606,6310,4",0.4113475177304964,0.7075685754104963,1,1,0,0,"0,3193,155,4",-0.5531914893617021,-0.2239020835566784,2,1,0,0,"28,5302667,5",-0.5815602836879432,0.6771198472464078,3,1,0,0,"69202,2393,4",-0.2695035460992908,0.3021758404779634,4,1,0,0,"178,612,3736,9",-0.723404255319149,0.1799492076921516,5,0,1,0,"241,6437,6985,7",0.0709219858156028,0.7514530714424378
6,0,1,0,"32,8166,5110,8",0.6382978723404256,0.4055116752769238,0,0,0,1,"0606,6310,4",0.4113475177304964,0.7075685754104963,1,1,0,0,"0,3193,155,4",-0.5531914893617021,-0.2239020835566784,2,1,0,0,"28,5302667,5",-0.5815602836879432,0.6771198472464078,3,1,0,0,"69202,2393,4",-0.2695035460992908,0.3021758404779634,4,1,0,0,"178,612,3736,9",-0.723404255319149,0.1799492076921516,5,0,1,0,"241,6437,6985,7",0.0709219858156028,0.7514530714424378,6,0,1,0,"100,4588,7422,9",0.4680851063829787,0.8351502762719083
0,0,0,1,"0606,6310,4",0.4113475177304964,0.7075685754104963,1,1,0,0,"0,3193,155,4",-0.5531914893617021,-0.2239020835566784,2,1,0,0,"28,5302667,5",-0.5815602836879432,0.6771198472464078,3,1,0,0,"69202,2393,4",-0.2695035460992908,0.3021758404779634,4,1,0,0,"178,612,3736,9",-0.723404255319149,0.1799492076921516,5,0,1,0,"241,6437,6985,7",0.0709219858156028,0.7514530714424378,6,0,1,0,"100,4588,7422,9",0.4680851063829787,0.8351502762719083,0,1,0,0,"664205,1321,9",-0.0425531914893617,0.6743669794947426
1,1,0,0,"0,3193,155,4",-0.5531914893617021,-0.2239020835566784,2,1,0,0,"28,5302667,5",-0.5815602836879432,0.6771198472464078,3,1,0,0,"69202,2393,4",-0.2695035460992908,0.3021758404779634,4,1,0,0,"178,612,3736,9",-0.723404255319149,0.1799492076921516,5,0,1,0,"241,6437,6985,7",0.0709219858156028,0.7514530714424378,6,0,1,0,"100,4588,7422,9",0.4680851063829787,0.8351502762719083,0,1,0,0,"664205,1321,9",-0.0425531914893617,0.6743669794947426,1,1,0,0,"376,6203,7223,4",-0.1843971631205673,0.3941867001225622
2,1,0,0,"28,5302667,5",-0.5815602836879432,0.6771198472464078,3,1,0,0,"69202,2393,4",-0.2695035460992908,0.3021758404779634,4,1,0,0,"178,612,3736,9",-0.723404255319149,0.1799492076921516,5,0,1,0,"241,6437,6985,7",0.0709219858156028,0.7514530714424378,6,0,1,0,"100,4588,7422,9",0.4680851063829787,0.8351502762719083,0,1,0,0,"664205,1321,9",-0.0425531914893617,0.6743669794947426,1,1,0,0,"376,6203,7223,4",-0.1843971631205673,0.3941867001225622,2,1,0,0,"428,7399,652,3",-0.5531914893617021,0.4531593800614839
3,1,0,0,"69202,2393,4",-0.2695035460992908,0.3021758404779634,4,1,0,0,"178,612,3736,9",-0.723404255319149,0.1799492076921516,5,0,1,0,"241,6437,6985,7",0.0709219858156028,0.7514530714424378,6,0,1,0,"100,4588,7422,9",0.4680851063829787,0.8351502762719083,0,1,0,0,"664205,1321,9",-0.0425531914893617,0.6743669794947426,1,1,0,0,"376,6203,7223,4",-0.1843971631205673,0.3941867001225622,2,1,0,0,"428,7399,652,3",-0.5531914893617021,0.4531593800614839,3,1,0,0,"20,9229,61034,6",-0.6666666666666666,0.5149677948373227
4,1,0,0,"178,612,3736,9",-0.723404255319149,0.1799492076921516,5,0,1,0,"241,6437,6985,7",0.0709219858156028,0.7514530714424378,6,0,1,0,"100,4588,7422,9",0.4680851063829787,0.8351502762719083,0,1,0,0,"664205,1321,9",-0.0425531914893617,0.6743669794947426,1,1,0,0,"376,6203,7223,4",-0.1843971631205673,0.3941867001225622,2,1,0,0,"428,7399,652,3",-0.5531914893617021,0.4531593800614839,3,1,0,0,"20,9229,61034,6",-0.6666666666666666,0.5149677948373227,4,1,0,0,"550,6160500,6",-0.1276595744680851,0.3967752824289907
5,0,1,0,"241,6437,6985,7",0.0709219858156028,0.7514530714424378,6,0,1,0,"100,4588,7422,9",0.4680851063829787,0.8351502762719083,0,1,0,0,"664205,1321,9",-0.0425531914893617,0.6743669794947426,1,1,0,0,"376,6203,7223,4",-0.1843971631205673,0.3941867001225622,2,1,0,0,"428,7399,652,3",-0.5531914893617021,0.4531593800614839,3,1,0,0,"20,9229,61034,6",-0.6666666666666666,0.5149677948373227,4,1,0,0,"550,6160500,6",-0.1276595744680851,0.3967752824289907,5,0,1,0,"154,8342,1503",-0.0425531914893617,0.1848230092341748
6,0,1,0,"100,4588,7422,9",0.4680851063829787,0.8351502762719083,0,1,0,0,"664205,1321,9",-0.0425531914893617,0.6743669794947426,1,1,0,0,"376,6203,7223,4",-0.1843971631205673,0.3941867001225622,2,1,0,0,"428,7399,652,3",-0.5531914893617021,0.4531593800614839,3,1,0,0,"20,9229,61034,6",-0.6666666666666666,0.5149677948373227,4,1,0,0,"550,6160500,6",-0.1276595744680851,0.3967752824289907,5,0,1,0,"154,8342,1503",-0.0425531914893617,0.1848230092341748,6,0,1,0,2.1710.876.51,0.8652482269503546,1.621864596341679
0,1,0,0,"664205,1321,9",-0.0425531914893617,0.6743669794947426,1,1,0,0,"376,6203,7223,4",-0.1843971631205673,0.3941867001225622,2,1,0,0,"428,7399,652,3",-0.5531914893617021,0.4531593800614839,3,1,0,0,"20,9229,61034,6",-0.6666666666666666,0.5149677948373227,4,1,0,0,"550,6160500,6",-0.1276595744680851,0.3967752824289907,5,0,1,0,"154,8342,1503",-0.0425531914893617,0.1848230092341748,6,0,1,0,2.1710.876.51,0.8652482269503546,1.621864596341679,0,1,0,0,"0,7339,2100,3",-0.1843971631205673,-0.1483351249235797
1,1,0,0,"376,6203,7223,4",-0.1843971631205673,0.3941867001225622,2,1,0,0,"428,7399,652,3",-0.5531914893617021,0.4531593800614839,3,1,0,0,"20,9229,61034,6",-0.6666666666666666,0.5149677948373227,4,1,0,0,"550,6160500,6",-0.1276595744680851,0.3967752824289907,5,0,1,0,"154,8342,1503",-0.0425531914893617,0.1848230092341748,6,0,1,0,2.1710.876.51,0.8652482269503546,1.621864596341679,0,1,0,0,"0,7339,2100,3",-0.1843971631205673,-0.1483351249235797,1,1,0,0,"44,1268,8532",-0.0992907801418439,1.2640001912317351
2,1,0,0,"428,7399,652,3",-0.5531914893617021,0.4531593800614839,3,1,0,0,"20,9229,61034,6",-0.6666666666666666,0.5149677948373227,4,1,0,0,"550,6160500,6",-0.1276595744680851,0.3967752824289907,5,0,1,0,"154,8342,1503",-0.0425531914893617,0.1848230092341748,6,0,1,0,2.1710.876.51,0.8652482269503546,1.621864596341679,0,1,0,0,"0,7339,2100,3",-0.1843971631205673,-0.1483351249235797,1,1,0,0,"44,1268,8532",-0.0992907801418439,1.2640001912317351,2,1,0,0,"131,5113,9197,3",-0.3829787234042553,0.2879771738846988
3,1,0,0,"20,9229,61034,6",-0.6666666666666666,0.5149677948373227,4,1,0,0,"550,6160500,6",-0.1276595744680851,0.3967752824289907,5,0,1,0,"154,8342,1503",-0.0425531914893617,0.1848230092341748,6,0,1,0,2.1710.876.51,0.8652482269503546,1.621864596341679,0,1,0,0,"0,7339,2100,3",-0.1843971631205673,-0.1483351249235797,1,1,0,0,"44,1268,8532",-0.0992907801418439,1.2640001912317351,2,1,0,0,"131,5113,9197,3",-0.3829787234042553,0.2879771738846988,3,1,0,0,"15,2222,8331",0.0425531914893617,0.1857771396947825
4,1,0,0,"550,6160500,6",-0.1276595744680851,0.3967752824289907,5,0,1,0,"154,8342,1503",-0.0425531914893617,0.1848230092341748,6,0,1,0,2.1710.876.51,0.8652482269503546,1.621864596341679,0,1,0,0,"0,7339,2100,3",-0.1843971631205673,-0.1483351249235797,1,1,0,0,"44,1268,8532",-0.0992907801418439,1.2640001912317351,2,1,0,0,"131,5113,9197,3",-0.3829787234042553,0.2879771738846988,3,1,0,0,"15,2222,8331",0.0425531914893617,0.1857771396947825,4,1,0,0,"0,61717,91060,7",0.3262411347517731,0.927957934813158
5,0,1,0,"154,8342,1503",-0.0425531914893617,0.1848230092341748,6,0,1,0,2.1710.876.51,0.8652482269503546,1.621864596341679,0,1,0,0,"0,7339,2100,3",-0.1843971631205673,-0.1483351249235797,1,1,0,0,"44,1268,8532",-0.0992907801418439,1.2640001912317351,2,1,0,0,"131,5113,9197,3",-0.3829787234042553,0.2879771738846988,3,1,0,0,"15,2222,8331",0.0425531914893617,0.1857771396947825,4,1,0,0,"0,61717,91060,7",0.3262411347517731,0.927957934813158,5,0,1,0,"4312322,817,1",0.3829787234042553,0.0747676969034946
6,0,1,0,2.1710.876.51,0.8652482269503546,1.621864596341679,0,1,0,0,"0,7339,2100,3",-0.1843971631205673,-0.1483351249235797,1,1,0,0,"44,1268,8532",-0.0992907801418439,1.2640001912317351,2,1,0,0,"131,5113,9197,3",-0.3829787234042553,0.2879771738846988,3,1,0,0,"15,2222,8331",0.0425531914893617,0.1857771396947825,4,1,0,0,"0,61717,91060,7",0.3262411347517731,0.927957934813158,5,0,1,0,"4312322,817,1",0.3829787234042553,0.0747676969034946,6,0,1,0,"6271,818252,1",1.0354609929078014,-0.0034321750291918
0,1,0,0,"0,7339,2100,3",-0.1843971631205673,-0.1483351249235797,1,1,0,0,"44,1268,8532",-0.0992907801418439,1.2640001912317351,2,1,0,0,"131,5113,9197,3",-0.3829787234042553,0.2879771738846988,3,1,0,0,"15,2222,8331",0.0425531914893617,0.1857771396947825,4,1,0,0,"0,61717,91060,7",0.3262411347517731,0.927957934813158,5,0,1,0,"4312322,817,1",0.3829787234042553,0.0747676969034946,6,0,1,0,"6271,818252,1",1.0354609929078014,-0.0034321750291918,0,1,0,0,"962,5343162,8",0.0141843971631205,0.4492585424085347
1,1,0,0,"44,1268,8532",-0.0992907801418439,1.2640001912317351,2,1,0,0,"131,5113,9197,3",-0.3829787234042553,0.2879771738846988,3,1,0,0,"15,2222,8331",0.0425531914893617,0.1857771396947825,4,1,0,0,"0,61717,91060,7",0.3262411347517731,0.927957934813158,5,0,1,0,"4312322,817,1",0.3829787234042553,0.0747676969034946,6,0,1,0,"6271,818252,1",1.0354609929078014,-0.0034321750291918,0,1,0,0,"962,5343162,8",0.0141843971631205,0.4492585424085347,1,1,0,0,"300,7574306,5",1.0354609929078014,0.7711925326904856
2,1,0,0,"131,5113,9197,3",-0.3829787234042553,0.2879771738846988,3,1,0,0,"15,2222,8331",0.0425531914893617,0.1857771396947825,4,1,0,0,"0,61717,91060,7",0.3262411347517731,0.927957934813158,5,0,1,0,"4312322,817,1",0.3829787234042553,0.0747676969034946,6,0,1,0,"6271,818252,1",1.0354609929078014,-0.0034321750291918,0,1,0,0,"962,5343162,8",0.0141843971631205,0.4492585424085347,1,1,0,0,"300,7574306,5",1.0354609929078014,0.7711925326904856,2,1,0,0,11.622.924.56,0.3829787234042553,0.9739367080905512
3,1,0,0,"15,2222,8331",0.0425531914893617,0.1857771396947825,4,1,0,0,"0,61717,91060,7",0.3262411347517731,0.927957934813158,5,0,1,0,"4312322,817,1",0.3829787234042553,0.0747676969034946,6,0,1,0,"6271,818252,1",1.0354609929078014,-0.0034321750291918,0,1,0,0,"962,5343162,8",0.0141843971631205,0.4492585424085347,1,1,0,0,"300,7574306,5",1.0354609929078014,0.7711925326904856,2,1,0,0,11.622.924.56,0.3829787234042553,0.9739367080905512,3,1,0,0,"807,2184,3184,2",0.2411347517730496,0.4607585235751062
4,1,0,0,"0,61717,91060,7",0.3262411347517731,0.927957934813158,5,0,1,0,"4312322,817,1",0.3829787234042553,0.0747676969034946,6,0,1,0,"6271,818252,1",1.0354609929078014,-0.0034321750291918,0,1,0,0,"962,5343162,8",0.0141843971631205,0.4492585424085347,1,1,0,0,"300,7574306,5",1.0354609929078014,0.7711925326904856,2,1,0,0,11.622.924.56,0.3829787234042553,0.9739367080905512,3,1,0,0,"807,2184,3184,2",0.2411347517730496,0.4607585235751062,4,1,0,0,"308,6114,9122,2",0.0141843971631205,0.2486187853307874
5,0,1,0,"4312322,817,1",0.3829787234042553,0.0747676969034946,6,0,1,0,"6271,818252,1",1.0354609929078014,-0.0034321750291918,0,1,0,0,"962,5343162,8",0.0141843971631205,0.4492585424085347,1,1,0,0,"300,7574306,5",1.0354609929078014,0.7711925326904856,2,1,0,0,11.622.924.56,0.3829787234042553,0.9739367080905512,3,1,0,0,"807,2184,3184,2",0.2411347517730496,0.4607585235751062,4,1,0,0,"308,6114,9122,2",0.0141843971631205,0.2486187853307874,5,0,1,0,"426,4357,4172,4",-0.3829787234042553,0.1068500076782439
6,0,1,0,"6271,818252,1",1.0354609929078014,-0.0034321750291918,0,1,0,0,"962,5343162,8",0.0141843971631205,0.4492585424085347,1,1,0,0,"300,7574306,5",1.0354609929078014,0.7711925326904856,2,1,0,0,11.622.924.56,0.3829787234042553,0.9739367080905512,3,1,0,0,"807,2184,3184,2",0.2411347517730496,0.4607585235751062,4,1,0,0,"308,6114,9122,2",0.0141843971631205,0.2486187853307874,5,0,1,0,"426,4357,4172,4",-0.3829787234042553,0.1068500076782439,6,0,1,0,"276,6549,61084,1",-0.1843971631205673,0.8773278841946971
0,1,0,0,"962,5343162,8",0.0141843971631205,0.4492585424085347,1,1,0,0,"300,7574306,5",1.0354609929078014,0.7711925326904856,2,1,0,0,11.622.924.56,0.3829787234042553,0.9739367080905512,3,1,0,0,"807,2184,3184,2",0.2411347517730496,0.4607585235751062,4,1,0,0,"308,6114,9122,2",0.0141843971631205,0.2486187853307874,5,0,1,0,"426,4357,4172,4",-0.3829787234042553,0.1068500076782439,6,0,1,0,"276,6549,61084,1",-0.1843971631205673,0.8773278841946971,0,1,0,0,"1375,63211481,5",0.4397163120567376,1.2878974939950338
1,1,0,0,"300,7574306,5",1.0354609929078014,0.7711925326904856,2,1,0,0,11.622.924.56,0.3829787234042553,0.9739367080905512,3,1,0,0,"807,2184,3184,2",0.2411347517730496,0.4607585235751062,4,1,0,0,"308,6114,9122,2",0.0141843971631205,0.2486187853307874,5,0,1,0,"426,4357,4172,4",-0.3829787234042553,0.1068500076782439,6,0,1,0,"276,6549,61084,1",-0.1843971631205673,0.8773278841946971,0,1,0,0,"1375,63211481,5",0.4397163120567376,1.2878974939950338,1,1,0,0,"183,3638594,2",0.3262411347517731,0.3177939680874798
2,1,0,0,11.622.924.56,0.3829787234042553,0.9739367080905512,3,1,0,0,"807,2184,3184,2",0.2411347517730496,0.4607585235751062,4,1,0,0,"308,6114,9122,2",0.0141843971631205,0.2486187853307874,5,0,1,0,"426,4357,4172,4",-0.3829787234042553,0.1068500076782439,6,0,1,0,"276,6549,61084,1",-0.1843971631205673,0.8773278841946971,0,1,0,0,"1375,63211481,5",0.4397163120567376,1.2878974939950338,1,1,0,0,"183,3638594,2",0.3262411347517731,0.3177939680874798,2,1,0,0,"1,1260106,7",0.524822695035461,-0.1328421671771008
3,1,0,0,"807,2184,3184,2",0.2411347517730496,0.4607585235751062,4,1,0,0,"308,6114,9122,2",0.0141843971631205,0.2486187853307874,5,0,1,0,"426,4357,4172,4",-0.3829787234042553,0.1068500076782439,6,0,1,0,"276,6549,61084,1",-0.1843971631205673,0.8773278841946971,0,1,0,0,"1375,63211481,5",0.4397163120567376,1.2878974939950338,1,1,0,0,"183,3638594,2",0.3262411347517731,0.3177939680874798,2,1,0,0,"1,1260106,7",0.524822695035461,-0.1328421671771008,3,1,0,0,"0198,6614,2",0.1560283687943262,0.3623054724148222
4,1,0,0,"308,6114,9122,2",0.0141843971631205,0.2486187853307874,5,0,1,0,"426,4357,4172,4",-0.3829787234042553,0.1068500076782439,6,0,1,0,"276,6549,61084,1",-0.1843971631205673,0.8773278841946971,0,1,0,0,"1375,63211481,5",0.4397163120567376,1.2878974939950338,1,1,0,0,"183,3638594,2",0.3262411347517731,0.3177939680874798,2,1,0,0,"1,1260106,7",0.524822695035461,-0.1328421671771008,3,1,0,0,"0198,6614,2",0.1560283687943262,0.3623054724148222,4,1,0,0,"2,32342,1",0.4680851063829787,-0.1625926097626698
5,0,1,0,"426,4357,4172,4",-0.3829787234042553,0.1068500076782439,6,0,1,0,"276,6549,61084,1",-0.1843971631205673,0.8773278841946971,0,1,0,0,"1375,63211481,5",0.4397163120567376,1.2878974939950338,1,1,0,0,"183,3638594,2",0.3262411347517731,0.3177939680874798,2,1,0,0,"1,1260106,7",0.524822695035461,-0.1328421671771008,3,1,0,0,"0198,6614,2",0.1560283687943262,0.3623054724148222,4,1,0,0,"2,32342,1",0.4680851063829787,-0.1625926097626698,5,0,1,0,"1,72,7541,2",0.723404255319149,-0.1440025671411725
6,0,1,0,"276,6549,61084,1",-0.1843971631205673,0.8773278841946971,0,1,0,0,"1375,63211481,5",0.4397163120567376,1.2878974939950338,1,1,0,0,"183,3638594,2",0.3262411347517731,0.3177939680874798,2,1,0,0,"1,1260106,7",0.524822695035461,-0.1328421671771008,3,1,0,0,"0198,6614,2",0.1560283687943262,0.3623054724148222,4,1,0,0,"2,32342,1",0.4680851063829787,-0.1625926097626698,5,0,1,0,"1,72,7541,2",0.723404255319149,-0.1440025671411725,6,0,1,0,"190,3572160,9",1.9148936170212767,0.937016234415338
0,1,0,0,"1375,63211481,5",0.4397163120567376,1.2878974939950338,1,1,0,0,"183,3638594,2",0.3262411347517731,0.3177939680874798,2,1,0,0,"1,1260106,7",0.524822695035461,-0.1328421671771008,3,1,0,0,"0198,6614,2",0.1560283687943262,0.3623054724148222,4,1,0,0,"2,32342,1",0.4680851063829787,-0.1625926097626698,5,0,1,0,"1,72,7541,2",0.723404255319149,-0.1440025671411725,6,0,1,0,"190,3572160,9",1.9148936170212767,0.937016234415338,0,1,0,0,"0,114,633,9",0.6950354609929078,-0.3685830887402175
1,1,0,0,"183,3638594,2",0.3262411347517731,0.3177939680874798,2,1,0,0,"1,1260106,7",0.524822695035461,-0.1328421671771008,3,1,0,0,"0198,6614,2",0.1560283687943262,0.3623054724148222,4,1,0,0,"2,32342,1",0.4680851063829787,-0.1625926097626698,5,0,1,0,"1,72,7541,2",0.723404255319149,-0.1440025671411725,6,0,1,0,"190,3572160,9",1.9148936170212767,0.937016234415338,0,1,0,0,"0,114,633,9",0.6950354609929078,-0.3685830887402175,1,1,0,0,"1,116,974",1.0921985815602837,-0.2822463064749327
2,1,0,0,"1,1260106,7",0.524822695035461,-0.1328421671771008,3,1,0,0,"0198,6614,2",0.1560283687943262,0.3623054724148222,4,1,0,0,"2,32342,1",0.4680851063829787,-0.1625926097626698,5,0,1,0,"1,72,7541,2",0.723404255319149,-0.1440025671411725,6,0,1,0,"190,3572160,9",1.9148936170212767,0.937016234415338,0,1,0,0,"0,114,633,9",0.6950354609929078,-0.3685830887402175,1,1,0,0,"1,116,974",1.0921985815602837,-0.2822463064749327,2,1,0,0,"02,1273,3",0.6950354609929078,0.0002948155917608
3,1,0,0,"0198,6614,2",0.1560283687943262,0.3623054724148222,4,1,0,0,"2,32342,1",0.4680851063829787,-0.1625926097626698,5,0,1,0,"1,72,7541,2",0.723404255319149,-0.1440025671411725,6,0,1,0,"190,3572160,9",1.9148936170212767,0.937016234415338,0,1,0,0,"0,114,633,9",0.6950354609929078,-0.3685830887402175,1,1,0,0,"1,116,974",1.0921985815602837,-0.2822463064749327,2,1,0,0,"02,1273,3",0.6950354609929078,0.0002948155917608,3,1,0,0,"0,480445,3",1.2056737588652482,-0.1062009787587901
4,1,0,0,"2,32342,1",0.4680851063829787,-0.1625926097626698,5,0,1,0,"1,72,7541,2",0.723404255319149,-0.1440025671411725,6,0,1,0,"190,3572160,9",1.9148936170212767,0.937016234415338,0,1,0,0,"0,114,633,9",0.6950354609929078,-0.3685830887402175,1,1,0,0,"1,116,974",1.0921985815602837,-0.2822463064749327,2,1,0,0,"02,1273,3",0.6950354609929078,0.0002948155917608,3,1,0,0,"0,480445,3",1.2056737588652482,-0.1062009787587901,4,1,0,0,"0,11,3593,6",1.319148936170213,0.0667098869704547
5,0,1,0,"1,72,7541,2",0.723404255319149,-0.1440025671411725,6,0,1,0,"190,3572160,9",1.9148936170212767,0.937016234415338,0,1,0,0,"0,114,633,9",0.6950354609929078,-0.3685830887402175,1,1,0,0,"1,116,974",1.0921985815602837,-0.2822463064749327,2,1,0,0,"02,1273,3",0.6950354609929078,0.0002948155917608,3,1,0,0,"0,480445,3",1.2056737588652482,-0.1062009787587901,4,1,0,0,"0,11,3593,6",1.319148936170213,0.0667098869704547,5,0,1,0,"633,93,4704,8",0.723404255319149,0.6257350107640287
6,0,1,0,"190,3572160,9",1.9148936170212767,0.937016234415338,0,1,0,0,"0,114,633,9",0.6950354609929078,-0.3685830887402175,1,1,0,0,"1,116,974",1.0921985815602837,-0.2822463064749327,2,1,0,0,"02,1273,3",0.6950354609929078,0.0002948155917608,3,1,0,0,"0,480445,3",1.2056737588652482,-0.1062009787587901,4,1,0,0,"0,11,3593,6",1.319148936170213,0.0667098869704547,5,0,1,0,"633,93,4704,8",0.723404255319149,0.6257350107640287,6,0,1,0,"449,748,4675,4",2.652482269503546,0.6925229840263553
0,1,0,0,"0,114,633,9",0.6950354609929078,-0.3685830887402175,1,1,0,0,"1,116,974",1.0921985815602837,-0.2822463064749327,2,1,0,0,"02,1273,3",0.6950354609929078,0.0002948155917608,3,1,0,0,"0,480445,3",1.2056737588652482,-0.1062009787587901,4,1,0,0,"0,11,3593,6",1.319148936170213,0.0667098869704547,5,0,1,0,"633,93,4704,8",0.723404255319149,0.6257350107640287,6,0,1,0,"449,748,4675,4",2.652482269503546,0.6925229840263553,0,1,0,0,"3219,90,4759,7",0.6950354609929078,2.96963167608821
1,1,0,0,"1,116,974",1.0921985815602837,-0.2822463064749327,2,1,0,0,"02,1273,3",0.6950354609929078,0.0002948155917608,3,1,0,0,"0,480445,3",1.2056737588652482,-0.1062009787587901,4,1,0,0,"0,11,3593,6",1.319148936170213,0.0667098869704547,5,0,1,0,"633,93,4704,8",0.723404255319149,0.6257350107640287,6,0,1,0,"449,748,4675,4",2.652482269503546,0.6925229840263553,0,1,0,0,"3219,90,4759,7",0.6950354609929078,2.96963167608821,1,1,0,0,"1416,756,5306,2",0.8368794326241135,0.8063232511712943
2,1,0,0,"02,1273,3",0.6950354609929078,0.0002948155917608,3,1,0,0,"0,480445,3",1.2056737588652482,-0.1062009787587901,4,1,0,0,"0,11,3593,6",1.319148936170213,0.0667098869704547,5,0,1,0,"633,93,4704,8",0.723404255319149,0.6257350107640287,6,0,1,0,"449,748,4675,4",2.652482269503546,0.6925229840263553,0,1,0,0,"3219,90,4759,7",0.6950354609929078,2.96963167608821,1,1,0,0,"1416,756,5306,2",0.8368794326241135,0.8063232511712943,2,1,0,0,"2766,72,4751,6",0.723404255319149,1.1085090878535977
3,1,0,0,"0,480445,3",1.2056737588652482,-0.1062009787587901,4,1,0,0,"0,11,3593,6",1.319148936170213,0.0667098869704547,5,0,1,0,"633,93,4704,8",0.723404255319149,0.6257350107640287,6,0,1,0,"449,748,4675,4",2.652482269503546,0.6925229840263553,0,1,0,0,"3219,90,4759,7",0.6950354609929078,2.96963167608821,1,1,0,0,"1416,756,5306,2",0.8368794326241135,0.8063232511712943,2,1,0,0,"2766,72,4751,6",0.723404255319149,1.1085090878535977,3,1,0,0,"3136,79,2627,5",0.6950354609929078,0.4093893333256068
4,1,0,0,"0,11,3593,6",1.319148936170213,0.0667098869704547,5,0,1,0,"633,93,4704,8",0.723404255319149,0.6257350107640287,6,0,1,0,"449,748,4675,4",2.652482269503546,0.6925229840263553,0,1,0,0,"3219,90,4759,7",0.6950354609929078,2.96963167608821,1,1,0,0,"1416,756,5306,2",0.8368794326241135,0.8063232511712943,2,1,0,0,"2766,72,4751,6",0.723404255319149,1.1085090878535977,3,1,0,0,"3136,79,2627,5",0.6950354609929078,0.4093893333256068,4,1,0,0,"2894,61,41,9",1.148936170212766,0.9803003786967848
5,0,1,0,"633,93,4704,8",0.723404255319149,0.6257350107640287,6,0,1,0,"449,748,4675,4",2.652482269503546,0.6925229840263553,0,1,0,0,"3219,90,4759,7",0.6950354609929078,2.96963167608821,1,1,0,0,"1416,756,5306,2",0.8368794326241135,0.8063232511712943,2,1,0,0,"2766,72,4751,6",0.723404255319149,1.1085090878535977,3,1,0,0,"3136,79,2627,5",0.6950354609929078,0.4093893333256068,4,1,0,0,"2894,61,41,9",1.148936170212766,0.9803003786967848,5,0,1,0,"1152,54,822,8",1.4042553191489362,0.5009047289290154
6,0,1,0,"449,748,4675,4",2.652482269503546,0.6925229840263553,0,1,0,0,"3219,90,4759,7",0.6950354609929078,2.96963167608821,1,1,0,0,"1416,756,5306,2",0.8368794326241135,0.8063232511712943,2,1,0,0,"2766,72,4751,6",0.723404255319149,1.1085090878535977,3,1,0,0,"3136,79,2627,5",0.6950354609929078,0.4093893333256068,4,1,0,0,"2894,61,41,9",1.148936170212766,0.9803003786967848,5,0,1,0,"1152,54,822,8",1.4042553191489362,0.5009047289290154,6,0,1,0,"1175,26,54,9",1.6879432624113475,0.1950475326759984
0,1,0,0,"3219,90,4759,7",0.6950354609929078,2.96963167608821,1,1,0,0,"1416,756,5306,2",0.8368794326241135,0.8063232511712943,2,1,0,0,"2766,72,4751,6",0.723404255319149,1.1085090878535977,3,1,0,0,"3136,79,2627,5",0.6950354609929078,0.4093893333256068,4,1,0,0,"2894,61,41,9",1.148936170212766,0.9803003786967848,5,0,1,0,"1152,54,822,8",1.4042553191489362,0.5009047289290154,6,0,1,0,"1175,26,54,9",1.6879432624113475,0.1950475326759984,0,1,0,0,"4891,117,5134,1",0.5815602836879432,-0.164393665014154
1,1,0,0,"1416,756,5306,2",0.8368794326241135,0.8063232511712943,2,1,0,0,"2766,72,4751,6",0.723404255319149,1.1085090878535977,3,1,0,0,"3136,79,2627,5",0.6950354609929078,0.4093893333256068,4,1,0,0,"2894,61,41,9",1.148936170212766,0.9803003786967848,5,0,1,0,"1152,54,822,8",1.4042553191489362,0.5009047289290154,6,0,1,0,"1175,26,54,9",1.6879432624113475,0.1950475326759984,0,1,0,0,"4891,117,5134,1",0.5815602836879432,-0.164393665014154,1,1,0,0,"63,7148,8111,7",1.148936170212766,-0.3828124683091348
2,1,0,0,"2766,72,4751,6",0.723404255319149,1.1085090878535977,3,1,0,0,"3136,79,2627,5",0.6950354609929078,0.4093893333256068,4,1,0,0,"2894,61,41,9",1.148936170212766,0.9803003786967848,5,0,1,0,"1152,54,822,8",1.4042553191489362,0.5009047289290154,6,0,1,0,"1175,26,54,9",1.6879432624113475,0.1950475326759984,0,1,0,0,"4891,117,5134,1",0.5815602836879432,-0.164393665014154,1,1,0,0,"63,7148,8111,7",1.148936170212766,-0.3828124683091348,2,1,0,0,"259,2219,7121,4",0.5531914893617021,-0.3833108298008582
3,1,0,0,"3136,79,2627,5",0.6950354609929078,0.4093893333256068,4,1,0,0,"2894,61,41,9",1.148936170212766,0.9803003786967848,5,0,1,0,"1152,54,822,8",1.4042553191489362,0.5009047289290154,6,0,1,0,"1175,26,54,9",1.6879432624113475,0.1950475326759984,0,1,0,0,"4891,117,5134,1",0.5815602836879432,-0.164393665014154,1,1,0,0,"63,7148,8111,7",1.148936170212766,-0.3828124683091348,2,1,0,0,"259,2219,7121,4",0.5531914893617021,-0.3833108298008582,3,1,0,0,"69,9438,2148,3",1.1205673758865249,-0.3836350545155317
4,1,0,0,"2894,61,41,9",1.148936170212766,0.9803003786967848,5,0,1,0,"1152,54,822,8",1.4042553191489362,0.5009047289290154,6,0,1,0,"1175,26,54,9",1.6879432624113475,0.1950475326759984,0,1,0,0,"4891,117,5134,1",0.5815602836879432,-0.164393665014154,1,1,0,0,"63,7148,8111,7",1.148936170212766,-0.3828124683091348,2,1,0,0,"259,2219,7121,4",0.5531914893617021,-0.3833108298008582,3,1,0,0,"69,9438,2148,3",1.1205673758865249,-0.3836350545155317,4,1,0,0,"100,1690,4271,3",0.8936170212765957,-0.3816868087769571
5,0,1,0,"1152,54,822,8",1.4042553191489362,0.5009047289290154,6,0,1,0,"1175,26,54,9",1.6879432624113475,0.1950475326759984,0,1,0,0,"4891,117,5134,1",0.5815602836879432,-0.164393665014154,1,1,0,0,"63,7148,8111,7",1.148936170212766,-0.3828124683091348,2,1,0,0,"259,2219,7121,4",0.5531914893617021,-0.3833108298008582,3,1,0,0,"69,9438,2148,3",1.1205673758865249,-0.3836350545155317,4,1,0,0,"100,1690,4271,3",0.8936170212765957,-0.3816868087769571,5,0,1,0,"412,2389,9586,4",0.3546099290780142,-0.38288519431752
6,0,1,0,"1175,26,54,9",1.6879432624113475,0.1950475326759984,0,1,0,0,"4891,117,5134,1",0.5815602836879432,-0.164393665014154,1,1,0,0,"63,7148,8111,7",1.148936170212766,-0.3828124683091348,2,1,0,0,"259,2219,7121,4",0.5531914893617021,-0.3833108298008582,3,1,0,0,"69,9438,2148,3",1.1205673758865249,-0.3836350545155317,4,1,0,0,"100,1690,4271,3",0.8936170212765957,-0.3816868087769571,5,0,1,0,"412,2389,9586,4",0.3546099290780142,-0.38288519431752,6,0,1,0,"36,6605,5413,3",0.4397163120567376,-0.3826151519278187
0,1,0,0,"4891,117,5134,1",0.5815602836879432,-0.164393665014154,1,1,0,0,"63,7148,8111,7",1.148936170212766,-0.3828124683091348,2,1,0,0,"259,2219,7121,4",0.5531914893617021,-0.3833108298008582,3,1,0,0,"69,9438,2148,3",1.1205673758865249,-0.3836350545155317,4,1,0,0,"100,1690,4271,3",0.8936170212765957,-0.3816868087769571,5,0,1,0,"412,2389,9586,4",0.3546099290780142,-0.38288519431752,6,0,1,0,"36,6605,5413,3",0.4397163120567376,-0.3826151519278187,0,1,0,0,"100,5273,91554,9",0.6950354609929078,-0.3805541953634996
1,1,0,0,"63,7148,8111,7",1.148936170212766,-0.3828124683091348,2,1,0,0,"259,2219,7121,4",0.5531914893617021,-0.3833108298008582,3,1,0,0,"69,9438,2148,3",1.1205673758865249,-0.3836350545155317,4,1,0,0,"100,1690,4271,3",0.8936170212765957,-0.3816868087769571,5,0,1,0,"412,2389,9586,4",0.3546099290780142,-0.38288519431752,6,0,1,0,"36,6605,5413,3",0.4397163120567376,-0.3826151519278187,0,1,0,0,"100,5273,91554,9",0.6950354609929078,-0.3805541953634996,1,1,0,0,"21,53,749,8",0.5531914893617021,-0.3828388351089876
2,1,0,0,"259,2219,7121,4",0.5531914893617021,-0.3833108298008582,3,1,0,0,"69,9438,2148,3",1.1205673758865249,-0.3836350545155317,4,1,0,0,"100,1690,4271,3",0.8936170212765957,-0.3816868087769571,5,0,1,0,"412,2389,9586,4",0.3546099290780142,-0.38288519431752,6,0,1,0,"36,6605,5413,3",0.4397163120567376,-0.3826151519278187,0,1,0,0,"100,5273,91554,9",0.6950354609929078,-0.3805541953634996,1,1,0,0,"21,53,749,8",0.5531914893617021,-0.3828388351089876,2,1,0,0,"711,165,6460,8",26.56737588652482,16.33686730545793
3,1,0,0,"69,9438,2148,3",1.1205673758865249,-0.3836350545155317,4,1,0,0,"100,1690,4271,3",0.8936170212765957,-0.3816868087769571,5,0,1,0,"412,2389,9586,4",0.3546099290780142,-0.38288519431752,6,0,1,0,"36,6605,5413,3",0.4397163120567376,-0.3826151519278187,0,1,0,0,"100,5273,91554,9",0.6950354609929078,-0.3805541953634996,1,1,0,0,"21,53,749,8",0.5531914893617021,-0.3828388351089876,2,1,0,0,"711,165,6460,8",26.56737588652482,16.33686730545793,3,1,0,0,"731,243,7455,7",26.45390070921986,15.633873949312
4,1,0,0,"100,1690,4271,3",0.8936170212765957,-0.3816868087769571,5,0,1,0,"412,2389,9586,4",0.3546099290780142,-0.38288519431752,6,0,1,0,"36,6605,5413,3",0.4397163120567376,-0.3826151519278187,0,1,0,0,"100,5273,91554,9",0.6950354609929078,-0.3805541953634996,1,1,0,0,"21,53,749,8",0.5531914893617021,-0.3828388351089876,2,1,0,0,"711,165,6460,8",26.56737588652482,16.33686730545793,3,1,0,0,"731,243,7455,7",26.45390070921986,15.633873949312,4,1,0,0,"771,931,7475,1",25.80141843971631,15.381516728430654
5,0,1,0,"412,2389,9586,4",0.3546099290780142,-0.38288519431752,6,0,1,0,"36,6605,5413,3",0.4397163120567376,-0.3826151519278187,0,1,0,0,"100,5273,91554,9",0.6950354609929078,-0.3805541953634996,1,1,0,0,"21,53,749,8",0.5531914893617021,-0.3828388351089876,2,1,0,0,"711,165,6460,8",26.56737588652482,16.33686730545793,3,1,0,0,"731,243,7455,7",26.45390070921986,15.633873949312,4,1,0,0,"771,931,7475,1",25.80141843971631,15.381516728430654,1,1,0,0,"3,492665,56",-0.9219858156028368,0.0393857694614508
6,0,1,0,"36,6605,5413,3",0.4397163120567376,-0.3826151519278187,0,1,0,0,"100,5273,91554,9",0.6950354609929078,-0.3805541953634996,1,1,0,0,"21,53,749,8",0.5531914893617021,-0.3828388351089876,2,1,0,0,"711,165,6460,8",26.56737588652482,16.33686730545793,3,1,0,0,"731,243,7455,7",26.45390070921986,15.633873949312,4,1,0,0,"771,931,7475,1",25.80141843971631,15.381516728430654,1,1,0,0,"3,492665,56",-0.9219858156028368,0.0393857694614508,2,1,0,0,"1360,314796,75",-0.4113475177304964,1.4174207764587938
0,1,0,0,"100,5273,91554,9",0.6950354609929078,-0.3805541953634996,1,1,0,0,"21,53,749,8",0.5531914893617021,-0.3828388351089876,2,1,0,0,"711,165,6460,8",26.56737588652482,16.33686730545793,3,1,0,0,"731,243,7455,7",26.45390070921986,15.633873949312,4,1,0,0,"771,931,7475,1",25.80141843971631,15.381516728430654,1,1,0,0,"3,492665,56",-0.9219858156028368,0.0393857694614508,2,1,0,0,"1360,314796,75",-0.4113475177304964,1.4174207764587938,3,1,0,0,"570,271003,93933,21",-0.6382978723404256,0.7161606752218723
1,1,0,0,"21,53,749,8",0.5531914893617021,-0.3828388351089876,2,1,0,0,"711,165,6460,8",26.56737588652482,16.33686730545793,3,1,0,0,"731,243,7455,7",26.45390070921986,15.633873949312,4,1,0,0,"771,931,7475,1",25.80141843971631,15.381516728430654,1,1,0,0,"3,492665,56",-0.9219858156028368,0.0393857694614508,2,1,0,0,"1360,314796,75",-0.4113475177304964,1.4174207764587938,3,1,0,0,"570,271003,93933,21",-0.6382978723404256,0.7161606752218723,4,1,0,0,"4473159,34293,17",0.2978723404255319,5.349042102853699
2,1,0,0,"711,165,6460,8",26.56737588652482,16.33686730545793,3,1,0,0,"731,243,7455,7",26.45390070921986,15.633873949312,4,1,0,0,"771,931,7475,1",25.80141843971631,15.381516728430654,1,1,0,0,"3,492665,56",-0.9219858156028368,0.0393857694614508,2,1,0,0,"1360,314796,75",-0.4113475177304964,1.4174207764587938,3,1,0,0,"570,271003,93933,21",-0.6382978723404256,0.7161606752218723,4,1,0,0,"4473159,34293,17",0.2978723404255319,5.349042102853699,5,0,1,0,"1,110,1899,6",-0.4397163120567376,-0.2020324166765663
3,1,0,0,"731,243,7455,7",26.45390070921986,15.633873949312,4,1,0,0,"771,931,7475,1",25.80141843971631,15.381516728430654,1,1,0,0,"3,492665,56",-0.9219858156028368,0.0393857694614508,2,1,0,0,"1360,314796,75",-0.4113475177304964,1.4174207764587938,3,1,0,0,"570,271003,93933,21",-0.6382978723404256,0.7161606752218723,4,1,0,0,"4473159,34293,17",0.2978723404255319,5.349042102853699,5,0,1,0,"1,110,1899,6",-0.4397163120567376,-0.2020324166765663,6,0,0,1,"4212,790,52197,2",-0.3262411347517731,0.7857942346529289
4,1,0,0,"771,931,7475,1",25.80141843971631,15.381516728430654,1,1,0,0,"3,492665,56",-0.9219858156028368,0.0393857694614508,2,1,0,0,"1360,314796,75",-0.4113475177304964,1.4174207764587938,3,1,0,0,"570,271003,93933,21",-0.6382978723404256,0.7161606752218723,4,1,0,0,"4473159,34293,17",0.2978723404255319,5.349042102853699,5,0,1,0,"1,110,1899,6",-0.4397163120567376,-0.2020324166765663,6,0,0,1,"4212,790,52197,2",-0.3262411347517731,0.7857942346529289,0,1,0,0,"36,785,550,645,550,6436,78192,68",1.148936170212766,-0.306762504672139
1,1,0,0,"3,492665,56",-0.9219858156028368,0.0393857694614508,2,1,0,0,"1360,314796,75",-0.4113475177304964,1.4174207764587938,3,1,0,0,"570,271003,93933,21",-0.6382978723404256,0.7161606752218723,4,1,0,0,"4473159,34293,17",0.2978723404255319,5.349042102853699,5,0,1,0,"1,110,1899,6",-0.4397163120567376,-0.2020324166765663,6,0,0,1,"4212,790,52197,2",-0.3262411347517731,0.7857942346529289,0,1,0,0,"36,785,550,645,550,6436,78192,68",1.148936170212766,-0.306762504672139,1,1,0,0,"0,94235,2192,68",-0.4680851063829787,-0.266375810923968
2,1,0,0,"1360,314796,75",-0.4113475177304964,1.4174207764587938,3,1,0,0,"570,271003,93933,21",-0.6382978723404256,0.7161606752218723,4,1,0,0,"4473159,34293,17",0.2978723404255319,5.349042102853699,5,0,1,0,"1,110,1899,6",-0.4397163120567376,-0.2020324166765663,6,0,0,1,"4212,790,52197,2",-0.3262411347517731,0.7857942346529289,0,1,0,0,"36,785,550,645,550,6436,78192,68",1.148936170212766,-0.306762504672139,1,1,0,0,"0,94235,2192,68",-0.4680851063829787,-0.266375810923968,2,1,0,0,"6,881800,836,75",-0.1276595744680851,-0.0023832979361459
3,1,0,0,"570,271003,93933,21",-0.6382978723404256,0.7161606752218723,4,1,0,0,"4473159,34293,17",0.2978723404255319,5.349042102853699,5,0,1,0,"1,110,1899,6",-0.4397163120567376,-0.2020324166765663,6,0,0,1,"4212,790,52197,2",-0.3262411347517731,0.7857942346529289,0,1,0,0,"36,785,550,645,550,6436,78192,68",1.148936170212766,-0.306762504672139,1,1,0,0,"0,94235,2192,68",-0.4680851063829787,-0.266375810923968,2,1,0,0,"6,881800,836,75",-0.1276595744680851,-0.0023832979361459,3,1,0,0,"1,313,086,07",-0.2695035460992908,-0.3775414262989995
4,1,0,0,"4473159,34293,17",0.2978723404255319,5.349042102853699,5,0,1,0,"1,110,1899,6",-0.4397163120567376,-0.2020324166765663,6,0,0,1,"4212,790,52197,2",-0.3262411347517731,0.7857942346529289,0,1,0,0,"36,785,550,645,550,6436,78192,68",1.148936170212766,-0.306762504672139,1,1,0,0,"0,94235,2192,68",-0.4680851063829787,-0.266375810923968,2,1,0,0,"6,881800,836,75",-0.1276595744680851,-0.0023832979361459,3,1,0,0,"1,313,086,07",-0.2695035460992908,-0.3775414262989995,4,1,0,0,"1,899,111,53",-0.4397163120567376,-0.3812640707441522
5,0,1,0,"1,110,1899,6",-0.4397163120567376,-0.2020324166765663,6,0,0,1,"4212,790,52197,2",-0.3262411347517731,0.7857942346529289,0,1,0,0,"36,785,550,645,550,6436,78192,68",1.148936170212766,-0.306762504672139,1,1,0,0,"0,94235,2192,68",-0.4680851063829787,-0.266375810923968,2,1,0,0,"6,881800,836,75",-0.1276595744680851,-0.0023832979361459,3,1,0,0,"1,313,086,07",-0.2695035460992908,-0.3775414262989995,4,1,0,0,"1,899,111,53",-0.4397163120567376,-0.3812640707441522,5,0,1,0,"1,072629,6825,57",-0.1276595744680851,-0.1763954846130889
6,0,0,1,"4212,790,52197,2",-0.3262411347517731,0.7857942346529289,0,1,0,0,"36,785,550,645,550,6436,78192,68",1.148936170212766,-0.306762504672139,1,1,0,0,"0,94235,2192,68",-0.4680851063829787,-0.266375810923968,2,1,0,0,"6,881800,836,75",-0.1276595744680851,-0.0023832979361459,3,1,0,0,"1,313,086,07",-0.2695035460992908,-0.3775414262989995,4,1,0,0,"1,899,111,53",-0.4397163120567376,-0.3812640707441522,5,0,1,0,"1,072629,6825,57",-0.1276595744680851,-0.1763954846130889,6,0,1,0,"9,213633,1712,72",-0.2411347517730496,0.3042399842378691
0,1,0,0,"36,785,550,645,550,6436,78192,68",1.148936170212766,-0.306762504672139,1,1,0,0,"0,94235,2192,68",-0.4680851063829787,-0.266375810923968,2,1,0,0,"6,881800,836,75",-0.1276595744680851,-0.0023832979361459,3,1,0,0,"1,313,086,07",-0.2695035460992908,-0.3775414262989995,4,1,0,0,"1,899,111,53",-0.4397163120567376,-0.3812640707441522,5,0,1,0,"1,072629,6825,57",-0.1276595744680851,-0.1763954846130889,6,0,1,0,"9,213633,1712,72",-0.2411347517730496,0.3042399842378691,0,1,0,0,"12,6260",-0.6950354609929078,-0.3417822507975233
1,1,0,0,"0,94235,2192,68",-0.4680851063829787,-0.266375810923968,2,1,0,0,"6,881800,836,75",-0.1276595744680851,-0.0023832979361459,3,1,0,0,"1,313,086,07",-0.2695035460992908,-0.3775414262989995,4,1,0,0,"1,899,111,53",-0.4397163120567376,-0.3812640707441522,5,0,1,0,"1,072629,6825,57",-0.1276595744680851,-0.1763954846130889,6,0,1,0,"9,213633,1712,72",-0.2411347517730496,0.3042399842378691,0,1,0,0,"12,6260",-0.6950354609929078,-0.3417822507975233,1,1,0,0,"3,741761,25",-0.1276595744680851,-0.3094588721384054
2,1,0,0,"6,881800,836,75",-0.1276595744680851,-0.0023832979361459,3,1,0,0,"1,313,086,07",-0.2695035460992908,-0.3775414262989995,4,1,0,0,"1,899,111,53",-0.4397163120567376,-0.3812640707441522,5,0,1,0,"1,072629,6825,57",-0.1276595744680851,-0.1763954846130889,6,0,1,0,"9,213633,1712,72",-0.2411347517730496,0.3042399842378691,0,1,0,0,"12,6260",-0.6950354609929078,-0.3417822507975233,1,1,0,0,"3,741761,25",-0.1276595744680851,-0.3094588721384054,2,1,0,0,208275373,-0.2411347517730496,-0.0661700919361054
3,1,0,0,"1,313,086,07",-0.2695035460992908,-0.3775414262989995,4,1,0,0,"1,899,111,53",-0.4397163120567376,-0.3812640707441522,5,0,1,0,"1,072629,6825,57",-0.1276595744680851,-0.1763954846130889,6,0,1,0,"9,213633,1712,72",-0.2411347517730496,0.3042399842378691,0,1,0,0,"12,6260",-0.6950354609929078,-0.3417822507975233,1,1,0,0,"3,741761,25",-0.1276595744680851,-0.3094588721384054,2,1,0,0,208275373,-0.2411347517730496,-0.0661700919361054,3,1,0,0,"3,88253",-0.5815602836879432,-0.2949090345405078
4,1,0,0,"1,899,111,53",-0.4397163120567376,-0.3812640707441522,5,0,1,0,"1,072629,6825,57",-0.1276595744680851,-0.1763954846130889,6,0,1,0,"9,213633,1712,72",-0.2411347517730496,0.3042399842378691,0,1,0,0,"12,6260",-0.6950354609929078,-0.3417822507975233,1,1,0,0,"3,741761,25",-0.1276595744680851,-0.3094588721384054,2,1,0,0,208275373,-0.2411347517730496,-0.0661700919361054,3,1,0,0,"3,88253",-0.5815602836879432,-0.2949090345405078,4,1,0,0,"0,7496",-0.6666666666666666,-0.1864664431766488
5,0,1,0,"1,072629,6825,57",-0.1276595744680851,-0.1763954846130889,6,0,1,0,"9,213633,1712,72",-0.2411347517730496,0.3042399842378691,0,1,0,0,"12,6260",-0.6950354609929078,-0.3417822507975233,1,1,0,0,"3,741761,25",-0.1276595744680851,-0.3094588721384054,2,1,0,0,208275373,-0.2411347517730496,-0.0661700919361054,3,1,0,0,"3,88253",-0.5815602836879432,-0.2949090345405078,4,1,0,0,"0,7496",-0.6666666666666666,-0.1864664431766488,5,0,1,0,"1,25149",-0.9219858156028368,-0.2950576737528648
6,0,1,0,"9,213633,1712,72",-0.2411347517730496,0.3042399842378691,0,1,0,0,"12,6260",-0.6950354609929078,-0.3417822507975233,1,1,0,0,"3,741761,25",-0.1276595744680851,-0.3094588721384054,2,1,0,0,208275373,-0.2411347517730496,-0.0661700919361054,3,1,0,0,"3,88253",-0.5815602836879432,-0.2949090345405078,4,1,0,0,"0,7496",-0.6666666666666666,-0.1864664431766488,5,0,1,0,"1,25149",-0.9219858156028368,-0.2950576737528648,6,0,1,0,775308,-0.5531914893617021,0.4766892860971631
0,1,0,0,"12,6260",-0.6950354609929078,-0.3417822507975233,1,1,0,0,"3,741761,25",-0.1276595744680851,-0.3094588721384054,2,1,0,0,208275373,-0.2411347517730496,-0.0661700919361054,3,1,0,0,"3,88253",-0.5815602836879432,-0.2949090345405078,4,1,0,0,"0,7496",-0.6666666666666666,-0.1864664431766488,5,0,1,0,"1,25149",-0.9219858156028368,-0.2950576737528648,6,0,1,0,775308,-0.5531914893617021,0.4766892860971631,0,1,0,0,85914401780,0.2978723404255319,1.6038795413915297
1,1,0,0,"3,741761,25",-0.1276595744680851,-0.3094588721384054,2,1,0,0,208275373,-0.2411347517730496,-0.0661700919361054,3,1,0,0,"3,88253",-0.5815602836879432,-0.2949090345405078,4,1,0,0,"0,7496",-0.6666666666666666,-0.1864664431766488,5,0,1,0,"1,25149",-0.9219858156028368,-0.2950576737528648,6,0,1,0,775308,-0.5531914893617021,0.4766892860971631,0,1,0,0,85914401780,0.2978723404255319,1.6038795413915297,1,1,0,0,"1,398,13104",0.1276595744680851,-0.3637733208549797
2,1,0,0,208275373,-0.2411347517730496,-0.0661700919361054,3,1,0,0,"3,88253",-0.5815602836879432,-0.2949090345405078,4,1,0,0,"0,7496",-0.6666666666666666,-0.1864664431766488,5,0,1,0,"1,25149",-0.9219858156028368,-0.2950576737528648,6,0,1,0,775308,-0.5531914893617021,0.4766892860971631,0,1,0,0,85914401780,0.2978723404255319,1.6038795413915297,1,1,0,0,"1,398,13104",0.1276595744680851,-0.3637733208549797,2,0,0,1,"3,97215930",-0.0709219858156028,-0.277900999910179
3,1,0,0,"3,88253",-0.5815602836879432,-0.2949090345405078,4,1,0,0,"0,7496",-0.6666666666666666,-0.1864664431766488,5,0,1,0,"1,25149",-0.9219858156028368,-0.2950576737528648,6,0,1,0,775308,-0.5531914893617021,0.4766892860971631,0,1,0,0,85914401780,0.2978723404255319,1.6038795413915297,1,1,0,0,"1,398,13104",0.1276595744680851,-0.3637733208549797,2,0,0,1,"3,97215930",-0.0709219858156028,-0.277900999910179,3,1,0,0,"82,926,98230",0.6099290780141844,0.6006848124335398
4,1,0,0,"0,7496",-0.6666666666666666,-0.1864664431766488,5,0,1,0,"1,25149",-0.9219858156028368,-0.2950576737528648,6,0,1,0,775308,-0.5531914893617021,0.4766892860971631,0,1,0,0,85914401780,0.2978723404255319,1.6038795413915297,1,1,0,0,"1,398,13104",0.1276595744680851,-0.3637733208549797,2,0,0,1,"3,97215930",-0.0709219858156028,-0.277900999910179,3,1,0,0,"82,926,98230",0.6099290780141844,0.6006848124335398,4,1,0,0,"2,9810,6949",-0.0425531914893617,-0.3194588431639001
5,0,1,0,"1,25149",-0.9219858156028368,-0.2950576737528648,6,0,1,0,775308,-0.5531914893617021,0.4766892860971631,0,1,0,0,85914401780,0.2978723404255319,1.6038795413915297,1,1,0,0,"1,398,13104",0.1276595744680851,-0.3637733208549797,2,0,0,1,"3,97215930",-0.0709219858156028,-0.277900999910179,3,1,0,0,"82,926,98230",0.6099290780141844,0.6006848124335398,4,1,0,0,"2,9810,6949",-0.0425531914893617,-0.3194588431639001,5,0,1,0,"1,324,3412,2",-0.1843971631205673,-0.3827101883053102
6,0,1,0,775308,-0.5531914893617021,0.4766892860971631,0,1,0,0,85914401780,0.2978723404255319,1.6038795413915297,1,1,0,0,"1,398,13104",0.1276595744680851,-0.3637733208549797,2,0,0,1,"3,97215930",-0.0709219858156028,-0.277900999910179,3,1,0,0,"82,926,98230",0.6099290780141844,0.6006848124335398,4,1,0,0,"2,9810,6949",-0.0425531914893617,-0.3194588431639001,5,0,1,0,"1,324,3412,2",-0.1843971631205673,-0.3827101883053102,6,0,1,0,"0,220,992,1",-0.2695035460992908,-0.3824778127725414
0,1,0,0,85914401780,0.2978723404255319,1.6038795413915297,1,1,0,0,"1,398,13104",0.1276595744680851,-0.3637733208549797,2,0,0,1,"3,97215930",-0.0709219858156028,-0.277900999910179,3,1,0,0,"82,926,98230",0.6099290780141844,0.6006848124335398,4,1,0,0,"2,9810,6949",-0.0425531914893617,-0.3194588431639001,5,0,1,0,"1,324,3412,2",-0.1843971631205673,-0.3827101883053102,6,0,1,0,"0,220,992,1",-0.2695035460992908,-0.3824778127725414,0,1,0,0,"8,083,08355",-0.3829787234042553,-0.3032742639751283
1,1,0,0,"1,398,13104",0.1276595744680851,-0.3637733208549797,2,0,0,1,"3,97215930",-0.0709219858156028,-0.277900999910179,3,1,0,0,"82,926,98230",0.6099290780141844,0.6006848124335398,4,1,0,0,"2,9810,6949",-0.0425531914893617,-0.3194588431639001,5,0,1,0,"1,324,3412,2",-0.1843971631205673,-0.3827101883053102,6,0,1,0,"0,220,992,1",-0.2695035460992908,-0.3824778127725414,0,1,0,0,"8,083,08355",-0.3829787234042553,-0.3032742639751283,1,1,0,0,"0,671,59673",-0.3262411347517731,-0.1858802889337671
2,0,0,1,"3,97215930",-0.0709219858156028,-0.277900999910179,3,1,0,0,"82,926,98230",0.6099290780141844,0.6006848124335398,4,1,0,0,"2,9810,6949",-0.0425531914893617,-0.3194588431639001,5,0,1,0,"1,324,3412,2",-0.1843971631205673,-0.3827101883053102,6,0,1,0,"0,220,992,1",-0.2695035460992908,-0.3824778127725414,0,1,0,0,"8,083,08355",-0.3829787234042553,-0.3032742639751283,1,1,0,0,"0,671,59673",-0.3262411347517731,-0.1858802889337671,2,0,0,1,091945,-0.1276595744680851,-0.2306021481698253
3,1,0,0,"82,926,98230",0.6099290780141844,0.6006848124335398,4,1,0,0,"2,9810,6949",-0.0425531914893617,-0.3194588431639001,5,0,1,0,"1,324,3412,2",-0.1843971631205673,-0.3827101883053102,6,0,1,0,"0,220,992,1",-0.2695035460992908,-0.3824778127725414,0,1,0,0,"8,083,08355",-0.3829787234042553,-0.3032742639751283,1,1,0,0,"0,671,59673",-0.3262411347517731,-0.1858802889337671,2,0,0,1,091945,-0.1276595744680851,-0.2306021481698253,3,1,0,0,896981,-0.1560283687943262,0.2453620509313854
4,1,0,0,"2,9810,6949",-0.0425531914893617,-0.3194588431639001,5,0,1,0,"1,324,3412,2",-0.1843971631205673,-0.3827101883053102,6,0,1,0,"0,220,992,1",-0.2695035460992908,-0.3824778127725414,0,1,0,0,"8,083,08355",-0.3829787234042553,-0.3032742639751283,1,1,0,0,"0,671,59673",-0.3262411347517731,-0.1858802889337671,2,0,0,1,091945,-0.1276595744680851,-0.2306021481698253,3,1,0,0,896981,-0.1560283687943262,0.2453620509313854,4,1,0,0,111129,-0.5815602836879432,-0.3831268416919952
5,0,1,0,"1,324,3412,2",-0.1843971631205673,-0.3827101883053102,6,0,1,0,"0,220,992,1",-0.2695035460992908,-0.3824778127725414,0,1,0,0,"8,083,08355",-0.3829787234042553,-0.3032742639751283,1,1,0,0,"0,671,59673",-0.3262411347517731,-0.1858802889337671,2,0,0,1,091945,-0.1276595744680851,-0.2306021481698253,3,1,0,0,896981,-0.1560283687943262,0.2453620509313854,4,1,0,0,111129,-0.5815602836879432,-0.3831268416919952,5,0,1,0,119,-0.0709219858156028,-0.382513741159154
6,0,1,0,"0,220,992,1",-0.2695035460992908,-0.3824778127725414,0,1,0,0,"8,083,08355",-0.3829787234042553,-0.3032742639751283,1,1,0,0,"0,671,59673",-0.3262411347517731,-0.1858802889337671,2,0,0,1,091945,-0.1276595744680851,-0.2306021481698253,3,1,0,0,896981,-0.1560283687943262,0.2453620509313854,4,1,0,0,111129,-0.5815602836879432,-0.3831268416919952,5,0,1,0,119,-0.0709219858156028,-0.382513741159154,6,0,1,0,175,0.2411347517730496,-0.3807448476085892
0,1,0,0,"8,083,08355",-0.3829787234042553,-0.3032742639751283,1,1,0,0,"0,671,59673",-0.3262411347517731,-0.1858802889337671,2,0,0,1,091945,-0.1276595744680851,-0.2306021481698253,3,1,0,0,896981,-0.1560283687943262,0.2453620509313854,4,1,0,0,111129,-0.5815602836879432,-0.3831268416919952,5,0,1,0,119,-0.0709219858156028,-0.382513741159154,6,0,1,0,175,0.2411347517730496,-0.3807448476085892,0,0,0,1,21217,0.2695035460992908,-0.3822013959916669
1,1,0,0,"0,671,59673",-0.3262411347517731,-0.1858802889337671,2,0,0,1,091945,-0.1276595744680851,-0.2306021481698253,3,1,0,0,896981,-0.1560283687943262,0.2453620509313854,4,1,0,0,111129,-0.5815602836879432,-0.3831268416919952,5,0,1,0,119,-0.0709219858156028,-0.382513741159154,6,0,1,0,175,0.2411347517730496,-0.3807448476085892,0,0,0,1,21217,0.2695035460992908,-0.3822013959916669,1,1,0,0,101219,-0.3829787234042553,-0.2611612691992316
2,0,0,1,091945,-0.1276595744680851,-0.2306021481698253,3,1,0,0,896981,-0.1560283687943262,0.2453620509313854,4,1,0,0,111129,-0.5815602836879432,-0.3831268416919952,5,0,1,0,119,-0.0709219858156028,-0.382513741159154,6,0,1,0,175,0.2411347517730496,-0.3807448476085892,0,0,0,1,21217,0.2695035460992908,-0.3822013959916669,1,1,0,0,101219,-0.3829787234042553,-0.2611612691992316,2,1,0,0,513,-0.2978723404255319,-0.3840601105087633
3,1,0,0,896981,-0.1560283687943262,0.2453620509313854,4,1,0,0,111129,-0.5815602836879432,-0.3831268416919952,5,0,1,0,119,-0.0709219858156028,-0.382513741159154,6,0,1,0,175,0.2411347517730496,-0.3807448476085892,0,0,0,1,21217,0.2695035460992908,-0.3822013959916669,1,1,0,0,101219,-0.3829787234042553,-0.2611612691992316,2,1,0,0,513,-0.2978723404255319,-0.3840601105087633,3,1,0,0,7437352,-0.5531914893617021,-0.3838613454021806
4,1,0,0,111129,-0.5815602836879432,-0.3831268416919952,5,0,1,0,119,-0.0709219858156028,-0.382513741159154,6,0,1,0,175,0.2411347517730496,-0.3807448476085892,0,0,0,1,21217,0.2695035460992908,-0.3822013959916669,1,1,0,0,101219,-0.3829787234042553,-0.2611612691992316,2,1,0,0,513,-0.2978723404255319,-0.3840601105087633,3,1,0,0,7437352,-0.5531914893617021,-0.3838613454021806,4,1,0,0,2115040,-0.2411347517730496,-0.3825629978182197
5,0,1,0,119,-0.0709219858156028,-0.382513741159154,6,0,1,0,175,0.2411347517730496,-0.3807448476085892,0,0,0,1,21217,0.2695035460992908,-0.3822013959916669,1,1,0,0,101219,-0.3829787234042553,-0.2611612691992316,2,1,0,0,513,-0.2978723404255319,-0.3840601105087633,3,1,0,0,7437352,-0.5531914893617021,-0.3838613454021806,4,1,0,0,2115040,-0.2411347517730496,-0.3825629978182197,5,0,1,0,2996723509,-0.2127659574468085,-0.3811076084153553
6,0,1,0,175,0.2411347517730496,-0.3807448476085892,0,0,0,1,21217,0.2695035460992908,-0.3822013959916669,1,1,0,0,101219,-0.3829787234042553,-0.2611612691992316,2,1,0,0,513,-0.2978723404255319,-0.3840601105087633,3,1,0,0,7437352,-0.5531914893617021,-0.3838613454021806,4,1,0,0,2115040,-0.2411347517730496,-0.3825629978182197,5,0,1,0,2996723509,-0.2127659574468085,-0.3811076084153553,6,0,1,0,4524787,0.6666666666666666,-0.3796499010520643
0,0,0,1,21217,0.2695035460992908,-0.3822013959916669,1,1,0,0,101219,-0.3829787234042553,-0.2611612691992316,2,1,0,0,513,-0.2978723404255319,-0.3840601105087633,3,1,0,0,7437352,-0.5531914893617021,-0.3838613454021806,4,1,0,0,2115040,-0.2411347517730496,-0.3825629978182197,5,0,1,0,2996723509,-0.2127659574468085,-0.3811076084153553,6,0,1,0,4524787,0.6666666666666666,-0.3796499010520643,0,1,0,0,32120338,-0.6950354609929078,-0.3834168764903761
1,1,0,0,101219,-0.3829787234042553,-0.2611612691992316,2,1,0,0,513,-0.2978723404255319,-0.3840601105087633,3,1,0,0,7437352,-0.5531914893617021,-0.3838613454021806,4,1,0,0,2115040,-0.2411347517730496,-0.3825629978182197,5,0,1,0,2996723509,-0.2127659574468085,-0.3811076084153553,6,0,1,0,4524787,0.6666666666666666,-0.3796499010520643,0,1,0,0,32120338,-0.6950354609929078,-0.3834168764903761,1,1,0,0,321332073170,0.0992907801418439,-0.382513741159154
2,1,0,0,513,-0.2978723404255319,-0.3840601105087633,3,1,0,0,7437352,-0.5531914893617021,-0.3838613454021806,4,1,0,0,2115040,-0.2411347517730496,-0.3825629978182197,5,0,1,0,2996723509,-0.2127659574468085,-0.3811076084153553,6,0,1,0,4524787,0.6666666666666666,-0.3796499010520643,0,1,0,0,32120338,-0.6950354609929078,-0.3834168764903761,1,1,0,0,321332073170,0.0992907801418439,-0.382513741159154,2,1,0,0,2835418055,-0.2695035460992908,-0.3825928415587125
3,1,0,0,7437352,-0.5531914893617021,-0.3838613454021806,4,1,0,0,2115040,-0.2411347517730496,-0.3825629978182197,5,0,1,0,2996723509,-0.2127659574468085,-0.3811076084153553,6,0,1,0,4524787,0.6666666666666666,-0.3796499010520643,0,1,0,0,32120338,-0.6950354609929078,-0.3834168764903761,1,1,0,0,321332073170,0.0992907801418439,-0.382513741159154,2,1,0,0,2835418055,-0.2695035460992908,-0.3825928415587125,3,1,0,0,18814756970,-0.3829787234042553,-0.3835006128107878
4,1,0,0,2115040,-0.2411347517730496,-0.3825629978182197,5,0,1,0,2996723509,-0.2127659574468085,-0.3811076084153553,6,0,1,0,4524787,0.6666666666666666,-0.3796499010520643,0,1,0,0,32120338,-0.6950354609929078,-0.3834168764903761,1,1,0,0,321332073170,0.0992907801418439,-0.382513741159154,2,1,0,0,2835418055,-0.2695035460992908,-0.3825928415587125,3,1,0,0,18814756970,-0.3829787234042553,-0.3835006128107878,4,1,0,0,14191976752,-0.4113475177304964,-0.3844356200978758
5,0,1,0,2996723509,-0.2127659574468085,-0.3811076084153553,6,0,1,0,4524787,0.6666666666666666,-0.3796499010520643,0,1,0,0,32120338,-0.6950354609929078,-0.3834168764903761,1,1,0,0,321332073170,0.0992907801418439,-0.382513741159154,2,1,0,0,2835418055,-0.2695035460992908,-0.3825928415587125,3,1,0,0,18814756970,-0.3829787234042553,-0.3835006128107878,4,1,0,0,14191976752,-0.4113475177304964,-0.3844356200978758,5,0,1,0,16651711401,0.4964539007092198,-0.3812632015089922
6,0,1,0,4524787,0.6666666666666666,-0.3796499010520643,0,1,0,0,32120338,-0.6950354609929078,-0.3834168764903761,1,1,0,0,321332073170,0.0992907801418439,-0.382513741159154,2,1,0,0,2835418055,-0.2695035460992908,-0.3825928415587125,3,1,0,0,18814756970,-0.3829787234042553,-0.3835006128107878,4,1,0,0,14191976752,-0.4113475177304964,-0.3844356200978758,5,0,1,0,16651711401,0.4964539007092198,-0.3812632015089922,6,0,1,0,17841464627,0.950354609929078,-0.3806017135522453
0,1,0,0,32120338,-0.6950354609929078,-0.3834168764903761,1,1,0,0,321332073170,0.0992907801418439,-0.382513741159154,2,1,0,0,2835418055,-0.2695035460992908,-0.3825928415587125,3,1,0,0,18814756970,-0.3829787234042553,-0.3835006128107878,4,1,0,0,14191976752,-0.4113475177304964,-0.3844356200978758,5,0,1,0,16651711401,0.4964539007092198,-0.3812632015089922,6,0,1,0,17841464627,0.950354609929078,-0.3806017135522453,0,1,0,0,17841464627,0.950354609929078,-0.3806017135522453
1,1,0,0,321332073170,0.0992907801418439,-0.382513741159154,2,1,0,0,2835418055,-0.2695035460992908,-0.3825928415587125,3,1,0,0,18814756970,-0.3829787234042553,-0.3835006128107878,4,1,0,0,14191976752,-0.4113475177304964,-0.3844356200978758,5,0,1,0,16651711401,0.4964539007092198,-0.3812632015089922,6,0,1,0,17841464627,0.950354609929078,-0.3806017135522453,0,1,0,0,17841464627,0.950354609929078,-0.3806017135522453,1,1,0,0,6159374439,-0.4113475177304964,-0.0002948155917608
2,1,0,0,2835418055,-0.2695035460992908,-0.3825928415587125,3,1,0,0,18814756970,-0.3829787234042553,-0.3835006128107878,4,1,0,0,14191976752,-0.4113475177304964,-0.3844356200978758,5,0,1,0,16651711401,0.4964539007092198,-0.3812632015089922,6,0,1,0,17841464627,0.950354609929078,-0.3806017135522453,0,1,0,0,17841464627,0.950354609929078,-0.3806017135522453,1,1,0,0,6159374439,-0.4113475177304964,-0.0002948155917608,2,1,0,0,34295094063,-0.524822695035461,-0.172345428257676
3,1,0,0,18814756970,-0.3829787234042553,-0.3835006128107878,4,1,0,0,14191976752,-0.4113475177304964,-0.3844356200978758,5,0,1,0,16651711401,0.4964539007092198,-0.3812632015089922,6,0,1,0,17841464627,0.950354609929078,-0.3806017135522453,0,1,0,0,17841464627,0.950354609929078,-0.3806017135522453,1,1,0,0,6159374439,-0.4113475177304964,-0.0002948155917608,2,1,0,0,34295094063,-0.524822695035461,-0.172345428257676,3,1,0,0,1359116514,-0.2411347517730496,-0.3249382118673778
4,1,0,0,14191976752,-0.4113475177304964,-0.3844356200978758,5,0,1,0,16651711401,0.4964539007092198,-0.3812632015089922,6,0,1,0,17841464627,0.950354609929078,-0.3806017135522453,0,1,0,0,17841464627,0.950354609929078,-0.3806017135522453,1,1,0,0,6159374439,-0.4113475177304964,-0.0002948155917608,2,1,0,0,34295094063,-0.524822695035461,-0.172345428257676,3,1,0,0,1359116514,-0.2411347517730496,-0.3249382118673778,4,1,0,0,874912011,-0.5531914893617021,0.887614702822986
5,0,1,0,16651711401,0.4964539007092198,-0.3812632015089922,6,0,1,0,17841464627,0.950354609929078,-0.3806017135522453,0,1,0,0,17841464627,0.950354609929078,-0.3806017135522453,1,1,0,0,6159374439,-0.4113475177304964,-0.0002948155917608,2,1,0,0,34295094063,-0.524822695035461,-0.172345428257676,3,1,0,0,1359116514,-0.2411347517730496,-0.3249382118673778,4,1,0,0,874912011,-0.5531914893617021,0.887614702822986,5,0,1,0,431136060,0.0141843971631205,0.3684921087934726
6,0,1,0,17841464627,0.950354609929078,-0.3806017135522453,0,1,0,0,17841464627,0.950354609929078,-0.3806017135522453,1,1,0,0,6159374439,-0.4113475177304964,-0.0002948155917608,2,1,0,0,34295094063,-0.524822695035461,-0.172345428257676,3,1,0,0,1359116514,-0.2411347517730496,-0.3249382118673778,4,1,0,0,874912011,-0.5531914893617021,0.887614702822986,5,0,1,0,431136060,0.0141843971631205,0.3684921087934726,6,0,1,0,8835555619,0.6382978723404256,1.6244427478261878
0,1,0,0,17841464627,0.950354609929078,-0.3806017135522453,1,1,0,0,6159374439,-0.4113475177304964,-0.0002948155917608,2,1,0,0,34295094063,-0.524822695035461,-0.172345428257676,3,1,0,0,1359116514,-0.2411347517730496,-0.3249382118673778,4,1,0,0,874912011,-0.5531914893617021,0.887614702822986,5,0,1,0,431136060,0.0141843971631205,0.3684921087934726,6,0,1,0,8835555619,0.6382978723404256,1.6244427478261878,0,1,0,0,41483064448,-0.0141843971631205,0.7041420504098443
1,1,0,0,6159374439,-0.4113475177304964,-0.0002948155917608,2,1,0,0,34295094063,-0.524822695035461,-0.172345428257676,3,1,0,0,1359116514,-0.2411347517730496,-0.3249382118673778,4,1,0,0,874912011,-0.5531914893617021,0.887614702822986,5,0,1,0,431136060,0.0141843971631205,0.3684921087934726,6,0,1,0,8835555619,0.6382978723404256,1.6244427478261878,0,1,0,0,41483064448,-0.0141843971631205,0.7041420504098443,1,1,0,0,74393061396,0.3829787234042553,1.4497117036719391
2,1,0,0,34295094063,-0.524822695035461,-0.172345428257676,3,1,0,0,1359116514,-0.2411347517730496,-0.3249382118673778,4,1,0,0,874912011,-0.5531914893617021,0.887614702822986,5,0,1,0,431136060,0.0141843971631205,0.3684921087934726,6,0,1,0,8835555619,0.6382978723404256,1.6244427478261878,0,1,0,0,41483064448,-0.0141843971631205,0.7041420504098443,1,1,0,0,74393061396,0.3829787234042553,1.4497117036719391,2,1,0,0,48229852,0.0992907801418439,0.8514901588092637
3,1,0,0,1359116514,-0.2411347517730496,-0.3249382118673778,4,1,0,0,874912011,-0.5531914893617021,0.887614702822986,5,0,1,0,431136060,0.0141843971631205,0.3684921087934726,6,0,1,0,8835555619,0.6382978723404256,1.6244427478261878,0,1,0,0,41483064448,-0.0141843971631205,0.7041420504098443,1,1,0,0,74393061396,0.3829787234042553,1.4497117036719391,2,1,0,0,48229852,0.0992907801418439,0.8514901588092637,3,1,0,0,11551045360,-0.1276595744680851,0.874565454856272
4,1,0,0,874912011,-0.5531914893617021,0.887614702822986,5,0,1,0,431136060,0.0141843971631205,0.3684921087934726,6,0,1,0,8835555619,0.6382978723404256,1.6244427478261878,0,1,0,0,41483064448,-0.0141843971631205,0.7041420504098443,1,1,0,0,74393061396,0.3829787234042553,1.4497117036719391,2,1,0,0,48229852,0.0992907801418439,0.8514901588092637,3,1,0,0,11551045360,-0.1276595744680851,0.874565454856272,4,1,0,0,29558062234,0.2411347517730496,3.3564555197881383
5,0,1,0,431136060,0.0141843971631205,0.3684921087934726,6,0,1,0,8835555619,0.6382978723404256,1.6244427478261878,0,1,0,0,41483064448,-0.0141843971631205,0.7041420504098443,1,1,0,0,74393061396,0.3829787234042553,1.4497117036719391,2,1,0,0,48229852,0.0992907801418439,0.8514901588092637,3,1,0,0,11551045360,-0.1276595744680851,0.874565454856272,4,1,0,0,29558062234,0.2411347517730496,3.3564555197881383,5,0,1,0,850151252,-0.1560283687943262,0.2509132764080885
6,0,1,0,8835555619,0.6382978723404256,1.6244427478261878,0,1,0,0,41483064448,-0.0141843971631205,0.7041420504098443,1,1,0,0,74393061396,0.3829787234042553,1.4497117036719391,2,1,0,0,48229852,0.0992907801418439,0.8514901588092637,3,1,0,0,11551045360,-0.1276595744680851,0.874565454856272,4,1,0,0,29558062234,0.2411347517730496,3.3564555197881383,5,0,1,0,850151252,-0.1560283687943262,0.2509132764080885,6,0,1,0,20034791405,1.3475177304964538,3.196121907333737
